address,zip_code,price,sell_date,sell_type,price_per_sq_m,no_rooms,housing_type,size_in_sq_m,year_of_construction,price_change_in_pct
"Skodsborgparken 20, ST. TV",2942 Skodsborg,4.600.000,03-05-2017,"
Alm. Salg",39.316,3,Lejlighed,117,1981,,Aktuel værdi
"Skodsborg Strandvej 157A, 1. TV",2942 Skodsborg,2.450.000,08-04-2017,"
Alm. Salg",29.878,3,Lejlighed,82,1934,-2 %,Aktuel værdi
"Skodsborgparken 64, 3. TH",2942 Skodsborg,7.250.000,24-03-2017,"
Andet",54.924,3,Lejlighed,132,1963,,Aktuel værdi
"Skodsborgparken 60, 2. TH",2942 Skodsborg,5.325.000,01-03-2017,"
Alm. Salg",39.738,5,Lejlighed,134,1963,-5 %,Aktuel værdi
"Skodsborgparken 30, 3. TV",2942 Skodsborg,3.995.000,15-02-2017,"
Alm. Salg",48.719,2,Lejlighed,82,1963,0 %,Aktuel værdi
Skodsborgparken 7,2942 Skodsborg,3.150.000,14-02-2017,"
Alm. Salg",32.474,3,Rækkehus,97,1920,-10 %,Aktuel værdi
"Solgårdsvej 7, ST. TV",2942 Skodsborg,2.440.000,14-02-2017,"
Alm. Salg",26.813,3,Lejlighed,91,1937,0 %,Aktuel værdi
Skodsborg Strandvej 11,2942 Skodsborg,13.061.893,08-02-2017,"
Auktion",40.818,7,Villa,320,1916,,Aktuel værdi
"Solgårdsvej 6, 1. TV",2942 Skodsborg,1.500.000,07-02-2017,"
Alm. Salg",18.987,3,Lejlighed,79,1935,,Aktuel værdi
Frydenlundsvej 14,2942 Skodsborg,550.000,30-01-2017,"
Alm. Salg",3.216,6,Villa,171,1919,,Aktuel værdi
Skodsborg Strandvej 214,2942 Skodsborg,12.890.000,27-01-2017,"
Alm. Salg",49.961,4,Villa,258,1978,-14 %,Aktuel værdi
"Høje Skodsborgvej 4, 1. TV",2942 Skodsborg,3.500.000,24-01-2017,"
Alm. Salg",36.458,4,Lejlighed,96,1936,-5 %,Aktuel værdi
"Skodsborgparken 56, 4. TV",2942 Skodsborg,5.800.000,22-01-2017,"
Alm. Salg",52.252,3,Lejlighed,111,1963,-3 %,Aktuel værdi
"Høje Skodsborgvej 2, 2. TH",2942 Skodsborg,3.145.000,19-01-2017,"
Fam. Salg",26.652,4,Lejlighed,118,1936,,Aktuel værdi
"Høje Skodsborgvej 22, 2. TH",2942 Skodsborg,3.275.000,19-01-2017,"
Alm. Salg",41.455,3,Lejlighed,79,1936,-4 %,Aktuel værdi
Højagervej 5,2942 Skodsborg,3.800.000,12-01-2017,"
Alm. Salg",44.186,5,Sommerhus,86,1934,-5 %,Aktuel værdi
Skodsborg Strandvej 288,2942 Skodsborg,11.300.000,28-12-2016,"
Alm. Salg",72.435,6,Villa,156,1958,-4 %,Aktuel værdi
"Skodsborgparken 54, 3. TV",2942 Skodsborg,4.900.000,19-12-2016,"
Alm. Salg",44.144,3,Lejlighed,111,1963,0 %,Aktuel værdi
"Skodsborgparken 52, 3. TV",2942 Skodsborg,3.395.000,13-12-2016,"
Alm. Salg",40.416,2,Lejlighed,84,1963,-3 %,Aktuel værdi
Skodsborg Strandvej 15,2942 Skodsborg,10.200.000,03-12-2016,"
Alm. Salg",39.230,8,Villa,260,1917,,Aktuel værdi
"Skodsborg Strandvej 157A, ST. TV",2942 Skodsborg,2.800.000,17-11-2016,"
Alm. Salg",28.571,4,Lejlighed,98,1934,,Aktuel værdi
"Skodsborg Strandvej 157A, 1. TH",2942 Skodsborg,3.450.000,09-11-2016,"
Alm. Salg",30.263,5,Lejlighed,114,1934,2 %,Aktuel værdi
Bøllemosevej 2,2942 Skodsborg,4.125.000,08-11-2016,"
Alm. Salg",34.663,4,Villa,119,1922,3 %,Aktuel værdi
Enrumvej 24,2942 Skodsborg,5.350.000,31-10-2016,"
Alm. Salg",37.152,5,Villa,144,1958,-3 %,Aktuel værdi
"Høje Skodsborgvej 2, 3. TV",2942 Skodsborg,4.695.000,21-10-2016,"
Alm. Salg",48.402,4,Lejlighed,97,1936,0 %,Aktuel værdi
"Skodsborgparken 40, 2. TH",2942 Skodsborg,4.900.000,21-10-2016,"
Alm. Salg",40.833,4,Lejlighed,120,1963,-4 %,Aktuel værdi
"Skodsborgparken 46, 1. TV",2942 Skodsborg,3.100.000,12-10-2016,"
Alm. Salg",36.470,2,Lejlighed,85,1963,-6 %,Aktuel værdi
"Skodsborg Strandvej 157, 1. TH",2942 Skodsborg,2.700.000,29-09-2016,"
Alm. Salg",27.272,4,Lejlighed,99,1934,-3 %,Aktuel værdi
Skodsborg Strandvej 302,2942 Skodsborg,11.700.000,02-09-2016,"
Alm. Salg",57.073,5,Villa,205,2013,,Aktuel værdi
"Skodsborgparken 56, 2. TV",2942 Skodsborg,5.400.000,18-08-2016,"
Alm. Salg",48.648,3,Lejlighed,111,1963,,Aktuel værdi
Skodsborg Strandvej 275,2942 Skodsborg,6.900.000,12-08-2016,"
Alm. Salg",27.165,7,Villa,254,1933,-8 %,Aktuel værdi
"Skodsborgparken 26, 4. TV",2942 Skodsborg,5.450.000,11-08-2016,"
Alm. Salg",49.099,3,Lejlighed,111,1963,-1 %,Aktuel værdi
"Høje Skodsborgvej 10, 3. TV",2942 Skodsborg,3.145.000,08-08-2016,"
Alm. Salg",38.827,3,Lejlighed,81,1936,,Aktuel værdi
"Skodsborgparken 54, 4. TH",2942 Skodsborg,5.275.000,19-07-2016,"
Alm. Salg",43.595,4,Lejlighed,121,1963,-4 %,Aktuel værdi
Skodsborg Strandvej 17A,2942 Skodsborg,6.625.000,11-07-2016,"
Alm. Salg",38.074,5,Rækkehus,174,1989,-5 %,Aktuel værdi
"Høje Skodsborgvej 28, 2. TH",2942 Skodsborg,7.500.000,07-07-2016,"
Alm. Salg",44.642,6,Lejlighed,168,1936,-6 %,Aktuel værdi
"Solgårdsvej 7, ST. TH",2942 Skodsborg,1.995.000,06-07-2016,"
Alm. Salg",21.223,3,Lejlighed,94,1937,0 %,Aktuel værdi
"Skodsborgparken 16, 2. TV",2942 Skodsborg,7.995.000,29-06-2016,"
Alm. Salg",56.702,3,Lejlighed,141,1981,,Aktuel værdi
"Høje Skodsborgvej 14, 2. TH",2942 Skodsborg,3.200.000,26-06-2016,"
Alm. Salg",40.506,2,Lejlighed,79,1936,-2 %,Aktuel værdi
"Skodsborg Strandvej 227, 1. 16",2942 Skodsborg,895.000,24-06-2016,"
Alm. Salg",20.813,1,Lejlighed,43,1886,0 %,Aktuel værdi
Aggershvile Alle 16,2942 Skodsborg,5.400.000,22-06-2016,"
Alm. Salg",42.857,6,Villa,126,1785,-5 %,Aktuel værdi
Kettebakken 16,2942 Skodsborg,4.850.000,14-06-2016,"
Alm. Salg",32.333,5,Villa,150,1964,-12 %,Aktuel værdi
"Skodsborg Strandvej 225B, 2. TV",2942 Skodsborg,5.500.000,27-05-2016,"
Alm. Salg",38.461,4,Lejlighed,143,1886,-15 %,Aktuel værdi
"Høje Skodsborgvej 8, 1. TV",2942 Skodsborg,3.150.000,20-05-2016,"
Alm. Salg",38.414,3,Lejlighed,82,1936,-3 %,Aktuel værdi
"Skodsborgparken 50, 1. TH",2942 Skodsborg,4.800.000,09-05-2016,"
Alm. Salg",36.363,5,Lejlighed,132,1963,,Aktuel værdi
Egemosen 16,2942 Skodsborg,6.100.000,09-05-2016,"
Alm. Salg",34.659,5,Villa,176,1966,-5 %,Aktuel værdi
Skodsborg Strandvej 260,2942 Skodsborg,27.000.000,25-04-2016,"
Alm. Salg",75.418,12,Villa,358,1896,-16 %,Aktuel værdi
"Solgårdsvej 6, 1. TH",2942 Skodsborg,1.565.000,20-04-2016,"
Alm. Salg",27.456,2,Lejlighed,57,1935,-2 %,Aktuel værdi
"Skodsborgparken 46, 1. TH",2942 Skodsborg,6.250.000,19-04-2016,"
Alm. Salg",47.348,4,Lejlighed,132,1963,-3 %,Aktuel værdi
"Skodsborgparken 28, 5",2942 Skodsborg,10.200.000,18-04-2016,"
Alm. Salg",67.105,4,Lejlighed,152,1963,-14 %,Aktuel værdi
"Skodsborgparken 10, 1. TH",2942 Skodsborg,3.945.000,15-04-2016,"
Alm. Salg",38.676,2,Lejlighed,102,1981,-1 %,Aktuel værdi
"Solgårdsvej 2, ST. TV",2942 Skodsborg,1.585.000,14-04-2016,"
Alm. Salg",23.656,3,Lejlighed,67,1935,-4 %,Aktuel værdi
"Skodsborgparken 62, 5. TH",2942 Skodsborg,6.250.000,07-04-2016,"
Alm. Salg",64.432,3,Lejlighed,97,1963,0 %,Aktuel værdi
"Høje Skodsborgvej 28, ST. TV",2942 Skodsborg,6.625.000,07-04-2016,"
Alm. Salg",32.475,7,Lejlighed,204,1936,-1 %,Aktuel værdi
"Skodsborgparken 50, 1. TV",2942 Skodsborg,3.120.000,31-03-2016,"
Alm. Salg",38.048,2,Lejlighed,82,1963,1 %,Aktuel værdi
"Skodsborgparken 12, 3. TV",2942 Skodsborg,6.500.000,23-03-2016,"
Alm. Salg",44.520,3,Lejlighed,146,1981,,Aktuel værdi
"Skodsborgparken 42, 4. TV",2942 Skodsborg,3.650.000,18-03-2016,"
Alm. Salg",44.512,2,Lejlighed,82,1963,0 %,Aktuel værdi
Skodsborg Strandvej 101,2942 Skodsborg,5.750.000,17-03-2016,"
Alm. Salg",47.916,4,Villa,120,1885,-4 %,Aktuel værdi
"Skodsborgparken 16, ST. TV",2942 Skodsborg,5.495.000,10-03-2016,"
Alm. Salg",38.971,4,Lejlighed,141,1981,0 %,Aktuel værdi
"Skodsborgparken 32, 3. TH",2942 Skodsborg,5.700.000,08-03-2016,"
Alm. Salg",43.181,5,Lejlighed,132,1963,,Aktuel værdi
"Skodsborgparken 60, 4. TH",2942 Skodsborg,7.295.000,03-03-2016,"
Alm. Salg",54.440,5,Lejlighed,134,1963,0 %,Aktuel værdi
Skodsborg Strandvej 263,2942 Skodsborg,15.600.000,01-03-2016,"
Alm. Salg",74.641,4,Villa,209,1981,-2 %,Aktuel værdi
"Høje Skodsborgvej 24, ST. TH",2942 Skodsborg,3.800.000,29-02-2016,"
Alm. Salg",35.849,3,Lejlighed,106,1936,-5 %,Aktuel værdi
"Solgårdsvej 2, 1. TH",2942 Skodsborg,1.775.000,19-02-2016,"
Alm. Salg",25.724,3,Lejlighed,69,1935,-4 %,Aktuel værdi
"Skodsborg Strandvej 217, ST. TV",2942 Skodsborg,3.800.000,16-02-2016,"
Alm. Salg",40.000,4,Lejlighed,95,1890,-5 %,Aktuel værdi
Aggersvej 13,2942 Skodsborg,6.650.000,15-02-2016,"
Alm. Salg",33.417,6,Villa,199,1917,-1 %,Aktuel værdi
"Skodsborgparken 24, 5. TV",2942 Skodsborg,6.800.000,28-01-2016,"
Alm. Salg",75.555,3,Lejlighed,90,1963,-9 %,Aktuel værdi
"Skodsborgparken 58, 3. TH",2942 Skodsborg,5.250.000,15-01-2016,"
Alm. Salg",43.750,4,Lejlighed,120,1963,-3 %,Aktuel værdi
"Skodsborg Strandvej 227, 1. 17",2942 Skodsborg,801.000,15-01-2016,"
Alm. Salg",19.536,1,Lejlighed,41,1886,-3 %,Aktuel værdi
"Skodsborg Strandvej 227, ST. 9",2942 Skodsborg,1.300.000,12-01-2016,"
Alm. Salg",20.634,2,Lejlighed,63,1886,-3 %,Aktuel værdi
"Skodsborgparken 44, 1. TV",2942 Skodsborg,2.950.000,11-01-2016,"
Alm. Salg",35.975,2,Lejlighed,82,1963,-5 %,Aktuel værdi
"Skodsborg Strandvej 153, 2. TH",2942 Skodsborg,1.600.000,06-01-2016,"
Alm. Salg",28.070,2,Lejlighed,57,1935,-6 %,Aktuel værdi
"Høje Skodsborgvej 6, ST. TH",2942 Skodsborg,1.925.000,14-12-2015,"
Alm. Salg",31.048,1,Lejlighed,62,1936,-10 %,Aktuel værdi
"Høje Skodsborgvej 16, 2. TV",2942 Skodsborg,2.930.000,10-12-2015,"
Alm. Salg",37.088,3,Lejlighed,79,1936,-2 %,Aktuel værdi
"Skodsborgparken 20, 2. TH",2942 Skodsborg,5.000.000,13-11-2015,"
Alm. Salg",40.000,3,Lejlighed,125,1981,-4 %,Aktuel værdi
"Skodsborg Strandvej 225A, 1. TV",2942 Skodsborg,4.333.333,03-11-2015,"
Alm. Salg",31.630,3,Lejlighed,137,1886,-36 %,Aktuel værdi
"Skodsborg Strandvej 225B, 1. TV",2942 Skodsborg,4.333.333,03-11-2015,"
Alm. Salg",29.680,3,Lejlighed,146,1886,-36 %,Aktuel værdi
Køromvej 1,2942 Skodsborg,3.900.000,29-10-2015,"
Alm. Salg",39.795,3,Villa,98,1933,-9 %,Aktuel værdi
"Høje Skodsborgvej 14, 3. TH",2942 Skodsborg,3.395.000,26-10-2015,"
Alm. Salg",42.974,3,Lejlighed,79,1936,0 %,Aktuel værdi
"Skodsborg Strandvej 155A, 2. TH",2942 Skodsborg,1.550.000,16-10-2015,"
Alm. Salg",27.192,2,Lejlighed,57,1935,-9 %,Aktuel værdi
"Skodsborg Strandvej 155B, 1. TH",2942 Skodsborg,1.375.000,06-10-2015,"
Alm. Salg",22.916,2,Lejlighed,60,1935,-7 %,Aktuel værdi
"Høje Skodsborgvej 16, 3. TV",2942 Skodsborg,3.600.000,01-10-2015,"
Alm. Salg",45.569,3,Lejlighed,79,1936,-4 %,Aktuel værdi
"Solgårdsvej 5, 2. TH",2942 Skodsborg,2.175.000,01-10-2015,"
Alm. Salg",25.000,3,Lejlighed,87,1937,0 %,Aktuel værdi
"Skodsborgparken 58, 1. TH",2942 Skodsborg,5.900.000,30-09-2015,"
Alm. Salg",49.166,4,Lejlighed,120,1963,,Aktuel værdi
Skodsborg Strandvej 313B,2942 Skodsborg,7.700.000,25-09-2015,"
Alm. Salg",36.320,4,Villa,212,1993,-7 %,Aktuel værdi
Køromvej 4,2942 Skodsborg,5.150.000,17-09-2015,"
Alm. Salg",34.105,4,Villa,151,1968,-6 %,Aktuel værdi
"Skodsborg Strandvej 215, 1. TH",2942 Skodsborg,6.650.000,16-09-2015,"
Alm. Salg",40.303,7,Lejlighed,165,1890,0 %,Aktuel værdi
Skodsborg Strandvej 45,2942 Skodsborg,11.500.000,14-09-2015,"
Alm. Salg",35.384,8,Villa,325,1934,-8 %,Aktuel værdi
"Skodsborgparken 58, 4. TH",2942 Skodsborg,5.500.000,26-08-2015,"
Alm. Salg",45.833,4,Lejlighed,120,1963,,Aktuel værdi
"Skodsborgparken 16, 4. TV",2942 Skodsborg,3.550.000,24-08-2015,"
Fam. Salg",35.500,3,Lejlighed,100,1981,,Aktuel værdi
"Skodsborgparken 40, 5. TV",2942 Skodsborg,2.890.000,20-08-2015,"
Alm. Salg",31.413,3,Lejlighed,92,1963,,Aktuel værdi
Gyvelvej 1,2942 Skodsborg,7.045.000,12-08-2015,"
Alm. Salg",34.876,6,Villa,202,1939,1 %,Aktuel værdi
Skodsborg Strandvej 77,2942 Skodsborg,5.610.000,10-08-2015,"
Alm. Salg",44.173,5,Rækkehus,127,1914,-6 %,Aktuel værdi
"Skodsborg Strandvej 157, 2. TH",2942 Skodsborg,1.287.500,18-07-2015,"
Alm. Salg",13.005,3,Lejlighed,99,1934,,Aktuel værdi
Køromvej 2B,2942 Skodsborg,4.225.000,15-07-2015,"
Alm. Salg",21.125,5,Villa,200,1965,-15 %,Aktuel værdi
Enrumvej 12,2942 Skodsborg,5.375.000,13-07-2015,"
Alm. Salg",19.545,6,Villa,275,1950,-4 %,Aktuel værdi
"Skodsborgparken 30, 4. TV",2942 Skodsborg,3.501.000,08-07-2015,"
Alm. Salg",42.695,2,Lejlighed,82,1963,6 %,Aktuel værdi
"Skodsborgparken 18, 1. TH",2942 Skodsborg,4.750.000,05-07-2015,"
Alm. Salg",39.256,3,Lejlighed,121,1981,0 %,Aktuel værdi
Skodsborg Strandvej 43,2942 Skodsborg,15.000.000,26-06-2015,"
Fam. Salg",56.390,9,Villa,266,1906,-33 %,Aktuel værdi
"Skodsborgparken 40, 2. TV",2942 Skodsborg,4.725.000,15-06-2015,"
Alm. Salg",41.814,3,Lejlighed,113,1963,-3 %,Aktuel værdi
"Skodsborgparken 28, 1. TH",2942 Skodsborg,5.495.000,10-06-2015,"
Alm. Salg",45.791,4,Lejlighed,120,1963,0 %,Aktuel værdi
"Skodsborgparken 12, 1. TV",2942 Skodsborg,7.400.000,15-05-2015,"
Alm. Salg",50.684,3,Lejlighed,146,1981,,Aktuel værdi
Skodsborg Strandvej 105,2942 Skodsborg,5.105.000,10-05-2015,"
Alm. Salg",52.091,4,Villa,98,1891,2 %,Aktuel værdi
"Skodsborgparken 22, 2. TV",2942 Skodsborg,5.000.000,07-05-2015,"
Alm. Salg",45.045,3,Lejlighed,111,1963,0 %,Aktuel værdi
"Solgårdsvej 2, 2. TV",2942 Skodsborg,1.575.000,21-04-2015,"
Alm. Salg",23.507,3,Lejlighed,67,1935,-1 %,Aktuel værdi
"Høje Skodsborgvej 4, ST. TH",2942 Skodsborg,1.995.000,17-04-2015,"
Alm. Salg",32.177,2,Lejlighed,62,1936,-9 %,Aktuel værdi
"Skodsborgparken 26, 2. TH",2942 Skodsborg,6.500.000,14-04-2015,"
Alm. Salg",54.166,4,Lejlighed,120,1963,0 %,Aktuel værdi
"Skodsborg Strandvej 155A, 1. TV",2942 Skodsborg,1.400.000,31-03-2015,"
Alm. Salg",24.561,2,Lejlighed,57,1935,-6 %,Aktuel værdi
"Skodsborgparken 54, 2. TH",2942 Skodsborg,3.230.000,27-03-2015,"
Fam. Salg",26.694,4,Lejlighed,121,1963,,Aktuel værdi
"Skodsborg Strandvej 227, 2. 27",2942 Skodsborg,1.375.000,19-03-2015,"
Alm. Salg",22.177,2,Lejlighed,62,1886,-8 %,Aktuel værdi
"Skodsborgparken 40, 1. TV",2942 Skodsborg,4.100.000,13-03-2015,"
Alm. Salg",36.283,3,Lejlighed,113,1963,-2 %,Aktuel værdi
"Skodsborg Strandvej 225A, 2. TV",2942 Skodsborg,6.100.000,10-03-2015,"
Alm. Salg",46.212,3,Lejlighed,132,1886,,Aktuel værdi
"Skodsborgparken 64, 1. TV",2942 Skodsborg,3.250.000,07-03-2015,"
Alm. Salg",38.235,2,Lejlighed,85,1963,0 %,Aktuel værdi
"Solgårdsvej 1, ST. TV",2942 Skodsborg,1.450.000,06-03-2015,"
Alm. Salg",21.323,2,Lejlighed,68,1937,-3 %,Aktuel værdi
Enrumvej 8,2942 Skodsborg,286.875,04-03-2015,"
Fam. Salg",1.210,9,Villa,237,1955,,Aktuel værdi
"Skodsborgparken 34, 2. TV",2942 Skodsborg,3.150.000,25-02-2015,"
Alm. Salg",37.058,2,Lejlighed,85,1963,-4 %,Aktuel værdi
"Skodsborgparken 52, 4. TH",2942 Skodsborg,5.995.000,23-02-2015,"
Alm. Salg",45.416,5,Lejlighed,132,1963,,Aktuel værdi
Skodsborg Strandvej 57,2942 Skodsborg,7.100.000,20-02-2015,"
Alm. Salg",29.098,7,Villa,244,1970,-5 %,Aktuel værdi
"Skodsborgparken 38, 2. TV",2942 Skodsborg,4.700.000,12-02-2015,"
Alm. Salg",42.342,3,Lejlighed,111,1963,,Aktuel værdi
"Skodsborgparken 34, 1. TV",2942 Skodsborg,2.850.000,06-02-2015,"
Alm. Salg",33.529,2,Lejlighed,85,1963,-11 %,Aktuel værdi
"Skodsborg Strandvej 225B, 1. TH",2942 Skodsborg,8.750.000,05-02-2015,"
Alm. Salg",39.954,5,Lejlighed,219,1886,,Aktuel værdi
"Skodsborg Strandvej 225B, 3",2942 Skodsborg,5.350.000,27-01-2015,"
Alm. Salg",38.768,3,Lejlighed,138,1886,,Aktuel værdi
"Skodsborg Strandvej 225A, ST. TV",2942 Skodsborg,6.250.000,20-01-2015,"
Alm. Salg",26.939,4,Lejlighed,232,1886,-10 %,Aktuel værdi
"Høje Skodsborgvej 12, 2. TV",2942 Skodsborg,2.167.000,15-01-2015,"
Fam. Salg",27.430,3,Lejlighed,79,1936,,Aktuel værdi
"Skodsborg Strandvej 225A, 2. TH",2942 Skodsborg,9.000.000,08-01-2015,"
Alm. Salg",46.391,4,Lejlighed,194,1886,,Aktuel værdi
"Skodsborg Strandvej 227, 2. 19",2942 Skodsborg,2.140.000,07-01-2015,"
Alm. Salg",32.424,2,Lejlighed,66,1886,,Aktuel værdi
"Skodsborgparken 14, 3. TV",2942 Skodsborg,5.300.000,05-01-2015,"
Alm. Salg",44.537,3,Lejlighed,119,1981,-4 %,Aktuel værdi
"Høje Skodsborgvej 4, 3. TV",2942 Skodsborg,4.435.000,29-12-2014,"
Alm. Salg",46.197,4,Lejlighed,96,1936,6 %,Aktuel værdi
"Skodsborg Strandvej 215, ST. TH",2942 Skodsborg,3.325.000,20-12-2014,"
Fam. Salg",21.178,5,Lejlighed,157,1890,,Aktuel værdi
Skodsborg Strandvej 198,2942 Skodsborg,3.000.000,03-12-2014,"
Fam. Salg",15.075,8,Villa,199,1907,-76 %,Aktuel værdi
Skodsborg Strandvej 262B,2942 Skodsborg,12.500.000,26-11-2014,"
Andet",63.131,7,Rækkehus,198,1977,-7 %,Aktuel værdi
Køromvej 16,2942 Skodsborg,6.050.000,19-11-2014,"
Alm. Salg",34.571,6,Villa,175,1973,-5 %,Aktuel værdi
"Høje Skodsborgvej 22, 1. TH",2942 Skodsborg,2.475.000,17-11-2014,"
Alm. Salg",31.329,3,Lejlighed,79,1936,-3 %,Aktuel værdi
"Skodsborgparken 14, 1. TV",2942 Skodsborg,6.250.000,13-11-2014,"
Alm. Salg",52.521,3,Lejlighed,119,1981,0 %,Aktuel værdi
"Skodsborgparken 26, 5. TV",2942 Skodsborg,6.500.000,03-11-2014,"
Alm. Salg",72.222,3,Lejlighed,90,1963,,Aktuel værdi
Skodsborgparken 13,2942 Skodsborg,3.200.000,14-10-2014,"
Alm. Salg",29.629,4,Rækkehus,108,1897,-8 %,Aktuel værdi
"Skodsborgparken 16, 3. TV",2942 Skodsborg,6.000.000,13-10-2014,"
Alm. Salg",42.553,3,Lejlighed,141,1981,,Aktuel værdi
"Skodsborg Strandvej 225B, ST. TV",2942 Skodsborg,5.800.000,09-10-2014,"
Alm. Salg",23.770,3,Lejlighed,244,1886,,Aktuel værdi
"Skodsborgparken 12, 1. TH",2942 Skodsborg,4.850.000,04-09-2014,"
Alm. Salg",40.756,3,Lejlighed,119,1981,-8 %,Aktuel værdi
"Skodsborgparken 50, 4. TV",2942 Skodsborg,3.250.000,04-09-2014,"
Alm. Salg",39.634,2,Lejlighed,82,1963,0 %,Aktuel værdi
Egemosen 20,2942 Skodsborg,2.720.000,30-08-2014,"
Fam. Salg",12.197,6,Villa,223,1971,,Aktuel værdi
Højagervej 9B,2942 Skodsborg,4.755.000,26-08-2014,"
Alm. Salg",42.079,4,Villa,113,1963,-5 %,Aktuel værdi
Skodsborg Strandvej 279,2942 Skodsborg,7.349.000,26-08-2014,"
Alm. Salg",24.911,7,Villa,295,1972,-8 %,Aktuel værdi
Skodsborg Strandvej 277,2942 Skodsborg,13.300.000,22-08-2014,"
Alm. Salg",61.574,9,Villa,216,1923,,Aktuel værdi
"Høje Skodsborgvej 22, 3. TH",2942 Skodsborg,2.675.000,21-08-2014,"
Alm. Salg",33.860,3,Lejlighed,79,1936,0 %,Aktuel værdi
"Høje Skodsborgvej 22, 2. TV",2942 Skodsborg,3.950.000,05-08-2014,"
Alm. Salg",39.108,3,Lejlighed,101,1936,-1 %,Aktuel værdi
"Skodsborgparken 64, 2. TH",2942 Skodsborg,4.650.000,30-07-2014,"
Alm. Salg",35.227,5,Lejlighed,132,1963,,Aktuel værdi
Gyvelvej 12,2942 Skodsborg,5.975.000,28-07-2014,"
Alm. Salg",53.828,3,Villa,111,1935,,Aktuel værdi
"Høje Skodsborgvej 14, 3. TV",2942 Skodsborg,4.600.000,15-07-2014,"
Alm. Salg",40.000,4,Lejlighed,115,1936,0 %,Aktuel værdi
"Solgårdsvej 3, 1. TV",2942 Skodsborg,1.595.000,15-07-2014,"
Alm. Salg",24.538,2,Lejlighed,65,1937,0 %,Aktuel værdi
Gyvelvej 5,2942 Skodsborg,6.050.000,14-07-2014,"
Alm. Salg",38.291,5,Villa,158,1969,-3 %,Aktuel værdi
Skodsborg Strandvej 73,2942 Skodsborg,10.000.000,13-07-2014,"
Alm. Salg",30.211,10,Villa,331,1914,-20 %,Aktuel værdi
Rolighedsvej 2,2942 Skodsborg,13.250.000,09-07-2014,"
Alm. Salg",44.915,8,Villa,295,1942,,Aktuel værdi
"Høje Skodsborgvej 16, 2. TH",2942 Skodsborg,5.625.000,02-07-2014,"
Alm. Salg",41.360,4,Lejlighed,136,1936,-2 %,Aktuel værdi
"Høje Skodsborgvej 28, 1. TH",2942 Skodsborg,5.600.000,17-06-2014,"
Alm. Salg",33.333,6,Lejlighed,168,1936,-7 %,Aktuel værdi
Skodsborg Strandvej 265,2942 Skodsborg,11.000.000,08-06-2014,"
Alm. Salg",114.583,4,Villa,96,1933,-4 %,Aktuel værdi
"Skodsborg Strandvej 225A, ST. TH",2942 Skodsborg,9.050.000,03-06-2014,"
Alm. Salg",39.692,5,Lejlighed,228,1886,,Aktuel værdi
Skodsborg Strandvej 162,2942 Skodsborg,6.800.000,21-05-2014,"
Alm. Salg",51.515,4,Villa,132,1923,-13 %,Aktuel værdi
Skodsborg Strandvej 262A,2942 Skodsborg,10.500.000,21-05-2014,"
Alm. Salg",53.030,6,Rækkehus,198,1977,,Aktuel værdi
"Høje Skodsborgvej 16, 1. TV",2942 Skodsborg,2.425.000,20-05-2014,"
Alm. Salg",30.696,3,Lejlighed,79,1936,-3 %,Aktuel værdi
"Skodsborgparken 20, 3. TV",2942 Skodsborg,4.750.000,19-05-2014,"
Alm. Salg",40.598,3,Lejlighed,117,1981,-2 %,Aktuel værdi
"Skodsborgparken 24, 2. TV",2942 Skodsborg,4.625.000,15-05-2014,"
Alm. Salg",41.666,3,Lejlighed,111,1963,-7 %,Aktuel værdi
"Solgårdsvej 5, 1. TV",2942 Skodsborg,1.995.000,14-05-2014,"
Alm. Salg",22.670,3,Lejlighed,88,1937,0 %,Aktuel værdi
Frydenlundsvej 7,2942 Skodsborg,4.500.000,09-05-2014,"
Alm. Salg",29.411,4,Villa,153,1959,-7 %,Aktuel værdi
Høje Skodsborgvej 30,2942 Skodsborg,16.100.000,08-05-2014,"
Alm. Salg",71.238,6,Villa,226,1928,7 %,Aktuel værdi
"Skodsborgparken 64, 2. TV",2942 Skodsborg,3.200.000,06-05-2014,"
Alm. Salg",37.647,2,Lejlighed,85,1963,-6 %,Aktuel værdi
Skodsborg Strandvej 83,2942 Skodsborg,5.192.000,21-03-2014,"
Auktion",22.379,9,Villa,232,1877,-41 %,Aktuel værdi
Højagervej 16B,2942 Skodsborg,4.500.000,10-03-2014,"
Andet",18.442,6,Villa,244,1917,-55 %,Aktuel værdi
"Skodsborg Strandvej 227, 1. 18",2942 Skodsborg,1.425.000,07-03-2014,"
Alm. Salg",22.983,2,Lejlighed,62,1886,-2 %,Aktuel værdi
"Solgårdsvej 6, ST. TV",2942 Skodsborg,1.600.000,13-01-2014,"
Alm. Salg",23.188,3,Lejlighed,69,1935,-5 %,Aktuel værdi
"Skodsborgparken 38, 4. TH",2942 Skodsborg,5.275.000,15-12-2013,"
Alm. Salg",43.958,4,Lejlighed,120,1963,-4 %,Aktuel værdi
Skodsborg Strandvej 313A,2942 Skodsborg,8.200.000,09-12-2013,"
Alm. Salg",44.808,6,Villa,183,1959,-9 %,Aktuel værdi
"Solgårdsvej 4, ST. TV",2942 Skodsborg,1.025.000,06-12-2013,"
Alm. Salg",17.982,2,Lejlighed,57,1935,-10 %,Aktuel værdi
"Skodsborg Strandvej 31B, 1",2942 Skodsborg,6.695.000,05-11-2013,"
Alm. Salg",33.143,7,Lejlighed,202,1905,0 %,Aktuel værdi
"Høje Skodsborgvej 22, ST",2942 Skodsborg,2.150.000,01-11-2013,"
Fam. Salg",15.034,4,Lejlighed,143,1936,,Aktuel værdi
"Skodsborgparken 10, 2. TH",2942 Skodsborg,3.525.000,10-10-2013,"
Alm. Salg",34.558,2,Lejlighed,102,1981,,Aktuel værdi
"Skodsborg Strandvej 225B, ST. TH",2942 Skodsborg,5.650.000,08-10-2013,"
Alm. Salg",38.435,3,Lejlighed,147,1886,-2 %,Aktuel værdi
"Skodsborgparken 28, 2. TH",2942 Skodsborg,4.700.000,01-10-2013,"
Alm. Salg",39.166,4,Lejlighed,120,1963,,Aktuel værdi
"Skodsborgparken 10, 2. TV",2942 Skodsborg,4.200.000,31-08-2013,"
Alm. Salg",37.500,2,Lejlighed,112,1981,,Aktuel værdi
Skodsborg Strandvej 37,2942 Skodsborg,8.750.000,26-08-2013,"
Alm. Salg",39.772,8,Villa,220,1903,-12 %,Aktuel værdi
Højagervej 11,2942 Skodsborg,7.000.000,25-08-2013,"
Alm. Salg",44.025,8,Villa,159,1963,,Aktuel værdi
"Skodsborgparken 28, 1. TV",2942 Skodsborg,4.249.000,05-08-2013,"
Alm. Salg",36.947,3,Lejlighed,115,1963,-2 %,Aktuel værdi
"Høje Skodsborgvej 24, 1. TH",2942 Skodsborg,2.900.000,22-07-2013,"
Alm. Salg",27.358,3,Lejlighed,106,1936,-3 %,Aktuel værdi
"Skodsborgparken 30, 2. TH",2942 Skodsborg,5.550.000,14-07-2013,"
Alm. Salg",41.111,5,Lejlighed,135,1963,-1 %,Aktuel værdi
"Skodsborg Strandvej 225A, 3",2942 Skodsborg,6.500.000,12-07-2013,"
Alm. Salg",43.333,3,Lejlighed,150,1886,0 %,Aktuel værdi
Højagervej 18,2942 Skodsborg,6.850.000,05-07-2013,"
Alm. Salg",21.746,5,Villa,315,2015,-6 %,Aktuel værdi
"Skodsborgparken 58, 5. TH",2942 Skodsborg,6.337.500,28-06-2013,"
Alm. Salg",65.335,2,Lejlighed,97,1963,,Aktuel værdi
"Skodsborg Strandvej 225A, 1. TH",2942 Skodsborg,9.770.000,25-06-2013,"
Alm. Salg",50.621,4,Lejlighed,193,1886,-2 %,Aktuel værdi
Skodsborg Strandvej 258A,2942 Skodsborg,8.200.000,31-05-2013,"
Alm. Salg",56.164,5,Rækkehus,146,1988,-14 %,Aktuel værdi
Frydenlundsvej 10,2942 Skodsborg,5.000.000,30-05-2013,"
Alm. Salg",31.250,5,Villa,160,1957,-9 %,Aktuel værdi
"Skodsborgparken 30, 2. TV",2942 Skodsborg,2.850.000,29-05-2013,"
Alm. Salg",34.756,2,Lejlighed,82,1963,-5 %,Aktuel værdi
"Solgårdsvej 1, 1. TV",2942 Skodsborg,1.400.000,24-05-2013,"
Alm. Salg",20.588,2,Lejlighed,68,1937,-12 %,Aktuel værdi
Køromvej 28,2942 Skodsborg,6.300.000,07-05-2013,"
Alm. Salg",31.658,5,Villa,199,1973,-10 %,Aktuel værdi
"Høje Skodsborgvej 20, 1. TV",2942 Skodsborg,2.350.000,16-04-2013,"
Alm. Salg",31.333,2,Lejlighed,75,1936,-6 %,Aktuel værdi
"Skodsborgparken 34, 1. TH",2942 Skodsborg,5.400.000,12-04-2013,"
Alm. Salg",40.909,5,Lejlighed,132,1963,,Aktuel værdi
Skodsborg Strandvej 278B,2942 Skodsborg,12.000.000,04-04-2013,"
Alm. Salg",55.555,5,Rækkehus,216,1981,-11 %,Aktuel værdi
"Skodsborgparken 26, 1. TH",2942 Skodsborg,3.495.000,27-03-2013,"
Alm. Salg",29.125,4,Lejlighed,120,1963,0 %,Aktuel værdi
Egemosen 14,2942 Skodsborg,6.000.000,04-03-2013,"
Alm. Salg",35.294,7,Villa,170,1963,-8 %,Aktuel værdi
"Skodsborgparken 44, 1. TH",2942 Skodsborg,4.300.000,02-01-2013,"
Alm. Salg",32.575,4,Lejlighed,132,1963,,Aktuel værdi
Skodsborg Strandvej 47,2942 Skodsborg,11.000.000,08-11-2012,"
Alm. Salg",50.228,6,Villa,219,1918,-15 %,Aktuel værdi
"Skodsborg Strandvej 155A, 2. TV",2942 Skodsborg,1.169.000,06-11-2012,"
Alm. Salg",20.508,2,Lejlighed,57,1935,-3 %,Aktuel værdi
"Skodsborgparken 58, 2. TV",2942 Skodsborg,3.150.000,23-10-2012,"
Alm. Salg",27.876,3,Lejlighed,113,1963,0 %,Aktuel værdi
"Skodsborgparken 14, ST. TV",2942 Skodsborg,3.850.000,12-10-2012,"
Alm. Salg",32.352,3,Lejlighed,119,1981,,Aktuel værdi
Skodsborgparken 3,2942 Skodsborg,2.700.000,25-09-2012,"
Alm. Salg",28.125,3,Rækkehus,96,1921,-10 %,Aktuel værdi
"Skodsborgparken 12, 3. TH",2942 Skodsborg,3.950.000,25-09-2012,"
Alm. Salg",33.193,3,Lejlighed,119,1981,,Aktuel værdi
Rolighedsvej 8B,2942 Skodsborg,11.250.000,21-09-2012,"
Alm. Salg",34.403,9,Villa,327,1860,,Aktuel værdi
"Høje Skodsborgvej 22, 3. TV",2942 Skodsborg,2.695.000,12-09-2012,"
Alm. Salg",26.683,2,Lejlighed,101,1936,0 %,Aktuel værdi
"Høje Skodsborgvej 2, 1. TH",2942 Skodsborg,3.000.000,07-09-2012,"
Alm. Salg",25.423,4,Lejlighed,118,1936,-3 %,Aktuel værdi
"Høje Skodsborgvej 10, 2. TH",2942 Skodsborg,2.300.000,30-08-2012,"
Alm. Salg",29.113,3,Lejlighed,79,1936,-8 %,Aktuel værdi
Høje Skodsborgvej 42,2942 Skodsborg,12.300.000,29-08-2012,"
Alm. Salg",66.486,6,Villa,185,1938,-4 %,Aktuel værdi
"Skodsborg Strandvej 227, ST. 3",2942 Skodsborg,1.600.000,31-07-2012,"
Alm. Salg",24.242,1,Lejlighed,66,1886,-16 %,Aktuel værdi
"Skodsborgparken 10, 3. TV",2942 Skodsborg,3.400.000,30-07-2012,"
Alm. Salg",30.357,2,Lejlighed,112,1981,-3 %,Aktuel værdi
"Skodsborgparken 64, 4. TV",2942 Skodsborg,3.150.000,19-07-2012,"
Alm. Salg",37.058,2,Lejlighed,85,1963,-9 %,Aktuel værdi
"Skodsborgparken 42, 4. TH",2942 Skodsborg,5.750.000,19-07-2012,"
Alm. Salg",42.910,5,Lejlighed,134,1963,-4 %,Aktuel værdi
Egemosen 18,2942 Skodsborg,5.700.000,13-07-2012,"
Alm. Salg",42.857,4,Villa,133,1966,-5 %,Aktuel værdi
Køromvej 24,2942 Skodsborg,5.750.000,06-07-2012,"
Alm. Salg",28.750,5,Villa,200,1960,-4 %,Aktuel værdi
"Skodsborgparken 18, ST. TH",2942 Skodsborg,3.900.000,22-06-2012,"
Alm. Salg",32.231,3,Lejlighed,121,1981,,Aktuel værdi
Enrumvej 22,2942 Skodsborg,9.300.000,22-06-2012,"
Alm. Salg",42.272,6,Villa,220,1958,,Aktuel værdi
"Skodsborgparken 16, 2. TH",2942 Skodsborg,3.200.000,20-06-2012,"
Alm. Salg",32.989,2,Lejlighed,97,1981,-8 %,Aktuel værdi
Aggersvej 16,2942 Skodsborg,6.650.000,19-06-2012,"
Alm. Salg",32.598,8,Villa,204,1918,0 %,Aktuel værdi
"Høje Skodsborgvej 8, 2. TH",2942 Skodsborg,3.700.000,18-06-2012,"
Alm. Salg",27.407,4,Lejlighed,135,1936,-6 %,Aktuel værdi
Skodsborg Strandvej 258B,2942 Skodsborg,8.800.000,11-06-2012,"
Alm. Salg",60.273,5,Rækkehus,146,1988,-7 %,Aktuel værdi
Aggersvej 10,2942 Skodsborg,2.087.442,04-06-2012,"
Fam. Salg",13.824,6,Rækkehus,151,1918,,Aktuel værdi
"Skodsborg Strandvej 155A, ST. TV",2942 Skodsborg,600.000,22-05-2012,"
Alm. Salg",10.526,2,Lejlighed,57,1935,-40 %,Aktuel værdi
"Skodsborgparken 60, 3. TV",2942 Skodsborg,3.000.000,16-05-2012,"
Alm. Salg",36.585,2,Lejlighed,82,1963,,Aktuel værdi
"Høje Skodsborgvej 6, 3. TV",2942 Skodsborg,3.075.000,15-05-2012,"
Alm. Salg",30.445,4,Lejlighed,101,1936,-7 %,Aktuel værdi
Skodsborgparken 9,2942 Skodsborg,3.115.000,01-04-2012,"
Alm. Salg",32.113,3,Rækkehus,97,1920,-6 %,Aktuel værdi
"Skodsborgparken 44, 3. TH",2942 Skodsborg,4.950.000,14-03-2012,"
Alm. Salg",37.500,5,Lejlighed,132,1963,,Aktuel værdi
"Skodsborgparken 24, 1. TV",2942 Skodsborg,2.650.000,05-03-2012,"
Alm. Salg",23.873,3,Lejlighed,111,1963,-12 %,Aktuel værdi
"Skodsborgparken 40, 3. TV",2942 Skodsborg,2.750.000,05-03-2012,"
Alm. Salg",24.336,3,Lejlighed,113,1963,-8 %,Aktuel værdi
Skodsborg Strandvej 253,2942 Skodsborg,11.500.000,02-03-2012,"
Alm. Salg",38.461,7,Villa,299,1859,-4 %,Aktuel værdi
Højagervej 14,2942 Skodsborg,4.505.000,28-02-2012,"
Alm. Salg",28.512,7,Villa,158,1955,-6 %,Aktuel værdi
Skodsborg Strandvej 216,2942 Skodsborg,12.200.000,24-02-2012,"
Alm. Salg",60.696,6,Villa,201,1988,-19 %,Aktuel værdi
"Skodsborgparken 54, 1. TH",2942 Skodsborg,3.800.000,14-02-2012,"
Alm. Salg",31.404,4,Lejlighed,121,1963,-9 %,Aktuel værdi
"Skodsborgparken 38, 3. TH",2942 Skodsborg,4.500.000,28-01-2012,"
Alm. Salg",37.500,4,Lejlighed,120,1963,,Aktuel værdi
"Skodsborgparken 62, 4. TV",2942 Skodsborg,2.450.000,06-01-2012,"
Alm. Salg",29.878,2,Lejlighed,82,1963,-6 %,Aktuel værdi
"Skodsborgparken 50, 4. TH",2942 Skodsborg,4.000.000,17-12-2011,"
Alm. Salg",30.303,4,Lejlighed,132,1963,,Aktuel værdi
"Skodsborg Strandvej 153, 1. TH",2942 Skodsborg,1.150.000,08-12-2011,"
Alm. Salg",20.175,2,Lejlighed,57,1935,-11 %,Aktuel værdi
"Skodsborg Strandvej 31A, ST",2942 Skodsborg,3.000.000,18-11-2011,"
Fam. Salg",18.750,4,Lejlighed,160,1905,,Aktuel værdi
Egemosen 8,2942 Skodsborg,2.950.000,02-11-2011,"
Fam. Salg",19.032,6,Villa,155,1967,,Aktuel værdi
Skodsborg Strandvej 250,2942 Skodsborg,34.250.000,31-10-2011,"
Andet",118.103,7,Villa,290,1997,-1 %,Aktuel værdi
"Skodsborgparken 24, 4. TV",2942 Skodsborg,4.400.000,15-09-2011,"
Alm. Salg",39.639,3,Lejlighed,111,1963,,Aktuel værdi
Skodsborg Strandvej 29,2942 Skodsborg,11.500.000,24-08-2011,"
Alm. Salg",49.568,8,Villa,232,1913,-11 %,Aktuel værdi
Skodsborg Strandvej 154C,2942 Skodsborg,8.000.000,23-08-2011,"
Alm. Salg",58.823,5,Lejlighed,136,1887,,Aktuel værdi
Egemosen 11,2942 Skodsborg,3.150.000,16-08-2011,"
Fam. Salg",13.815,6,Villa,228,1969,,Aktuel værdi
"Skodsborgparken 38, 4. TV",2942 Skodsborg,4.500.000,11-08-2011,"
Alm. Salg",40.540,3,Lejlighed,111,1963,,Aktuel værdi
"Solgårdsvej 7, 1. TV",2942 Skodsborg,1.850.000,11-07-2011,"
Alm. Salg",20.329,3,Lejlighed,91,1937,-7 %,Aktuel værdi
"Skodsborg Strandvej 153, 1. TV",2942 Skodsborg,1.840.000,06-07-2011,"
Auktion",18.400,4,Lejlighed,100,1935,,Aktuel værdi
"Skodsborgparken 52, 1. TV",2942 Skodsborg,2.950.000,23-06-2011,"
Alm. Salg",35.119,2,Lejlighed,84,1963,-8 %,Aktuel værdi
"Skodsborg Strandvej 155B, ST. TV",2942 Skodsborg,850.000,22-06-2011,"
Auktion",14.912,2,Lejlighed,57,1935,,Aktuel værdi
Skodsborg Strandvej 210,2942 Skodsborg,7.800.000,14-06-2011,"
Alm. Salg",78.000,4,Villa,100,1958,11 %,Aktuel værdi
"Skodsborg Strandvej 215, 2. TV",2942 Skodsborg,3.500.000,01-06-2011,"
Andet",41.176,3,Lejlighed,85,1890,,Aktuel værdi
Høje Skodsborgvej 40,2942 Skodsborg,10.900.000,29-04-2011,"
Alm. Salg",45.798,5,Villa,238,1930,,Aktuel værdi
"Skodsborgparken 24, 2. TH",2942 Skodsborg,4.500.000,01-04-2011,"
Alm. Salg",37.500,4,Lejlighed,120,1963,,Aktuel værdi
"Skodsborgparken 14, 2. TH",2942 Skodsborg,4.475.000,28-03-2011,"
Alm. Salg",37.605,3,Lejlighed,119,1981,-9 %,Aktuel værdi
"Skodsborgparken 28, 4. TV",2942 Skodsborg,4.900.000,25-03-2011,"
Alm. Salg",42.608,3,Lejlighed,115,1963,-2 %,Aktuel værdi
"Skodsborg Strandvej 227, 2. 24",2942 Skodsborg,1.290.000,22-03-2011,"
Alm. Salg",30.000,1,Lejlighed,43,1886,,Aktuel værdi
"Skodsborgparken 20, 4",2942 Skodsborg,5.950.000,14-03-2011,"
Alm. Salg",55.607,3,Lejlighed,107,1981,,Aktuel værdi
Kettebakken 15,2942 Skodsborg,4.600.000,03-03-2011,"
Alm. Salg",30.463,5,Villa,151,1969,-8 %,Aktuel værdi
Egemosen 7,2942 Skodsborg,7.750.000,02-02-2011,"
Alm. Salg",33.991,8,Villa,228,1958,-5 %,Aktuel værdi
"Skodsborgparken 14, 3. TH",2942 Skodsborg,4.800.000,26-01-2011,"
Alm. Salg",40.336,3,Lejlighed,119,1981,-4 %,Aktuel værdi
Kettebakken 3,2942 Skodsborg,4.574.000,21-01-2011,"
Alm. Salg",26.439,6,Villa,173,1967,-2 %,Aktuel værdi
"Skodsborgparken 60, 1. TV",2942 Skodsborg,2.625.000,20-01-2011,"
Alm. Salg",32.012,2,Lejlighed,82,1963,-5 %,Aktuel værdi
"Solgårdsvej 3, 2. TV",2942 Skodsborg,1.250.000,05-01-2011,"
Alm. Salg",19.230,2,Lejlighed,65,1937,-4 %,Aktuel værdi
"Høje Skodsborgvej 10, 3. TH",2942 Skodsborg,2.600.000,22-11-2010,"
Alm. Salg",32.911,3,Lejlighed,79,1936,-5 %,Aktuel værdi
"Skodsborgparken 62, 4. TH",2942 Skodsborg,10.700.000,22-11-2010,"
Alm. Salg",52.195,5,Lejlighed,205,1963,-24 %,Aktuel værdi
"Skodsborgparken 34, 4. TH",2942 Skodsborg,5.450.000,09-11-2010,"
Alm. Salg",41.287,4,Lejlighed,132,1963,,Aktuel værdi
Køromvej 30,2942 Skodsborg,9.095.000,03-11-2010,"
Fam. Salg",33.936,7,Stuehus,268,1900,,
"Høje Skodsborgvej 24, 1. TV",2942 Skodsborg,1.950.000,27-10-2010,"
Alm. Salg",24.375,3,Lejlighed,80,1936,-2 %,Aktuel værdi
"Skodsborgparken 40, 4. TH",2942 Skodsborg,4.600.000,22-10-2010,"
Alm. Salg",38.333,4,Lejlighed,120,1963,,Aktuel værdi
"Skodsborg Strandvej 219, ST. TH",2942 Skodsborg,2.150.000,01-10-2010,"
Alm. Salg",33.593,2,Lejlighed,64,1890,-5 %,Aktuel værdi
"Høje Skodsborgvej 28, ST. TH",2942 Skodsborg,4.750.000,25-08-2010,"
Alm. Salg",28.273,6,Lejlighed,168,1936,,Aktuel værdi
"Skodsborgparken 48, 2. TH",2942 Skodsborg,6.100.000,20-08-2010,"
Alm. Salg",45.185,5,Lejlighed,135,1963,-6 %,Aktuel værdi
Skodsborg Strandvej 280B,2942 Skodsborg,7.600.000,19-07-2010,"
Alm. Salg",38.383,5,Rækkehus,198,1981,-5 %,Aktuel værdi
Skodsborg Strandvej 301,2942 Skodsborg,56.000.000,25-06-2010,"
Alm. Salg",-,2,Fritid,-,1930,,Aktuel værdi
Aggersvej 4,2942 Skodsborg,5.400.000,22-06-2010,"
Alm. Salg",24.657,6,Villa,219,1913,-16 %,Aktuel værdi
Kettebakken 5,2942 Skodsborg,1.850.000,21-06-2010,"
Alm. Salg",12.500,4,Villa,148,1967,,Aktuel værdi
Rolighedsvej 7,2942 Skodsborg,10.500.000,16-06-2010,"
Alm. Salg",48.611,7,Villa,216,1929,,Aktuel værdi
Frydenlundsvej 16,2942 Skodsborg,5.300.000,17-05-2010,"
Alm. Salg",35.810,4,Villa,148,1959,-12 %,Aktuel værdi
"Skodsborgparken 46, 2. TV",2942 Skodsborg,2.675.000,14-05-2010,"
Alm. Salg",31.470,2,Lejlighed,85,1963,,Aktuel værdi
"Solgårdsvej 7, 2. TH",2942 Skodsborg,2.500.000,24-03-2010,"
Alm. Salg",26.595,3,Lejlighed,94,1937,-11 %,Aktuel værdi
"Skodsborgparken 62, 3. TV",2942 Skodsborg,3.250.000,23-03-2010,"
Alm. Salg",39.634,2,Lejlighed,82,1963,-4 %,Aktuel værdi
Skodsborg Strandvej 9A,2942 Skodsborg,2.960.500,17-03-2010,"
Alm. Salg",21.768,5,Villa,136,1972,,Aktuel værdi
Egemosen 12,2942 Skodsborg,5.120.000,11-03-2010,"
Alm. Salg",36.056,4,Villa,142,1967,-11 %,Aktuel værdi
"Skodsborgparken 32, 5. TH",2942 Skodsborg,2.100.000,03-03-2010,"
Andet",21.649,2,Lejlighed,97,1963,,Aktuel værdi
"Skodsborgparken 48, 4. TH",2942 Skodsborg,2.230.000,03-02-2010,"
Alm. Salg",16.518,5,Lejlighed,135,1963,,Aktuel værdi
Enrumvej 4,2942 Skodsborg,7.498.000,01-02-2010,"
Alm. Salg",41.655,4,Villa,180,1950,0 %,Aktuel værdi
"Skodsborgparken 50, 2. TV",2942 Skodsborg,3.400.000,19-01-2010,"
Alm. Salg",41.463,2,Lejlighed,82,1963,0 %,Aktuel værdi
Højagervej 8,2942 Skodsborg,3.450.000,15-01-2010,"
Alm. Salg",16.829,5,Villa,205,2010,-10 %,Aktuel værdi
"Skodsborgparken 34, 5",2942 Skodsborg,13.500.000,14-01-2010,"
Alm. Salg",81.325,3,Lejlighed,166,1963,,Aktuel værdi
"Skodsborgparken 54, 4. TV",2942 Skodsborg,5.550.000,31-12-2009,"
Alm. Salg",50.000,3,Lejlighed,111,1963,,Aktuel værdi
"Skodsborgparken 52, 1. TH",2942 Skodsborg,4.500.000,09-12-2009,"
Alm. Salg",34.090,5,Lejlighed,132,1963,0 %,Aktuel værdi
"Skodsborgparken 22, 2. TH",2942 Skodsborg,800.000,30-11-2009,"
Alm. Salg",6.504,4,Lejlighed,123,1963,,Aktuel værdi
"Skodsborg Strandvej 157A, 2. TV",2942 Skodsborg,2.105.000,03-11-2009,"
Alm. Salg",21.479,4,Lejlighed,98,1934,-4 %,Aktuel værdi
"Solgårdsvej 6, ST. TH",2942 Skodsborg,1.900.000,02-11-2009,"
Alm. Salg",28.358,3,Lejlighed,67,1935,,Aktuel værdi
Skodsborg Strandvej 67,2942 Skodsborg,10.000.000,04-10-2009,"
Alm. Salg",-,6,Villa,253,1913,-9 %,Aktuel værdi
"Skodsborgparken 12, 2. TV",2942 Skodsborg,5.150.000,03-09-2009,"
Alm. Salg",35.273,3,Lejlighed,146,1981,-3 %,Aktuel værdi
"Høje Skodsborgvej 24, 2. TV",2942 Skodsborg,2.500.000,26-08-2009,"
Alm. Salg",31.250,3,Lejlighed,80,1936,-5 %,Aktuel værdi
Skodsborg Strandvej 300,2942 Skodsborg,50.500.000,18-08-2009,"
Alm. Salg",82.786,9,Villa,610,1956,-13 %,Aktuel værdi
"Skodsborgparken 16, 1. TV",2942 Skodsborg,5.250.000,12-08-2009,"
Alm. Salg",37.234,4,Lejlighed,141,1981,,Aktuel værdi
Skodsborg Strandvej 290,2942 Skodsborg,27.000.000,10-07-2009,"
Alm. Salg",90.301,8,Villa,299,1961,-8 %,Aktuel værdi
"Skodsborg Strandvej 215, 1. TV",2942 Skodsborg,5.500.000,24-06-2009,"
Alm. Salg",33.132,3,Lejlighed,166,1890,,Aktuel værdi
"Høje Skodsborgvej 2, 2. TV",2942 Skodsborg,3.000.000,21-06-2009,"
Fam. Salg",30.927,3,Lejlighed,97,1936,,Aktuel værdi
"Skodsborgparken 24, 3. TH",2942 Skodsborg,3.750.000,02-06-2009,"
Alm. Salg",31.250,3,Lejlighed,120,1963,,Aktuel værdi
Køromvej 2D,2942 Skodsborg,3.090.000,22-05-2009,"
Fam. Salg",13.037,4,Villa,237,1987,,Aktuel værdi
"Skodsborgparken 50, 3. TH",2942 Skodsborg,5.200.000,15-05-2009,"
Fam. Salg",39.393,5,Lejlighed,132,1963,,Aktuel værdi
"Skodsborgparken 18, 1. TV",2942 Skodsborg,3.500.000,04-05-2009,"
Alm. Salg",29.411,3,Lejlighed,119,1981,-7 %,Aktuel værdi
"Skodsborgparken 22, 1. TV",2942 Skodsborg,3.931.000,30-04-2009,"
Alm. Salg",35.414,3,Lejlighed,111,1963,-2 %,Aktuel værdi
"Skodsborg Strandvej 211, 1. TH",2942 Skodsborg,1.775.000,27-04-2009,"
Alm. Salg",19.722,2,Lejlighed,90,1889,-1 %,Aktuel værdi
"Skodsborg Strandvej 155A, 1. TH",2942 Skodsborg,1.195.000,14-04-2009,"
Alm. Salg",20.964,2,Lejlighed,57,1935,0 %,Aktuel værdi
"Skodsborgparken 24, 3. TV",2942 Skodsborg,3.400.000,19-02-2009,"
Alm. Salg",30.630,3,Lejlighed,111,1963,,Aktuel værdi
Gyvelvej 9,2942 Skodsborg,3.900.000,11-02-2009,"
Alm. Salg",-,8,Villa,275,1923,0 %,Aktuel værdi
Rolighedsvej 11,2942 Skodsborg,7.750.000,22-01-2009,"
Alm. Salg",27.580,9,Villa,281,1945,-29 %,Aktuel værdi
Skodsborg Strandvej 13,2942 Skodsborg,16.000.000,12-12-2008,"
Alm. Salg",-,11,Villa,454,1915,-19 %,Aktuel værdi
Højagervej 17,2942 Skodsborg,5.057.500,24-11-2008,"
Fam. Salg",28.254,6,Villa,179,1981,,Aktuel værdi
Skodsborg Strandvej 120,2942 Skodsborg,22.600.000,25-09-2008,"
Alm. Salg",59.473,8,Villa,380,1891,,Aktuel værdi
Skodsborg Strandvej 209,2942 Skodsborg,10.300.000,22-09-2008,"
Alm. Salg",58.857,5,Villa,175,1899,,Aktuel værdi
Skodsborg Strandvej 132,2942 Skodsborg,30.000.000,16-09-2008,"
Alm. Salg",109.890,6,Villa,273,1935,-33 %,Aktuel værdi
Skodsborg Strandvej 53,2942 Skodsborg,13.750.000,01-08-2008,"
Alm. Salg",54.347,8,Villa,253,1918,-13 %,Aktuel værdi
"Skodsborgparken 44, 5. TH",2942 Skodsborg,7.000.000,01-08-2008,"
Fam. Salg",72.164,2,Lejlighed,97,1963,,Aktuel værdi
Skodsborg Strandvej 204,2942 Skodsborg,9.999.999,01-07-2008,"
Alm. Salg",46.296,8,Villa,216,1877,,Aktuel værdi
"Skodsborgparken 48, 1. TH",2942 Skodsborg,2.997.500,30-06-2008,"
Fam. Salg",22.203,5,Lejlighed,135,1963,,Aktuel værdi
Egemosen 2,2942 Skodsborg,4.100.000,27-06-2008,"
Alm. Salg",25.308,4,Villa,162,2009,-15 %,Aktuel værdi
Skodsborg Strandvej 39,2942 Skodsborg,12.500.000,11-06-2008,"
Alm. Salg",50.813,8,Villa,246,1900,-10 %,Aktuel værdi
Enrumvej 17,2942 Skodsborg,5.150.000,01-04-2008,"
Andet",26.010,5,Villa,198,2003,-55 %,Aktuel værdi
Kettebakken 11,2942 Skodsborg,1.900.000,31-03-2008,"
Fam. Salg",13.380,5,Villa,142,1970,,Aktuel værdi
"Skodsborgparken 56, 1. TH",2942 Skodsborg,7.000.000,03-03-2008,"
Alm. Salg",58.333,3,Lejlighed,120,1963,,Aktuel værdi
"Høje Skodsborgvej 26, 2. TH",2942 Skodsborg,2.507.500,25-02-2008,"
Fam. Salg",31.740,2,Lejlighed,79,1936,,Aktuel værdi
"Skodsborg Strandvej 227, 1. 14",2942 Skodsborg,1.795.000,25-02-2008,"
Alm. Salg",44.875,1,Lejlighed,40,1886,,Aktuel værdi
"Skodsborgparken 42, 2. TH",2942 Skodsborg,6.600.000,10-01-2008,"
Alm. Salg",49.253,4,Lejlighed,134,1963,,Aktuel værdi
"Høje Skodsborgvej 12, 3. TH",2942 Skodsborg,2.635.600,09-01-2008,"
Alm. Salg",33.362,3,Lejlighed,79,1936,,Aktuel værdi
Skodsborg Strandvej 174,2942 Skodsborg,15.000.000,07-01-2008,"
Alm. Salg",86.705,7,Villa,173,1727,-17 %,Aktuel værdi
"Skodsborg Strandvej 227, ST. 6",2942 Skodsborg,1.795.000,05-12-2007,"
Andet",43.780,1,Lejlighed,41,1886,,Aktuel værdi
"Skodsborg Strandvej 227, ST. 4",2942 Skodsborg,1.358.500,25-11-2007,"
Fam. Salg",19.688,1,Lejlighed,69,1886,,Aktuel værdi
"Skodsborgparken 10, 3. TH",2942 Skodsborg,5.000.000,23-11-2007,"
Alm. Salg",49.019,2,Lejlighed,102,1981,,Aktuel værdi
"Skodsborg Strandvej 227, ST. 2",2942 Skodsborg,2.500.000,22-11-2007,"
Alm. Salg",40.983,1,Lejlighed,61,1886,-14 %,Aktuel værdi
"Skodsborg Strandvej 227, 1. 11",2942 Skodsborg,1.895.000,09-10-2007,"
Alm. Salg",41.195,1,Lejlighed,46,1886,,Aktuel værdi
"Skodsborgparken 26, 3. TH",2942 Skodsborg,2.465.000,12-09-2007,"
Fam. Salg",20.541,4,Lejlighed,120,1963,,Aktuel værdi
Frydenlundsvej 8,2942 Skodsborg,4.400.000,01-09-2007,"
Fam. Salg",23.404,6,Villa,188,1961,,Aktuel værdi
"Solgårdsvej 7, 2. TV",2942 Skodsborg,2.900.000,09-08-2007,"
Alm. Salg",31.868,3,Lejlighed,91,1937,-17 %,Aktuel værdi
Aggershvile Alle 12,2942 Skodsborg,7.828.000,30-07-2007,"
Alm. Salg",61.156,5,Villa,128,1958,,Aktuel værdi
Egemosen 13,2942 Skodsborg,8.250.000,28-07-2007,"
Alm. Salg",46.089,6,Villa,179,1969,-3 %,Aktuel værdi
Aggershvile Alle 4,2942 Skodsborg,8.225.000,25-07-2007,"
Alm. Salg",32.254,10,Villa,255,2009,,Aktuel værdi
Skodsborg Strandvej 293,2942 Skodsborg,6.400.000,09-07-2007,"
Alm. Salg",38.095,5,Villa,168,1978,-9 %,Aktuel værdi
"Skodsborgparken 16, ST. TH",2942 Skodsborg,4.500.000,03-07-2007,"
Alm. Salg",46.391,2,Lejlighed,97,1981,,Aktuel værdi
"Skodsborgparken 26, 5. TH",2942 Skodsborg,7.200.000,03-07-2007,"
Alm. Salg",74.226,2,Lejlighed,97,1963,,Aktuel værdi
"Skodsborg Strandvej 219, ST. TV",2942 Skodsborg,4.600.000,23-06-2007,"
Alm. Salg",46.000,3,Lejlighed,100,1890,,Aktuel værdi
Højagervej 12,2942 Skodsborg,6.750.000,07-06-2007,"
Alm. Salg",26.162,8,Villa,258,1956,,Aktuel værdi
"Skodsborg Strandvej 227, 2. 22",2942 Skodsborg,1.500.000,29-05-2007,"
Alm. Salg",34.090,1,Lejlighed,44,1886,-6 %,Aktuel værdi
"Skodsborg Strandvej 157, 2. TV",2942 Skodsborg,3.500.000,22-04-2007,"
Alm. Salg",35.353,4,Lejlighed,99,1934,,Aktuel værdi
Skodsborgparken 5,2942 Skodsborg,3.300.000,11-04-2007,"
Alm. Salg",34.020,3,Rækkehus,97,1921,,Aktuel værdi
"Skodsborgparken 60, 3. TH",2942 Skodsborg,6.850.000,03-04-2007,"
Alm. Salg",51.119,5,Lejlighed,134,1963,-1 %,Aktuel værdi
Skodsborg Strandvej 258C,2942 Skodsborg,30.000.000,29-03-2007,"
Alm. Salg",96.153,8,Villa,312,1896,,Aktuel værdi
"Skodsborgparken 20, 2. TV",2942 Skodsborg,6.150.000,26-02-2007,"
Alm. Salg",52.564,3,Lejlighed,117,1981,,Aktuel værdi
Skodsborg Strandvej 33,2942 Skodsborg,17.000.000,15-01-2007,"
Andet",66.406,8,Villa,256,1906,-5 %,Aktuel værdi
"Solgårdsvej 4, 2. TH",2942 Skodsborg,1.660.000,04-01-2007,"
Alm. Salg",29.122,2,Lejlighed,57,1935,,Aktuel værdi
"Høje Skodsborgvej 8, ST. TV",2942 Skodsborg,2.250.000,22-12-2006,"
Alm. Salg",35.714,2,Lejlighed,63,1936,,Aktuel værdi
"Skodsborg Strandvej 155B, 2. TV",2942 Skodsborg,1.900.000,11-12-2006,"
Alm. Salg",33.333,2,Lejlighed,57,1935,,Aktuel værdi
"Skodsborgparken 62, 1. TV",2942 Skodsborg,3.550.000,02-11-2006,"
Alm. Salg",43.292,2,Lejlighed,82,1963,,Aktuel værdi
"Solgårdsvej 6, 2. TH",2942 Skodsborg,1.575.000,12-10-2006,"
Alm. Salg",27.631,2,Lejlighed,57,1935,,Aktuel værdi
"Skodsborgparken 20, ST. TH",2942 Skodsborg,5.550.000,28-09-2006,"
Alm. Salg",44.400,3,Lejlighed,125,1981,,Aktuel værdi
"Skodsborgparken 56, 3. TV",2942 Skodsborg,5.500.000,28-06-2006,"
Alm. Salg",49.549,3,Lejlighed,111,1963,,Aktuel værdi
Skodsborg Strandvej 268A,2942 Skodsborg,23.000.000,20-06-2006,"
Alm. Salg",62.162,11,Villa,370,1900,,Aktuel værdi
Skodsborg Strandvej 269,2942 Skodsborg,8.950.000,31-05-2006,"
Alm. Salg",55.590,5,Villa,161,1931,,Aktuel værdi
"Skodsborgparken 54, 5. TH",2942 Skodsborg,6.000.000,19-05-2006,"
Alm. Salg",60.606,2,Lejlighed,99,1963,,Aktuel værdi
"Solgårdsvej 3, 2. TH",2942 Skodsborg,2.350.000,11-05-2006,"
Alm. Salg",35.606,2,Lejlighed,66,1937,,Aktuel værdi
Aggershvile Alle 10,2942 Skodsborg,15.000.000,11-05-2006,"
Alm. Salg",-,10,Villa,330,1914,,Aktuel værdi
"Skodsborg Strandvej 227, ST. 8",2942 Skodsborg,1.075.000,28-04-2006,"
Alm. Salg",26.219,1,Lejlighed,41,1886,,Aktuel værdi
"Skodsborgparken 54, 1. TV",2942 Skodsborg,5.595.000,03-04-2006,"
Alm. Salg",50.405,3,Lejlighed,111,1963,,Aktuel værdi
Køromvej 26,2942 Skodsborg,7.200.000,23-03-2006,"
Alm. Salg",36.548,6,Villa,197,1973,,Aktuel værdi
"Solgårdsvej 5, ST. TV",2942 Skodsborg,2.250.000,20-03-2006,"
Alm. Salg",25.568,3,Lejlighed,88,1937,,Aktuel værdi
Skodsborg Strandvej 270,2942 Skodsborg,6.417.500,03-03-2006,"
Fam. Salg",26.739,7,Villa,240,1954,,Aktuel værdi
"Skodsborg Strandvej 155B, 1. TV",2942 Skodsborg,1.900.000,02-03-2006,"
Alm. Salg",33.333,2,Lejlighed,57,1935,,Aktuel værdi
"Skodsborg Strandvej 227, 1. 10",2942 Skodsborg,3.900.000,22-02-2006,"
Fam. Salg",59.090,2,Lejlighed,66,1886,,Aktuel værdi
"Høje Skodsborgvej 12, 3. TV",2942 Skodsborg,3.050.000,08-02-2006,"
Alm. Salg",38.607,2,Lejlighed,79,1936,,Aktuel værdi
"Skodsborgparken 14, 4",2942 Skodsborg,3.527.500,10-01-2006,"
Fam. Salg",24.327,5,Lejlighed,145,1981,,Aktuel værdi
"Høje Skodsborgvej 14, ST. TV",2942 Skodsborg,1.550.000,20-12-2005,"
Fam. Salg",25.000,2,Lejlighed,62,1936,,Aktuel værdi
"Solgårdsvej 1, 2. TH",2942 Skodsborg,2.095.000,15-12-2005,"
Alm. Salg",32.230,2,Lejlighed,65,1937,,Aktuel værdi
"Skodsborg Strandvej 154B, ST",2942 Skodsborg,7.600.000,04-11-2005,"
Alm. Salg",53.521,4,Lejlighed,142,1887,,Aktuel værdi
"Skodsborg Strandvej 227, ST. 7",2942 Skodsborg,1.350.000,09-10-2005,"
Alm. Salg",30.681,1,Lejlighed,44,1886,,Aktuel værdi
"Skodsborg Strandvej 227, 2. 26",2942 Skodsborg,2.025.000,04-10-2005,"
Alm. Salg",38.207,2,Lejlighed,53,1886,,Aktuel værdi
"Skodsborgparken 62, 3. TH",2942 Skodsborg,5.395.000,28-09-2005,"
Alm. Salg",40.871,5,Lejlighed,132,1963,,Aktuel værdi
Egemosen 5,2942 Skodsborg,4.425.000,11-07-2005,"
Alm. Salg",20.872,5,Villa,212,2010,,Aktuel værdi
Skodsborg Strandvej 282,2942 Skodsborg,13.800.000,01-06-2005,"
Alm. Salg",-,14,Villa,406,1937,,Aktuel værdi
Skodsborg Strandvej 287,2942 Skodsborg,5.100.000,12-05-2005,"
Alm. Salg",-,6,Villa,254,1976,,Aktuel værdi
"Skodsborgparken 42, 3. TV",2942 Skodsborg,3.150.000,29-04-2005,"
Alm. Salg",38.414,2,Lejlighed,82,1963,,Aktuel værdi
"Skodsborg Strandvej 227, 1. 13",2942 Skodsborg,1.795.000,27-04-2005,"
Alm. Salg",40.795,1,Lejlighed,44,1886,,Aktuel værdi
Skodsborg Strandvej 9B,2942 Skodsborg,12.350.000,15-04-2005,"
Alm. Salg",28.260,10,Villa,437,1918,,Aktuel værdi
"Skodsborgparken 32, 4. TH",2942 Skodsborg,4.649.000,10-04-2005,"
Alm. Salg",35.219,5,Lejlighed,132,1963,,Aktuel værdi
"Skodsborgparken 48, 1. TV",2942 Skodsborg,3.095.000,08-04-2005,"
Alm. Salg",37.743,2,Lejlighed,82,1963,,Aktuel værdi
"Skodsborg Strandvej 221, 1",2942 Skodsborg,4.495.000,17-03-2005,"
Alm. Salg",31.000,5,Lejlighed,145,1890,,Aktuel værdi
Kettebakken 13,2942 Skodsborg,4.050.000,15-03-2005,"
Alm. Salg",24.107,6,Villa,168,1968,,Aktuel værdi
Rolighedsvej 9,2942 Skodsborg,6.800.000,06-02-2005,"
Alm. Salg",32.075,7,Villa,212,1965,,Aktuel værdi
Skodsborg Strandvej 87,2942 Skodsborg,6.700.000,25-01-2005,"
Alm. Salg",37.430,7,Villa,179,1888,,Aktuel værdi
"Skodsborg Strandvej 227, ST. 1",2942 Skodsborg,2.750.000,13-01-2005,"
Alm. Salg",26.190,4,Lejlighed,105,1886,,Aktuel værdi
"Høje Skodsborgvej 4, 2. TV",2942 Skodsborg,2.700.000,16-12-2004,"
Alm. Salg",28.125,4,Lejlighed,96,1936,,Aktuel værdi
"Skodsborg Strandvej 154A, ST",2942 Skodsborg,4.750.000,14-12-2004,"
Alm. Salg",23.869,5,Lejlighed,199,1887,,Aktuel værdi
"Skodsborgparken 22, 4. TV",2942 Skodsborg,3.375.000,09-11-2004,"
Alm. Salg",30.405,3,Lejlighed,111,1963,,Aktuel værdi
Aggershvile Alle 2,2942 Skodsborg,5.885.000,03-11-2004,"
Alm. Salg",23.078,5,Villa,255,2004,,Aktuel værdi
"Skodsborgparken 36, 5. TV",2942 Skodsborg,2.350.000,01-11-2004,"
Alm. Salg",26.111,3,Lejlighed,90,1963,,Aktuel værdi
"Skodsborgparken 34, 3. TV",2942 Skodsborg,2.400.000,05-09-2004,"
Alm. Salg",28.235,2,Lejlighed,85,1963,,Aktuel værdi
"Solgårdsvej 2, 2. TH",2942 Skodsborg,460.000,28-08-2004,"
Andet",6.666,3,Lejlighed,69,1935,,Aktuel værdi
"Skodsborgparken 58, 3. TV",2942 Skodsborg,2.995.000,18-08-2004,"
Alm. Salg",26.504,3,Lejlighed,113,1963,,Aktuel værdi
Skodsborg Strandvej 68,2942 Skodsborg,6.551.000,30-07-2004,"
Alm. Salg",56.474,5,Villa,116,1933,,Aktuel værdi
"Høje Skodsborgvej 2, ST",2942 Skodsborg,1.550.000,16-07-2004,"
Fam. Salg",12.301,3,Lejlighed,126,1936,,Aktuel værdi
Skodsborg Strandvej 276B,2942 Skodsborg,7.350.000,29-06-2004,"
Alm. Salg",41.292,5,Rækkehus,178,1981,,Aktuel værdi
"Høje Skodsborgvej 20, 1. TH",2942 Skodsborg,1.950.000,22-06-2004,"
Alm. Salg",25.324,2,Lejlighed,77,1936,,Aktuel værdi
Køromvej 6,2942 Skodsborg,4.231.000,10-06-2004,"
Alm. Salg",20.341,5,Villa,208,1968,,Aktuel værdi
Skodsborg Strandvej 176,2942 Skodsborg,5.700.000,08-06-2004,"
Alm. Salg",41.304,4,Villa,138,1900,,Aktuel værdi
Enrumvej 15,2942 Skodsborg,4.900.000,27-04-2004,"
Alm. Salg",22.790,7,Villa,215,1950,,Aktuel værdi
"Skodsborg Strandvej 227, 2. 21",2942 Skodsborg,1.185.000,19-04-2004,"
Alm. Salg",26.333,1,Lejlighed,45,1886,,Aktuel værdi
"Solgårdsvej 1, 1. TH",2942 Skodsborg,1.420.000,25-02-2004,"
Alm. Salg",21.846,2,Lejlighed,65,1937,,Aktuel værdi
Kettebakken 19,2942 Skodsborg,3.335.000,18-02-2004,"
Alm. Salg",22.533,5,Villa,148,1965,,Aktuel værdi
Kettebakken 14,2942 Skodsborg,1.400.000,10-02-2004,"
Fam. Salg",9.655,5,Villa,145,1965,,Aktuel værdi
"Skodsborgparken 10, 4",2942 Skodsborg,7.100.000,07-02-2004,"
Alm. Salg",45.222,4,Lejlighed,157,1981,,Aktuel værdi
"Skodsborgparken 58, 2. TH",2942 Skodsborg,3.302.400,26-01-2004,"
Alm. Salg",27.520,4,Lejlighed,120,1963,,Aktuel værdi
"Skodsborgparken 18, 4. TV",2942 Skodsborg,3.950.000,20-01-2004,"
Alm. Salg",39.500,2,Lejlighed,100,1981,,Aktuel værdi
"Skodsborgparken 32, 4. TV",2942 Skodsborg,2.375.000,12-01-2004,"
Alm. Salg",28.963,2,Lejlighed,82,1963,,Aktuel værdi
"Skodsborgparken 26, 1. TV",2942 Skodsborg,2.700.000,22-12-2003,"
Alm. Salg",24.324,3,Lejlighed,111,1963,,Aktuel værdi
Enrumvej 11,2942 Skodsborg,3.250.000,02-11-2003,"
Alm. Salg",16.752,5,Villa,194,1979,,Aktuel værdi
Kettebakken 8,2942 Skodsborg,2.200.000,17-10-2003,"
Alm. Salg",13.750,7,Villa,160,1967,,Aktuel værdi
"Skodsborgparken 46, 3. TV",2942 Skodsborg,2.495.000,08-10-2003,"
Alm. Salg",29.352,2,Lejlighed,85,1963,,Aktuel værdi
Skodsborg Strandvej 103,2942 Skodsborg,3.250.000,02-10-2003,"
Alm. Salg",17.473,7,Villa,186,1880,,Aktuel værdi
"Skodsborgparken 36, 4. TV",2942 Skodsborg,2.900.000,10-09-2003,"
Alm. Salg",26.126,3,Lejlighed,111,1963,,Aktuel værdi
"Skodsborgparken 54, 5. TV",2942 Skodsborg,3.340.000,05-09-2003,"
Alm. Salg",37.111,3,Lejlighed,90,1963,,Aktuel værdi
"Skodsborg Strandvej 227, 2. 23",2942 Skodsborg,1.795.000,14-08-2003,"
Alm. Salg",27.196,2,Lejlighed,66,1886,,Aktuel værdi
Enrumvej 10,2942 Skodsborg,2.507.500,13-08-2003,"
Fam. Salg",22.590,5,Villa,111,1954,,Aktuel værdi
"Skodsborgparken 64, 5",2942 Skodsborg,6.400.000,30-06-2003,"
Alm. Salg",46.376,4,Lejlighed,138,1963,,Aktuel værdi
Skodsborg Strandvej 295,2942 Skodsborg,6.100.000,28-06-2003,"
Alm. Salg",19.805,8,Villa,308,1902,,Aktuel værdi
Højagervej 15B,2942 Skodsborg,3.350.000,23-06-2003,"
Alm. Salg",21.753,4,Villa,154,1982,,Aktuel værdi
"Skodsborgparken 30, 5",2942 Skodsborg,7.100.000,16-06-2003,"
Alm. Salg",51.079,4,Lejlighed,139,1963,,Aktuel værdi
"Skodsborgparken 64, 3. TV",2942 Skodsborg,2.000.000,05-06-2003,"
Alm. Salg",23.529,2,Lejlighed,85,1963,,Aktuel værdi
"Skodsborgparken 32, 2. TV",2942 Skodsborg,2.040.000,23-05-2003,"
Alm. Salg",24.878,2,Lejlighed,82,1963,,Aktuel værdi
"Skodsborgparken 32, 1. TH",2942 Skodsborg,3.325.000,11-05-2003,"
Alm. Salg",25.189,5,Lejlighed,132,1963,,Aktuel værdi
"Solgårdsvej 7, 1. TH",2942 Skodsborg,1.670.000,02-03-2003,"
Alm. Salg",17.765,3,Lejlighed,94,1937,,Aktuel værdi
"Høje Skodsborgvej 6, 2. TH",2942 Skodsborg,2.275.000,21-01-2003,"
Alm. Salg",23.697,3,Lejlighed,96,1936,,Aktuel værdi
"Skodsborg Strandvej 215, ST. TV",2942 Skodsborg,1.750.000,30-12-2002,"
Alm. Salg",11.146,4,Lejlighed,157,1890,,Aktuel værdi
"Skodsborgparken 26, 2. TV",2942 Skodsborg,3.000.000,19-12-2002,"
Fam. Salg",27.027,3,Lejlighed,111,1963,,Aktuel værdi
"Skodsborgparken 38, 5. TV",2942 Skodsborg,2.900.000,21-10-2002,"
Alm. Salg",32.222,2,Lejlighed,90,1963,,Aktuel værdi
Skodsborg Strandvej 64,2942 Skodsborg,4.950.000,22-08-2002,"
Alm. Salg",-,5,Villa,159,1913,,Aktuel værdi
Skodsborg Strandvej 271,2942 Skodsborg,3.500.000,12-08-2002,"
Fam. Salg",29.166,4,Villa,120,1923,,Aktuel værdi
"Skodsborgparken 46, 3. TH",2942 Skodsborg,3.250.000,08-07-2002,"
Alm. Salg",24.621,5,Lejlighed,132,1963,,Aktuel værdi
Kettebakken 26,2942 Skodsborg,2.600.000,16-06-2002,"
Alm. Salg",18.571,5,Villa,140,1964,,Aktuel værdi
"Skodsborg Strandvej 155B, ST. TH",2942 Skodsborg,525.000,03-06-2002,"
Alm. Salg",5.357,3,Lejlighed,98,1935,,Aktuel værdi
Frydenlundsvej 18,2942 Skodsborg,2.350.000,01-06-2002,"
Alm. Salg",-,7,Villa,200,1934,,Aktuel værdi
"Skodsborgparken 44, 2. TH",2942 Skodsborg,3.300.000,11-04-2002,"
Alm. Salg",25.000,5,Lejlighed,132,1963,,Aktuel værdi
Aggersvej 11,2942 Skodsborg,3.875.000,20-03-2002,"
Alm. Salg",17.613,6,Villa,220,1921,,Aktuel værdi
"Høje Skodsborgvej 18, 1. TH",2942 Skodsborg,1.800.000,14-03-2002,"
Alm. Salg",23.376,2,Lejlighed,77,1936,,Aktuel værdi
"Solgårdsvej 5, 2. TV",2942 Skodsborg,1.670.000,07-02-2002,"
Alm. Salg",18.977,3,Lejlighed,88,1937,,Aktuel værdi
"Skodsborgparken 14, 2. TV",2942 Skodsborg,2.980.000,10-01-2002,"
Alm. Salg",25.042,3,Lejlighed,119,1981,,Aktuel værdi
"Høje Skodsborgvej 10, 1. TV",2942 Skodsborg,1.988.000,12-12-2001,"
Alm. Salg",24.543,3,Lejlighed,81,1936,,Aktuel værdi
"Skodsborgparken 18, 4. TH",2942 Skodsborg,7.550.000,10-12-2001,"
Alm. Salg",46.319,3,Lejlighed,163,1981,,Aktuel værdi
"Skodsborgparken 12, 2. TH",2942 Skodsborg,2.910.000,03-10-2001,"
Alm. Salg",24.453,3,Lejlighed,119,1981,,Aktuel værdi
Skodsborg Strandvej 61,2942 Skodsborg,6.250.000,01-10-2001,"
Alm. Salg",31.725,7,Villa,197,1910,,Aktuel værdi
Rolighedsvej 12,2942 Skodsborg,2.925.000,19-08-2001,"
Alm. Salg",-,5,Villa,182,1877,,Aktuel værdi
"Høje Skodsborgvej 22, 1. TV",2942 Skodsborg,2.485.000,13-07-2001,"
Alm. Salg",24.603,3,Lejlighed,101,1936,,Aktuel værdi
Aggersvej 9,2942 Skodsborg,5.500.000,11-07-2001,"
Alm. Salg",15.580,11,Villa,353,1916,,Aktuel værdi
"Skodsborgparken 46, 4. TH",2942 Skodsborg,3.800.000,24-06-2001,"
Alm. Salg",28.787,4,Lejlighed,132,1963,,Aktuel værdi
Kettebakken 20,2942 Skodsborg,3.000.000,23-06-2001,"
Alm. Salg",20.000,6,Villa,150,1964,,Aktuel værdi
Høje Skodsborgvej 34,2942 Skodsborg,5.900.000,12-06-2001,"
Alm. Salg",27.064,7,Villa,218,1933,,Aktuel værdi
"Skodsborg Strandvej 157A, ST. TH",2942 Skodsborg,1.619.404,06-06-2001,"
Alm. Salg",16.524,4,Lejlighed,98,1934,,Aktuel værdi
Skodsborg Strandvej 164,2942 Skodsborg,5.000.000,30-04-2001,"
Alm. Salg",25.252,6,Villa,198,1899,,Aktuel værdi
"Høje Skodsborgvej 26, ST. TV",2942 Skodsborg,1.725.000,27-04-2001,"
Alm. Salg",21.835,3,Lejlighed,79,1936,,Aktuel værdi
Skodsborg Strandvej 111,2942 Skodsborg,4.772.000,09-04-2001,"
Alm. Salg",26.219,6,Villa,182,1880,,Aktuel værdi
Gyvelvej 2,2942 Skodsborg,4.800.000,01-04-2001,"
Alm. Salg",22.748,7,Rækkehus,211,1918,,Aktuel værdi
Skodsborg Strandvej 49,2942 Skodsborg,5.500.000,01-04-2001,"
Fam. Salg",14.824,6,Villa,371,1902,,Aktuel værdi
Skodsborg Strandvej 106,2942 Skodsborg,9.100.000,23-03-2001,"
Alm. Salg",-,6,Villa,237,1886,,Aktuel værdi
"Skodsborgparken 12, ST. TH",2942 Skodsborg,3.200.000,20-03-2001,"
Alm. Salg",26.890,3,Lejlighed,119,1981,,Aktuel værdi
"Skodsborg Strandvej 227, ST. 5",2942 Skodsborg,2.316.000,16-03-2001,"
Alm. Salg",26.318,2,Lejlighed,88,1886,,Aktuel værdi
Kettebakken 22,2942 Skodsborg,2.422.500,27-02-2001,"
Fam. Salg",10.912,7,Villa,222,1963,,Aktuel værdi
"Skodsborgparken 30, 1. TH",2942 Skodsborg,3.600.000,24-02-2001,"
Alm. Salg",26.666,5,Lejlighed,135,1963,,Aktuel værdi
"Skodsborgparken 46, 2. TH",2942 Skodsborg,3.450.000,15-01-2001,"
Alm. Salg",26.136,3,Lejlighed,132,1963,,Aktuel værdi
Skodsborgparken 1,2942 Skodsborg,1.935.001,22-12-2000,"
Alm. Salg",18.428,4,Villa,105,1950,,Aktuel værdi
"Høje Skodsborgvej 4, 1. TH",2942 Skodsborg,1.535.000,15-12-2000,"
Fam. Salg",20.743,4,Lejlighed,74,1936,,Aktuel værdi
Skodsborg Strandvej 126,2942 Skodsborg,3.650.000,03-12-2000,"
Fam. Salg",18.069,6,Villa,202,1896,,Aktuel værdi
"Skodsborgparken 34, 3. TH",2942 Skodsborg,2.530.000,20-10-2000,"
Alm. Salg",19.166,5,Lejlighed,132,1963,,Aktuel værdi
"Skodsborg Strandvej 154B, 2",2942 Skodsborg,5.100.000,19-10-2000,"
Alm. Salg",18.214,4,Lejlighed,280,1887,,Aktuel værdi
Skodsborg Strandvej 110,2942 Skodsborg,9.812.000,10-10-2000,"
Alm. Salg",35.550,6,Villa,276,1890,,Aktuel værdi
"Solgårdsvej 6, 2. TV",2942 Skodsborg,1.210.000,23-09-2000,"
Alm. Salg",15.316,3,Lejlighed,79,1935,,Aktuel værdi
"Høje Skodsborgvej 12, 1. TV",2942 Skodsborg,1.630.000,12-09-2000,"
Alm. Salg",20.632,3,Lejlighed,79,1936,,Aktuel værdi
Køromvej 8,2942 Skodsborg,3.599.700,21-08-2000,"
Alm. Salg",18.555,6,Villa,194,1966,,Aktuel værdi
"Skodsborgparken 54, 3. TH",2942 Skodsborg,2.700.326,08-08-2000,"
Alm. Salg",22.316,4,Lejlighed,121,1963,,Aktuel værdi
"Skodsborg Strandvej 154B, 1",2942 Skodsborg,3.999.683,20-04-2000,"
Alm. Salg",20.302,6,Lejlighed,197,1887,,Aktuel værdi
Skodsborg Strandvej 99,2942 Skodsborg,3.675.000,14-04-2000,"
Alm. Salg",17.926,6,Villa,205,1870,,Aktuel værdi
"Skodsborgparken 28, 4. TH",2942 Skodsborg,2.449.905,12-04-2000,"
Alm. Salg",20.415,4,Lejlighed,120,1963,,Aktuel værdi
Skodsborg Strandvej 108,2942 Skodsborg,6.077.000,31-03-2000,"
Andet",23.925,8,Villa,254,1888,,Aktuel værdi
"Skodsborgparken 38, 3. TV",2942 Skodsborg,2.625.000,29-02-2000,"
Alm. Salg",23.648,3,Lejlighed,111,1963,,Aktuel værdi
Skodsborg Strandvej 276A,2942 Skodsborg,6.525.000,16-02-2000,"
Alm. Salg",36.657,4,Rækkehus,178,1981,,Aktuel værdi
"Skodsborgparken 22, 3. TV",2942 Skodsborg,2.500.000,05-01-2000,"
Alm. Salg",22.522,3,Lejlighed,111,1963,,Aktuel værdi
"Skodsborgparken 62, 2. TV",2942 Skodsborg,1.815.000,22-12-1999,"
Alm. Salg",22.134,2,Lejlighed,82,1963,,Aktuel værdi
"Høje Skodsborgvej 6, 3. TH",2942 Skodsborg,1.788.200,18-11-1999,"
Alm. Salg",18.627,3,Lejlighed,96,1936,,Aktuel værdi
"Skodsborgparken 52, 4. TV",2942 Skodsborg,1.750.000,18-11-1999,"
Alm. Salg",20.833,2,Lejlighed,84,1963,,Aktuel værdi
"Høje Skodsborgvej 26, 2. TV",2942 Skodsborg,1.525.237,12-11-1999,"
Alm. Salg",19.306,3,Lejlighed,79,1936,,Aktuel værdi
"Skodsborgparken 50, 3. TV",2942 Skodsborg,1.900.000,08-11-1999,"
Alm. Salg",23.170,2,Lejlighed,82,1963,,Aktuel værdi
Frydenlundsvej 15,2942 Skodsborg,2.600.000,24-08-1999,"
Alm. Salg",16.149,6,Villa,161,1978,,Aktuel værdi
Skodsborg Strandvej 91,2942 Skodsborg,1.025.000,07-07-1999,"
Fam. Salg",5.726,5,Villa,179,1887,,Aktuel værdi
"Skodsborgparken 36, 2. TV",2942 Skodsborg,2.490.000,22-06-1999,"
Alm. Salg",22.432,3,Lejlighed,111,1963,,Aktuel værdi
Skodsborgparken 23,2942 Skodsborg,1.749.000,06-06-1999,"
Alm. Salg",15.900,3,Villa,110,1910,,Aktuel værdi
"Høje Skodsborgvej 8, 1. TH",2942 Skodsborg,808.000,05-06-1999,"
Fam. Salg",5.985,5,Lejlighed,135,1936,,Aktuel værdi
"Skodsborgparken 58, 4. TV",2942 Skodsborg,2.649.486,25-05-1999,"
Alm. Salg",23.446,3,Lejlighed,113,1963,,Aktuel værdi
Enrumvej 14,2942 Skodsborg,3.096.476,12-05-1999,"
Alm. Salg",18.541,4,Villa,167,1954,,Aktuel værdi
"Skodsborgparken 52, 2. TH",2942 Skodsborg,1.317.500,29-04-1999,"
Fam. Salg",9.981,5,Lejlighed,132,1963,,Aktuel værdi
Egemosen 15,2942 Skodsborg,2.892.000,05-01-1999,"
Alm. Salg",17.851,5,Villa,162,1968,,Aktuel værdi
Skodsborg Strandvej 21,2942 Skodsborg,3.033.316,09-12-1998,"
Alm. Salg",23.333,5,Villa,130,1954,,Aktuel værdi
"Skodsborgparken 16, 4. TH",2942 Skodsborg,1.535.925,07-12-1998,"
Fam. Salg",15.359,3,Lejlighed,100,1981,,Aktuel værdi
"Skodsborg Strandvej 215, 2. TH",2942 Skodsborg,1.673.487,17-09-1998,"
Alm. Salg",16.247,4,Lejlighed,103,1890,,Aktuel værdi
Skodsborg Strandvej 65,2942 Skodsborg,2.500.000,22-06-1998,"
Fam. Salg",11.627,8,Villa,215,1912,,Aktuel værdi
Skodsborg Strandvej 196,2942 Skodsborg,11.000.000,19-06-1998,"
Andet",28.061,10,Villa,392,1911,,Aktuel værdi
"Skodsborgparken 24, 1. TH",2942 Skodsborg,2.650.000,23-05-1998,"
Alm. Salg",22.083,4,Lejlighed,120,1963,,Aktuel værdi
Skodsborg Strandvej 178,2942 Skodsborg,3.315.000,06-05-1998,"
Alm. Salg",19.500,6,Villa,170,1817,,Aktuel værdi
"Høje Skodsborgvej 10, 2. TV",2942 Skodsborg,1.359.000,29-03-1998,"
Alm. Salg",16.777,3,Lejlighed,81,1936,,Aktuel værdi
"Skodsborgparken 52, 5",2942 Skodsborg,7.100.000,19-03-1998,"
Alm. Salg",30.341,6,Lejlighed,234,1963,,Aktuel værdi
"Skodsborg Strandvej 157A, 2. TH",2942 Skodsborg,1.304.320,10-02-1998,"
Alm. Salg",13.309,4,Lejlighed,98,1934,,Aktuel værdi
Skodsborg Strandvej 172,2942 Skodsborg,4.350.000,01-12-1997,"
Alm. Salg",17.400,9,Villa,250,1900,,Aktuel værdi
Aggershvile Alle 8,2942 Skodsborg,1.300.000,28-10-1997,"
Alm. Salg",10.483,5,Villa,124,1913,,Aktuel værdi
"Solgårdsvej 2, 1. TV",2942 Skodsborg,661.252,21-10-1997,"
Alm. Salg",9.869,3,Lejlighed,67,1935,,Aktuel værdi
"Skodsborgparken 16, 1. TH",2942 Skodsborg,1.950.000,09-10-1997,"
Alm. Salg",20.103,2,Lejlighed,97,1981,,Aktuel værdi
"Skodsborgparken 38, 1. TV",2942 Skodsborg,1.600.000,08-10-1997,"
Alm. Salg",14.414,3,Lejlighed,111,1963,,Aktuel værdi
Høje Skodsborgvej 32,2942 Skodsborg,4.229.100,01-10-1997,"
Alm. Salg",-,7,Villa,273,1934,,Aktuel værdi
Skodsborg Strandvej 63,2942 Skodsborg,3.211.000,24-09-1997,"
Alm. Salg",-,6,Villa,181,1912,,Aktuel værdi
"Skodsborgparken 36, 5. TH",2942 Skodsborg,2.600.000,16-09-1997,"
Alm. Salg",26.000,2,Lejlighed,100,1963,,Aktuel værdi
"Skodsborgparken 46, 4. TV",2942 Skodsborg,1.648.000,10-09-1997,"
Alm. Salg",19.388,2,Lejlighed,85,1963,,Aktuel værdi
"Skodsborg Strandvej 219, 1. TH",2942 Skodsborg,1.105.448,15-08-1997,"
Alm. Salg",16.020,2,Lejlighed,69,1890,,Aktuel værdi
Enrumvej 9,2942 Skodsborg,1.550.000,16-06-1997,"
Alm. Salg",10.763,4,Villa,144,1958,,Aktuel værdi
Skodsborg Strandvej 278A,2942 Skodsborg,4.650.000,14-06-1997,"
Alm. Salg",26.123,3,Rækkehus,178,1981,,Aktuel værdi
Køromvej 2C,2942 Skodsborg,2.868.870,21-05-1997,"
Alm. Salg",10.625,5,Villa,270,1971,,Aktuel værdi
Gyvelvej 4,2942 Skodsborg,1.923.000,28-04-1997,"
Alm. Salg",12.906,8,Villa,149,1957,,Aktuel værdi
Skodsborg Strandvej 124,2942 Skodsborg,6.800.000,23-03-1997,"
Alm. Salg",25.373,9,Villa,268,1974,,Aktuel værdi
"Skodsborgparken 64, 4. TH",2942 Skodsborg,2.261.560,11-03-1997,"
Alm. Salg",17.133,5,Lejlighed,132,1963,,Aktuel værdi
Enrumvej 23,2942 Skodsborg,2.650.000,10-03-1997,"
Alm. Salg",11.471,6,Villa,231,1930,,Aktuel værdi
"Skodsborg Strandvej 217, ST. TH",2942 Skodsborg,1.500.000,03-02-1997,"
Alm. Salg",15.957,3,Lejlighed,94,1890,,Aktuel værdi
"Solgårdsvej 1, ST. TH",2942 Skodsborg,508.380,28-01-1997,"
Alm. Salg",7.821,2,Lejlighed,65,1937,,Aktuel værdi
Skodsborg Strandvej 118,2942 Skodsborg,3.227.500,21-01-1997,"
Alm. Salg",-,8,Villa,277,1880,,Aktuel værdi
Skodsborg Strandvej 81,2942 Skodsborg,2.300.010,05-11-1996,"
Alm. Salg",11.979,5,Villa,192,1917,,Aktuel værdi
Gyvelvej 11,2942 Skodsborg,1.830.280,28-10-1996,"
Alm. Salg",10.001,4,Villa,183,1938,,Aktuel værdi
"Skodsborgparken 56, 2. TH",2942 Skodsborg,1.932.115,22-10-1996,"
Alm. Salg",16.100,4,Lejlighed,120,1963,,Aktuel værdi
Frydenlundsvej 9,2942 Skodsborg,1.727.969,19-08-1996,"
Alm. Salg",10.732,5,Villa,161,1962,,Aktuel værdi
"Solgårdsvej 4, 1. TH",2942 Skodsborg,338.000,05-07-1996,"
Alm. Salg",5.929,2,Lejlighed,57,1935,,Aktuel værdi
"Solgårdsvej 4, ST. TH",2942 Skodsborg,464.760,04-07-1996,"
Alm. Salg",8.153,2,Lejlighed,57,1935,,Aktuel værdi
"Skodsborgparken 10, 1. TV",2942 Skodsborg,1.500.000,14-06-1996,"
Alm. Salg",13.392,2,Lejlighed,112,1981,,Aktuel værdi
Højagervej 7,2942 Skodsborg,1.129.000,04-06-1996,"
Alm. Salg",8.820,4,Villa,128,1939,,Aktuel værdi
"Skodsborg Strandvej 211, ST. TV",2942 Skodsborg,1.000.000,24-05-1996,"
Alm. Salg",9.900,3,Lejlighed,101,1889,,Aktuel værdi
Skodsborg Strandvej 186,2942 Skodsborg,5.541.000,23-05-1996,"
Alm. Salg",20.752,7,Villa,267,1900,,Aktuel værdi
"Høje Skodsborgvej 6, 1. TV",2942 Skodsborg,1.257.599,21-05-1996,"
Alm. Salg",12.451,4,Lejlighed,101,1936,,Aktuel værdi
Skodsborg Strandvej 59,2942 Skodsborg,2.916.185,14-05-1996,"
Alm. Salg",12.150,6,Villa,240,1968,,Aktuel værdi
"Høje Skodsborgvej 26, 1. TH",2942 Skodsborg,1.550.000,29-04-1996,"
Alm. Salg",19.620,3,Lejlighed,79,1936,,Aktuel værdi
"Skodsborgparken 42, 5",2942 Skodsborg,3.900.000,14-01-1996,"
Alm. Salg",23.636,3,Lejlighed,165,1963,,Aktuel værdi
"Solgårdsvej 1, 2. TV",2942 Skodsborg,735.935,30-11-1995,"
Alm. Salg",10.822,2,Lejlighed,68,1937,,Aktuel værdi
"Høje Skodsborgvej 8, 2. TV",2942 Skodsborg,1.011.280,14-11-1995,"
Alm. Salg",12.332,3,Lejlighed,82,1936,,Aktuel værdi
Kettebakken 10,2942 Skodsborg,1.096.500,12-10-1995,"
Fam. Salg",5.565,8,Villa,197,1962,,Aktuel værdi
"Skodsborgparken 58, 5. TV",2942 Skodsborg,2.200.000,18-09-1995,"
Alm. Salg",23.913,3,Lejlighed,92,1963,,Aktuel værdi
"Skodsborgparken 34, 2. TH",2942 Skodsborg,1.800.000,04-09-1995,"
Alm. Salg",13.636,5,Lejlighed,132,1963,,Aktuel værdi
"Høje Skodsborgvej 2, 3. TH",2942 Skodsborg,1.128.750,09-08-1995,"
Alm. Salg",9.565,3,Lejlighed,118,1936,,Aktuel værdi
Høje Skodsborgvej 44,2942 Skodsborg,1.750.000,20-07-1995,"
Alm. Salg",-,8,Villa,218,1927,,Aktuel værdi
Enrumvej 2,2942 Skodsborg,2.326.000,13-06-1995,"
Alm. Salg",14.096,5,Villa,165,1972,,Aktuel værdi
Køromvej 10,2942 Skodsborg,791.683,11-06-1995,"
Fam. Salg",4.188,6,Villa,189,1969,,Aktuel værdi
Skodsborg Strandvej 220A,2942 Skodsborg,2.450.000,23-05-1995,"
Alm. Salg",13.031,8,Rækkehus,188,1877,,Aktuel værdi
Skodsborg Strandvej 257,2942 Skodsborg,2.200.000,22-05-1995,"
Alm. Salg",-,6,Villa,262,1933,,Aktuel værdi
"Skodsborg Strandvej 211, 1. TV",2942 Skodsborg,1.069.810,18-05-1995,"
Alm. Salg",11.380,3,Lejlighed,94,1889,,Aktuel værdi
"Skodsborg Strandvej 219, 1. TV",2942 Skodsborg,1.311.000,12-03-1995,"
Alm. Salg",14.406,3,Lejlighed,91,1890,,Aktuel værdi
"Skodsborgparken 42, 1. TH",2942 Skodsborg,1.503.000,03-03-1995,"
Alm. Salg",11.216,5,Lejlighed,134,1963,,Aktuel værdi
"Skodsborgparken 60, 2. TV",2942 Skodsborg,950.000,10-01-1995,"
Alm. Salg",11.585,2,Lejlighed,82,1963,,Aktuel værdi
"Skodsborg Strandvej 156, 2",2942 Skodsborg,14.316.448,30-12-1994,"
Fam. Salg",71.226,5,Lejlighed,201,1885,,Aktuel værdi
"Skodsborg Strandvej 227, 2. 20",2942 Skodsborg,375.000,30-11-1994,"
Alm. Salg",8.152,1,Lejlighed,46,1886,,Aktuel værdi
"Skodsborgparken 32, 3. TV",2942 Skodsborg,1.225.000,28-11-1994,"
Alm. Salg",14.939,2,Lejlighed,82,1963,,Aktuel værdi
Gyvelvej 8,2942 Skodsborg,2.540.190,11-10-1994,"
Alm. Salg",9.373,8,Villa,271,1919,,Aktuel værdi
Skodsborg Strandvej 261,2942 Skodsborg,3.000.000,23-09-1994,"
Alm. Salg",-,7,Villa,288,1969,,Aktuel værdi
"Skodsborgparken 42, 3. TH",2942 Skodsborg,1.850.000,16-09-1994,"
Alm. Salg",13.805,5,Lejlighed,134,1963,,Aktuel værdi
Skodsborg Strandvej 17B,2942 Skodsborg,2.545.000,23-06-1994,"
Alm. Salg",14.626,5,Rækkehus,174,1989,,Aktuel værdi
"Skodsborgparken 32, 2. TH",2942 Skodsborg,1.765.000,31-05-1994,"
Alm. Salg",13.371,5,Lejlighed,132,1963,,Aktuel værdi
"Skodsborgparken 36, 4. TH",2942 Skodsborg,1.559.520,25-04-1994,"
Alm. Salg",12.782,4,Lejlighed,122,1963,,Aktuel værdi
"Skodsborgparken 60, 5",2942 Skodsborg,2.640.000,10-02-1994,"
Fam. Salg",16.000,3,Lejlighed,165,1963,,Aktuel værdi
Kettebakken 4,2942 Skodsborg,1.130.200,31-10-1993,"
Alm. Salg",-,5,Villa,184,1963,,Aktuel værdi
"Skodsborgparken 22, 4. TH",2942 Skodsborg,1.406.410,28-10-1993,"
Alm. Salg",11.434,4,Lejlighed,123,1963,,Aktuel værdi
"Skodsborgparken 30, 4. TH",2942 Skodsborg,1.400.000,26-10-1993,"
Alm. Salg",10.370,3,Lejlighed,135,1963,,Aktuel værdi
"Skodsborg Strandvej 217, 1. TH",2942 Skodsborg,1.200.000,18-10-1993,"
Alm. Salg",12.765,3,Lejlighed,94,1890,,Aktuel værdi
Frydenlundsvej 12,2942 Skodsborg,2.025.000,30-09-1993,"
Alm. Salg",7.031,6,Villa,288,1973,,Aktuel værdi
"Skodsborgparken 12, 4. TH",2942 Skodsborg,2.800.000,28-09-1993,"
Alm. Salg",20.289,5,Lejlighed,138,1981,,Aktuel værdi
Skodsborg Strandvej 69,2942 Skodsborg,1.625.000,05-08-1993,"
Auktion",-,6,Villa,194,1913,,Aktuel værdi
Egemosen 17,2942 Skodsborg,553.788,17-07-1993,"
Fam. Salg",3.927,5,Villa,141,1965,,Aktuel værdi
"Skodsborgparken 52, 3. TH",2942 Skodsborg,1.309.300,16-07-1993,"
Alm. Salg",9.918,5,Lejlighed,132,1963,,Aktuel værdi
"Skodsborgparken 42, 2. TV",2942 Skodsborg,1.075.000,15-07-1993,"
Alm. Salg",13.109,2,Lejlighed,82,1963,,Aktuel værdi
Kettebakken 12,2942 Skodsborg,995.000,07-07-1993,"
Alm. Salg",-,5,Villa,178,1968,,Aktuel værdi
Skodsborg Strandvej 280A,2942 Skodsborg,2.621.500,08-06-1993,"
Alm. Salg",13.239,6,Rækkehus,198,1981,,Aktuel værdi
"Høje Skodsborgvej 26, ST. TH",2942 Skodsborg,703.000,12-05-1993,"
Alm. Salg",8.898,3,Lejlighed,79,1936,,Aktuel værdi
"Skodsborg Strandvej 153, ST. TH",2942 Skodsborg,300.000,03-05-1993,"
Alm. Salg",10.714,2,Detailhandel,28,1935,,Aktuel værdi
Skodsborg Strandvej 75,2942 Skodsborg,975.000,25-03-1993,"
Alm. Salg",7.677,5,Rækkehus,127,1914,,Aktuel værdi
Skodsborg Strandvej 36,2942 Skodsborg,6.081.000,18-03-1993,"
Alm. Salg",32.345,7,Villa,188,1912,,Aktuel værdi
"Skodsborg Strandvej 211, ST. TH",2942 Skodsborg,863.251,06-03-1993,"
Andet",9.086,3,Lejlighed,95,1889,,Aktuel værdi
Skodsborg Strandvej 272,2942 Skodsborg,5.010.000,19-02-1993,"
Auktion",-,7,Villa,286,1985,,Aktuel værdi
"Høje Skodsborgvej 26, 1. TV",2942 Skodsborg,762.670,27-01-1993,"
Alm. Salg",9.654,3,Lejlighed,79,1936,,Aktuel værdi
Skodsborg Strandvej 114,2942 Skodsborg,1.700.000,19-01-1993,"
Alm. Salg",-,7,Villa,321,1878,,Aktuel værdi
Højagervej 15A,2942 Skodsborg,1.300.000,16-01-1993,"
Alm. Salg",7.878,6,Villa,165,1917,,Aktuel værdi
"Skodsborgparken 50, 5",2942 Skodsborg,1.900.000,30-09-1992,"
Alm. Salg",19.587,3,Lejlighed,97,1963,,Aktuel værdi
Skodsborg Strandvej 252,2942 Skodsborg,400.000,24-05-1992,"
Fam. Salg",1.904,8,Villa,210,1929,,Aktuel værdi
Kettebakken 24,2942 Skodsborg,1.660.000,16-05-1992,"
Alm. Salg",9.485,7,Villa,175,1967,,Aktuel værdi
Aggersvej 6,2942 Skodsborg,1.025.000,15-03-1992,"
Fam. Salg",-,5,Villa,207,1918,,Aktuel værdi
