address,zip_code,price,sell_date,sell_type,price_per_sq_m,no_rooms,housing_type,size_in_sq_m,year_of_construction,price_change_in_pct
Solvej 46,3330 Gørløse,2.995.000,05-04-2017,"
Alm. Salg",20.655,6,Villa,145,2003,,Aktuel værdi
Lystrupvej 25,3330 Gørløse,231.799,29-03-2017,"
Andet",1.063,8,Stuehus,218,1875,,
Engvej 21,3330 Gørløse,231.799,29-03-2017,"
Andet",836,6,Stuehus,277,1800,,
Granbakken 8,3330 Gørløse,1.354.209,28-03-2017,"
Fam. Salg",10.106,4,Rækkehus,134,1955,,Aktuel værdi
Gørløsegårdsvej 26,3330 Gørløse,2.045.000,20-03-2017,"
Alm. Salg",12.781,5,Villa,160,2017,,Aktuel værdi
Kurreholmvej 43,3330 Gørløse,1.966.886,15-03-2017,"
Fam. Salg",10.352,8,Stuehus,190,1900,,
Åkærvej 2,3330 Gørløse,3.700.000,12-02-2017,"
Alm. Salg",19.371,6,Villa,191,1998,,Aktuel værdi
Kurreholmvej 9,3330 Gørløse,1.645.000,19-01-2017,"
Alm. Salg",11.750,6,Villa,140,1962,0 %,Aktuel værdi
Kurreholmvej 45,3330 Gørløse,4.400.000,13-01-2017,"
Alm. Salg",30.136,5,Villa,146,1934,-6 %,Aktuel værdi
Skolestrædet 1,3330 Gørløse,1.100.000,21-12-2016,"
Alm. Salg",7.333,5,Villa,150,1956,-19 %,Aktuel værdi
Stationsvej 13,3330 Gørløse,1.650.000,16-11-2016,"
Alm. Salg",11.619,5,Villa,142,1952,0 %,Aktuel værdi
Kurreholmvej 38,3330 Gørløse,1.640.000,17-10-2016,"
Alm. Salg",15.619,4,Stuehus,105,1875,,
Gadekærsvej 12,3330 Gørløse,1.695.000,25-09-2016,"
Alm. Salg",15.000,4,Rækkehus,113,1985,0 %,Aktuel værdi
Hovedvejen 27,3330 Gørløse,1.550.000,05-09-2016,"
Alm. Salg",16.666,4,Villa,93,1937,-3 %,Aktuel værdi
Rosenvej 4,3330 Gørløse,1.400.000,16-08-2016,"
Alm. Salg",10.144,3,Villa,138,1963,-17 %,Aktuel værdi
Anemonevej 8,3330 Gørløse,2.725.000,15-08-2016,"
Alm. Salg",11.260,7,Villa,242,1972,-1 %,Aktuel værdi
Kurreholmvej 32,3330 Gørløse,4.025.000,12-08-2016,"
Alm. Salg",28.956,5,Stuehus,139,1968,-4 %,
Thomasmindevej 2,3330 Gørløse,2.700.000,10-06-2016,"
Alm. Salg",17.088,6,Villa,158,1900,-3 %,Aktuel værdi
Gørløsegårdsvej 11,3330 Gørløse,845.000,26-05-2016,"
Alm. Salg",5.992,6,Villa,141,2016,,Aktuel værdi
Gørløsegårdsvej 3,3330 Gørløse,845.000,23-05-2016,"
Alm. Salg",4.668,6,Villa,181,2017,,Aktuel værdi
Rosenkildeparken 11,3330 Gørløse,1.390.000,20-05-2016,"
Alm. Salg",16.746,3,Rækkehus,83,1985,-9 %,Aktuel værdi
Solvej 6,3330 Gørløse,2.595.000,04-05-2016,"
Alm. Salg",19.961,5,Villa,130,2005,0 %,Aktuel værdi
Hovedvejen 13,3330 Gørløse,722.300,03-05-2016,"
Auktion",7.081,4,Villa,102,1877,,Aktuel værdi
Hovedvejen 10F,3330 Gørløse,1.195.000,20-04-2016,"
Alm. Salg",18.384,2,Rækkehus,65,1983,-8 %,Aktuel værdi
Damgårdsvej 2,3330 Gørløse,2.350.000,31-03-2016,"
Alm. Salg",18.650,4,Villa,126,1970,-6 %,Aktuel værdi
Gørløsegårdsvej 4,3330 Gørløse,895.000,14-03-2016,"
Alm. Salg",5.774,5,Villa,155,2016,,Aktuel værdi
Gammel Engvej 6A,3330 Gørløse,2.570.000,10-03-2016,"
Alm. Salg",16.369,6,Villa,157,1938,-8 %,Aktuel værdi
Solvej 27,3330 Gørløse,1.795.000,14-02-2016,"
Alm. Salg",17.427,4,Rækkehus,103,2003,,Aktuel værdi
Solvej 40,3330 Gørløse,2.120.000,11-02-2016,"
Alm. Salg",15.251,5,Villa,139,1999,-11 %,Aktuel værdi
Lystrupvej 31,3330 Gørløse,4.950.000,08-02-2016,"
Alm. Salg",20.286,10,Stuehus,244,1909,,
Gørløsegårdsvej 6,3330 Gørløse,895.000,21-01-2016,"
Alm. Salg",6.392,5,Villa,140,2017,,Aktuel værdi
Gadekærsvej 6,3330 Gørløse,1.450.000,29-12-2015,"
Alm. Salg",12.831,4,Rækkehus,113,1985,-3 %,Aktuel værdi
Kurreholmvej 21,3330 Gørløse,2.250.000,11-12-2015,"
Alm. Salg",15.202,5,Villa,148,1970,-6 %,Aktuel værdi
Damgårdsvej 4,3330 Gørløse,2.150.000,30-11-2015,"
Fam. Salg",12.647,8,Villa,170,1969,,Aktuel værdi
Gørløsegårdsvej 37,3330 Gørløse,845.000,24-11-2015,"
Alm. Salg",5.487,6,Villa,154,2017,,Aktuel værdi
Rosenkildeparken 4,3330 Gørløse,1.400.000,22-11-2015,"
Alm. Salg",14.736,4,Rækkehus,95,1985,-6 %,Aktuel værdi
Engvej 47,3330 Gørløse,2.550.000,20-11-2015,"
Alm. Salg",15.454,5,Villa,165,1992,-9 %,Aktuel værdi
Solvej 33,3330 Gørløse,1.765.000,19-11-2015,"
Alm. Salg",17.135,4,Rækkehus,103,2003,-2 %,Aktuel værdi
Amalievej 10,3330 Gørløse,1.795.000,19-11-2015,"
Alm. Salg",12.046,5,Villa,149,1966,0 %,Aktuel værdi
Gørløsegårdsvej 12,3330 Gørløse,895.000,03-11-2015,"
Alm. Salg",5.490,5,Villa,163,2016,,Aktuel værdi
Gørløsegårdsvej 28,3330 Gørløse,732.000,28-10-2015,"
Alm. Salg",7.320,2,Villa,100,2016,,Aktuel værdi
Gørløsegårdsvej 13,3330 Gørløse,845.000,05-10-2015,"
Alm. Salg",5.633,6,Villa,150,2016,,Aktuel værdi
Strøvej 99,3330 Gørløse,3.600.000,28-09-2015,"
Alm. Salg",15.319,7,Stuehus,235,1924,-10 %,
Åkærvej 4,3330 Gørløse,6.000.000,14-09-2015,"
Alm. Salg",25.104,8,Stuehus,239,1923,,
Hovedvejen 1C,3330 Gørløse,75.720,31-08-2015,"
Alm. Salg",322,13,Stuehus,235,1948,,
Th. Petersens Vej 25,3330 Gørløse,2.700.000,26-08-2015,"
Alm. Salg",15.428,7,Villa,175,2006,-3 %,Aktuel værdi
Vinkelvænget 19,3330 Gørløse,1.000.000,24-08-2015,"
Alm. Salg",8.620,4,Villa,116,1943,,Aktuel værdi
Hovedvejen 6,3330 Gørløse,1.900.000,21-08-2015,"
Alm. Salg",21.348,3,Villa,89,1952,,Aktuel værdi
Th. Petersens Vej 3,3330 Gørløse,840.443,15-08-2015,"
Andet",6.225,4,Rækkehus,135,2007,,Aktuel værdi
Kurreholmvej 8,3330 Gørløse,1.400.000,13-08-2015,"
Alm. Salg",14.583,4,Villa,96,1962,-6 %,Aktuel værdi
Langebjergvej 4,3330 Gørløse,1.200.000,17-07-2015,"
Fam. Salg",5.504,6,Villa,218,1982,,Aktuel værdi
Gørløsegårdsvej 22,3330 Gørløse,895.000,02-07-2015,"
Alm. Salg",5.327,5,Villa,168,2016,,Aktuel værdi
Stationsvej 3,3330 Gørløse,1.795.000,24-06-2015,"
Alm. Salg",13.102,5,Villa,137,1952,0 %,Aktuel værdi
Solvej 48,3330 Gørløse,2.695.000,16-06-2015,"
Alm. Salg",17.614,6,Villa,153,2004,0 %,Aktuel værdi
Borupvej 71,3330 Gørløse,5.075.000,11-06-2015,"
Alm. Salg",23.173,6,Stuehus,219,1877,-4 %,
Skolestrædet 6,3330 Gørløse,1.595.000,23-05-2015,"
Alm. Salg",16.789,4,Villa,95,1939,-6 %,Aktuel værdi
Amalievej 7,3330 Gørløse,2.100.000,01-04-2015,"
Alm. Salg",13.907,6,Villa,151,1966,-7 %,Aktuel værdi
Kurreholmvej 1,3330 Gørløse,1.235.000,30-03-2015,"
Alm. Salg",11.435,4,Villa,108,1961,-5 %,Aktuel værdi
Kurreholmvej 25,3330 Gørløse,1.200.000,29-03-2015,"
Alm. Salg",8.333,4,Villa,144,1976,21 %,Aktuel værdi
Damgårdsvej 11,3330 Gørløse,1.700.000,11-03-2015,"
Alm. Salg",14.655,5,Villa,116,1970,-3 %,Aktuel værdi
Solvej 74,3330 Gørløse,2.200.000,25-02-2015,"
Alm. Salg",18.803,5,Villa,117,2003,-4 %,Aktuel værdi
Lystrupvej 5,3330 Gørløse,800.000,22-01-2015,"
Alm. Salg",8.888,5,Rækkehus,90,1876,-11 %,Aktuel værdi
Gørløsegårdsvej 18,3330 Gørløse,850.000,05-01-2015,"
Alm. Salg",4.696,5,Villa,181,2016,,Aktuel værdi
Gørløsegårdsvej 31,3330 Gørløse,800.000,05-01-2015,"
Alm. Salg",3.375,7,Villa,237,2015,,Aktuel værdi
Gørløsegårdsvej 20,3330 Gørløse,850.000,12-12-2014,"
Alm. Salg",4.521,6,Villa,188,2016,,Aktuel værdi
Gørløsegårdsvej 35,3330 Gørløse,800.000,12-12-2014,"
Alm. Salg",6.153,5,Villa,130,2016,,Aktuel værdi
Borupvej 72,3330 Gørløse,1.408.477,01-12-2014,"
Alm. Salg",5.633,6,Stuehus,250,2012,,
Vinkelvænget 9,3330 Gørløse,865.592,30-10-2014,"
Alm. Salg",6.607,6,Villa,131,1997,-62 %,Aktuel værdi
Kurreholmvej 42,3330 Gørløse,2.500.000,22-10-2014,"
Alm. Salg",20.000,4,Stuehus,125,1972,,
Roskildevej 209,3330 Gørløse,2.295.000,16-09-2014,"
Alm. Salg",12.893,4,Villa,178,1930,-4 %,Aktuel værdi
Solvej 45,3330 Gørløse,1.735.000,04-09-2014,"
Alm. Salg",16.682,3,Rækkehus,104,2003,,Aktuel værdi
Kurreholmvej 10,3330 Gørløse,1.575.000,19-08-2014,"
Alm. Salg",7.954,8,Villa,198,1971,-10 %,Aktuel værdi
Erantisvej 9,3330 Gørløse,1.950.000,10-07-2014,"
Alm. Salg",12.187,5,Villa,160,1967,-11 %,Aktuel værdi
Borupvej 70,3330 Gørløse,1.385.000,04-07-2014,"
Alm. Salg",6.266,6,Villa,221,1900,-7 %,Aktuel værdi
Th. Petersens Vej 15,3330 Gørløse,1.050.000,19-06-2014,"
Alm. Salg",7.608,4,Rækkehus,138,2007,,Aktuel værdi
Solvej 30,3330 Gørløse,2.605.000,29-04-2014,"
Alm. Salg",15.884,6,Villa,164,2005,-3 %,Aktuel værdi
Gadekærsvej 10,3330 Gørløse,1.625.000,24-04-2014,"
Alm. Salg",14.380,4,Rækkehus,113,1985,0 %,Aktuel værdi
Granbakken 6,3330 Gørløse,1.300.000,10-04-2014,"
Alm. Salg",9.774,3,Rækkehus,133,1955,-28 %,Aktuel værdi
Violvej 3,3330 Gørløse,2.000.000,07-02-2014,"
Alm. Salg",13.793,5,Villa,145,1970,-5 %,Aktuel værdi
Th. Petersens Vej 9,3330 Gørløse,2.250.000,15-12-2013,"
Alm. Salg",15.202,5,Rækkehus,148,2007,-4 %,Aktuel værdi
Granbakken 10,3330 Gørløse,1.400.000,23-10-2013,"
Alm. Salg",10.447,4,Rækkehus,134,1955,-14 %,Aktuel værdi
Solvej 52,3330 Gørløse,2.295.000,10-10-2013,"
Alm. Salg",14.806,6,Villa,155,2003,0 %,Aktuel værdi
Amalievej 25,3330 Gørløse,1.500.000,10-09-2013,"
Alm. Salg",9.090,6,Villa,165,1966,-12 %,Aktuel værdi
Amalievej 19,3330 Gørløse,1.520.000,27-08-2013,"
Alm. Salg",10.133,6,Villa,150,1966,-10 %,Aktuel værdi
Gadekærsvej 1,3330 Gørløse,2.555.000,16-08-2013,"
Alm. Salg",17.620,4,Villa,145,1998,-5 %,Aktuel værdi
Stationsvej 17,3330 Gørløse,1.075.000,01-08-2013,"
Alm. Salg",11.197,4,Villa,96,1953,-7 %,Aktuel værdi
Gadekærsvej 4,3330 Gørløse,1.395.000,17-07-2013,"
Alm. Salg",12.345,4,Rækkehus,113,1985,0 %,Aktuel værdi
Solvej 23,3330 Gørløse,1.640.000,12-07-2013,"
Alm. Salg",15.769,4,Rækkehus,104,2003,,Aktuel værdi
Kurreholmvej 20,3330 Gørløse,2.185.000,11-07-2013,"
Alm. Salg",12.206,5,Villa,179,1977,-5 %,Aktuel værdi
Gammel Kurreholmvej 1A,3330 Gørløse,716.000,19-06-2013,"
Alm. Salg",10.228,3,Villa,70,1964,-15 %,Aktuel værdi
Kurreholmvej 30,3330 Gørløse,3.295.000,14-06-2013,"
Alm. Salg",14.977,6,Villa,220,1968,-3 %,Aktuel værdi
Rosenvej 2,3330 Gørløse,698.000,13-06-2013,"
Auktion",2.457,10,Villa,284,1963,-30 %,Aktuel værdi
Granbakken 12,3330 Gørløse,1.625.000,10-06-2013,"
Alm. Salg",12.126,4,Rækkehus,134,1955,-6 %,Aktuel værdi
Granbakken 4,3330 Gørløse,1.850.000,22-05-2013,"
Alm. Salg",13.805,4,Rækkehus,134,1955,-5 %,Aktuel værdi
Lystrupvej 20,3330 Gørløse,10.925.000,24-04-2013,"
Alm. Salg",52.023,5,Stuehus,210,1922,,
Gadekærsvej 3A,3330 Gørløse,1.350.000,22-04-2013,"
Alm. Salg",9.507,5,Villa,142,1970,-9 %,Aktuel værdi
Solvej 44,3330 Gørløse,2.450.000,27-03-2013,"
Alm. Salg",14.244,6,Villa,172,2003,,Aktuel værdi
Hovedvejen 1B,3330 Gørløse,3.100.000,27-03-2013,"
Alm. Salg",30.392,3,Stuehus,102,1973,-6 %,
Hovedvejen 39,3330 Gørløse,870.000,14-11-2012,"
Alm. Salg",9.062,3,Villa,96,1936,-3 %,Aktuel værdi
Solvej 51,3330 Gørløse,1.575.000,11-10-2012,"
Alm. Salg",15.291,4,Rækkehus,103,2003,,Aktuel værdi
Solvej 39,3330 Gørløse,1.550.000,26-09-2012,"
Alm. Salg",14.903,4,Rækkehus,104,2003,-3 %,Aktuel værdi
Gammel Kurreholmvej 3,3330 Gørløse,1.350.000,25-09-2012,"
Alm. Salg",7.068,5,Villa,191,2014,,Aktuel værdi
Th. Petersens Vej 18,3330 Gørløse,2.450.000,21-09-2012,"
Alm. Salg",15.217,5,Villa,161,2006,-2 %,Aktuel værdi
Violvej 6,3330 Gørløse,1.450.000,24-08-2012,"
Alm. Salg",10.984,4,Villa,132,1971,-12 %,Aktuel værdi
Borupvej 76,3330 Gørløse,921.462,17-08-2012,"
Alm. Salg",8.775,4,Villa,105,1877,,Aktuel værdi
Strøvej 88,3330 Gørløse,3.500.000,19-06-2012,"
Alm. Salg",14.462,6,Stuehus,242,1900,0 %,
Amalievej 18,3330 Gørløse,1.200.000,22-05-2012,"
Alm. Salg",12.000,4,Villa,100,1967,-9 %,Aktuel værdi
Kurreholmvej 41,3330 Gørløse,4.875.000,14-05-2012,"
Alm. Salg",22.159,5,Villa,220,1968,-6 %,Aktuel værdi
Vinkelvænget 10,3330 Gørløse,750.000,01-05-2012,"
Alm. Salg",7.500,4,Villa,100,1946,,Aktuel værdi
Gammel Engvej 12,3330 Gørløse,850.000,29-04-2012,"
Andet",7.870,3,Villa,108,1961,,Aktuel værdi
Stationsvej 7,3330 Gørløse,1.020.000,23-02-2012,"
Auktion",8.571,4,Villa,119,1951,,Aktuel værdi
Lystrupvej 15,3330 Gørløse,985.000,15-02-2012,"
Alm. Salg",10.154,4,Villa,97,1960,-1 %,Aktuel værdi
Th. Petersens Vej 24,3330 Gørløse,2.450.000,06-01-2012,"
Alm. Salg",15.217,5,Villa,161,2007,-2 %,Aktuel værdi
Gadekærsvej 5,3330 Gørløse,1.495.000,14-11-2011,"
Alm. Salg",7.910,6,Villa,189,1967,0 %,Aktuel værdi
Gammel Engvej 18,3330 Gørløse,1.400.000,28-10-2011,"
Alm. Salg",10.294,4,Villa,136,1968,,Aktuel værdi
Th. Petersens Vej 20,3330 Gørløse,2.845.000,27-10-2011,"
Alm. Salg",17.670,5,Villa,161,2006,,Aktuel værdi
Gammel Kurreholmvej 1,3330 Gørløse,2.425.000,26-10-2011,"
Alm. Salg",16.958,5,Villa,143,1997,,Aktuel værdi
Solvej 56,3330 Gørløse,2.850.000,19-10-2011,"
Alm. Salg",19.256,5,Villa,148,2003,-5 %,Aktuel værdi
Stationsvej 5,3330 Gørløse,1.274.000,03-10-2011,"
Alm. Salg",12.490,4,Villa,102,1952,-15 %,Aktuel værdi
Th. Petersens Vej 2,3330 Gørløse,2.075.000,21-09-2011,"
Alm. Salg",11.857,7,Villa,175,2006,4 %,Aktuel værdi
Vinkelvænget 17,3330 Gørløse,1.110.000,01-07-2011,"
Alm. Salg",14.230,4,Villa,78,1943,,Aktuel værdi
Strøvej 100,3330 Gørløse,1.300.000,10-05-2011,"
Auktion",8.074,5,Villa,161,1969,,Aktuel værdi
Strøvej 109,3330 Gørløse,2.100.000,06-05-2011,"
Alm. Salg",14.893,4,Villa,141,2016,-4 %,Aktuel værdi
Engvej 25,3330 Gørløse,1.455.000,26-04-2011,"
Auktion",9.267,4,Villa,157,1975,,Aktuel værdi
Rosenvej 3,3330 Gørløse,1.195.000,18-04-2011,"
Alm. Salg",12.849,3,Villa,93,1961,0 %,Aktuel værdi
Engvej 37,3330 Gørløse,1.760.000,12-04-2011,"
Auktion",8.461,7,Rækkehus,208,1969,,Aktuel værdi
Rosenkildeparken 12,3330 Gørløse,1.345.000,11-04-2011,"
Alm. Salg",16.011,3,Rækkehus,84,1985,0 %,Aktuel værdi
Borupvej 75,3330 Gørløse,779.000,19-03-2011,"
Fam. Salg",6.182,5,Villa,126,1971,-57 %,Aktuel værdi
Egholm 4,3330 Gørløse,2.315.000,11-03-2011,"
Alm. Salg",19.786,4,Stuehus,117,1800,,
Granstien 3,3330 Gørløse,1.650.000,09-02-2011,"
Auktion",11.785,4,Rækkehus,140,1964,,Aktuel værdi
Roskildevej 211,3330 Gørløse,1.939.336,28-01-2011,"
Andet",14.259,6,Villa,136,1876,,Aktuel værdi
Borupvej 94,3330 Gørløse,607.400,27-01-2011,"
Alm. Salg",-,-,Grund,-,-,-13 %,
Borupvej 96,3330 Gørløse,605.100,27-01-2011,"
Alm. Salg",-,-,Grund,-,-,-13 %,
Irisvej 4,3330 Gørløse,1.179.982,24-01-2011,"
Fam. Salg",8.550,5,Villa,138,1962,,Aktuel værdi
Solvej 76,3330 Gørløse,2.645.000,15-12-2010,"
Alm. Salg",18.241,6,Villa,145,2003,-4 %,Aktuel værdi
Kurreholmvej 12,3330 Gørløse,1.400.000,15-12-2010,"
Auktion",10.606,5,Villa,132,1967,,Aktuel værdi
Solvej 72,3330 Gørløse,1.175.000,08-12-2010,"
Fam. Salg",8.103,6,Villa,145,2003,,Aktuel værdi
Amalievej 5,3330 Gørløse,1.445.000,27-10-2010,"
Alm. Salg",14.450,3,Villa,100,1967,-6 %,Aktuel værdi
Violvej 7,3330 Gørløse,2.295.000,15-07-2010,"
Alm. Salg",12.405,5,Villa,185,1971,0 %,Aktuel værdi
Hovedvejen 50,3330 Gørløse,1.505.000,29-06-2010,"
Alm. Salg",8.801,6,Villa,171,2012,-16 %,Aktuel værdi
Solvej 66,3330 Gørløse,2.225.000,06-05-2010,"
Alm. Salg",17.115,5,Villa,130,2004,-7 %,Aktuel værdi
Løngangen 4,3330 Gørløse,1.000.000,02-05-2010,"
Alm. Salg",12.345,3,Villa,81,1950,,Aktuel værdi
Borupvej 80A,3330 Gørløse,4.000.000,26-03-2010,"
Alm. Salg",34.188,4,Villa,117,1967,,Aktuel værdi
Rosenkildeparken 2,3330 Gørløse,1.550.000,22-03-2010,"
Alm. Salg",16.315,4,Rækkehus,95,1985,-9 %,Aktuel værdi
Lystrupvej 21,3330 Gørløse,600.000,03-03-2010,"
Fam. Salg",3.191,8,Villa,188,1955,,Aktuel værdi
Granbakken 1,3330 Gørløse,4.200.000,02-03-2010,"
Alm. Salg",21.000,5,Stuehus,200,1867,-7 %,
Strøvej 112,3330 Gørløse,570.000,03-02-2010,"
Auktion",4.913,5,Villa,116,1827,,Aktuel værdi
Th. Petersens Vej 10,3330 Gørløse,2.400.000,26-01-2010,"
Alm. Salg",16.438,5,Villa,146,2006,,Aktuel værdi
Strøvej 97,3330 Gørløse,1.595.000,22-01-2010,"
Alm. Salg",-,10,Villa,220,1920,0 %,Aktuel værdi
Solvej 12,3330 Gørløse,275.000,10-11-2009,"
Andet",2.052,5,Villa,134,2005,-90 %,Aktuel værdi
Bakkegårdsvej 1,3330 Gørløse,7.000.000,03-11-2009,"
Alm. Salg",33.333,7,Stuehus,210,1925,-29 %,
Solvej 20,3330 Gørløse,2.900.000,03-11-2009,"
Alm. Salg",17.682,5,Villa,164,2006,-3 %,Aktuel værdi
Solvej 25,3330 Gørløse,1.645.000,03-11-2009,"
Alm. Salg",15.970,3,Rækkehus,103,2003,0 %,Aktuel værdi
Rosenkildeparken 9,3330 Gørløse,1.570.000,23-09-2009,"
Alm. Salg",16.526,4,Rækkehus,95,1985,-5 %,Aktuel værdi
Gammel Engvej 15B,3330 Gørløse,1.500.000,12-08-2009,"
Auktion",7.614,6,Villa,197,2005,,Aktuel værdi
Gammel Engvej 13,3330 Gørløse,1.447.000,04-08-2009,"
Auktion",10.718,4,Villa,135,1976,,Aktuel værdi
Gammel Engvej 4,3330 Gørløse,1.725.000,07-07-2009,"
Alm. Salg",12.321,5,Villa,140,1980,-4 %,Aktuel værdi
Vinkelvænget 3,3330 Gørløse,976.262,01-07-2009,"
Fam. Salg",13.750,3,Villa,71,1945,,Aktuel værdi
"Hovedvejen 20, 1",3330 Gørløse,1.360.000,26-05-2009,"
Auktion",-,2,Lejlighed,65,1877,,Aktuel værdi
Gadekærsvej 7,3330 Gørløse,1.700.000,30-04-2009,"
Alm. Salg",12.686,4,Villa,134,2001,-5 %,Aktuel værdi
Hovedvejen 10A,3330 Gørløse,1.457.566,03-02-2009,"
Auktion",6.779,8,Villa,215,1800,-34 %,Aktuel værdi
Th. Petersens Vej 8,3330 Gørløse,2.500.000,26-01-2009,"
Alm. Salg",14.450,8,Villa,173,2006,-17 %,Aktuel værdi
Roskildevej 104,3330 Gørløse,1.400.000,27-10-2008,"
Andet",7.692,6,Stuehus,182,1855,,
Engvej 32,3330 Gørløse,2.895.000,13-10-2008,"
Alm. Salg",18.439,5,Villa,157,1971,,Aktuel værdi
Solvej 29,3330 Gørløse,2.040.000,24-09-2008,"
Alm. Salg",19.615,4,Rækkehus,104,2003,-7 %,Aktuel værdi
Hovedvejen 4,3330 Gørløse,1.350.000,25-08-2008,"
Alm. Salg",15.168,3,Villa,89,1960,,Aktuel værdi
Amalievej 13,3330 Gørløse,2.245.000,31-07-2008,"
Alm. Salg",22.450,4,Villa,100,1967,0 %,Aktuel værdi
Lystrupvej 4,3330 Gørløse,2.400.000,12-06-2008,"
Alm. Salg",18.181,5,Villa,132,1936,-8 %,Aktuel værdi
Gammel Kurreholmvej 4,3330 Gørløse,3.300.000,04-06-2008,"
Alm. Salg",27.500,6,Villa,120,1915,-17 %,Aktuel værdi
Strøvej 116,3330 Gørløse,1.620.000,20-04-2008,"
Alm. Salg",18.620,3,Villa,87,1887,-10 %,Aktuel værdi
Skolestrædet 10,3330 Gørløse,1.230.000,08-04-2008,"
Alm. Salg",12.300,3,Villa,100,1850,-17 %,Aktuel værdi
Amalievej 15,3330 Gørløse,2.300.000,25-02-2008,"
Alm. Salg",23.000,4,Villa,100,1967,-2 %,Aktuel værdi
Kurreholmvej 24,3330 Gørløse,3.900.000,11-02-2008,"
Alm. Salg",27.083,8,Villa,144,1973,-2 %,Aktuel værdi
Gadekærsvej 9,3330 Gørløse,3.000.000,16-01-2008,"
Alm. Salg",20.689,4,Villa,145,2002,,Aktuel værdi
Strøvej 98,3330 Gørløse,2.495.000,14-12-2007,"
Alm. Salg",17.206,4,Villa,145,1969,0 %,Aktuel værdi
Lystrupvej 18,3330 Gørløse,2.310.000,27-09-2007,"
Alm. Salg",25.108,3,Villa,92,1946,,Aktuel værdi
Gammel Engvej 9,3330 Gørløse,1.700.000,25-09-2007,"
Alm. Salg",19.318,3,Villa,88,1950,-15 %,Aktuel værdi
Lystrupvej 7,3330 Gørløse,297.500,21-09-2007,"
Fam. Salg",2.253,4,Rækkehus,132,1880,,Aktuel værdi
Hovedvejen 2B,3330 Gørløse,707.943,18-09-2007,"
Fam. Salg",3.292,6,Villa,215,1961,,Aktuel værdi
Strøvej 94,3330 Gørløse,8.500.000,31-08-2007,"
Alm. Salg",46.961,5,Stuehus,181,1924,-3 %,
Hovedvejen 16,3330 Gørløse,2.250.000,30-08-2007,"
Alm. Salg",17.045,4,Villa,132,1930,,Aktuel værdi
Hovedvejen 3,3330 Gørløse,533.511,06-08-2007,"
Andet",5.081,4,Villa,105,1952,,Aktuel værdi
Hovedvejen 37,3330 Gørløse,1.995.000,24-06-2007,"
Alm. Salg",24.629,3,Villa,81,1952,,Aktuel værdi
Solvej 24,3330 Gørløse,1.615.000,10-05-2007,"
Fam. Salg",9.176,5,Villa,176,2000,,Aktuel værdi
Kurreholmvej 49,3330 Gørløse,2.850.000,27-04-2007,"
Alm. Salg",22.983,5,Stuehus,124,1910,,
Ved Kirken 2,3330 Gørløse,3.300.000,01-04-2007,"
Alm. Salg",32.352,3,Villa,102,1961,,Aktuel værdi
Damgårdsvej 13,3330 Gørløse,2.650.000,03-12-2006,"
Alm. Salg",21.900,5,Villa,121,1974,,Aktuel værdi
Amalievej 24,3330 Gørløse,1.550.000,23-11-2006,"
Andet",8.857,5,Villa,175,1966,,Aktuel værdi
Roskildevej 201,3330 Gørløse,5.100.000,06-11-2006,"
Alm. Salg",27.717,7,Stuehus,184,1910,,
Egholm 10,3330 Gørløse,6.100.000,23-10-2006,"
Alm. Salg",33.152,4,Stuehus,184,1947,,
Hovedvejen 28B,3330 Gørløse,850.000,18-10-2006,"
Alm. Salg",14.166,3,Lejlighed,60,1961,,Aktuel værdi
Hovedvejen 12,3330 Gørløse,3.535.000,29-09-2006,"
Alm. Salg",20.794,6,Villa,170,1946,,Aktuel værdi
Amalievej 8,3330 Gørløse,2.522.500,14-09-2006,"
Alm. Salg",18.278,6,Villa,138,1967,,Aktuel værdi
Stationsvej 15,3330 Gørløse,1.160.000,03-09-2006,"
Andet",13.181,3,Villa,88,1953,,Aktuel værdi
Vinkelvænget 11,3330 Gørløse,1.350.000,14-08-2006,"
Alm. Salg",16.666,5,Villa,81,2008,,Aktuel værdi
Vinkelvænget 15,3330 Gørløse,2.500.000,10-08-2006,"
Alm. Salg",18.656,4,Villa,134,1951,,Aktuel værdi
Lystrupvej 35,3330 Gørløse,651.408,07-07-2006,"
Alm. Salg",2.605,6,Stuehus,250,1870,,
Amalievej 21,3330 Gørløse,2.245.000,29-06-2006,"
Alm. Salg",22.450,4,Villa,100,1966,,Aktuel værdi
Lystrupvej 24,3330 Gørløse,3.500.000,18-05-2006,"
Fam. Salg",30.701,5,Stuehus,114,1864,,
Lystrupvej 12,3330 Gørløse,2.085.000,11-05-2006,"
Alm. Salg",14.280,5,Villa,146,1943,,Aktuel værdi
Lystrupvej 8,3330 Gørløse,2.425.000,04-05-2006,"
Alm. Salg",20.041,5,Villa,121,1941,,Aktuel værdi
Th. Petersens Vej 22,3330 Gørløse,2.950.000,01-04-2006,"
Alm. Salg",18.322,5,Villa,161,2006,,Aktuel værdi
Th. Petersens Vej 4,3330 Gørløse,2.930.000,23-03-2006,"
Alm. Salg",16.936,7,Villa,173,2006,,Aktuel værdi
Hovedvejen 10B,3330 Gørløse,1.535.000,16-01-2006,"
Alm. Salg",23.257,2,Rækkehus,66,1983,,Aktuel værdi
Th. Petersens Vej 19,3330 Gørløse,2.445.000,22-12-2005,"
Alm. Salg",17.717,4,Rækkehus,138,2007,,Aktuel værdi
Th. Petersens Vej 13,3330 Gørløse,2.445.000,15-12-2005,"
Alm. Salg",17.717,4,Rækkehus,138,2007,,Aktuel værdi
Kurreholmvej 28,3330 Gørløse,1.715.000,14-12-2005,"
Alm. Salg",23.175,3,Villa,74,1980,,Aktuel værdi
Anemonevej 6,3330 Gørløse,2.695.000,28-11-2005,"
Alm. Salg",15.578,7,Villa,173,1973,,Aktuel værdi
Th. Petersens Vej 1,3330 Gørløse,2.445.000,07-11-2005,"
Alm. Salg",17.717,4,Rækkehus,138,2007,,Aktuel værdi
Th. Petersens Vej 17,3330 Gørløse,2.445.000,04-11-2005,"
Alm. Salg",17.717,4,Rækkehus,138,2007,,Aktuel værdi
Th. Petersens Vej 23,3330 Gørløse,1.300.000,21-10-2005,"
Alm. Salg",1.710,23,Villa,760,2006,,Aktuel værdi
Th. Petersens Vej 11,3330 Gørløse,2.445.000,17-10-2005,"
Alm. Salg",17.717,4,Rækkehus,138,2007,,Aktuel værdi
Th. Petersens Vej 5,3330 Gørløse,2.445.000,11-10-2005,"
Alm. Salg",15.281,5,Rækkehus,160,2007,,Aktuel værdi
Th. Petersens Vej 7,3330 Gørløse,2.445.000,29-09-2005,"
Alm. Salg",17.717,4,Rækkehus,138,2007,,Aktuel værdi
Th. Petersens Vej 12,3330 Gørløse,2.950.000,29-09-2005,"
Alm. Salg",18.322,5,Villa,161,2006,,Aktuel værdi
Th. Petersens Vej 6,3330 Gørløse,2.795.000,23-09-2005,"
Alm. Salg",17.253,7,Villa,162,2006,,Aktuel værdi
Gadekærsvej 14,3330 Gørløse,1.840.000,30-08-2005,"
Alm. Salg",16.283,4,Rækkehus,113,1985,,Aktuel værdi
Th. Petersens Vej 14,3330 Gørløse,2.950.000,29-08-2005,"
Alm. Salg",18.322,5,Villa,161,2006,,Aktuel værdi
Th. Petersens Vej 16,3330 Gørløse,2.750.000,15-07-2005,"
Alm. Salg",18.835,5,Villa,146,2006,,Aktuel værdi
Lystrupvej 11,3330 Gørløse,400.000,11-07-2005,"
Fam. Salg",3.846,4,Villa,104,1955,,Aktuel værdi
Th. Petersens Vej 26,3330 Gørløse,2.945.150,08-07-2005,"
Alm. Salg",16.829,7,Villa,175,2006,,Aktuel værdi
Gammel Engvej 15,3330 Gørløse,1.900.000,30-05-2005,"
Alm. Salg",9.090,7,Villa,209,1936,,Aktuel værdi
Kurreholmvej 4,3330 Gørløse,1.625.000,09-05-2005,"
Alm. Salg",12.500,4,Villa,130,1961,,Aktuel værdi
Borupvej 86,3330 Gørløse,1.785.000,09-05-2005,"
Alm. Salg",11.442,5,Villa,156,1964,,Aktuel værdi
Solvej 4,3330 Gørløse,775.000,01-04-2005,"
Alm. Salg",4.725,7,Villa,164,2006,,Aktuel værdi
Solvej 10,3330 Gørløse,795.000,01-04-2005,"
Alm. Salg",4.847,6,Villa,164,2005,,Aktuel værdi
Solvej 8,3330 Gørløse,795.000,18-03-2005,"
Alm. Salg",5.598,6,Villa,142,2006,,Aktuel værdi
Solvej 16,3330 Gørløse,795.000,18-03-2005,"
Alm. Salg",5.482,6,Villa,145,2005,,Aktuel værdi
Solvej 22,3330 Gørløse,745.000,18-03-2005,"
Alm. Salg",4.331,6,Villa,172,2005,,Aktuel værdi
Solvej 18,3330 Gørløse,795.000,17-03-2005,"
Alm. Salg",6.115,5,Villa,130,2005,,Aktuel værdi
Solvej 34,3330 Gørløse,745.000,28-02-2005,"
Alm. Salg",4.570,6,Villa,163,2005,,Aktuel værdi
Solvej 32,3330 Gørløse,775.000,28-02-2005,"
Alm. Salg",4.725,6,Villa,164,2005,,Aktuel værdi
Gammel Engvej 1,3330 Gørløse,1.100.000,28-02-2005,"
Alm. Salg",20.000,2,Villa,55,1956,,Aktuel værdi
Solvej 2,3330 Gørløse,775.000,28-02-2005,"
Alm. Salg",5.961,5,Villa,130,2005,,Aktuel værdi
Solvej 14,3330 Gørløse,795.000,28-02-2005,"
Alm. Salg",4.847,6,Villa,164,2005,,Aktuel værdi
Solvej 28,3330 Gørløse,795.000,28-02-2005,"
Alm. Salg",4.847,6,Villa,164,2005,,Aktuel værdi
Rosenkildeparken 6,3330 Gørløse,1.595.000,19-02-2005,"
Alm. Salg",16.789,4,Rækkehus,95,1985,,Aktuel værdi
Amalievej 26,3330 Gørløse,1.999.000,14-02-2005,"
Alm. Salg",14.177,4,Villa,141,1966,,Aktuel værdi
Damgårdsvej 6,3330 Gørløse,1.624.000,27-01-2005,"
Alm. Salg",8.638,6,Villa,188,1975,,Aktuel værdi
Vinkelvænget 8,3330 Gørløse,2.075.000,05-12-2004,"
Alm. Salg",10.807,6,Villa,192,1949,,Aktuel værdi
Borupvej 77,3330 Gørløse,1.840.000,16-11-2004,"
Alm. Salg",8.761,7,Villa,210,1955,,Aktuel værdi
Damgårdsvej 9,3330 Gørløse,1.725.000,04-08-2004,"
Alm. Salg",12.777,4,Villa,135,1968,,Aktuel værdi
Ved Kirken 6,3330 Gørløse,900.000,08-06-2004,"
Alm. Salg",5.263,4,Villa,171,1875,,Aktuel værdi
Kurreholmvej 2,3330 Gørløse,1.295.000,03-05-2004,"
Alm. Salg",14.388,3,Villa,90,1957,,Aktuel værdi
Stationsvej 9,3330 Gørløse,1.275.000,05-03-2004,"
Alm. Salg",13.144,3,Villa,97,1951,,Aktuel værdi
Amalievej 1,3330 Gørløse,1.395.000,17-02-2004,"
Alm. Salg",13.950,4,Villa,100,1967,,Aktuel værdi
Strøvej 104,3330 Gørløse,1.525.000,19-01-2004,"
Alm. Salg",11.730,6,Villa,130,1940,,Aktuel værdi
Erantisvej 10,3330 Gørløse,1.400.000,28-11-2003,"
Alm. Salg",10.000,5,Villa,140,1967,,Aktuel værdi
Langebjergvej 9,3330 Gørløse,2.345.000,20-11-2003,"
Alm. Salg",13.713,6,Villa,171,1928,,Aktuel værdi
Erantisvej 1,3330 Gørløse,1.625.000,14-11-2003,"
Alm. Salg",11.607,5,Villa,140,1962,,Aktuel værdi
Solvej 36,3330 Gørløse,2.629.483,04-11-2003,"
Alm. Salg",15.377,7,Villa,171,2000,,Aktuel værdi
Amalievej 4,3330 Gørløse,1.175.000,12-10-2003,"
Alm. Salg",11.750,4,Villa,100,1966,,Aktuel værdi
Solvej 47,3330 Gørløse,1.746.420,14-09-2003,"
Alm. Salg",16.792,4,Rækkehus,104,2003,,Aktuel værdi
Hovedvejen 46,3330 Gørløse,1.291.338,27-08-2003,"
Alm. Salg",10.761,5,Villa,120,1949,,Aktuel værdi
Solvej 35,3330 Gørløse,1.479.737,05-08-2003,"
Alm. Salg",14.366,3,Rækkehus,103,2003,,Aktuel værdi
Solvej 37,3330 Gørløse,1.603.007,30-07-2003,"
Alm. Salg",15.413,3,Rækkehus,104,2003,,Aktuel værdi
Solvej 31,3330 Gørløse,1.527.718,30-07-2003,"
Alm. Salg",14.689,3,Rækkehus,104,2003,,Aktuel værdi
Solvej 41,3330 Gørløse,1.466.226,29-07-2003,"
Alm. Salg",14.235,3,Rækkehus,103,2003,,Aktuel værdi
Solvej 43,3330 Gørløse,1.477.881,29-07-2003,"
Alm. Salg",14.348,4,Rækkehus,103,2003,,Aktuel værdi
Hovedvejen 10G,3330 Gørløse,1.150.000,28-06-2003,"
Alm. Salg",17.424,2,Rækkehus,66,1983,,Aktuel værdi
Plantagevej 4,3330 Gørløse,2.992.942,25-06-2003,"
Alm. Salg",18.705,6,Stuehus,160,1925,,
Solvej 49,3330 Gørløse,1.471.575,10-06-2003,"
Alm. Salg",14.287,4,Rækkehus,103,2003,,Aktuel værdi
Solvej 53,3330 Gørløse,1.635.883,10-06-2003,"
Alm. Salg",15.729,4,Rækkehus,104,2003,,Aktuel værdi
Rosenvej 8,3330 Gørløse,1.153.952,04-06-2003,"
Alm. Salg",13.263,4,Villa,87,1960,,Aktuel værdi
Strøvej 90,3330 Gørløse,2.650.000,30-05-2003,"
Alm. Salg",22.083,4,Stuehus,120,1913,,
Amalievej 3,3330 Gørløse,1.650.000,21-04-2003,"
Alm. Salg",11.379,5,Villa,145,1967,,Aktuel værdi
Skolestrædet 14,3330 Gørløse,750.000,19-03-2003,"
Alm. Salg",9.036,3,Villa,83,1923,,Aktuel værdi
Gammel Engvej 5,3330 Gørløse,1.105.000,17-03-2003,"
Fam. Salg",5.390,7,Villa,205,1888,,Aktuel værdi
Vinkelvænget 5,3330 Gørløse,1.285.000,13-01-2003,"
Alm. Salg",11.681,5,Villa,110,1948,,Aktuel værdi
Stationsvej 11,3330 Gørløse,1.550.000,10-01-2003,"
Alm. Salg",9.627,5,Villa,161,1952,,Aktuel værdi
Violvej 2,3330 Gørløse,1.725.000,08-01-2003,"
Alm. Salg",11.896,4,Villa,145,1970,,Aktuel værdi
Skolestrædet 3,3330 Gørløse,180.000,19-12-2002,"
Fam. Salg",2.250,3,Villa,80,1947,,Aktuel værdi
Solvej 58,3330 Gørløse,525.000,20-11-2002,"
Alm. Salg",4.487,5,Villa,117,2003,,Aktuel værdi
Solvej 70,3330 Gørløse,525.000,13-11-2002,"
Alm. Salg",4.038,5,Villa,130,2003,,Aktuel værdi
Rosenkildeparken 5,3330 Gørløse,125.000,11-11-2002,"
Alm. Salg",1.506,3,Rækkehus,83,1985,,Aktuel værdi
Solvej 54,3330 Gørløse,595.000,08-11-2002,"
Alm. Salg",4.160,6,Villa,143,2003,,Aktuel værdi
Solvej 60,3330 Gørløse,525.000,01-11-2002,"
Alm. Salg",3.620,6,Villa,145,2003,,Aktuel værdi
Solvej 62,3330 Gørløse,525.000,01-11-2002,"
Alm. Salg",3.547,5,Villa,148,2003,,Aktuel værdi
Solvej 68,3330 Gørløse,525.000,01-11-2002,"
Alm. Salg",3.645,6,Villa,144,2003,,Aktuel værdi
Solvej 64,3330 Gørløse,525.000,31-10-2002,"
Alm. Salg",3.595,6,Villa,146,2003,,Aktuel værdi
Solvej 50,3330 Gørløse,525.000,31-10-2002,"
Alm. Salg",3.240,6,Villa,162,2003,,Aktuel værdi
Amalievej 27,3330 Gørløse,468.865,03-10-2002,"
Alm. Salg",4.688,4,Villa,100,1967,,Aktuel værdi
Hovedvejen 10D,3330 Gørløse,942.000,15-04-2002,"
Alm. Salg",14.492,2,Rækkehus,65,1983,,Aktuel værdi
Gammel Kurreholmvej 8,3330 Gørløse,2.000.000,02-04-2002,"
Alm. Salg",13.157,5,Stuehus,152,1900,,
Gammel Engvej 19,3330 Gørløse,1.275.000,01-03-2002,"
Alm. Salg",9.375,3,Villa,136,1877,,Aktuel værdi
Maglekærvej 8,3330 Gørløse,2.730.000,21-11-2001,"
Alm. Salg",17.062,5,Stuehus,160,1852,,
Lillevej 2,3330 Gørløse,1.020.000,03-10-2001,"
Alm. Salg",6.845,4,Villa,149,1900,,Aktuel værdi
Hovedvejen 10E,3330 Gørløse,942.336,14-09-2001,"
Alm. Salg",14.497,2,Rækkehus,65,1983,,Aktuel værdi
Hovedvejen 1D,3330 Gørløse,1.616.854,22-05-2001,"
Alm. Salg",-,6,Villa,196,1947,,Aktuel værdi
Engvej 38,3330 Gørløse,1.215.306,19-04-2001,"
Alm. Salg",9.348,4,Villa,130,1975,,Aktuel værdi
Kurreholmvej 44,3330 Gørløse,1.136.735,25-03-2001,"
Alm. Salg",6.686,4,Villa,170,1900,,Aktuel værdi
Granstien 5,3330 Gørløse,1.315.000,22-03-2001,"
Alm. Salg",-,8,Rækkehus,176,1962,,Aktuel værdi
Gammel Engvej 6B,3330 Gørløse,190.000,13-12-2000,"
Fam. Salg",1.809,3,Villa,105,2002,,Aktuel værdi
Roskildevej 100,3330 Gørløse,3.020.440,06-11-2000,"
Alm. Salg",15.731,5,Stuehus,192,1912,,
Granbakken 2,3330 Gørløse,1.381.200,24-10-2000,"
Alm. Salg",10.384,4,Rækkehus,133,1955,,Aktuel værdi
Engvej 33,3330 Gørløse,4.500.000,17-10-2000,"
Alm. Salg",31.250,4,Villa,144,1972,,Aktuel værdi
Gammel Kurreholmvej 2,3330 Gørløse,1.146.004,15-09-2000,"
Alm. Salg",-,2,Villa,140,1962,,Aktuel værdi
Hovedvejen 14,3330 Gørløse,1.425.320,07-08-2000,"
Alm. Salg",10.180,6,Villa,140,1916,,Aktuel værdi
Bakkegårdsvej 4,3330 Gørløse,250.000,16-07-2000,"
Alm. Salg",1.262,5,Villa,198,2001,,Aktuel værdi
Rosenkildeparken 7,3330 Gørløse,1.100.340,07-07-2000,"
Alm. Salg",11.582,4,Rækkehus,95,1985,,Aktuel værdi
Rosenkildeparken 3,3330 Gørløse,1.113.137,26-06-2000,"
Alm. Salg",11.717,4,Rækkehus,95,1985,,Aktuel værdi
Strøvej 113,3330 Gørløse,1.210.000,19-06-2000,"
Alm. Salg",7.076,4,Villa,171,1980,,Aktuel værdi
Løngangen 1,3330 Gørløse,1.256.708,04-06-2000,"
Alm. Salg",9.378,4,Villa,134,1955,,Aktuel værdi
Løngangen 3,3330 Gørløse,1.215.000,09-05-2000,"
Alm. Salg",10.848,5,Villa,112,1953,,Aktuel værdi
Strøvej 92,3330 Gørløse,1.700.000,28-04-2000,"
Fam. Salg",11.564,4,Stuehus,147,1923,,
Bellisvej 9,3330 Gørløse,915.000,25-02-2000,"
Alm. Salg",-,6,Villa,134,1959,,Aktuel værdi
Engvej 34,3330 Gørløse,1.336.835,23-02-2000,"
Alm. Salg",9.481,4,Villa,141,1971,,Aktuel værdi
Rosenkildeparken 1,3330 Gørløse,995.000,02-12-1999,"
Alm. Salg",11.987,3,Rækkehus,83,1985,,Aktuel værdi
Erantisvej 4,3330 Gørløse,1.211.055,05-11-1999,"
Alm. Salg",9.688,4,Villa,125,1966,,Aktuel værdi
Solvej 26,3330 Gørløse,350.000,02-08-1999,"
Alm. Salg",2.611,4,Villa,134,2000,,Aktuel værdi
Anemonevej 14,3330 Gørløse,1.153.822,13-07-1999,"
Alm. Salg",10.988,4,Villa,105,1973,,Aktuel værdi
Solvej 38,3330 Gørløse,450.000,07-06-1999,"
Alm. Salg",-,7,Villa,185,1999,,Aktuel værdi
Vinkelvænget 16,3330 Gørløse,817.194,27-05-1999,"
Alm. Salg",4.278,6,Villa,191,1943,,Aktuel værdi
Borupvej 78,3330 Gørløse,2.000.000,21-04-1999,"
Fam. Salg",8.032,7,Stuehus,249,1880,,
Solvej 42,3330 Gørløse,365.000,12-03-1999,"
Alm. Salg",2.683,6,Villa,136,2000,,Aktuel værdi
Rosenkildeparken 8,3330 Gørløse,1.069.682,17-02-1999,"
Alm. Salg",11.259,4,Rækkehus,95,1985,,Aktuel værdi
Hovedvejen 52,3330 Gørløse,971.321,12-01-1999,"
Alm. Salg",6.070,6,Villa,160,1908,,Aktuel værdi
Gammel Engvej 8A,3330 Gørløse,290.000,16-11-1998,"
Alm. Salg",1.986,5,Villa,146,1999,,Aktuel værdi
Damgårdsvej 10,3330 Gørløse,1.041.800,31-10-1998,"
Alm. Salg",-,4,Villa,127,1969,,Aktuel værdi
Kurreholmvej 35,3330 Gørløse,1.378.000,18-09-1998,"
Alm. Salg",17.666,3,Stuehus,78,1900,,
Violvej 4,3330 Gørløse,1.148.258,22-08-1998,"
Alm. Salg",9.411,4,Villa,122,1972,,Aktuel værdi
Lystrupvej 10,3330 Gørløse,830.837,20-07-1998,"
Alm. Salg",8.308,4,Villa,100,1942,,Aktuel værdi
Maglekærvej 1,3330 Gørløse,1.149.600,21-04-1998,"
Alm. Salg",10.644,4,Villa,108,1949,,Aktuel værdi
Erantisvej 6,3330 Gørløse,1.135.569,20-04-1998,"
Alm. Salg",10.323,4,Villa,110,1967,,Aktuel værdi
Lystrupvej 3,3330 Gørløse,1.349.158,12-02-1998,"
Alm. Salg",7.026,7,Villa,192,1958,,Aktuel værdi
Bakkegårdsvej 3,3330 Gørløse,1.337.804,21-01-1998,"
Alm. Salg",8.361,5,Villa,160,1988,,Aktuel værdi
Hovedvejen 8,3330 Gørløse,1.199.104,08-08-1997,"
Alm. Salg",5.682,8,Villa,211,1946,,Aktuel værdi
Borupvej 74,3330 Gørløse,1.295.000,31-07-1997,"
Alm. Salg",9.452,6,Stuehus,137,1925,,
Gammel Engvej 11,3330 Gørløse,723.922,08-07-1997,"
Alm. Salg",-,7,Villa,134,1852,,Aktuel værdi
Lystrupvej 16,3330 Gørløse,726.625,06-06-1997,"
Alm. Salg",-,6,Villa,160,1946,,Aktuel værdi
Amalievej 9,3330 Gørløse,1.025.590,31-03-1997,"
Alm. Salg",6.574,5,Villa,156,1967,,Aktuel værdi
Kurreholmvej 22,3330 Gørløse,1.110.000,27-12-1996,"
Alm. Salg",4.743,5,Stuehus,234,1917,,
Amalievej 29,3330 Gørløse,681.000,14-06-1996,"
Alm. Salg",6.742,3,Villa,101,1967,,Aktuel værdi
Amalievej 12,3330 Gørløse,704.242,22-05-1996,"
Alm. Salg",-,4,Villa,122,1967,,Aktuel værdi
Lystrupvej 29,3330 Gørløse,657.000,22-01-1996,"
Alm. Salg",6.027,3,Villa,109,1877,,Aktuel værdi
Irisvej 3,3330 Gørløse,710.000,14-11-1995,"
Alm. Salg",4.610,5,Villa,154,1962,,Aktuel værdi
Egholm 1A,3330 Gørløse,950.490,24-10-1995,"
Alm. Salg",6.838,5,Villa,139,1946,,Aktuel værdi
Gammel Engvej 16,3330 Gørløse,912.911,13-08-1995,"
Alm. Salg",-,6,Villa,180,1961,,Aktuel værdi
Gammel Engvej 10,3330 Gørløse,294.490,20-07-1995,"
Fam. Salg",2.778,6,Villa,106,1961,,Aktuel værdi
Bellisvej 6,3330 Gørløse,636.130,22-05-1995,"
Alm. Salg",4.609,5,Villa,138,1955,,Aktuel værdi
Erantisvej 2,3330 Gørløse,741.078,29-09-1994,"
Alm. Salg",5.976,4,Villa,124,1971,,Aktuel værdi
Egholm 12,3330 Gørløse,1.200.000,11-09-1994,"
Alm. Salg",10.000,4,Stuehus,120,1970,,
Roskildevej 205,3330 Gørløse,489.733,16-06-1994,"
Alm. Salg",2.690,4,Stuehus,182,1980,,
Plantagevej 6,3330 Gørløse,1.854.000,09-06-1994,"
Alm. Salg",8.167,6,Stuehus,227,1864,,
Kurreholmvej 31A,3330 Gørløse,1.825.000,31-01-1994,"
Alm. Salg",-,8,Stuehus,234,1900,,
Hovedvejen 25,3330 Gørløse,485.000,22-08-1993,"
Alm. Salg",5.511,4,Villa,88,1936,,Aktuel værdi
Strøvej 95,3330 Gørløse,600.000,16-07-1993,"
Alm. Salg",4.545,5,Villa,132,1918,,Aktuel værdi
Amalievej 6,3330 Gørløse,860.000,11-06-1993,"
Alm. Salg",-,7,Villa,169,1968,,Aktuel værdi
Anemonevej 10,3330 Gørløse,557.400,10-06-1993,"
Andet",4.495,4,Villa,124,1972,,Aktuel værdi
Rosenkildeparken 10,3330 Gørløse,302.212,12-05-1993,"
Fam. Salg",3.181,4,Rækkehus,95,1985,,Aktuel værdi
Engvej 41,3330 Gørløse,1.585.000,16-03-1993,"
Andet",11.402,5,Villa,139,1967,,Aktuel værdi
Lillevej 3,3330 Gørløse,479.250,12-03-1993,"
Alm. Salg",5.098,4,Villa,94,1960,,Aktuel værdi
Damgårdsvej 3,3330 Gørløse,637.749,18-01-1993,"
Fam. Salg",5.497,3,Villa,116,1973,,Aktuel værdi
Lystrupvej 33,3330 Gørløse,778.300,01-12-1992,"
Alm. Salg",4.774,8,Villa,163,1892,,Aktuel værdi
Kurreholmvej 27,3330 Gørløse,710.000,20-05-1992,"
Alm. Salg",6.698,4,Villa,106,1973,,Aktuel værdi
