address,zip_code,price,sell_date,sell_type,price_per_sq_m,no_rooms,housing_type,size_in_sq_m,year_of_construction,price_change_in_pct
Munkegårdsvej 25B,3490 Kvistgård,1.550.000,20-04-2017,"
Alm. Salg",16.145,3,Rækkehus,96,1971,0 %,Aktuel værdi
Smedebakken 23,3490 Kvistgård,2.595.000,19-04-2017,"
Alm. Salg",16.528,5,Villa,157,1870,0 %,Aktuel værdi
Helsingørsvej 59,3490 Kvistgård,4.000.000,24-03-2017,"
Alm. Salg",18.957,6,Villa,211,1900,-11 %,Aktuel værdi
Munkesøvej 14,3490 Kvistgård,1.900.000,22-03-2017,"
Alm. Salg",15.833,6,Villa,120,1952,,Aktuel værdi
Lergravsvej 13E,3490 Kvistgård,2.100.000,20-03-2017,"
Alm. Salg",19.444,4,Rækkehus,108,2008,,Aktuel værdi
Engen 6,3490 Kvistgård,2.150.000,27-02-2017,"
Alm. Salg",21.078,4,Rækkehus,102,1966,-6 %,Aktuel værdi
Ravnebakkevej 6,3490 Kvistgård,15.900.000,13-02-2017,"
Alm. Salg",39.650,6,Stuehus,401,1900,-18 %,
Lindevangen 15,3490 Kvistgård,1.166.000,07-02-2017,"
Andet",8.701,5,Villa,134,1973,,Aktuel værdi
Lindevangen 21,3490 Kvistgård,1.800.000,18-01-2017,"
Alm. Salg",18.000,5,Villa,100,1959,-18 %,Aktuel værdi
Ørsholtvej 4,3490 Kvistgård,2.275.000,13-01-2017,"
Alm. Salg",18.801,5,Villa,121,1954,0 %,Aktuel værdi
Krogenbergvej 7,3490 Kvistgård,933.401,02-01-2017,"
Fam. Salg",8.975,6,Villa,104,1960,,Aktuel værdi
Krogenbergvej 9,3490 Kvistgård,1.247.632,02-01-2017,"
Fam. Salg",6.671,3,Villa,187,1877,,Aktuel værdi
Krogenbergvej 8A,3490 Kvistgård,2.480.000,06-12-2016,"
Alm. Salg",21.379,5,Villa,116,1870,-1 %,Aktuel værdi
Hornbækvej 178,3490 Kvistgård,1.750.000,21-11-2016,"
Fam. Salg",8.838,5,Stuehus,198,1920,,
Vandværksvej 50,3490 Kvistgård,1.025.000,15-11-2016,"
Fam. Salg",8.991,4,Rækkehus,114,2009,,Aktuel værdi
Hovedgårdsvej 14,3490 Kvistgård,1.610.000,20-09-2016,"
Alm. Salg",12.880,5,Rækkehus,125,1965,-5 %,Aktuel værdi
Gurrevej 374,3490 Kvistgård,786.750,05-09-2016,"
Fam. Salg",7.087,4,Villa,111,1852,,Aktuel værdi
Munkegårdsvej 53,3490 Kvistgård,3.295.000,28-07-2016,"
Alm. Salg",18.204,6,Villa,181,1932,0 %,Aktuel værdi
Munkegårdsvej 15A,3490 Kvistgård,1.800.000,16-06-2016,"
Alm. Salg",15.517,5,Rækkehus,116,1920,-5 %,Aktuel værdi
Smedebakken 25,3490 Kvistgård,1.696.000,15-06-2016,"
Fam. Salg",30.836,4,Stuehus,55,1900,,
Kongevejen 294,3490 Kvistgård,1.130.000,29-04-2016,"
Alm. Salg",16.142,3,Villa,70,1958,-16 %,Aktuel værdi
Lergravsvej 14D,3490 Kvistgård,2.200.000,01-02-2016,"
Alm. Salg",20.370,4,Rækkehus,108,2008,,Aktuel værdi
Gurrevej 378,3490 Kvistgård,2.350.000,29-01-2016,"
Alm. Salg",14.329,5,Villa,164,1840,-2 %,Aktuel værdi
Lergravsvej 11H,3490 Kvistgård,2.000.000,22-01-2016,"
Alm. Salg",18.518,4,Rækkehus,108,2008,-2 %,Aktuel værdi
Ørsholtvej 8,3490 Kvistgård,2.400.000,15-01-2016,"
Alm. Salg",13.186,7,Villa,182,1961,-1 %,Aktuel værdi
Ørsholtvej 19,3490 Kvistgård,3.250.000,27-12-2015,"
Alm. Salg",19.461,7,Villa,167,1976,-7 %,Aktuel værdi
Hornbækvej 198,3490 Kvistgård,2.150.000,22-10-2015,"
Alm. Salg",19.369,4,Villa,111,1934,-8 %,Aktuel værdi
Lindevangen 11,3490 Kvistgård,1.395.000,18-10-2015,"
Alm. Salg",9.058,5,Villa,154,1973,0 %,Aktuel værdi
Lergravsvej 9G,3490 Kvistgård,1.695.000,14-10-2015,"
Alm. Salg",20.925,3,Rækkehus,81,2008,0 %,Aktuel værdi
Munkegårdsvej 56A,3490 Kvistgård,2.000.000,08-10-2015,"
Alm. Salg",14.285,5,Villa,140,1940,-4 %,Aktuel værdi
Axel Møllers Vej 2A,3490 Kvistgård,1.600.000,06-10-2015,"
Alm. Salg",15.094,3,Villa,106,1971,-6 %,Aktuel værdi
Gurrevej 401,3490 Kvistgård,3.900.000,09-09-2015,"
Alm. Salg",39.000,3,Stuehus,100,1875,-2 %,
Gurrevej 435,3490 Kvistgård,772.404,15-08-2015,"
Andet",4.363,6,Villa,177,1961,,Aktuel værdi
Munkegårdsvej 25A,3490 Kvistgård,1.950.000,24-07-2015,"
Alm. Salg",15.000,5,Rækkehus,130,1971,-2 %,Aktuel værdi
Ørsholtvej 6,3490 Kvistgård,3.185.000,07-07-2015,"
Alm. Salg",17.793,4,Villa,179,1977,-2 %,Aktuel værdi
Munkegårdsvej 77,3490 Kvistgård,1.750.000,06-07-2015,"
Alm. Salg",11.437,6,Villa,153,1920,-3 %,Aktuel værdi
Munkegårdsvej 71B,3490 Kvistgård,1.700.000,05-07-2015,"
Alm. Salg",12.781,5,Rækkehus,133,1978,,Aktuel værdi
Farversøvej 9,3490 Kvistgård,1.325.000,21-05-2015,"
Alm. Salg",12.268,4,Villa,108,1924,0 %,Aktuel værdi
Ørsholtvej 13,3490 Kvistgård,2.565.000,19-05-2015,"
Alm. Salg",18.860,4,Villa,136,1967,,Aktuel værdi
Vandværksvej 22,3490 Kvistgård,1.645.000,30-04-2015,"
Alm. Salg",19.352,2,Rækkehus,85,2009,0 %,Aktuel værdi
Vandværksvej 20,3490 Kvistgård,800.000,19-02-2015,"
Fam. Salg",9.411,2,Rækkehus,85,2009,,Aktuel værdi
Munkegårdsvej 65,3490 Kvistgård,2.375.000,12-02-2015,"
Alm. Salg",13.970,5,Villa,170,1929,-5 %,Aktuel værdi
Smedebakken 29,3490 Kvistgård,1.400.000,22-01-2015,"
Alm. Salg",11.666,4,Villa,120,1964,-12 %,Aktuel værdi
Lergravsvej 12E,3490 Kvistgård,1.700.000,12-01-2015,"
Alm. Salg",15.740,4,Rækkehus,108,2008,-9 %,Aktuel værdi
Munkegårdsvej 20A,3490 Kvistgård,100.000,03-01-2015,"
Andet",534,4,Rækkehus,187,1946,,Aktuel værdi
Lindevangen 17,3490 Kvistgård,794.500,04-12-2014,"
Fam. Salg",5.675,6,Villa,140,1973,,Aktuel værdi
Gurrevej 394C,3490 Kvistgård,3.450.000,23-11-2014,"
Alm. Salg",19.382,5,Villa,178,2006,-4 %,Aktuel værdi
Uglesø Mosevej 9,3490 Kvistgård,1.350.000,01-10-2014,"
Alm. Salg",12.980,4,Sommerhus,104,1961,-20 %,Aktuel værdi
Brunemarksvej 2,3490 Kvistgård,5.400.000,25-08-2014,"
Alm. Salg",26.086,6,Stuehus,207,1898,-10 %,
Smedebakken 12B,3490 Kvistgård,2.275.000,18-07-2014,"
Alm. Salg",19.279,3,Villa,118,2004,-5 %,Aktuel værdi
Jernbanestien 1,3490 Kvistgård,2.550.000,04-06-2014,"
Alm. Salg",15.269,5,Villa,167,2000,-2 %,Aktuel værdi
Munkesøvej 6,3490 Kvistgård,1.200.000,26-05-2014,"
Alm. Salg",9.448,5,Villa,127,1959,,Aktuel værdi
Hovedgårdsvej 3,3490 Kvistgård,1.600.000,26-05-2014,"
Alm. Salg",7.547,7,Villa,212,1965,-20 %,Aktuel værdi
Munkegårdsvej 81,3490 Kvistgård,1.395.000,16-05-2014,"
Alm. Salg",11.722,3,Villa,119,1900,0 %,Aktuel værdi
Tårnvej 12,3490 Kvistgård,1.875.000,23-04-2014,"
Alm. Salg",15.368,4,Villa,122,1970,-3 %,Aktuel værdi
Munkegårdsvej 67B,3490 Kvistgård,1.695.000,18-03-2014,"
Alm. Salg",16.950,4,Villa,100,2004,0 %,Aktuel værdi
Kellerisvej 92,3490 Kvistgård,4.050.000,20-02-2014,"
Alm. Salg",14.727,7,Stuehus,275,1900,,
Munkegårdsvej 12,3490 Kvistgård,1.495.000,02-02-2014,"
Alm. Salg",15.101,2,Villa,99,1935,0 %,Aktuel værdi
Smedebakken 15,3490 Kvistgård,1.025.000,23-01-2014,"
Fam. Salg",6.288,5,Villa,163,1956,,Aktuel værdi
Munkegårdsvej 75B,3490 Kvistgård,1.495.000,07-01-2014,"
Alm. Salg",12.563,4,Villa,119,1963,0 %,Aktuel værdi
Lindevangen 10,3490 Kvistgård,2.375.000,22-12-2013,"
Alm. Salg",17.992,4,Villa,132,2006,-12 %,Aktuel værdi
Kellerisvej 64,3490 Kvistgård,8.300.000,20-12-2013,"
Alm. Salg",29.642,7,Villa,280,1882,-7 %,Aktuel værdi
Ørsholtvej 23,3490 Kvistgård,3.075.000,05-11-2013,"
Alm. Salg",14.712,5,Villa,209,1973,-12 %,Aktuel værdi
Ørsholtvej 12,3490 Kvistgård,1.850.000,15-10-2013,"
Alm. Salg",12.758,4,Villa,145,1962,-7 %,Aktuel værdi
Smedebakken 14,3490 Kvistgård,2.450.000,09-10-2013,"
Alm. Salg",16.013,5,Villa,153,2006,-2 %,Aktuel værdi
Munkegårdsvej 10,3490 Kvistgård,1.300.000,07-10-2013,"
Alm. Salg",10.000,4,Villa,130,1909,-13 %,Aktuel værdi
Reerstrupvej 2B,3490 Kvistgård,400.000,01-10-2013,"
Alm. Salg",4.395,4,Villa,91,1827,,Aktuel værdi
Ørsholtvej 9,3490 Kvistgård,2.300.000,06-08-2013,"
Alm. Salg",17.037,4,Villa,135,1964,-4 %,Aktuel værdi
Brunemarksvej 1,3490 Kvistgård,1.350.000,19-07-2013,"
Alm. Salg",25.961,2,Stuehus,52,1996,,
Gurrevej 437,3490 Kvistgård,1.325.000,06-06-2013,"
Alm. Salg",11.228,5,Villa,118,1961,,Aktuel værdi
Helsingørsvej 55A,3490 Kvistgård,1.143.750,04-06-2013,"
Fam. Salg",5.083,6,Stuehus,225,1870,,
Smedebakken 19,3490 Kvistgård,1.250.000,15-05-2013,"
Alm. Salg",8.620,4,Villa,145,1962,-10 %,Aktuel værdi
Kongevejen 288,3490 Kvistgård,1.400.000,02-05-2013,"
Alm. Salg",9.655,5,Villa,145,1902,-6 %,Aktuel værdi
Kellerisvej 53,3490 Kvistgård,6.495.000,15-03-2013,"
Alm. Salg",20.296,10,Villa,320,1800,,Aktuel værdi
Vandværksvej 52,3490 Kvistgård,922.258,09-01-2013,"
Fam. Salg",8.384,4,Rækkehus,110,2009,,Aktuel værdi
Helsingørsvej 57,3490 Kvistgård,320.000,30-11-2012,"
Alm. Salg",3.200,5,Villa,100,1900,,Aktuel værdi
Munkegårdsvej 23,3490 Kvistgård,1.575.000,13-11-2012,"
Auktion",10.641,7,Villa,148,1922,-17 %,Aktuel værdi
Krogenbergvej 5,3490 Kvistgård,1.600.000,02-10-2012,"
Alm. Salg",10.256,5,Villa,156,1827,-16 %,Aktuel værdi
Vandværksvej 54,3490 Kvistgård,1.700.000,28-09-2012,"
Alm. Salg",14.912,4,Rækkehus,114,2009,-3 %,Aktuel værdi
Lergravsvej 12C,3490 Kvistgård,1.750.000,11-09-2012,"
Alm. Salg",12.962,4,Rækkehus,135,2008,0 %,Aktuel værdi
Kellerisvej 96,3490 Kvistgård,2.378.550,24-08-2012,"
Alm. Salg",19.028,5,Stuehus,125,1777,,
Lergravsvej 11E,3490 Kvistgård,1.600.000,30-07-2012,"
Alm. Salg",14.814,4,Rækkehus,108,2008,-9 %,Aktuel værdi
Vandværksvej 34,3490 Kvistgård,2.075.000,25-07-2012,"
Alm. Salg",15.839,4,Rækkehus,131,2009,-1 %,Aktuel værdi
Munkegårdsvej 2B,3490 Kvistgård,1.600.000,24-07-2012,"
Alm. Salg",11.851,5,Villa,135,1976,0 %,Aktuel værdi
Vandværksvej 14,3490 Kvistgård,1.545.000,19-07-2012,"
Alm. Salg",18.176,2,Rækkehus,85,2009,3 %,Aktuel værdi
Hornbækvej 188,3490 Kvistgård,2.500.000,11-07-2012,"
Alm. Salg",25.510,3,Stuehus,98,1900,,
Munkegårdsvej 31A,3490 Kvistgård,995.000,09-07-2012,"
Fam. Salg",11.845,3,Villa,84,1953,,Aktuel værdi
Ørsholtvej 30B,3490 Kvistgård,2.350.000,29-05-2012,"
Auktion",10.398,4,Stuehus,226,1974,,
Oldenvej 19A,3490 Kvistgård,1.400.000,14-04-2012,"
Alm. Salg",15.555,4,Industri o.l.,90,1982,,Aktuel værdi
Farversøvej 4,3490 Kvistgård,1.250.000,11-04-2012,"
Alm. Salg",9.057,4,Villa,138,1965,-10 %,Aktuel værdi
Vestkrogen 4,3490 Kvistgård,1.700.000,25-03-2012,"
Alm. Salg",14.912,5,Villa,114,1932,-6 %,Aktuel værdi
Axel Møllers Vej 6,3490 Kvistgård,1.980.000,15-12-2011,"
Alm. Salg",20.204,4,Villa,98,1942,,Aktuel værdi
Ørsholtvej 21,3490 Kvistgård,1.795.000,01-12-2011,"
Alm. Salg",29.916,2,Villa,60,1949,0 %,Aktuel værdi
Tårnvej 14,3490 Kvistgård,1.100.000,08-11-2011,"
Alm. Salg",10.377,4,Villa,106,1972,0 %,Aktuel værdi
Helsingørsvej 94A,3490 Kvistgård,4.350.000,08-11-2011,"
Auktion",24.166,5,Stuehus,180,1860,,
Brunemarksvej 9,3490 Kvistgård,1.880.000,10-10-2011,"
Auktion",17.904,5,Villa,105,1951,,Aktuel værdi
Vandværksvej 24,3490 Kvistgård,1.550.000,07-09-2011,"
Alm. Salg",18.235,2,Rækkehus,85,2009,-3 %,Aktuel værdi
Vandværksvej 26,3490 Kvistgård,2.050.000,23-08-2011,"
Alm. Salg",15.648,4,Rækkehus,131,2009,-14 %,Aktuel værdi
Gurreholmvej 3 A,3490 Kvistgård,2.050.000,02-08-2011,"
Alm. Salg",-,-,"Ejerlejl., forretning",-,-,,
Gurrevej 439,3490 Kvistgård,1.100.000,29-07-2011,"
Alm. Salg",9.322,5,Villa,118,1961,,Aktuel værdi
Vandværksvej 28,3490 Kvistgård,2.040.000,26-06-2011,"
Alm. Salg",15.572,4,Rækkehus,131,2009,-3 %,Aktuel værdi
Kongevejen 304A,3490 Kvistgård,1.500.000,21-06-2011,"
Auktion",12.931,4,Rækkehus,116,2013,,Aktuel værdi
Kongevejen 306C,3490 Kvistgård,1.500.000,21-06-2011,"
Auktion",12.931,4,Rækkehus,116,2013,,Aktuel værdi
Kongevejen 304B,3490 Kvistgård,1.500.000,21-06-2011,"
Auktion",12.500,4,Rækkehus,120,2013,,Aktuel værdi
Kongevejen 306G,3490 Kvistgård,1.500.000,21-06-2011,"
Auktion",12.500,4,Rækkehus,120,2013,,Aktuel værdi
Kongevejen 306E,3490 Kvistgård,1.500.000,21-06-2011,"
Auktion",12.931,4,Rækkehus,116,2013,,Aktuel værdi
Kongevejen 306D,3490 Kvistgård,1.500.000,21-06-2011,"
Auktion",12.931,4,Rækkehus,116,2013,,Aktuel værdi
Kongevejen 306F,3490 Kvistgård,1.500.000,21-06-2011,"
Auktion",12.931,4,Rækkehus,116,2013,,Aktuel værdi
Kongevejen 306A,3490 Kvistgård,1.500.000,21-06-2011,"
Auktion",12.500,4,Rækkehus,120,2013,,Aktuel værdi
Kongevejen 306B,3490 Kvistgård,1.500.000,21-06-2011,"
Auktion",12.931,3,Rækkehus,116,2013,,Aktuel værdi
Smedebakken 17A,3490 Kvistgård,2.500.000,01-06-2011,"
Alm. Salg",18.518,4,Villa,135,1968,-4 %,Aktuel værdi
Axel Møllers Vej 2C,3490 Kvistgård,1.900.000,17-05-2011,"
Alm. Salg",15.833,4,Villa,120,1970,-5 %,Aktuel værdi
Kongevejen 443,3490 Kvistgård,2.800.000,05-05-2011,"
Alm. Salg",31.818,2,Stuehus,88,1955,-12 %,
Lergravsvej 10G,3490 Kvistgård,2.800.000,25-03-2011,"
Alm. Salg",18.300,4,Rækkehus,153,2011,,Aktuel værdi
Kellerisvej 51,3490 Kvistgård,440.000,28-01-2011,"
Alm. Salg",1.760,5,Stuehus,250,1850,,
Gurrevej 372C,3490 Kvistgård,2.998.000,21-01-2011,"
Alm. Salg",21.883,4,Villa,137,1975,0 %,Aktuel værdi
Munkesøvej 5,3490 Kvistgård,900.000,21-12-2010,"
Alm. Salg",6.382,4,Villa,141,1962,,Aktuel værdi
Smedebakken 12A,3490 Kvistgård,1.553.595,14-12-2010,"
Fam. Salg",9.895,6,Villa,157,1875,,Aktuel værdi
Gurrevej 441,3490 Kvistgård,1.860.000,06-12-2010,"
Alm. Salg",15.762,5,Villa,118,1961,,Aktuel værdi
Smedebakken 11B,3490 Kvistgård,2.995.000,28-11-2010,"
Alm. Salg",16.546,6,Villa,181,2007,0 %,Aktuel værdi
Kellerisvej 84,3490 Kvistgård,2.000.000,02-11-2010,"
Fam. Salg",11.976,6,Villa,167,1964,,Aktuel værdi
Lergravsvej 13I,3490 Kvistgård,2.300.000,28-10-2010,"
Alm. Salg",16.911,4,Rækkehus,136,2008,-4 %,Aktuel værdi
Smedebakken 32A,3490 Kvistgård,3.900.000,18-10-2010,"
Alm. Salg",17.256,6,Villa,226,2008,-2 %,Aktuel værdi
Vandværksvej 58,3490 Kvistgård,2.050.000,07-10-2010,"
Alm. Salg",18.636,4,Rækkehus,110,2009,-7 %,Aktuel værdi
Munkegårdsvej 82,3490 Kvistgård,2.204.500,03-09-2010,"
Alm. Salg",9.380,7,Villa,235,1982,,Aktuel værdi
Ørsholtvej 18,3490 Kvistgård,1.900.000,24-08-2010,"
Alm. Salg",9.895,4,Villa,192,1947,-5 %,Aktuel værdi
Vestkrogen 1,3490 Kvistgård,1.400.000,09-08-2010,"
Alm. Salg",17.500,3,Villa,80,1957,-6 %,Aktuel værdi
Ørsholtvej 15,3490 Kvistgård,2.425.000,03-07-2010,"
Alm. Salg",17.700,5,Villa,137,1968,-3 %,Aktuel værdi
Ørumgårdsvej 1A,3490 Kvistgård,3.740.047,30-06-2010,"
Alm. Salg",21.011,5,Villa,178,2010,,Aktuel værdi
Munkegårdsvej 20C,3490 Kvistgård,2.031.000,03-06-2010,"
Alm. Salg",16.248,4,Lejlighed,125,1946,,Aktuel værdi
Hornbækvej 149,3490 Kvistgård,2.175.000,27-05-2010,"
Alm. Salg",13.679,14,Villa,159,1894,-27 %,Aktuel værdi
Munkegårdsvej 29A,3490 Kvistgård,1.250.000,17-05-2010,"
Auktion",13.888,6,Villa,90,1910,,Aktuel værdi
Ørumgårdsvej 1E,3490 Kvistgård,3.300.000,23-03-2010,"
Alm. Salg",18.539,5,Villa,178,2008,,Aktuel værdi
Smedebakken 7,3490 Kvistgård,1.600.000,19-03-2010,"
Alm. Salg",12.307,4,Villa,130,1877,-6 %,Aktuel værdi
Vandværksvej 38,3490 Kvistgård,1.950.000,19-03-2010,"
Alm. Salg",14.885,4,Rækkehus,131,2009,-7 %,Aktuel værdi
Smedebakken 5,3490 Kvistgård,2.990.000,16-03-2010,"
Alm. Salg",18.571,4,Villa,161,2008,-8 %,Aktuel værdi
Ørsholtvej 11,3490 Kvistgård,1.000.000,04-03-2010,"
Alm. Salg",5.235,6,Villa,191,2011,,Aktuel værdi
Oldenvej 31,3490 Kvistgård,2.750.000,15-12-2009,"
Alm. Salg",27.500,2,Villa,100,1976,,Aktuel værdi
Nybovej 7,3490 Kvistgård,359.823,11-12-2009,"
Alm. Salg",1.357,7,Stuehus,265,1800,,
Ørsholtvej 1,3490 Kvistgård,2.495.000,11-12-2009,"
Alm. Salg",15.691,5,Villa,159,1998,0 %,Aktuel værdi
Lergravsvej 12F,3490 Kvistgård,2.975.000,08-12-2009,"
Alm. Salg",18.251,4,Rækkehus,163,2008,5 %,Aktuel værdi
Munkegårdsvej 69B,3490 Kvistgård,2.300.000,27-09-2009,"
Alm. Salg",16.428,6,Villa,140,1919,,Aktuel værdi
Gurrevej 382,3490 Kvistgård,2.600.000,26-06-2009,"
Alm. Salg",18.055,4,Villa,144,2008,-9 %,Aktuel værdi
Reerstrupvej 4,3490 Kvistgård,2.800.000,24-06-2009,"
Alm. Salg",-,4,Stuehus,196,1820,-12 %,
Lergravsvej 14F,3490 Kvistgård,2.600.000,02-06-2009,"
Alm. Salg",15.950,4,Rækkehus,163,2008,-13 %,Aktuel værdi
Vestkrogen 3,3490 Kvistgård,1.500.000,08-03-2009,"
Alm. Salg",13.274,4,Villa,113,1966,-12 %,Aktuel værdi
Lergravsvej 8B,3490 Kvistgård,2.300.000,16-12-2008,"
Alm. Salg",21.296,4,Rækkehus,108,2008,,Aktuel værdi
Lergravsvej 11D,3490 Kvistgård,2.355.000,09-12-2008,"
Alm. Salg",21.805,4,Rækkehus,108,2008,,Aktuel værdi
Lergravsvej 14C,3490 Kvistgård,403.275,02-12-2008,"
Andet",2.987,4,Rækkehus,135,2008,,Aktuel værdi
Lergravsvej 11I,3490 Kvistgård,2.730.000,20-11-2008,"
Alm. Salg",20.073,4,Rækkehus,136,2008,,Aktuel værdi
Lergravsvej 11G,3490 Kvistgård,2.040.000,20-11-2008,"
Alm. Salg",25.185,3,Rækkehus,81,2008,,Aktuel værdi
Lergravsvej 11F,3490 Kvistgård,3.144.000,20-11-2008,"
Alm. Salg",19.288,4,Rækkehus,163,2008,,Aktuel værdi
Lergravsvej 9E,3490 Kvistgård,2.245.000,17-11-2008,"
Alm. Salg",20.787,4,Rækkehus,108,2008,,Aktuel værdi
Lergravsvej 8G,3490 Kvistgård,2.430.000,12-11-2008,"
Alm. Salg",18.000,4,Rækkehus,135,2008,,Aktuel værdi
Lergravsvej 12G,3490 Kvistgård,1.595.000,24-10-2008,"
Alm. Salg",19.691,3,Rækkehus,81,2008,,Aktuel værdi
Lergravsvej 12A,3490 Kvistgård,2.300.000,24-10-2008,"
Alm. Salg",21.296,4,Rækkehus,108,2008,,Aktuel værdi
Lergravsvej 13H,3490 Kvistgård,2.145.000,10-10-2008,"
Alm. Salg",19.861,4,Rækkehus,108,2008,,Aktuel værdi
Lergravsvej 14A,3490 Kvistgård,2.400.000,10-10-2008,"
Alm. Salg",22.222,4,Rækkehus,108,2008,,Aktuel værdi
Lergravsvej 13F,3490 Kvistgård,2.945.000,08-10-2008,"
Alm. Salg",18.067,4,Rækkehus,163,2008,,Aktuel værdi
Lergravsvej 13C,3490 Kvistgård,2.730.000,08-10-2008,"
Alm. Salg",20.222,4,Rækkehus,135,2008,,Aktuel værdi
Lergravsvej 14E,3490 Kvistgård,2.600.000,08-10-2008,"
Alm. Salg",24.074,4,Rækkehus,108,2008,,Aktuel værdi
Lergravsvej 13D,3490 Kvistgård,2.400.000,08-10-2008,"
Alm. Salg",22.222,4,Rækkehus,108,2008,,Aktuel værdi
Lergravsvej 13A,3490 Kvistgård,2.400.000,08-10-2008,"
Alm. Salg",22.222,4,Rækkehus,108,2008,,Aktuel værdi
Lergravsvej 14B,3490 Kvistgård,2.295.000,08-10-2008,"
Alm. Salg",21.250,4,Rækkehus,108,2008,,Aktuel værdi
Lergravsvej 13G,3490 Kvistgård,1.645.000,08-10-2008,"
Alm. Salg",20.308,3,Rækkehus,81,2008,-2 %,Aktuel værdi
Lergravsvej 14H,3490 Kvistgård,2.445.000,08-10-2008,"
Alm. Salg",22.638,4,Rækkehus,108,2008,,Aktuel værdi
Kellerisvej 94,3490 Kvistgård,700.000,29-09-2008,"
Alm. Salg",12.068,2,Villa,58,1846,-53 %,Aktuel værdi
Munkegårdsvej 40,3490 Kvistgård,2.750.000,05-08-2008,"
Alm. Salg",17.187,4,Villa,160,1877,-8 %,Aktuel værdi
Kellerisvej 59,3490 Kvistgård,4.100.000,18-07-2008,"
Alm. Salg",18.636,9,Villa,220,1912,-9 %,Aktuel værdi
Lergravsvej 13B,3490 Kvistgård,2.330.000,06-06-2008,"
Alm. Salg",21.574,4,Rækkehus,108,2008,,Aktuel værdi
Lergravsvej 14I,3490 Kvistgård,2.730.000,06-06-2008,"
Alm. Salg",20.073,4,Rækkehus,136,2008,,Aktuel værdi
Lergravsvej 12H,3490 Kvistgård,2.180.000,16-05-2008,"
Alm. Salg",20.185,4,Rækkehus,108,2008,,Aktuel værdi
Brunemarksvej 6,3490 Kvistgård,3.648.697,08-04-2008,"
Fam. Salg",13.316,6,Villa,274,1727,,Aktuel værdi
Vandværksvej 42,3490 Kvistgård,2.625.000,27-03-2008,"
Alm. Salg",20.038,4,Rækkehus,131,2009,-3 %,Aktuel værdi
Gurrevej 366,3490 Kvistgård,225.000,18-03-2008,"
Alm. Salg",1.939,4,Villa,116,1928,,Aktuel værdi
Ørsholtvej 26A,3490 Kvistgård,2.100.000,22-01-2008,"
Alm. Salg",21.875,3,Villa,96,1950,-12 %,Aktuel værdi
Munkegårdsvej 79B,3490 Kvistgård,2.795.000,27-12-2007,"
Alm. Salg",24.955,3,Villa,112,1925,0 %,Aktuel værdi
Sydkrogen 7,3490 Kvistgård,2.380.000,10-09-2007,"
Alm. Salg",20.517,4,Villa,116,1958,-1 %,Aktuel værdi
Smedebakken 11A,3490 Kvistgård,1.300.000,01-09-2007,"
Alm. Salg",6.310,5,Villa,206,2010,,Aktuel værdi
Vandværksvej 44,3490 Kvistgård,1.350.000,27-08-2007,"
Andet",10.305,4,Rækkehus,131,2009,,Aktuel værdi
Lergravsvej 8E,3490 Kvistgård,2.095.000,20-08-2007,"
Alm. Salg",19.398,4,Rækkehus,108,2008,,Aktuel værdi
Munkegårdsvej 66,3490 Kvistgård,2.995.000,20-07-2007,"
Alm. Salg",26.981,4,Villa,111,1902,0 %,Aktuel værdi
Vandværksvej 60,3490 Kvistgård,2.575.000,15-06-2007,"
Alm. Salg",22.587,4,Rækkehus,114,2009,-4 %,Aktuel værdi
Krogenbergvej 14,3490 Kvistgård,3.601.005,19-04-2007,"
Alm. Salg",24.006,5,Villa,150,1886,,Aktuel værdi
Sydkrogen 8,3490 Kvistgård,2.995.000,25-03-2007,"
Alm. Salg",22.862,4,Villa,131,1971,0 %,Aktuel værdi
Munkegårdsvej 37,3490 Kvistgård,1.500.000,14-03-2007,"
Fam. Salg",11.194,4,Villa,134,1953,,Aktuel værdi
Gurrevej 403,3490 Kvistgård,3.425.000,08-03-2007,"
Alm. Salg",24.119,2,Villa,142,1970,,Aktuel værdi
Gurrevej 383,3490 Kvistgård,2.100.000,02-03-2007,"
Andet",15.328,4,Villa,137,1900,,Aktuel værdi
Lergravsvej 12I,3490 Kvistgård,2.370.000,01-03-2007,"
Alm. Salg",17.426,4,Rækkehus,136,2008,,Aktuel værdi
Brunemarksvej 4,3490 Kvistgård,850.000,19-02-2007,"
Fam. Salg",5.743,5,Sommerhus,148,2005,,Aktuel værdi
Vandværksvej 30,3490 Kvistgård,2.950.000,03-02-2007,"
Alm. Salg",22.519,4,Rækkehus,131,2009,,Aktuel værdi
Kvistgård Stationsv 13,3490 Kvistgård,2.670.000,26-01-2007,"
Alm. Salg",20.075,4,Villa,133,1980,,Aktuel værdi
Munkegårdsvej 79C,3490 Kvistgård,2.995.000,15-11-2006,"
Alm. Salg",24.752,4,Villa,121,1998,,Aktuel værdi
Gurrevej 425,3490 Kvistgård,2.450.000,11-11-2006,"
Fam. Salg",6.234,14,Villa,393,1963,,Aktuel værdi
Munkegårdsvej 67A,3490 Kvistgård,1.150.000,03-11-2006,"
Andet",6.609,6,Villa,174,1923,,Aktuel værdi
Munkegårdsvej 58,3490 Kvistgård,1.850.000,03-11-2006,"
Alm. Salg",-,5,Villa,146,1938,,Aktuel værdi
Lindevangen 19,3490 Kvistgård,2.845.000,23-10-2006,"
Alm. Salg",20.321,5,Villa,140,1973,,Aktuel værdi
Ørumgårdsvej 1B,3490 Kvistgård,648.000,09-10-2006,"
Alm. Salg",2.602,5,Villa,249,2008,,Aktuel værdi
Tårnvej 4,3490 Kvistgård,2.735.000,08-10-2006,"
Alm. Salg",20.719,4,Villa,132,1980,,Aktuel værdi
Munkegårdsvej 39,3490 Kvistgård,875.000,30-08-2006,"
Fam. Salg",15.086,2,Villa,58,1950,,Aktuel værdi
Munkegårdsvej 22,3490 Kvistgård,2.485.000,14-05-2006,"
Alm. Salg",21.239,4,Villa,117,1932,,Aktuel værdi
Kellerisvej 72,3490 Kvistgård,6.100.000,08-05-2006,"
Alm. Salg",19.741,9,Villa,309,1850,,Aktuel værdi
Hovedgårdsvej 16,3490 Kvistgård,2.150.000,20-04-2006,"
Alm. Salg",23.118,4,Rækkehus,93,1965,,Aktuel værdi
Gurrevej 431B,3490 Kvistgård,2.065.153,17-04-2006,"
Alm. Salg",12.366,6,Stuehus,167,1920,,
Kellerisvej 68,3490 Kvistgård,4.728.000,15-02-2006,"
Alm. Salg",28.654,5,Villa,165,1816,,Aktuel værdi
Munkegårdsvej 20B,3490 Kvistgård,2.495.000,05-02-2006,"
Alm. Salg",31.187,3,Rækkehus,80,1946,,Aktuel værdi
Agernvej 9A,3490 Kvistgård,953.375,01-01-2006,"
Alm. Salg",8.079,5,Villa,118,1965,,Aktuel værdi
Marianelundsvej 10,3490 Kvistgård,4.500.000,12-10-2005,"
Alm. Salg",21.844,5,Villa,206,1865,,Aktuel værdi
Gurreholmvej 3B,3490 Kvistgård,2.950.000,19-09-2005,"
Alm. Salg",11.216,7,Villa,263,1900,,Aktuel værdi
Ørsholtvej 16,3490 Kvistgård,2.045.000,26-08-2005,"
Alm. Salg",17.938,2,Villa,114,1959,,Aktuel værdi
Smedebakken 9,3490 Kvistgård,2.305.000,12-07-2005,"
Alm. Salg",-,4,Villa,114,1934,,Aktuel værdi
Gurreholmvej 4,3490 Kvistgård,5.400.000,14-06-2005,"
Alm. Salg",33.540,4,Stuehus,161,1800,,
Munkegårdsvej 14A,3490 Kvistgård,845.463,11-06-2005,"
Fam. Salg",5.674,4,Villa,149,1987,,Aktuel værdi
Kvistgård Stationsv 7A,3490 Kvistgård,1.695.000,14-05-2005,"
Alm. Salg",14.739,4,Rækkehus,115,1985,,Aktuel værdi
Gurrevej 372A,3490 Kvistgård,3.710.000,12-05-2005,"
Alm. Salg",15.720,7,Villa,236,1987,,Aktuel værdi
Kellerisvej 62,3490 Kvistgård,523.920,01-05-2005,"
Fam. Salg",3.175,7,Villa,165,1946,,Aktuel værdi
Helsingørsvej 108,3490 Kvistgård,2.817.000,03-03-2005,"
Alm. Salg",9.516,10,Villa,296,1933,,Aktuel værdi
Lindevangen 2,3490 Kvistgård,2.042.469,30-01-2005,"
Alm. Salg",14.800,4,Villa,138,1971,,Aktuel værdi
Vandværksvej 4,3490 Kvistgård,2.198.000,04-01-2005,"
Alm. Salg",19.451,3,Villa,113,2000,,Aktuel værdi
Jernbanestien 7,3490 Kvistgård,1.598.671,22-12-2004,"
Fam. Salg",10.517,4,Villa,152,1958,,Aktuel værdi
Kongevejen 276,3490 Kvistgård,625.000,09-12-2004,"
Alm. Salg",14.204,2,Industri o.l.,44,1980,,Aktuel værdi
Munkesøvej 13,3490 Kvistgård,1.375.000,28-11-2004,"
Alm. Salg",16.369,4,Villa,84,1954,,Aktuel værdi
Helsingørsvej 55B,3490 Kvistgård,1.100.000,27-10-2004,"
Alm. Salg",-,7,Villa,225,1987,,Aktuel værdi
Hovedgårdsvej 1,3490 Kvistgård,2.251.000,08-10-2004,"
Alm. Salg",15.631,5,Villa,144,1976,,Aktuel værdi
Kvistgård Stationsv 7B,3490 Kvistgård,1.575.000,28-09-2004,"
Alm. Salg",13.695,4,Rækkehus,115,1985,,Aktuel værdi
Munkesøvej 20,3490 Kvistgård,839.000,08-08-2004,"
Andet",-,5,Villa,190,1974,,Aktuel værdi
Munkegårdsvej 62,3490 Kvistgård,1.360.000,21-07-2004,"
Alm. Salg",-,4,Villa,129,1979,,Aktuel værdi
Lindevangen 5,3490 Kvistgård,1.987.174,14-06-2004,"
Alm. Salg",11.553,7,Villa,172,1948,,Aktuel værdi
Brunemarksvej 3,3490 Kvistgård,1.916.252,09-06-2004,"
Alm. Salg",10.358,5,Stuehus,185,1902,,
Kellerisvej 86,3490 Kvistgård,2.575.000,30-04-2004,"
Alm. Salg",-,7,Villa,218,1950,,Aktuel værdi
Kvistgård Stationsv 7D,3490 Kvistgård,1.400.000,26-04-2004,"
Alm. Salg",11.023,4,Villa,127,1961,,Aktuel værdi
Nybovej 8,3490 Kvistgård,3.000.000,20-04-2004,"
Fam. Salg",14.285,6,Stuehus,210,1876,,
Kongevejen 282,3490 Kvistgård,1.421.561,01-04-2004,"
Alm. Salg",12.361,5,Villa,115,1956,,Aktuel værdi
Hovedgårdsvej 34,3490 Kvistgård,1.250.000,14-03-2004,"
Fam. Salg",13.440,4,Rækkehus,93,1965,,Aktuel værdi
Farversøvej 7,3490 Kvistgård,1.150.000,15-01-2004,"
Alm. Salg",11.386,4,Villa,101,1927,,Aktuel værdi
Hovedgårdsvej 13,3490 Kvistgård,1.259.000,06-01-2004,"
Alm. Salg",13.684,4,Rækkehus,92,1965,,Aktuel værdi
Ørsholtvej 14,3490 Kvistgård,1.710.000,27-12-2003,"
Alm. Salg",12.214,5,Villa,140,1975,,Aktuel værdi
Brunemarksvej 11,3490 Kvistgård,4.000.000,05-12-2003,"
Alm. Salg",18.099,8,Villa,221,1727,,Aktuel værdi
Engen 8,3490 Kvistgård,1.243.422,01-12-2003,"
Fam. Salg",7.401,6,Villa,168,1920,,Aktuel værdi
Munkesøvej 19,3490 Kvistgård,1.595.000,22-09-2003,"
Alm. Salg",10.357,4,Villa,154,1984,,Aktuel værdi
Uglesø Mosevej 7,3490 Kvistgård,1.510.000,17-09-2003,"
Alm. Salg",6.452,5,Villa,234,2005,,Aktuel værdi
Smedebakken 31,3490 Kvistgård,1.750.000,12-08-2003,"
Alm. Salg",10.174,7,Villa,172,1962,,Aktuel værdi
Vandværksvej 16,3490 Kvistgård,1.420.000,08-07-2003,"
Alm. Salg",16.705,2,Rækkehus,85,2009,,Aktuel værdi
Hovedgårdsvej 6,3490 Kvistgård,1.400.000,07-07-2003,"
Alm. Salg",15.053,4,Rækkehus,93,1965,,Aktuel værdi
Munkesøvej 4,3490 Kvistgård,935.500,01-07-2003,"
Fam. Salg",7.795,5,Villa,120,1959,,Aktuel værdi
Farversøvej 6,3490 Kvistgård,1.495.000,09-05-2003,"
Alm. Salg",12.154,4,Villa,123,1965,,Aktuel værdi
Ørsholtvej 7,3490 Kvistgård,1.375.000,05-04-2003,"
Alm. Salg",14.030,3,Villa,98,1959,,Aktuel værdi
Munkegårdsvej 43,3490 Kvistgård,1.280.000,31-03-2003,"
Alm. Salg",15.421,4,Villa,83,1952,,Aktuel værdi
Buen 20,3490 Kvistgård,1.341.800,10-03-2003,"
Alm. Salg",10.998,6,Villa,122,1971,,Aktuel værdi
Nybovej 6,3490 Kvistgård,3.800.000,03-03-2003,"
Alm. Salg",22.352,5,Villa,170,1900,,Aktuel værdi
Nybovej 2,3490 Kvistgård,3.860.000,30-12-2002,"
Alm. Salg",22.057,7,Stuehus,175,1921,,
Munkegårdsvej 9,3490 Kvistgård,1.970.000,11-12-2002,"
Alm. Salg",13.401,5,Villa,147,1935,,Aktuel værdi
Munkegårdsvej 21C,3490 Kvistgård,1.700.000,27-10-2002,"
Alm. Salg",10.429,5,Villa,163,1900,,Aktuel værdi
Krogenbergvej 6,3490 Kvistgård,1.139.998,23-10-2002,"
Alm. Salg",6.477,5,Villa,176,2001,,Aktuel værdi
Vandværksvej 56,3490 Kvistgård,1.540.000,01-10-2002,"
Alm. Salg",13.508,4,Rækkehus,114,2009,,Aktuel værdi
Brunemarksvej 5,3490 Kvistgård,1.938.790,24-09-2002,"
Andet",10.479,4,Villa,185,1963,,Aktuel værdi
Vandværksvej 36,3490 Kvistgård,1.840.000,16-09-2002,"
Alm. Salg",14.045,4,Rækkehus,131,2009,,Aktuel værdi
Kellerisvej 66,3490 Kvistgård,2.055.000,12-09-2002,"
Andet",-,9,Villa,225,1954,,Aktuel værdi
Munkegårdsvej 55A,3490 Kvistgård,1.657.500,21-08-2002,"
Alm. Salg",6.207,7,Villa,267,1939,,Aktuel værdi
Munkegårdsvej 84,3490 Kvistgård,2.000.000,18-08-2002,"
Alm. Salg",8.658,7,Villa,231,1987,,Aktuel værdi
Vandværksvej 12,3490 Kvistgård,1.420.000,17-07-2002,"
Alm. Salg",17.750,2,Rækkehus,80,2009,,Aktuel værdi
Vandværksvej 40,3490 Kvistgård,1.825.000,11-06-2002,"
Alm. Salg",13.931,4,Rækkehus,131,2009,,Aktuel værdi
Axel Møllers Vej 5,3490 Kvistgård,1.848.944,28-05-2002,"
Alm. Salg",11.413,6,Villa,162,1932,,Aktuel værdi
Nybovej 11,3490 Kvistgård,231.500,19-04-2002,"
Fam. Salg",4.367,4,Sommerhus,53,1970,,Aktuel værdi
Vandværksvej 18,3490 Kvistgård,1.412.500,04-03-2002,"
Alm. Salg",16.617,2,Rækkehus,85,2009,,Aktuel værdi
Vandværksvej 10,3490 Kvistgård,1.451.361,05-02-2002,"
Alm. Salg",18.142,2,Rækkehus,80,2009,,Aktuel værdi
Kongevejen 320,3490 Kvistgård,742.884,27-01-2002,"
Alm. Salg",7.819,3,Villa,95,1900,,Aktuel værdi
Munkesøvej 1,3490 Kvistgård,988.000,17-12-2001,"
Alm. Salg",14.114,3,Villa,70,1959,,Aktuel værdi
Gurrevej 407A,3490 Kvistgård,1.200.000,29-11-2001,"
Fam. Salg",7.894,6,Villa,152,1900,,Aktuel værdi
Ørsholtvej 30A,3490 Kvistgård,200.000,24-11-2001,"
Fam. Salg",1.470,5,Villa,136,2001,,Aktuel værdi
Gurrevej 430,3490 Kvistgård,24.000.000,11-10-2001,"
Alm. Salg",7.897,40,Villa,3039,1883,,Aktuel værdi
Krogenbergvej 3,3490 Kvistgård,1.975.000,02-10-2001,"
Alm. Salg",11.158,5,Villa,177,1809,,Aktuel værdi
Krogenbergvej 12,3490 Kvistgård,1.915.000,20-07-2001,"
Alm. Salg",12.435,6,Villa,154,1852,,Aktuel værdi
Munkegårdsvej 57B,3490 Kvistgård,1.430.680,02-04-2001,"
Fam. Salg",11.265,4,Villa,127,1950,,Aktuel værdi
Munkegårdsvej 50,3490 Kvistgård,1.302.451,16-03-2001,"
Alm. Salg",-,7,Villa,161,1918,,Aktuel værdi
Krogenbergvej 1,3490 Kvistgård,1.900.045,06-03-2001,"
Alm. Salg",-,6,Stuehus,270,1898,,
Kongevejen 387,3490 Kvistgård,1.700.000,30-01-2001,"
Alm. Salg",20.731,4,Villa,82,1954,,Aktuel værdi
Hornbækvej 150,3490 Kvistgård,4.700.000,11-12-2000,"
Alm. Salg",12.303,8,Villa,382,2001,,Aktuel værdi
Uglesø Mosevej 11,3490 Kvistgård,485.000,11-12-2000,"
Fam. Salg",6.466,4,Sommerhus,75,1961,,Aktuel værdi
Hovedgårdsvej 9,3490 Kvistgård,575.000,01-12-2000,"
Fam. Salg",6.182,3,Rækkehus,93,1965,,Aktuel værdi
Munkesøvej 2,3490 Kvistgård,711.000,30-10-2000,"
Alm. Salg",-,5,Villa,129,1959,,Aktuel værdi
Reerstrupvej 10,3490 Kvistgård,1.785.000,15-10-2000,"
Fam. Salg",8.113,9,Stuehus,220,1974,,
Axel Møllers Vej 7,3490 Kvistgård,456.171,11-10-2000,"
Fam. Salg",4.001,4,Villa,114,1920,,Aktuel værdi
Sydkrogen 4,3490 Kvistgård,937.000,16-09-2000,"
Alm. Salg",3.407,9,Villa,275,1965,,Aktuel værdi
Smedebakken 26A,3490 Kvistgård,550.000,31-08-2000,"
Alm. Salg",3.055,5,Villa,180,2001,,Aktuel værdi
Nybovej 19,3490 Kvistgård,2.500.000,01-08-2000,"
Alm. Salg",10.373,6,Stuehus,241,2007,,
Gurrevej 393,3490 Kvistgård,2.341.360,15-06-2000,"
Alm. Salg",13.692,7,Villa,171,2000,,Aktuel værdi
Lindevangen 4,3490 Kvistgård,1.186.570,18-04-2000,"
Alm. Salg",-,8,Villa,207,1934,,Aktuel værdi
Krogenbergvej 15B,3490 Kvistgård,38.000.000,01-02-2000,"
Alm. Salg",251.655,4,Villa,151,1948,,Aktuel værdi
Kellerisvej 88,3490 Kvistgård,2.195.000,01-12-1999,"
Alm. Salg",15.034,5,Villa,146,1911,,Aktuel værdi
Munkegårdsvej 79A,3490 Kvistgård,1.482.860,10-10-1999,"
Alm. Salg",12.255,4,Villa,121,1998,,Aktuel værdi
Kongevejen 302,3490 Kvistgård,1.185.350,08-10-1999,"
Alm. Salg",9.188,4,Villa,129,1977,,Aktuel værdi
Hovedgårdsvej 11,3490 Kvistgård,1.247.000,04-10-1999,"
Alm. Salg",11.234,4,Rækkehus,111,1965,,Aktuel værdi
Reerstrupvej 11,3490 Kvistgård,3.555.765,03-09-1999,"
Alm. Salg",16.310,10,Stuehus,218,1899,,
Munkesøvej 11,3490 Kvistgård,908.456,17-08-1999,"
Alm. Salg",10.814,4,Villa,84,1954,,Aktuel værdi
Smedebakken 32B,3490 Kvistgård,1.218.000,28-05-1999,"
Alm. Salg",9.227,4,Villa,132,1963,,Aktuel værdi
Munkegårdsvej 8,3490 Kvistgård,1.118.000,07-12-1998,"
Alm. Salg",9.474,5,Villa,118,1927,,Aktuel værdi
Brunemarksvej 10,3490 Kvistgård,3.000.000,06-12-1998,"
Alm. Salg",15.384,5,Villa,195,1830,,Aktuel værdi
Munkegårdsvej 6A,3490 Kvistgård,967.000,13-11-1998,"
Alm. Salg",8.790,3,Villa,110,1971,,Aktuel værdi
Helsingørsvej 96,3490 Kvistgård,285.000,21-10-1998,"
Fam. Salg",3.064,4,Villa,93,1877,,Aktuel værdi
Hørsholmvej 22,3490 Kvistgård,944.905,17-10-1998,"
Alm. Salg",6.847,9,Villa,138,1891,,Aktuel værdi
Hovedgårdsvej 26,3490 Kvistgård,980.000,15-10-1998,"
Alm. Salg",10.537,3,Rækkehus,93,1965,,Aktuel værdi
Munkegårdsvej 83,3490 Kvistgård,888.429,06-09-1998,"
Alm. Salg",6.345,4,Villa,140,1973,,Aktuel værdi
Munkegårdsvej 31C,3490 Kvistgård,1.127.317,15-07-1998,"
Alm. Salg",7.465,5,Villa,151,1964,,Aktuel værdi
Munkegårdsvej 18,3490 Kvistgård,1.090.000,08-07-1998,"
Alm. Salg",10.092,4,Villa,108,1877,,Aktuel værdi
Munkesøvej 15,3490 Kvistgård,927.560,03-06-1998,"
Alm. Salg",10.912,4,Villa,85,1954,,Aktuel værdi
Gurrevej 384,3490 Kvistgård,2.295.766,24-05-1998,"
Alm. Salg",-,5,Stuehus,250,1922,,
Ørsholtvej 20,3490 Kvistgård,1.043.033,18-05-1998,"
Alm. Salg",9.312,4,Villa,112,1964,,Aktuel værdi
Kongevejen 312,3490 Kvistgård,975.000,17-05-1998,"
Alm. Salg",5.477,4,Villa,178,1900,,Aktuel værdi
Munkesøvej 12,3490 Kvistgård,1.093.600,21-04-1998,"
Alm. Salg",8.891,4,Villa,123,1951,,Aktuel værdi
Munkegårdsvej 48,3490 Kvistgård,420.000,23-02-1998,"
Alm. Salg",-,5,Villa,169,1780,,Aktuel værdi
Munkegårdsvej 71A,3490 Kvistgård,1.011.000,11-02-1998,"
Alm. Salg",10.212,4,Rækkehus,99,1978,,Aktuel værdi
Munkegårdsvej 70,3490 Kvistgård,1.995.176,20-01-1998,"
Alm. Salg",11.599,4,Villa,172,1998,,Aktuel værdi
Farversøvej 1,3490 Kvistgård,858.000,07-01-1998,"
Alm. Salg",9.976,4,Villa,86,1927,,Aktuel værdi
Gurrevej 392,3490 Kvistgård,1.151.115,18-12-1997,"
Alm. Salg",9.435,6,Villa,122,1967,,Aktuel værdi
Ørsholtvej 22,3490 Kvistgård,1.035.000,19-06-1997,"
Alm. Salg",8.085,5,Villa,128,1964,,Aktuel værdi
Lindevangen 7,3490 Kvistgård,1.102.000,18-06-1997,"
Alm. Salg",5.861,6,Villa,188,1970,,Aktuel værdi
Lindevangen 8,3490 Kvistgård,612.000,12-05-1997,"
Fam. Salg",4.935,4,Villa,124,1967,,Aktuel værdi
Munkegårdsvej 41B,3490 Kvistgård,936.000,03-04-1997,"
Alm. Salg",7.932,4,Villa,118,1953,,Aktuel værdi
Smedebakken 30,3490 Kvistgård,185.000,02-04-1997,"
Alm. Salg",1.233,5,Villa,150,1997,,Aktuel værdi
Munkegårdsvej 6B,3490 Kvistgård,1.335.470,02-04-1997,"
Alm. Salg",10.272,6,Villa,130,1932,,Aktuel værdi
Kvistgård Stationsv 15,3490 Kvistgård,610.000,17-01-1997,"
Alm. Salg",-,3,Villa,125,1908,,Aktuel værdi
Nybovej 9,3490 Kvistgård,460.000,02-01-1997,"
Fam. Salg",4.554,4,Sommerhus,101,1875,,Aktuel værdi
Munkegårdsvej 27,3490 Kvistgård,715.000,17-12-1996,"
Alm. Salg",2.750,9,Villa,260,1900,,Aktuel værdi
Engen 10,3490 Kvistgård,810.000,16-12-1996,"
Alm. Salg",6.982,5,Villa,116,1975,,Aktuel værdi
Porthusvej 13,3490 Kvistgård,215.000,23-11-1996,"
Alm. Salg",1.641,4,Villa,131,1998,,Aktuel værdi
Smedebakken 26B,3490 Kvistgård,350.000,22-09-1996,"
Alm. Salg",1.966,4,Villa,178,1998,,Aktuel værdi
Smedebakken 28,3490 Kvistgård,160.000,08-07-1996,"
Alm. Salg",1.300,4,Villa,123,1997,,Aktuel værdi
Kellerisvej 57,3490 Kvistgård,1.700.000,02-07-1996,"
Alm. Salg",-,6,Stuehus,213,1963,,
Reerstrupvej 3,3490 Kvistgård,1.123.150,23-06-1996,"
Alm. Salg",5.672,5,Stuehus,198,1917,,
Uglesø Mosevej 6,3490 Kvistgård,412.000,10-05-1996,"
Alm. Salg",3.923,4,Sommerhus,105,2014,,Aktuel værdi
Gurrevej 447,3490 Kvistgård,3.350.000,24-03-1996,"
Alm. Salg",-,9,Rækkehus,293,1807,,Aktuel værdi
Smedebakken 2,3490 Kvistgård,1.100.000,15-03-1996,"
Alm. Salg",9.322,5,Stuehus,118,1930,,
Kongevejen 278,3490 Kvistgård,782.500,14-12-1995,"
Fam. Salg",3.556,6,Villa,220,1927,,Aktuel værdi
Hørsholmvej 27,3490 Kvistgård,1.402.500,30-09-1995,"
Fam. Salg",12.986,5,Stuehus,108,1900,,
Kvistgård Stationsv 9,3490 Kvistgård,1.000.000,21-07-1995,"
Alm. Salg",3.484,7,Villa,287,1910,,Aktuel værdi
Helsingørsvej 104,3490 Kvistgård,795.000,29-04-1995,"
Alm. Salg",4.907,6,Villa,162,1777,,Aktuel værdi
Hornbækvej 164,3490 Kvistgård,559.000,06-04-1995,"
Fam. Salg",7.763,4,Stuehus,72,1895,,
Lindevangen 6B,3490 Kvistgård,705.800,29-03-1995,"
Alm. Salg",-,4,Villa,132,1984,,Aktuel værdi
Kellerisvej 70,3490 Kvistgård,2.300.000,18-02-1995,"
Alm. Salg",6.886,14,Villa,334,1905,,Aktuel værdi
Ørumgårdsvej 2,3490 Kvistgård,622.500,17-01-1995,"
Alm. Salg",2.791,7,Stuehus,223,1890,,
Helsingørsvej 98,3490 Kvistgård,2.800.000,03-01-1995,"
Alm. Salg",14.141,6,Stuehus,198,1890,,
Vestkrogen 5,3490 Kvistgård,409.135,27-12-1994,"
Alm. Salg",3.620,3,Villa,113,1959,,Aktuel værdi
Uglesø Mosevej 1,3490 Kvistgård,1.675.473,08-11-1994,"
Alm. Salg",7.446,6,Stuehus,225,1880,,
Sydkrogen 1,3490 Kvistgård,528.450,08-08-1994,"
Alm. Salg",-,5,Villa,140,1947,,Aktuel værdi
Tårnvej 10,3490 Kvistgård,640.000,29-07-1994,"
Alm. Salg",5.289,4,Villa,121,1970,,Aktuel værdi
Hovedgårdsvej 20,3490 Kvistgård,727.000,24-06-1994,"
Alm. Salg",6.321,4,Villa,115,1967,,Aktuel værdi
Sydkrogen 6,3490 Kvistgård,709.500,18-06-1994,"
Alm. Salg",5.912,4,Villa,120,1970,,Aktuel værdi
Munkegårdsvej 61,3490 Kvistgård,615.000,08-05-1994,"
Alm. Salg",4.456,5,Villa,138,1937,,Aktuel værdi
Kellerisvej 78,3490 Kvistgård,1.965.000,04-01-1994,"
Alm. Salg",-,9,Villa,442,1900,,Aktuel værdi
Munkegårdsvej 2A,3490 Kvistgård,830.000,29-11-1993,"
Alm. Salg",-,5,Villa,135,1977,,Aktuel værdi
Munkesøvej 3,3490 Kvistgård,575.000,22-11-1993,"
Alm. Salg",6.388,3,Villa,90,1955,,Aktuel værdi
Nybovej 15,3490 Kvistgård,195.000,08-11-1993,"
Alm. Salg",6.500,2,Sommerhus,30,1963,,Aktuel værdi
Ørsholtvej 2,3490 Kvistgård,249.027,28-10-1993,"
Alm. Salg",-,6,Villa,169,1954,,Aktuel værdi
Munkegårdsvej 45,3490 Kvistgård,627.340,23-10-1993,"
Alm. Salg",5.018,4,Villa,125,1964,,Aktuel værdi
Ørsholtvej 24,3490 Kvistgård,395.000,02-10-1993,"
Alm. Salg",-,4,Villa,99,1952,,Aktuel værdi
Gurrevej 395B,3490 Kvistgård,1.347.500,17-09-1993,"
Alm. Salg",5.263,8,Villa,256,1750,,Aktuel værdi
Hovedgårdsvej 18,3490 Kvistgård,920.000,15-09-1993,"
Alm. Salg",5.750,5,Villa,160,1973,,Aktuel værdi
Hørsholmvej 24,3490 Kvistgård,1.185.000,18-08-1993,"
Alm. Salg",8.229,5,Villa,144,1884,,Aktuel værdi
Sydkrogen 5,3490 Kvistgård,773.000,14-07-1993,"
Alm. Salg",4.468,6,Villa,173,1975,,Aktuel værdi
Tårnvej 6,3490 Kvistgård,471.500,21-06-1993,"
Auktion",3.185,5,Villa,148,1973,,Aktuel værdi
Munkegårdsvej 35,3490 Kvistgård,550.000,22-05-1993,"
Alm. Salg",5.392,4,Villa,102,1988,,Aktuel værdi
Munkegårdsvej 68,3490 Kvistgård,580.000,10-05-1993,"
Alm. Salg",5.225,4,Villa,111,1968,,Aktuel værdi
Lindevangen 9,3490 Kvistgård,716.612,24-04-1993,"
Alm. Salg",3.674,5,Villa,195,1970,,Aktuel værdi
Munkegårdsvej 33,3490 Kvistgård,803.000,02-10-1992,"
Alm. Salg",4.837,6,Villa,166,1937,,Aktuel værdi
Munkesøvej 17,3490 Kvistgård,595.000,11-06-1992,"
Alm. Salg",6.538,3,Villa,91,1954,,Aktuel værdi
Engen 4,3490 Kvistgård,479.600,19-05-1992,"
Alm. Salg",4.701,4,Rækkehus,102,1966,,Aktuel værdi
Munkegårdsvej 55B,3490 Kvistgård,735.000,01-05-1992,"
Alm. Salg",5.975,4,Villa,123,1975,,Aktuel værdi
Munkegårdsvej 63,3490 Kvistgård,560.000,13-01-1992,"
Alm. Salg",4.242,4,Villa,132,1936,,Aktuel værdi
