address,zip_code,price,sell_date,sell_type,price_per_sq_m,no_rooms,housing_type,size_in_sq_m,year_of_construction,price_change_in_pct
Magleåsen 2,3670 Veksø Sjælland,1.495.000,19-04-2017,"
Alm. Salg",11.500,4,Villa,130,1910,0 %,Aktuel værdi
Nordre Sørække 9,3670 Veksø Sjælland,1.305.000,24-03-2017,"
Alm. Salg",15.174,3,Villa,86,1923,-13 %,Aktuel værdi
Madam Anes Vej 4,3670 Veksø Sjælland,2.900.000,15-03-2017,"
Fam. Salg",13.942,7,Villa,208,1951,,Aktuel værdi
Lærkevang 19,3670 Veksø Sjælland,760.000,12-03-2017,"
Alm. Salg",12.459,4,Sommerhus,61,1965,-3 %,Aktuel værdi
Veksø Bygade 34,3670 Veksø Sjælland,1.600.000,07-03-2017,"
Alm. Salg",9.195,6,Villa,174,1850,,Aktuel værdi
Skelhøjvej 5,3670 Veksø Sjælland,4.900.000,09-02-2017,"
Alm. Salg",37.121,4,Stuehus,132,1981,-2 %,
Skolevangen 3,3670 Veksø Sjælland,1.975.000,09-02-2017,"
Alm. Salg",21.944,4,Villa,90,1964,-1 %,Aktuel værdi
Korshøj 226,3670 Veksø Sjælland,3.125.000,03-02-2017,"
Alm. Salg",17.265,7,Villa,181,1986,-4 %,Aktuel værdi
Skovvangsvej 11,3670 Veksø Sjælland,3.099.000,24-01-2017,"
Alm. Salg",25.611,4,Villa,121,1965,0 %,Aktuel værdi
Brøndsted 215,3670 Veksø Sjælland,1.196.907,05-01-2017,"
Fam. Salg",9.652,4,Rækkehus,124,1989,,Aktuel værdi
Kelsted 309,3670 Veksø Sjælland,2.770.000,14-11-2016,"
Alm. Salg",22.704,4,Villa,122,1983,-1 %,Aktuel værdi
Tjørnevang 5,3670 Veksø Sjælland,2.850.000,25-10-2016,"
Alm. Salg",14.039,5,Sommerhus,203,2009,-5 %,Aktuel værdi
Store Valbyvej 273,3670 Veksø Sjælland,3.500.000,04-10-2016,"
Alm. Salg",14.056,8,Villa,249,1900,-10 %,Aktuel værdi
Kelsted 301,3670 Veksø Sjælland,3.600.000,23-09-2016,"
Alm. Salg",23.529,6,Villa,153,1982,,Aktuel værdi
Katholm 325,3670 Veksø Sjælland,2.965.000,20-09-2016,"
Alm. Salg",18.885,5,Rækkehus,157,1979,-1 %,Aktuel værdi
Tjørnevang 4,3670 Veksø Sjælland,700.000,20-09-2016,"
Alm. Salg",16.279,3,Sommerhus,43,1963,-7 %,Aktuel værdi
Skibsted 312,3670 Veksø Sjælland,2.495.000,20-09-2016,"
Alm. Salg",22.079,4,Villa,113,1983,0 %,Aktuel værdi
Brunhøjvej 4,3670 Veksø Sjælland,2.175.000,19-09-2016,"
Alm. Salg",16.730,4,Villa,130,1986,-9 %,Aktuel værdi
Kresten Smed Stræde 6,3670 Veksø Sjælland,720.000,18-09-2016,"
Fam. Salg",4.000,8,Villa,180,1969,,Aktuel værdi
Egevang 5,3670 Veksø Sjælland,350.000,06-09-2016,"
Alm. Salg",2.611,6,Sommerhus,134,1965,,Aktuel værdi
Korshøj 108,3670 Veksø Sjælland,3.825.000,15-08-2016,"
Alm. Salg",21.732,6,Villa,176,1987,-4 %,Aktuel værdi
Skibsted 220,3670 Veksø Sjælland,3.675.000,29-07-2016,"
Alm. Salg",25.344,5,Villa,145,1981,,Aktuel værdi
Løjesøvej 12,3670 Veksø Sjælland,2.300.000,28-07-2016,"
Alm. Salg",15.646,5,Villa,147,1960,-6 %,Aktuel værdi
Kastanievang 5,3670 Veksø Sjælland,767.000,30-06-2016,"
Alm. Salg",9.961,4,Sommerhus,77,1970,29 %,Aktuel værdi
Byrgesens Vænge 5,3670 Veksø Sjælland,3.090.000,28-06-2016,"
Alm. Salg",25.121,4,Villa,123,2007,,Aktuel værdi
Brøndsted 139,3670 Veksø Sjælland,2.295.000,28-06-2016,"
Alm. Salg",23.906,4,Rækkehus,96,1989,0 %,Aktuel værdi
Skovvangsvej 28B,3670 Veksø Sjælland,2.695.000,17-06-2016,"
Alm. Salg",25.913,3,Villa,104,1967,-4 %,Aktuel værdi
Hyldevang 3,3670 Veksø Sjælland,1.100.000,16-06-2016,"
Alm. Salg",13.253,3,Sommerhus,83,1965,-8 %,Aktuel værdi
Søsumvej 109,3670 Veksø Sjælland,2.037.500,03-06-2016,"
Alm. Salg",19.975,3,Rækkehus,102,2002,-3 %,Aktuel værdi
Lillevangsvej 8,3670 Veksø Sjælland,5.486.250,31-05-2016,"
Alm. Salg",11.623,13,Stuehus,472,1884,,
Skibsted 212,3670 Veksø Sjælland,445.000,24-05-2016,"
Fam. Salg",3.938,4,Villa,113,1982,,Aktuel værdi
Rønnevang 2,3670 Veksø Sjælland,225.367,03-05-2016,"
Fam. Salg",6.829,2,Sommerhus,33,1978,,Aktuel værdi
Kelsted 227,3670 Veksø Sjælland,2.795.000,29-04-2016,"
Alm. Salg",22.723,4,Villa,123,1984,0 %,Aktuel værdi
Katholm 318,3670 Veksø Sjælland,3.160.000,05-04-2016,"
Alm. Salg",22.571,6,Rækkehus,140,1980,-1 %,Aktuel værdi
Tranemosen 3,3670 Veksø Sjælland,795.000,22-03-2016,"
Alm. Salg",28.392,2,Sommerhus,28,1977,0 %,Aktuel værdi
Hesselholm 106,3670 Veksø Sjælland,1.219.875,11-03-2016,"
Fam. Salg",8.651,5,Villa,141,1979,,Aktuel værdi
Damvadvej 34,3670 Veksø Sjælland,2.675.000,02-03-2016,"
Alm. Salg",24.318,4,Villa,110,1965,-4 %,Aktuel værdi
Østersø 15,3670 Veksø Sjælland,5.575.000,23-02-2016,"
Alm. Salg",22.479,8,Villa,248,1937,-1 %,Aktuel værdi
Brøndsted 137,3670 Veksø Sjælland,1.965.000,22-02-2016,"
Alm. Salg",21.833,3,Rækkehus,90,1989,,Aktuel værdi
Skovvangsvej 25,3670 Veksø Sjælland,810.000,01-02-2016,"
Alm. Salg",7.105,4,Villa,114,1894,-19 %,Aktuel værdi
Kelsted 107,3670 Veksø Sjælland,2.432.000,27-01-2016,"
Alm. Salg",19.149,4,Rækkehus,127,1986,-3 %,Aktuel værdi
Brøndsted 213,3670 Veksø Sjælland,3.920.000,22-01-2016,"
Alm. Salg",22.400,6,Villa,175,1986,-2 %,Aktuel værdi
Søsumvej 123,3670 Veksø Sjælland,2.290.000,18-01-2016,"
Alm. Salg",19.913,2,Rækkehus,115,2002,,Aktuel værdi
Birkevang 13,3670 Veksø Sjælland,375.000,14-01-2016,"
Alm. Salg",3.750,2,Sommerhus,100,2017,-5 %,Aktuel værdi
Katholm 107,3670 Veksø Sjælland,2.560.000,07-01-2016,"
Alm. Salg",19.541,4,Villa,131,1980,-4 %,Aktuel værdi
Korshøj 210,3670 Veksø Sjælland,2.500.000,06-01-2016,"
Alm. Salg",19.685,4,Villa,127,1986,-3 %,Aktuel værdi
Brøndsted 301,3670 Veksø Sjælland,2.825.000,30-12-2015,"
Alm. Salg",21.082,5,Villa,134,1990,-1 %,Aktuel værdi
Tjørnevang 1,3670 Veksø Sjælland,2.100.000,17-12-2015,"
Alm. Salg",17.213,4,Sommerhus,122,2005,-4 %,Aktuel værdi
Brøndsted 155,3670 Veksø Sjælland,1.960.000,01-12-2015,"
Alm. Salg",19.215,4,Rækkehus,102,1989,-2 %,Aktuel værdi
Kelsted 125,3670 Veksø Sjælland,2.380.000,27-11-2015,"
Alm. Salg",18.740,4,Rækkehus,127,1986,1 %,Aktuel værdi
Humlebakken 16,3670 Veksø Sjælland,3.800.000,10-11-2015,"
Alm. Salg",22.754,6,Stuehus,167,1902,-5 %,
Skovvangsvej 39,3670 Veksø Sjælland,1.510.000,03-11-2015,"
Alm. Salg",16.593,4,Sommerhus,91,1960,-5 %,Aktuel værdi
Poppelvang 7,3670 Veksø Sjælland,1.375.000,21-10-2015,"
Alm. Salg",13.888,3,Sommerhus,99,1973,-5 %,Aktuel værdi
Agervej 7,3670 Veksø Sjælland,2.500.000,12-10-2015,"
Alm. Salg",19.531,4,Villa,128,1964,0 %,Aktuel værdi
Stenpilstræde 7,3670 Veksø Sjælland,1.900.000,29-09-2015,"
Alm. Salg",13.103,4,Villa,145,1900,-5 %,Aktuel værdi
Møllestræde 1,3670 Veksø Sjælland,3.615.000,21-09-2015,"
Alm. Salg",20.083,7,Villa,180,1777,-1 %,Aktuel værdi
Søsum Bygade 27,3670 Veksø Sjælland,3.375.000,20-09-2015,"
Alm. Salg",17.578,9,Villa,192,1917,-2 %,Aktuel værdi
Løjesøvej 17,3670 Veksø Sjælland,1.315.005,08-09-2015,"
Andet",7.032,5,Villa,187,1956,,Aktuel værdi
Korshøj 204,3670 Veksø Sjælland,2.500.000,01-09-2015,"
Andet",15.432,4,Villa,162,1986,,Aktuel værdi
Veksø Bygade 2,3670 Veksø Sjælland,859.445,19-08-2015,"
Fam. Salg",8.769,3,Villa,98,1961,,Aktuel værdi
Kirkebakken 24,3670 Veksø Sjælland,2.885.000,06-08-2015,"
Alm. Salg",15.765,4,Villa,183,1981,-4 %,Aktuel værdi
Kresten Smed Stræde 3,3670 Veksø Sjælland,1.795.000,30-07-2015,"
Alm. Salg",14.713,5,Villa,122,1845,0 %,Aktuel værdi
Hesselholm 207,3670 Veksø Sjælland,2.850.000,27-07-2015,"
Alm. Salg",20.357,5,Rækkehus,140,1982,0 %,Aktuel værdi
Katholm 112,3670 Veksø Sjælland,2.475.000,24-07-2015,"
Alm. Salg",18.893,4,Villa,131,1980,-1 %,Aktuel værdi
Veksø Bygade 18,3670 Veksø Sjælland,2.110.000,24-07-2015,"
Alm. Salg",19.537,3,Villa,108,1877,-3 %,Aktuel værdi
Thorkildgårdsvej 11,3670 Veksø Sjælland,625.000,13-07-2015,"
Andet",6.944,2,Villa,90,1800,,Aktuel værdi
Søsum Bygade 14,3670 Veksø Sjælland,1.450.000,08-07-2015,"
Alm. Salg",20.138,3,Villa,72,1963,-3 %,Aktuel værdi
Søsumvej 93,3670 Veksø Sjælland,1.775.000,07-07-2015,"
Alm. Salg",18.684,2,Rækkehus,95,2002,-1 %,Aktuel værdi
Kildevej 2,3670 Veksø Sjælland,1.116.977,07-07-2015,"
Fam. Salg",8.526,5,Villa,131,1985,,Aktuel værdi
Nordre Sørække 17,3670 Veksø Sjælland,1.650.000,29-06-2015,"
Alm. Salg",11.458,4,Villa,144,2017,,Aktuel værdi
Brøndsted 421,3670 Veksø Sjælland,1.380.000,15-06-2015,"
Andet",11.129,4,Rækkehus,124,1988,,Aktuel værdi
Katholm 313,3670 Veksø Sjælland,2.325.000,29-05-2015,"
Alm. Salg",14.715,5,Rækkehus,158,1979,-3 %,Aktuel værdi
Søsumvej 107,3670 Veksø Sjælland,2.495.000,26-05-2015,"
Alm. Salg",20.120,3,Rækkehus,124,2002,-4 %,Aktuel værdi
Brøndsted 416,3670 Veksø Sjælland,1.850.000,15-05-2015,"
Alm. Salg",19.680,4,Rækkehus,94,1992,-1 %,Aktuel værdi
Søsumvej 105,3670 Veksø Sjælland,2.150.000,04-05-2015,"
Alm. Salg",20.873,3,Rækkehus,103,2002,0 %,Aktuel værdi
Løjesøvej 7,3670 Veksø Sjælland,2.900.000,03-05-2015,"
Alm. Salg",19.333,6,Villa,150,1877,-9 %,Aktuel værdi
Birkevang 23,3670 Veksø Sjælland,720.000,23-04-2015,"
Alm. Salg",10.285,3,Sommerhus,70,1965,-3 %,Aktuel værdi
Bjellekjærvej 16,3670 Veksø Sjælland,740.000,21-04-2015,"
Alm. Salg",1.863,11,Stuehus,397,1977,,
Brøndsted 127,3670 Veksø Sjælland,1.950.000,18-04-2015,"
Alm. Salg",22.413,3,Rækkehus,87,1989,0 %,Aktuel værdi
Lille Veksøvej 3,3670 Veksø Sjælland,2.350.000,13-04-2015,"
Alm. Salg",19.262,4,Stuehus,122,1965,-9 %,
Fugleøjevej 1,3670 Veksø Sjælland,1.599.000,30-03-2015,"
Alm. Salg",17.766,3,Villa,90,1877,0 %,Aktuel værdi
Kelsted 113,3670 Veksø Sjælland,2.300.000,25-03-2015,"
Alm. Salg",18.110,4,Rækkehus,127,1986,,Aktuel værdi
Søsumvej 89,3670 Veksø Sjælland,1.995.000,19-03-2015,"
Alm. Salg",17.051,3,Rækkehus,117,2000,0 %,Aktuel værdi
Søsumvej 99,3670 Veksø Sjælland,2.000.000,11-03-2015,"
Andet",19.607,2,Rækkehus,102,2002,,Aktuel værdi
Lærkevang 21,3670 Veksø Sjælland,400.000,04-03-2015,"
Alm. Salg",9.302,3,Sommerhus,43,1972,,Aktuel værdi
Damvadvej 45,3670 Veksø Sjælland,1.657.755,03-03-2015,"
Alm. Salg",11.757,5,Stuehus,141,1977,,
Nordre Sørække 13,3670 Veksø Sjælland,2.395.000,26-02-2015,"
Alm. Salg",20.470,5,Villa,117,1857,0 %,Aktuel værdi
Skibsted 302,3670 Veksø Sjælland,1.100.000,23-02-2015,"
Alm. Salg",9.734,4,Villa,113,1983,,Aktuel værdi
Snedkerstræde 1,3670 Veksø Sjælland,1.242.961,16-02-2015,"
Alm. Salg",12.306,4,Villa,101,1900,,Aktuel værdi
Løjesøvej 15,3670 Veksø Sjælland,325.000,09-02-2015,"
Alm. Salg",1.173,4,Villa,277,2015,,Aktuel værdi
Katholm 205,3670 Veksø Sjælland,1.175.000,15-01-2015,"
Fam. Salg",8.333,5,Villa,141,1980,,Aktuel værdi
Humlebakken 5,3670 Veksø Sjælland,2.450.000,08-01-2015,"
Alm. Salg",12.128,6,Villa,202,1950,-9 %,Aktuel værdi
Kelsted 103,3670 Veksø Sjælland,2.220.000,07-01-2015,"
Alm. Salg",17.480,4,Rækkehus,127,1986,,Aktuel værdi
Brøndsted 135,3670 Veksø Sjælland,1.750.000,27-12-2014,"
Alm. Salg",19.444,3,Rækkehus,90,1989,-3 %,Aktuel værdi
Birkevang 15,3670 Veksø Sjælland,280.400,19-12-2014,"
Fam. Salg",6.231,3,Sommerhus,45,1964,-41 %,Aktuel værdi
Hesselholm 202,3670 Veksø Sjælland,2.460.000,12-12-2014,"
Alm. Salg",17.571,5,Rækkehus,140,1983,-1 %,Aktuel værdi
Slotsgyden 18,3670 Veksø Sjælland,1.250.000,08-12-2014,"
Alm. Salg",13.736,4,Rækkehus,91,1949,-4 %,Aktuel værdi
Skibsted 316,3670 Veksø Sjælland,1.875.000,08-12-2014,"
Alm. Salg",19.736,3,Villa,95,1983,-4 %,Aktuel værdi
Korshøj 202,3670 Veksø Sjælland,2.223.764,25-11-2014,"
Fam. Salg",17.648,4,Villa,126,1986,,Aktuel værdi
Engtoften 6,3670 Veksø Sjælland,1.695.000,24-11-2014,"
Alm. Salg",12.938,5,Villa,131,1807,0 %,Aktuel værdi
Slotsgyden 12,3670 Veksø Sjælland,1.450.000,24-11-2014,"
Andet",8.787,6,Villa,165,1957,,Aktuel værdi
Katholm 104,3670 Veksø Sjælland,2.000.000,13-11-2014,"
Alm. Salg",18.018,3,Villa,111,1979,-11 %,Aktuel værdi
Birkevang 4,3670 Veksø Sjælland,380.000,11-11-2014,"
Alm. Salg",12.666,2,Sommerhus,30,1967,,Aktuel værdi
Kelsted 101,3670 Veksø Sjælland,2.250.000,05-11-2014,"
Alm. Salg",17.716,4,Rækkehus,127,1986,0 %,Aktuel værdi
Katholm 314,3670 Veksø Sjælland,2.550.000,02-11-2014,"
Alm. Salg",18.214,6,Rækkehus,140,1980,-2 %,Aktuel værdi
Slotsgyden 4,3670 Veksø Sjælland,1.985.000,27-10-2014,"
Alm. Salg",28.768,3,Villa,69,1930,0 %,Aktuel værdi
Brøndsted 141,3670 Veksø Sjælland,1.800.000,23-10-2014,"
Alm. Salg",20.000,3,Rækkehus,90,1989,-5 %,Aktuel værdi
Madam Anes Vej 2,3670 Veksø Sjælland,2.495.000,12-10-2014,"
Alm. Salg",15.691,6,Villa,159,1860,0 %,Aktuel værdi
Skovvangsvej 14,3670 Veksø Sjælland,3.950.000,10-10-2014,"
Alm. Salg",26.333,4,Stuehus,150,1923,-4 %,
Birkevang 41,3670 Veksø Sjælland,250.000,26-08-2014,"
Alm. Salg",9.615,2,Sommerhus,26,1992,,Aktuel værdi
Stenpilstræde 3,3670 Veksø Sjælland,1.275.000,14-08-2014,"
Alm. Salg",10.282,6,Villa,124,1900,-9 %,Aktuel værdi
Dyrlægevej 9,3670 Veksø Sjælland,2.050.000,24-07-2014,"
Alm. Salg",16.532,5,Villa,124,1963,-2 %,Aktuel værdi
Toppevadvej 9,3670 Veksø Sjælland,4.500.000,15-07-2014,"
Alm. Salg",19.148,4,Villa,235,1976,-10 %,Aktuel værdi
Smedestræde 3B,3670 Veksø Sjælland,2.375.000,15-07-2014,"
Alm. Salg",15.728,4,Villa,151,1987,-3 %,Aktuel værdi
Brøndsted 153,3670 Veksø Sjælland,1.895.000,08-07-2014,"
Alm. Salg",18.578,4,Rækkehus,102,1989,0 %,Aktuel værdi
Veksø Bygade 42,3670 Veksø Sjælland,2.320.000,30-06-2014,"
Alm. Salg",18.412,3,Villa,126,1827,-3 %,Aktuel værdi
Lillevangsvej 19,3670 Veksø Sjælland,4.335.000,27-06-2014,"
Alm. Salg",22.815,6,Villa,190,1777,-9 %,Aktuel værdi
Lillevangsvej 1,3670 Veksø Sjælland,4.120.000,24-06-2014,"
Alm. Salg",16.480,6,Stuehus,250,2016,3 %,
Brøndsted 302,3670 Veksø Sjælland,2.395.000,24-06-2014,"
Alm. Salg",22.383,4,Villa,107,1988,0 %,Aktuel værdi
Nordre Sørække 23,3670 Veksø Sjælland,2.425.000,20-06-2014,"
Alm. Salg",16.496,5,Villa,147,1864,-3 %,Aktuel værdi
Skovhusvej 4,3670 Veksø Sjælland,4.600.000,18-06-2014,"
Alm. Salg",16.312,8,Villa,282,1850,-6 %,Aktuel værdi
Rønnevang 4,3670 Veksø Sjælland,375.000,18-06-2014,"
Alm. Salg",25.000,1,Sommerhus,15,1969,-5 %,Aktuel værdi
Brøndsted 115,3670 Veksø Sjælland,1.800.000,16-06-2014,"
Alm. Salg",18.000,4,Rækkehus,100,1989,-5 %,Aktuel værdi
Fugleøjevej 8,3670 Veksø Sjælland,1.722.425,26-05-2014,"
Fam. Salg",7.521,5,Villa,229,1925,,Aktuel værdi
Damvadvej 38,3670 Veksø Sjælland,7.350.000,22-05-2014,"
Alm. Salg",40.833,5,Villa,180,1966,-4 %,Aktuel værdi
Birkevang 24,3670 Veksø Sjælland,375.000,22-05-2014,"
Alm. Salg",9.375,2,Sommerhus,40,1968,0 %,Aktuel værdi
Søsumvej 103,3670 Veksø Sjælland,1.700.000,21-05-2014,"
Alm. Salg",16.831,2,Rækkehus,101,2002,-5 %,Aktuel værdi
Skibsted 308,3670 Veksø Sjælland,2.100.000,04-04-2014,"
Alm. Salg",18.584,4,Villa,113,1983,-4 %,Aktuel værdi
Slotsgyden 22,3670 Veksø Sjælland,2.765.000,03-04-2014,"
Alm. Salg",14.035,8,Villa,197,1800,-3 %,Aktuel værdi
Veksø Bygade 23A,3670 Veksø Sjælland,573.750,01-04-2014,"
Andet",4.627,4,Rækkehus,124,1850,,Aktuel værdi
Veksø Bygade 23B,3670 Veksø Sjælland,573.750,01-04-2014,"
Andet",5.516,4,Rækkehus,104,1850,,Aktuel værdi
Veksø Stationsvej 5,3670 Veksø Sjælland,1.720.000,25-03-2014,"
Andet",27.741,6,Erhverv,62,1920,,Aktuel værdi
Nordre Sørække 15,3670 Veksø Sjælland,1.549.500,19-03-2014,"
Alm. Salg",11.563,4,Villa,134,1962,,Aktuel værdi
Brøndsted 329,3670 Veksø Sjælland,962.376,13-03-2014,"
Alm. Salg",7.761,5,Rækkehus,124,1989,,Aktuel værdi
Bøgevang 6,3670 Veksø Sjælland,270.000,11-03-2014,"
Auktion",3.857,3,Sommerhus,70,1962,,Aktuel værdi
Veksø Bygade 6E,3670 Veksø Sjælland,1.225.000,20-02-2014,"
Alm. Salg",15.705,3,Rækkehus,78,1975,-4 %,Aktuel værdi
Katholm 207,3670 Veksø Sjælland,1.438.550,19-02-2014,"
Fam. Salg",11.888,5,Villa,121,1980,,Aktuel værdi
Veksø Bygade 6G,3670 Veksø Sjælland,1.825.000,11-02-2014,"
Alm. Salg",18.814,4,Rækkehus,97,1993,-3 %,Aktuel værdi
Slettemosevej 7,3670 Veksø Sjælland,1.300.000,07-01-2014,"
Alm. Salg",7.831,5,Villa,166,1897,,Aktuel værdi
Bjellekjærvej 12,3670 Veksø Sjælland,1.976.417,10-12-2013,"
Alm. Salg",8.784,5,Villa,225,1982,,Aktuel værdi
Veksø Bygade 9,3670 Veksø Sjælland,1.835.000,03-12-2013,"
Alm. Salg",15.291,5,Villa,120,1880,0 %,Aktuel værdi
Holmevej 141,3670 Veksø Sjælland,4.950.000,14-11-2013,"
Alm. Salg",18.131,8,Stuehus,273,1920,,
Ellevej 2A,3670 Veksø Sjælland,4.800.000,11-11-2013,"
Alm. Salg",18.461,7,Stuehus,260,1880,28 %,
Skibsted 102,3670 Veksø Sjælland,2.400.000,20-10-2013,"
Alm. Salg",16.666,5,Villa,144,1984,-4 %,Aktuel værdi
Hesselholm 104,3670 Veksø Sjælland,1.925.000,20-10-2013,"
Alm. Salg",17.342,4,Villa,111,1980,-8 %,Aktuel værdi
Agervej 16,3670 Veksø Sjælland,100.000,17-10-2013,"
Alm. Salg",406,6,Stuehus,246,1961,,
Brøndsted 418,3670 Veksø Sjælland,1.745.000,15-10-2013,"
Alm. Salg",17.806,4,Rækkehus,98,1992,0 %,Aktuel værdi
Brøndsted 111,3670 Veksø Sjælland,1.750.000,23-09-2013,"
Alm. Salg",19.444,3,Rækkehus,90,1989,-8 %,Aktuel værdi
Birkevang 25,3670 Veksø Sjælland,1.330.000,23-09-2013,"
Alm. Salg",13.854,4,Sommerhus,96,2008,-5 %,Aktuel værdi
Katholm 309,3670 Veksø Sjælland,620.359,19-09-2013,"
Fam. Salg",4.431,6,Rækkehus,140,1980,,Aktuel værdi
Katholm 301,3670 Veksø Sjælland,2.375.000,10-09-2013,"
Alm. Salg",16.964,6,Rækkehus,140,1980,,Aktuel værdi
Søsumvej 119,3670 Veksø Sjælland,2.245.000,29-08-2013,"
Alm. Salg",17.403,3,Rækkehus,129,2002,0 %,Aktuel værdi
Kastanievang 1,3670 Veksø Sjælland,945.000,11-08-2013,"
Alm. Salg",10.053,4,Sommerhus,94,1966,0 %,Aktuel værdi
Søsumvej 101,3670 Veksø Sjælland,1.750.000,09-08-2013,"
Alm. Salg",17.156,2,Rækkehus,102,2002,-5 %,Aktuel værdi
Hasselvang 2,3670 Veksø Sjælland,510.000,01-08-2013,"
Alm. Salg",7.391,3,Sommerhus,69,1960,-14 %,Aktuel værdi
Skovgårdsvej 15,3670 Veksø Sjælland,7.275.000,31-07-2013,"
Alm. Salg",29.100,6,Stuehus,250,1919,-8 %,
Lærkebækvej 15,3670 Veksø Sjælland,1.725.000,26-07-2013,"
Alm. Salg",18.157,3,Villa,95,1960,-4 %,Aktuel værdi
Brøndsted 402,3670 Veksø Sjælland,1.712.500,15-07-2013,"
Alm. Salg",17.474,4,Rækkehus,98,1992,-4 %,Aktuel værdi
Korshøj 214,3670 Veksø Sjælland,3.200.000,15-07-2013,"
Alm. Salg",19.512,6,Villa,164,1987,-3 %,Aktuel værdi
Stenpilstræde 9,3670 Veksø Sjælland,956.000,02-07-2013,"
Andet",8.851,4,Villa,108,1921,,Aktuel værdi
Skibsted 120,3670 Veksø Sjælland,926.619,24-06-2013,"
Fam. Salg",5.450,6,Villa,170,1984,,Aktuel værdi
Fyrrevang 6,3670 Veksø Sjælland,260.000,18-06-2013,"
Alm. Salg",5.098,2,Sommerhus,51,1965,-34 %,Aktuel værdi
Kildevej 4,3670 Veksø Sjælland,875.000,14-06-2013,"
Alm. Salg",7.675,5,Villa,114,1981,,Aktuel værdi
Skolevangen 15,3670 Veksø Sjælland,2.600.000,14-06-2013,"
Alm. Salg",15.116,3,Villa,172,1966,-4 %,Aktuel værdi
Søsum Bygade 18,3670 Veksø Sjælland,7.500.000,06-06-2013,"
Alm. Salg",31.914,6,Stuehus,235,1927,,
Hyldevang 10,3670 Veksø Sjælland,100.000,03-06-2013,"
Alm. Salg",2.127,2,Sommerhus,47,1966,,Aktuel værdi
Katholm 103,3670 Veksø Sjælland,2.550.000,21-05-2013,"
Alm. Salg",14.571,4,Villa,175,1985,-9 %,Aktuel værdi
Toppevadvej 3,3670 Veksø Sjælland,2.125.000,19-05-2013,"
Alm. Salg",11.938,5,Villa,178,1877,-3 %,Aktuel værdi
Katholm 216,3670 Veksø Sjælland,2.795.000,14-05-2013,"
Alm. Salg",21.335,4,Villa,131,1980,0 %,Aktuel værdi
Brøndsted 325,3670 Veksø Sjælland,2.020.000,12-05-2013,"
Alm. Salg",16.290,5,Rækkehus,124,1988,-8 %,Aktuel værdi
Kirkebakken 5,3670 Veksø Sjælland,900.000,07-05-2013,"
Auktion",5.960,3,Villa,151,1918,,Aktuel værdi
Kelsted 102,3670 Veksø Sjælland,760.000,02-05-2013,"
Fam. Salg",5.846,5,Villa,130,1985,,Aktuel værdi
Rønnevang 1,3670 Veksø Sjælland,600.000,06-03-2013,"
Alm. Salg",9.230,3,Sommerhus,65,1970,,Aktuel værdi
Lærkevang 7,3670 Veksø Sjælland,1.175.000,26-02-2013,"
Alm. Salg",-,4,Sommerhus,85,1963,-6 %,Aktuel værdi
Kelsted 406,3670 Veksø Sjælland,2.150.000,21-02-2013,"
Alm. Salg",15.693,4,Rækkehus,137,1984,-2 %,Aktuel værdi
Skolevangen 13,3670 Veksø Sjælland,440.000,25-01-2013,"
Alm. Salg",2.603,6,Villa,169,1974,,Aktuel værdi
Birkevang 2A,3670 Veksø Sjælland,1.000.000,21-01-2013,"
Alm. Salg",9.259,4,Villa,108,1963,-20 %,Aktuel værdi
Damvadvej 58,3670 Veksø Sjælland,6.000.000,03-01-2013,"
Fam. Salg",24.691,6,Stuehus,243,1975,,
Brøndsted 101,3670 Veksø Sjælland,1.750.000,19-11-2012,"
Alm. Salg",17.156,4,Rækkehus,102,1989,-3 %,Aktuel værdi
Skibsted 116,3670 Veksø Sjælland,2.500.000,19-11-2012,"
Alm. Salg",17.857,4,Villa,140,1981,-4 %,Aktuel værdi
Brøndsted 420,3670 Veksø Sjælland,1.560.000,08-11-2012,"
Alm. Salg",16.250,4,Rækkehus,96,1992,-2 %,Aktuel værdi
Veksø Bygade 40,3670 Veksø Sjælland,1.800.000,28-10-2012,"
Alm. Salg",14.062,5,Villa,128,1959,-5 %,Aktuel værdi
Korshøj 126,3670 Veksø Sjælland,2.705.000,25-10-2012,"
Alm. Salg",16.906,4,Villa,160,1987,-2 %,Aktuel værdi
Skibsted 204,3670 Veksø Sjælland,1.995.000,14-10-2012,"
Alm. Salg",17.654,4,Villa,113,1983,0 %,Aktuel værdi
Søsumvej 111,3670 Veksø Sjælland,1.915.000,11-10-2012,"
Alm. Salg",18.960,2,Rækkehus,101,2002,-3 %,Aktuel værdi
Brøndsted 123,3670 Veksø Sjælland,1.730.000,10-10-2012,"
Alm. Salg",16.960,4,Rækkehus,102,1989,-4 %,Aktuel værdi
Korshøj 228,3670 Veksø Sjælland,2.600.000,10-10-2012,"
Alm. Salg",16.774,5,Villa,155,1987,,Aktuel værdi
Kelsted 223,3670 Veksø Sjælland,2.495.000,12-09-2012,"
Alm. Salg",20.450,4,Villa,122,1984,0 %,Aktuel værdi
Lærkevang 16,3670 Veksø Sjælland,975.000,10-08-2012,"
Alm. Salg",9.558,6,Sommerhus,102,1965,0 %,Aktuel værdi
Hesselholm 110,3670 Veksø Sjælland,1.800.000,10-08-2012,"
Alm. Salg",11.464,4,Villa,157,1979,-10 %,Aktuel værdi
Smedestræde 4,3670 Veksø Sjælland,3.295.000,05-08-2012,"
Alm. Salg",22.263,5,Villa,148,1999,0 %,Aktuel værdi
Lærkevang 4,3670 Veksø Sjælland,595.000,23-07-2012,"
Alm. Salg",9.015,4,Sommerhus,66,1967,0 %,Aktuel værdi
Store Valbyvej 280,3670 Veksø Sjælland,3.100.000,06-07-2012,"
Alm. Salg",18.674,4,Villa,166,2006,-6 %,Aktuel værdi
Pileholm 4,3670 Veksø Sjælland,2.450.000,24-06-2012,"
Alm. Salg",12.436,7,Villa,197,1890,,Aktuel værdi
Veksø Bygade 32,3670 Veksø Sjælland,2.027.628,13-06-2012,"
Andet",8.309,9,Villa,244,1925,,Aktuel værdi
Snedkerstræde 4,3670 Veksø Sjælland,1.925.000,06-06-2012,"
Alm. Salg",15.524,4,Villa,124,1977,-4 %,Aktuel værdi
Store Valbyvej 276,3670 Veksø Sjælland,21.000.000,21-05-2012,"
Alm. Salg",41.666,12,Stuehus,504,1819,-22 %,
Birkevang 7,3670 Veksø Sjælland,1.075.000,09-05-2012,"
Alm. Salg",12.647,4,Sommerhus,85,1974,,Aktuel værdi
Skibsted 110,3670 Veksø Sjælland,2.495.000,27-04-2012,"
Alm. Salg",17.326,5,Villa,144,1984,0 %,Aktuel værdi
Byrgesens Vænge 1,3670 Veksø Sjælland,2.200.000,17-04-2012,"
Alm. Salg",17.886,4,Villa,123,2007,-12 %,Aktuel værdi
Hesselholm 107,3670 Veksø Sjælland,2.375.000,30-03-2012,"
Alm. Salg",16.843,4,Villa,141,1980,-1 %,Aktuel værdi
Dyrlægevej 11,3670 Veksø Sjælland,1.730.000,15-03-2012,"
Alm. Salg",19.222,3,Villa,90,1960,-9 %,Aktuel værdi
Kelsted 418,3670 Veksø Sjælland,2.200.000,21-02-2012,"
Alm. Salg",16.058,4,Rækkehus,137,1984,-4 %,Aktuel værdi
Korshøj 110,3670 Veksø Sjælland,3.345.000,03-02-2012,"
Alm. Salg",19.447,6,Villa,172,1986,-4 %,Aktuel værdi
Slettemosevej 2,3670 Veksø Sjælland,2.000.000,31-01-2012,"
Alm. Salg",28.571,3,Villa,70,1877,-16 %,Aktuel værdi
Kastanievang 2,3670 Veksø Sjælland,1.700.000,19-01-2012,"
Fam. Salg",7.692,5,Sommerhus,221,2009,,Aktuel værdi
Egevang 3,3670 Veksø Sjælland,660.000,09-01-2012,"
Andet",10.153,4,Sommerhus,65,1981,,Aktuel værdi
Birkevang 6,3670 Veksø Sjælland,1.000.000,22-12-2011,"
Alm. Salg",12.658,3,Sommerhus,79,1965,,Aktuel værdi
Brøndsted 149,3670 Veksø Sjælland,1.600.000,20-12-2011,"
Alm. Salg",15.686,4,Rækkehus,102,1989,-6 %,Aktuel værdi
Dyrlægevej 5,3670 Veksø Sjælland,1.600.000,20-12-2011,"
Auktion",10.062,4,Villa,159,1800,,Aktuel værdi
Skibsted 108,3670 Veksø Sjælland,2.675.000,14-12-2011,"
Alm. Salg",18.576,5,Villa,144,1984,0 %,Aktuel værdi
Kirkestræde 6,3670 Veksø Sjælland,4.500.000,28-11-2011,"
Alm. Salg",12.747,5,Villa,353,1872,-10 %,Aktuel værdi
Møllestræde 2,3670 Veksø Sjælland,1.450.000,04-11-2011,"
Alm. Salg",13.181,4,Villa,110,1930,-13 %,Aktuel værdi
Brøndsted 321,3670 Veksø Sjælland,3.150.000,27-10-2011,"
Alm. Salg",18.313,6,Villa,172,1992,-11 %,Aktuel værdi
Hesselholm 201,3670 Veksø Sjælland,2.450.000,27-10-2011,"
Alm. Salg",17.500,5,Rækkehus,140,1982,-2 %,Aktuel værdi
Engtoften 2A,3670 Veksø Sjælland,1.400.000,22-09-2011,"
Auktion",6.451,6,Villa,217,1741,-53 %,Aktuel værdi
Katholm 306,3670 Veksø Sjælland,2.430.000,29-08-2011,"
Alm. Salg",17.357,6,Rækkehus,140,1980,-3 %,Aktuel værdi
Kelsted 104,3670 Veksø Sjælland,900.536,23-08-2011,"
Fam. Salg",6.927,4,Villa,130,1985,,Aktuel værdi
Korshøjgårdsvej 8,3670 Veksø Sjælland,3.900.000,29-07-2011,"
Alm. Salg",17.333,6,Stuehus,225,1924,-18 %,
Svinemosevej 4,3670 Veksø Sjælland,5.700.000,26-07-2011,"
Alm. Salg",-,6,Stuehus,258,1927,,
Katholm 311,3670 Veksø Sjælland,2.450.000,11-07-2011,"
Alm. Salg",17.500,6,Rækkehus,140,1980,-7 %,Aktuel værdi
Store Valbyvej 275,3670 Veksø Sjælland,800.000,04-07-2011,"
Alm. Salg",4.968,6,Stuehus,161,1905,,
Fugleøjevej 6,3670 Veksø Sjælland,1.325.000,30-06-2011,"
Alm. Salg",7.658,5,Villa,173,2013,-17 %,Aktuel værdi
Søsum Bygade 11,3670 Veksø Sjælland,910.000,23-06-2011,"
Alm. Salg",6.408,3,Villa,142,2002,,Aktuel værdi
Hesselholm 217,3670 Veksø Sjælland,2.550.000,24-05-2011,"
Alm. Salg",18.214,6,Rækkehus,140,1982,-5 %,Aktuel værdi
Søsum Bygade 22,3670 Veksø Sjælland,1.250.000,18-05-2011,"
Fam. Salg",7.352,4,Villa,170,1880,,Aktuel værdi
Brøndsted 424,3670 Veksø Sjælland,915.242,11-05-2011,"
Fam. Salg",9.634,4,Rækkehus,95,1992,,Aktuel værdi
Søsum Bygade 17,3670 Veksø Sjælland,1.600.000,12-04-2011,"
Alm. Salg",14.953,3,Villa,107,1953,-9 %,Aktuel værdi
Holmevej 59,3670 Veksø Sjælland,3.000.000,10-02-2011,"
Alm. Salg",29.411,3,Stuehus,102,1900,2 %,
Humlebakken 9,3670 Veksø Sjælland,2.700.000,20-01-2011,"
Auktion",14.210,4,Villa,190,1983,,Aktuel værdi
Veksø Bygade 24,3670 Veksø Sjælland,1.500.000,13-01-2011,"
Alm. Salg",14.018,4,Villa,107,1800,-9 %,Aktuel værdi
Søsum Bygade 34,3670 Veksø Sjælland,550.000,12-01-2011,"
Auktion",4.230,6,Villa,130,1900,-56 %,Aktuel værdi
Poppelvang 2,3670 Veksø Sjælland,775.000,18-11-2010,"
Alm. Salg",6.150,4,Sommerhus,126,1966,-22 %,Aktuel værdi
Poppelvang 4,3670 Veksø Sjælland,600.000,26-10-2010,"
Alm. Salg",8.955,4,Sommerhus,67,1964,10 %,Aktuel værdi
Søsum Bygade 32,3670 Veksø Sjælland,1.900.000,17-10-2010,"
Alm. Salg",17.924,3,Villa,106,1915,-5 %,Aktuel værdi
Korshøjgårdsvej 13,3670 Veksø Sjælland,3.070.000,03-09-2010,"
Alm. Salg",17.247,5,Villa,178,1986,-5 %,Aktuel værdi
Kelsted 143,3670 Veksø Sjælland,1.047.500,26-08-2010,"
Alm. Salg",9.352,4,Villa,112,1984,,Aktuel værdi
Brøndsted 211,3670 Veksø Sjælland,3.200.000,20-07-2010,"
Alm. Salg",17.777,5,Villa,180,1987,,Aktuel værdi
Brøndsted 410,3670 Veksø Sjælland,1.400.000,22-06-2010,"
Alm. Salg",14.893,4,Rækkehus,94,1992,,Aktuel værdi
Brøndsted 143,3670 Veksø Sjælland,1.685.000,26-05-2010,"
Alm. Salg",18.722,3,Rækkehus,90,1989,0 %,Aktuel værdi
Kirkebakken 40,3670 Veksø Sjælland,1.762.500,06-04-2010,"
Auktion",12.500,6,Villa,141,1870,-5 %,Aktuel værdi
Byrgesens Vænge 8,3670 Veksø Sjælland,1.215.000,31-03-2010,"
Alm. Salg",9.878,4,Villa,123,2007,,Aktuel værdi
Katholm 329,3670 Veksø Sjælland,1.950.000,31-03-2010,"
Alm. Salg",12.662,5,Rækkehus,154,1979,,Aktuel værdi
Hyldevang 9,3670 Veksø Sjælland,977.500,20-03-2010,"
Fam. Salg",11.235,3,Sommerhus,87,1964,,Aktuel værdi
Brøndsted 305,3670 Veksø Sjælland,2.775.000,02-03-2010,"
Alm. Salg",18.019,5,Villa,154,1988,-4 %,Aktuel værdi
Holmevej 60,3670 Veksø Sjælland,2.100.000,18-02-2010,"
Alm. Salg",15.555,5,Villa,135,1964,-4 %,Aktuel værdi
Bjørnebakken 4,3670 Veksø Sjælland,1.775.000,15-02-2010,"
Alm. Salg",12.074,5,Villa,147,1961,,Aktuel værdi
Byrgesens Vænge 3,3670 Veksø Sjælland,2.800.000,05-02-2010,"
Alm. Salg",22.764,4,Villa,123,2007,-3 %,Aktuel værdi
Rønnevang 6,3670 Veksø Sjælland,900.000,25-01-2010,"
Fam. Salg",7.500,5,Sommerhus,120,2007,,Aktuel værdi
Kelsted 147,3670 Veksø Sjælland,2.150.000,21-01-2010,"
Alm. Salg",17.916,4,Villa,120,1985,-2 %,Aktuel værdi
Østrupvej 102,3670 Veksø Sjælland,824.956,20-10-2009,"
Alm. Salg",5.463,5,Villa,151,1825,,Aktuel værdi
Vandtårnet 11,3670 Veksø Sjælland,1.000.000,19-10-2009,"
Fam. Salg",-,6,Stuehus,167,1920,,
Snedkerstræde 10,3670 Veksø Sjælland,2.400.000,12-10-2009,"
Alm. Salg",-,4,Villa,191,1960,-8 %,Aktuel værdi
Søsumvej 85,3670 Veksø Sjælland,2.257.000,10-10-2009,"
Alm. Salg",21.292,5,Rækkehus,106,1780,-2 %,Aktuel værdi
Veksø Stationsvej 11,3670 Veksø Sjælland,1.300.000,08-10-2009,"
Alm. Salg",9.701,5,Villa,134,1916,-12 %,Aktuel værdi
Brøndsted 414,3670 Veksø Sjælland,1.565.000,28-09-2009,"
Alm. Salg",16.648,4,Rækkehus,94,1992,-9 %,Aktuel værdi
Østrupvej 107,3670 Veksø Sjælland,3.300.000,20-09-2009,"
Alm. Salg",19.298,5,Villa,171,1912,-10 %,Aktuel værdi
Søsum Bygade 24,3670 Veksø Sjælland,1.790.000,17-09-2009,"
Alm. Salg",20.574,3,Villa,87,1678,-1 %,Aktuel værdi
Kelsted 422,3670 Veksø Sjælland,2.395.000,27-08-2009,"
Alm. Salg",17.107,4,Rækkehus,140,1984,-4 %,Aktuel værdi
Kelsted 203,3670 Veksø Sjælland,2.525.000,17-07-2009,"
Alm. Salg",17.534,4,Villa,144,1985,-5 %,Aktuel værdi
Ellevang 8,3670 Veksø Sjælland,675.000,29-06-2009,"
Alm. Salg",9.000,3,Sommerhus,75,1968,-31 %,Aktuel værdi
Søsumvej 117,3670 Veksø Sjælland,956.250,25-06-2009,"
Fam. Salg",9.375,2,Rækkehus,102,2002,,Aktuel værdi
Kelsted 106,3670 Veksø Sjælland,2.300.000,16-06-2009,"
Alm. Salg",17.692,4,Villa,130,1985,-8 %,Aktuel værdi
Lillevangsvej 5,3670 Veksø Sjælland,4.750.000,16-05-2009,"
Alm. Salg",13.728,8,Stuehus,346,2013,-5 %,
Lærkebækvej 19,3670 Veksø Sjælland,1.950.000,30-04-2009,"
Alm. Salg",15.725,4,Villa,124,1897,-13 %,Aktuel værdi
Kelsted 219,3670 Veksø Sjælland,2.050.000,27-04-2009,"
Alm. Salg",16.803,4,Villa,122,1984,,Aktuel værdi
Skovvangsvej 28A,3670 Veksø Sjælland,2.000.000,13-04-2009,"
Alm. Salg",13.986,5,Stuehus,143,1967,-20 %,
Rønnevang 7,3670 Veksø Sjælland,600.000,02-03-2009,"
Alm. Salg",4.838,3,Sommerhus,124,2009,,Aktuel værdi
Katholm 304,3670 Veksø Sjælland,3.000.000,16-02-2009,"
Andet",21.428,6,Rækkehus,140,1980,-9 %,Aktuel værdi
Brøndsted 219,3670 Veksø Sjælland,1.004.174,12-11-2008,"
Fam. Salg",8.098,4,Rækkehus,124,1989,,Aktuel værdi
Søsumvej 95,3670 Veksø Sjælland,2.650.000,03-11-2008,"
Alm. Salg",20.542,3,Rækkehus,129,2002,-8 %,Aktuel værdi
Katholm 211,3670 Veksø Sjælland,2.995.000,08-09-2008,"
Alm. Salg",22.862,5,Villa,131,1979,0 %,Aktuel værdi
Agervej 3,3670 Veksø Sjælland,3.700.000,26-08-2008,"
Alm. Salg",17.703,6,Villa,209,1928,-6 %,Aktuel værdi
Ellevang 4,3670 Veksø Sjælland,915.000,23-07-2008,"
Alm. Salg",-,3,Sommerhus,85,1970,-1 %,Aktuel værdi
Skibsted 310,3670 Veksø Sjælland,2.750.000,21-07-2008,"
Alm. Salg",24.336,4,Villa,113,1983,,Aktuel værdi
Østrupvej 106C,3670 Veksø Sjælland,2.000.000,05-05-2008,"
Andet",10.256,6,Lejlighed,195,1900,,Aktuel værdi
Østrupvej 106B,3670 Veksø Sjælland,2.166.666,05-05-2008,"
Andet",11.284,6,Rækkehus,192,1900,,Aktuel værdi
Østrupvej 106A,3670 Veksø Sjælland,2.400.000,05-05-2008,"
Fam. Salg",10.810,8,Rækkehus,222,1900,,Aktuel værdi
Skelhøjvej 2,3670 Veksø Sjælland,4.500.000,28-04-2008,"
Alm. Salg",23.809,6,Stuehus,189,1888,,
Brøndsted 210,3670 Veksø Sjælland,800.000,24-04-2008,"
Fam. Salg",-,6,Villa,168,1988,,Aktuel værdi
Toxværdvej 5,3670 Veksø Sjælland,1.870.000,23-04-2008,"
Alm. Salg",17.155,4,Villa,109,1960,,Aktuel værdi
Brøndsted 131,3670 Veksø Sjælland,2.080.000,08-04-2008,"
Alm. Salg",23.111,3,Rækkehus,90,1989,-5 %,Aktuel værdi
Brøndsted 221,3670 Veksø Sjælland,2.600.000,24-03-2008,"
Alm. Salg",20.967,4,Rækkehus,124,1988,-7 %,Aktuel værdi
Katholm 101,3670 Veksø Sjælland,2.900.000,08-02-2008,"
Alm. Salg",21.323,4,Villa,136,1979,-9 %,Aktuel værdi
Bjørnebakken 6,3670 Veksø Sjælland,3.150.000,07-01-2008,"
Alm. Salg",20.723,6,Villa,152,1961,-7 %,Aktuel værdi
Bjørnebakken 11,3670 Veksø Sjælland,2.400.000,17-12-2007,"
Alm. Salg",21.818,4,Villa,110,1962,-4 %,Aktuel værdi
Bøgevang 3,3670 Veksø Sjælland,433.333,10-12-2007,"
Andet",7.878,3,Sommerhus,55,1970,,Aktuel værdi
Lærkevang 9,3670 Veksø Sjælland,2.082.500,10-12-2007,"
Fam. Salg",17.648,3,Sommerhus,118,2001,,Aktuel værdi
Madam Anes Vej 5,3670 Veksø Sjælland,3.600.000,20-11-2007,"
Alm. Salg",-,8,Villa,220,2005,-5 %,Aktuel værdi
Østrupvej 101,3670 Veksø Sjælland,2.600.000,17-10-2007,"
Alm. Salg",13.333,7,Villa,195,1900,,Aktuel værdi
Knudsbjergvej 3,3670 Veksø Sjælland,1.761.000,01-10-2007,"
Fam. Salg",18.343,3,Villa,96,1976,,Aktuel værdi
Brøndsted 117,3670 Veksø Sjælland,2.600.000,14-09-2007,"
Alm. Salg",28.888,3,Rækkehus,90,1989,,Aktuel værdi
Damvadvej 26,3670 Veksø Sjælland,2.800.000,22-08-2007,"
Alm. Salg",23.140,5,Villa,121,1967,,Aktuel værdi
Pilevang 6,3670 Veksø Sjælland,1.725.000,15-08-2007,"
Alm. Salg",17.602,3,Sommerhus,98,1967,-4 %,Aktuel værdi
Birkevang 30,3670 Veksø Sjælland,978.000,29-07-2007,"
Fam. Salg",24.450,3,Sommerhus,40,1967,,Aktuel værdi
Kelsted 108,3670 Veksø Sjælland,837.500,25-06-2007,"
Fam. Salg",6.442,4,Villa,130,1986,,Aktuel værdi
Rønnevang 3,3670 Veksø Sjælland,1.100.000,05-06-2007,"
Alm. Salg",25.581,2,Sommerhus,43,1995,,Aktuel værdi
Pilevang 4,3670 Veksø Sjælland,2.350.000,31-05-2007,"
Alm. Salg",18.503,4,Sommerhus,127,1967,-15 %,Aktuel værdi
Brunhøjvej 7,3670 Veksø Sjælland,2.875.000,21-05-2007,"
Alm. Salg",-,3,Villa,131,1970,-10 %,Aktuel værdi
Engtoften 10,3670 Veksø Sjælland,2.600.000,26-04-2007,"
Alm. Salg",14.285,6,Villa,182,1912,,Aktuel værdi
Veksø Bygade 21,3670 Veksø Sjælland,5.450.000,22-04-2007,"
Alm. Salg",15.571,10,Villa,350,1928,,Aktuel værdi
Brøndsted 105,3670 Veksø Sjælland,2.570.000,30-03-2007,"
Alm. Salg",25.196,4,Rækkehus,102,1989,-5 %,Aktuel værdi
Brøndsted 107,3670 Veksø Sjælland,2.290.000,28-03-2007,"
Alm. Salg",25.444,3,Rækkehus,90,1989,,Aktuel værdi
Vandtårnet 7,3670 Veksø Sjælland,2.050.000,26-02-2007,"
Alm. Salg",16.803,4,Villa,122,1922,,Aktuel værdi
Kirkestræde 1,3670 Veksø Sjælland,1.695.000,26-02-2007,"
Alm. Salg",10.593,8,Villa,160,1770,,Aktuel værdi
Pilevang 3,3670 Veksø Sjælland,1.650.000,12-02-2007,"
Alm. Salg",17.368,3,Sommerhus,95,1989,,Aktuel værdi
Søsumvej 91,3670 Veksø Sjælland,2.925.000,23-01-2007,"
Alm. Salg",25.434,3,Rækkehus,115,2002,-2 %,Aktuel værdi
Kelsted 215,3670 Veksø Sjælland,2.975.000,18-01-2007,"
Alm. Salg",24.385,5,Villa,122,1984,0 %,Aktuel værdi
Tjørnevang 8,3670 Veksø Sjælland,2.000.000,11-01-2007,"
Alm. Salg",10.101,6,Sommerhus,198,1998,,Aktuel værdi
Veksø Bygade 6F,3670 Veksø Sjælland,2.195.000,25-11-2006,"
Andet",26.130,2,Rækkehus,84,1975,,Aktuel værdi
Damvadvej 49,3670 Veksø Sjælland,1.500.000,14-11-2006,"
Alm. Salg",13.274,4,Villa,113,1961,,Aktuel værdi
Skibsted 226,3670 Veksø Sjælland,4.100.000,17-10-2006,"
Alm. Salg",25.465,4,Villa,161,1982,,Aktuel værdi
Søsum Bygade 30,3670 Veksø Sjælland,1.760.000,05-10-2006,"
Alm. Salg",-,6,Villa,120,1890,,Aktuel værdi
Pileholm 6,3670 Veksø Sjælland,4.000.000,23-09-2006,"
Alm. Salg",27.027,5,Villa,148,1920,,Aktuel værdi
Brøndsted 417,3670 Veksø Sjælland,3.160.000,18-09-2006,"
Alm. Salg",25.483,4,Rækkehus,124,1988,,Aktuel værdi
Nordre Sørække 7,3670 Veksø Sjælland,3.800.000,05-09-2006,"
Alm. Salg",31.404,6,Villa,121,1962,,Aktuel værdi
Byrgesens Vænge 2,3670 Veksø Sjælland,2.895.000,03-09-2006,"
Alm. Salg",23.536,4,Villa,123,2007,,Aktuel værdi
Brøndsted 404,3670 Veksø Sjælland,2.308.500,15-08-2006,"
Alm. Salg",24.558,4,Rækkehus,94,1992,,Aktuel værdi
Brøndsted 406,3670 Veksø Sjælland,2.306.000,15-08-2006,"
Alm. Salg",24.531,4,Rækkehus,94,1992,,Aktuel værdi
Brøndsted 408,3670 Veksø Sjælland,2.318.250,15-08-2006,"
Alm. Salg",24.662,4,Rækkehus,94,1992,,Aktuel værdi
Brøndsted 412,3670 Veksø Sjælland,2.303.750,15-08-2006,"
Alm. Salg",24.507,4,Rækkehus,94,1992,,Aktuel værdi
Brøndsted 428,3670 Veksø Sjælland,2.303.485,15-08-2006,"
Alm. Salg",23.994,4,Rækkehus,96,1992,,Aktuel værdi
Brøndsted 426,3670 Veksø Sjælland,2.303.485,15-08-2006,"
Alm. Salg",24.247,4,Rækkehus,95,1992,,Aktuel værdi
Brøndsted 422,3670 Veksø Sjælland,2.302.000,09-08-2006,"
Alm. Salg",24.231,4,Rækkehus,95,1992,,Aktuel værdi
Byrgesens Vænge 4,3670 Veksø Sjælland,2.795.000,08-08-2006,"
Alm. Salg",22.723,4,Villa,123,2007,,Aktuel værdi
Byrgesens Vænge 10,3670 Veksø Sjælland,2.795.000,06-08-2006,"
Alm. Salg",22.723,4,Villa,123,2007,,Aktuel værdi
Byrgesens Vænge 14,3670 Veksø Sjælland,2.795.000,04-08-2006,"
Alm. Salg",22.723,4,Villa,123,2006,,Aktuel værdi
Byrgesens Vænge 12,3670 Veksø Sjælland,2.895.000,01-08-2006,"
Alm. Salg",23.729,4,Villa,122,2007,,Aktuel værdi
Skolevangen 8,3670 Veksø Sjælland,2.100.000,01-08-2006,"
Fam. Salg",22.826,4,Villa,92,1966,,Aktuel værdi
Byrgesens Vænge 6,3670 Veksø Sjælland,2.795.000,28-07-2006,"
Alm. Salg",22.723,4,Villa,123,2007,,Aktuel værdi
Stenpilstræde 5,3670 Veksø Sjælland,2.900.000,17-07-2006,"
Alm. Salg",18.589,5,Villa,156,1890,,Aktuel værdi
Søsumvej 97,3670 Veksø Sjælland,2.395.000,12-07-2006,"
Alm. Salg",23.480,2,Rækkehus,102,2002,,Aktuel værdi
Bjørnebakken 1D,3670 Veksø Sjælland,3.100.000,27-06-2006,"
Alm. Salg",21.088,4,Villa,147,1934,,Aktuel værdi
Gl Hovevej 17,3670 Veksø Sjælland,3.400.000,23-05-2006,"
Alm. Salg",25.373,5,Villa,134,1927,,Aktuel værdi
Nordre Sørække 3,3670 Veksø Sjælland,5.995.000,19-05-2006,"
Alm. Salg",25.402,6,Stuehus,236,2013,,
Thorkildgårdsvej 5,3670 Veksø Sjælland,4.950.000,16-05-2006,"
Alm. Salg",44.196,5,Stuehus,112,1870,,
Slotsgyden 1,3670 Veksø Sjælland,2.900.000,09-04-2006,"
Alm. Salg",20.863,5,Villa,139,1937,,Aktuel værdi
Søsumvej 115,3670 Veksø Sjælland,2.424.000,27-02-2006,"
Alm. Salg",23.764,2,Rækkehus,102,2002,,Aktuel værdi
Katholm 307,3670 Veksø Sjælland,1.647.500,08-02-2006,"
Fam. Salg",11.767,6,Rækkehus,140,1980,,Aktuel værdi
Birkevang 3,3670 Veksø Sjælland,2.516.000,05-02-2006,"
Alm. Salg",31.848,3,Sommerhus,79,1980,,Aktuel værdi
Stenpilstræde 11,3670 Veksø Sjælland,2.550.000,26-01-2006,"
Alm. Salg",12.200,5,Villa,209,1880,,Aktuel værdi
Ellevej 4B,3670 Veksø Sjælland,826.500,06-01-2006,"
Andet",-,5,Villa,129,1860,,Aktuel værdi
Vandtårnet 15,3670 Veksø Sjælland,3.050.000,17-12-2005,"
Alm. Salg",19.934,6,Villa,153,1950,,Aktuel værdi
Lærkevang 11,3670 Veksø Sjælland,670.000,14-12-2005,"
Alm. Salg",13.137,3,Sommerhus,51,2009,,Aktuel værdi
Smedestræde 5B,3670 Veksø Sjælland,2.595.000,11-12-2005,"
Alm. Salg",24.252,2,Lejlighed,107,1910,,Aktuel værdi
Bjørnebakken 2,3670 Veksø Sjælland,3.700.000,08-12-2005,"
Alm. Salg",26.428,8,Villa,140,1930,,Aktuel værdi
Skibsted 222,3670 Veksø Sjælland,2.275.000,01-12-2005,"
Alm. Salg",11.910,5,Villa,191,2009,,Aktuel værdi
Brøndsted 311,3670 Veksø Sjælland,3.095.000,25-11-2005,"
Alm. Salg",22.591,5,Villa,137,1996,,Aktuel værdi
Skibsted 228,3670 Veksø Sjælland,3.500.000,19-11-2005,"
Alm. Salg",28.688,5,Villa,122,1982,,Aktuel værdi
Birkevang 26,3670 Veksø Sjælland,1.445.000,11-11-2005,"
Alm. Salg",19.013,3,Sommerhus,76,1976,,Aktuel værdi
Ellevang 1,3670 Veksø Sjælland,1.399.000,21-10-2005,"
Alm. Salg",9.452,5,Sommerhus,148,1964,,Aktuel værdi
Fugleøjevej 7,3670 Veksø Sjælland,2.995.000,04-10-2005,"
Alm. Salg",21.546,5,Villa,139,1902,,Aktuel værdi
Birkevang 39,3670 Veksø Sjælland,400.000,21-09-2005,"
Alm. Salg",11.111,3,Sommerhus,36,1986,,Aktuel værdi
Birkevang 43,3670 Veksø Sjælland,515.000,21-09-2005,"
Alm. Salg",15.147,1,Sommerhus,34,1972,,Aktuel værdi
Søsum Bygade 29,3670 Veksø Sjælland,2.195.000,20-09-2005,"
Alm. Salg",17.560,4,Villa,125,1912,,Aktuel værdi
Skovvangsvej 8,3670 Veksø Sjælland,2.800.000,10-09-2005,"
Alm. Salg",-,8,Villa,244,1963,,Aktuel værdi
"Kirkebakken 15, 1",3670 Veksø Sjælland,8.200.000,18-08-2005,"
Alm. Salg",51.898,3,Villa,158,1969,,Aktuel værdi
Korshøj 120,3670 Veksø Sjælland,2.800.000,14-08-2005,"
Alm. Salg",18.064,5,Villa,155,1986,,Aktuel værdi
Brøndsted 423,3670 Veksø Sjælland,2.499.000,04-07-2005,"
Alm. Salg",20.153,4,Rækkehus,124,1988,,Aktuel værdi
Hesselholm 211,3670 Veksø Sjælland,2.400.000,29-06-2005,"
Alm. Salg",17.142,6,Rækkehus,140,1982,,Aktuel værdi
Skibsted 202,3670 Veksø Sjælland,3.495.000,25-06-2005,"
Alm. Salg",15.743,6,Villa,222,1983,,Aktuel værdi
Birkevang 37,3670 Veksø Sjælland,325.000,10-06-2005,"
Fam. Salg",5.508,2,Sommerhus,59,1973,,Aktuel værdi
Toppevadvej 7,3670 Veksø Sjælland,3.300.000,09-06-2005,"
Alm. Salg",-,6,Villa,257,1923,,Aktuel værdi
Brøndsted 317,3670 Veksø Sjælland,2.900.000,01-05-2005,"
Alm. Salg",21.323,4,Villa,136,1988,,Aktuel værdi
Birkevang 38,3670 Veksø Sjælland,805.000,18-04-2005,"
Alm. Salg",7.523,2,Sommerhus,107,2007,,Aktuel værdi
Snedkerstræde 2,3670 Veksø Sjælland,1.635.000,05-04-2005,"
Alm. Salg",11.762,3,Villa,139,1900,,Aktuel værdi
Brøndsted 331,3670 Veksø Sjælland,2.000.000,20-03-2005,"
Alm. Salg",16.129,5,Rækkehus,124,1989,,Aktuel værdi
Kresten Smed Stræde 33,3670 Veksø Sjælland,2.115.000,20-03-2005,"
Alm. Salg",10.168,7,Villa,208,2016,,Aktuel værdi
Søsumvej 83,3670 Veksø Sjælland,1.985.000,22-02-2005,"
Alm. Salg",17.566,4,Rækkehus,113,1780,,Aktuel værdi
Lærkevang 15,3670 Veksø Sjælland,935.000,18-02-2005,"
Alm. Salg",8.738,6,Sommerhus,107,1975,,Aktuel værdi
Kastanievang 11,3670 Veksø Sjælland,1.535.000,09-02-2005,"
Alm. Salg",12.791,6,Sommerhus,120,1967,,Aktuel værdi
Kelsted 207,3670 Veksø Sjælland,2.661.000,24-01-2005,"
Alm. Salg",17.979,5,Villa,148,1984,,Aktuel værdi
Birkevang 31,3670 Veksø Sjælland,820.000,23-01-2005,"
Alm. Salg",16.734,2,Sommerhus,49,1972,,Aktuel værdi
Rønnevang 5,3670 Veksø Sjælland,300.000,17-01-2005,"
Fam. Salg",-,7,Sommerhus,146,1969,,Aktuel værdi
Katholm 315,3670 Veksø Sjælland,1.995.000,30-12-2004,"
Alm. Salg",12.954,5,Rækkehus,154,1979,,Aktuel værdi
Hyldevang 12,3670 Veksø Sjælland,685.117,22-12-2004,"
Alm. Salg",13.702,3,Sommerhus,50,1965,,Aktuel værdi
Pilevang 1,3670 Veksø Sjælland,1.250.000,20-12-2004,"
Alm. Salg",12.500,4,Sommerhus,100,1969,,Aktuel værdi
Ellevej 9,3670 Veksø Sjælland,1.760.000,29-11-2004,"
Alm. Salg",-,7,Villa,216,1888,,Aktuel værdi
Korshøj 216,3670 Veksø Sjælland,1.975.000,27-10-2004,"
Alm. Salg",13.527,6,Villa,146,1989,,Aktuel værdi
Kastanievang 7,3670 Veksø Sjælland,385.000,15-10-2004,"
Alm. Salg",3.632,5,Sommerhus,106,2009,,Aktuel værdi
Katholm 333,3670 Veksø Sjælland,1.750.000,03-10-2004,"
Alm. Salg",11.146,5,Rækkehus,157,1979,,Aktuel værdi
Skibsted 322,3670 Veksø Sjælland,1.550.000,30-09-2004,"
Alm. Salg",-,5,Villa,152,1983,,Aktuel værdi
Katholm 331,3670 Veksø Sjælland,1.930.000,26-09-2004,"
Alm. Salg",12.532,5,Rækkehus,154,1979,,Aktuel værdi
Skibsted 112,3670 Veksø Sjælland,2.270.000,23-09-2004,"
Alm. Salg",15.763,5,Villa,144,1984,,Aktuel værdi
Hesselholm 208,3670 Veksø Sjælland,1.850.000,10-09-2004,"
Alm. Salg",10.755,5,Rækkehus,172,1983,,Aktuel værdi
Hyldevang 8,3670 Veksø Sjælland,640.000,03-08-2004,"
Alm. Salg",4.266,6,Sommerhus,150,1969,,Aktuel værdi
Ellevej 7,3670 Veksø Sjælland,1.235.000,25-07-2004,"
Alm. Salg",5.464,7,Villa,226,2007,,Aktuel værdi
Bjørnebakken 5,3670 Veksø Sjælland,1.895.000,23-07-2004,"
Alm. Salg",13.535,5,Villa,140,1961,,Aktuel værdi
Skovvangsvej 6,3670 Veksø Sjælland,2.495.000,22-07-2004,"
Andet",12.729,9,Villa,196,1966,,Aktuel værdi
Hyldevang 4,3670 Veksø Sjælland,660.000,30-06-2004,"
Alm. Salg",14.042,3,Sommerhus,47,1967,,Aktuel værdi
Lindevang 4,3670 Veksø Sjælland,720.782,28-06-2004,"
Alm. Salg",-,3,Sommerhus,84,1965,,Aktuel værdi
Dyrlægevej 7,3670 Veksø Sjælland,1.395.000,23-06-2004,"
Alm. Salg",8.829,6,Villa,158,1964,,Aktuel værdi
Ellevej 3,3670 Veksø Sjælland,2.000.000,16-06-2004,"
Alm. Salg",14.598,4,Stuehus,137,1875,,
Hyldevang 2,3670 Veksø Sjælland,788.000,31-05-2004,"
Auktion",10.233,4,Sommerhus,77,1966,,Aktuel værdi
Hesselholm 203,3670 Veksø Sjælland,1.795.000,21-05-2004,"
Alm. Salg",12.821,5,Rækkehus,140,1982,,Aktuel værdi
Kirkestræde 4,3670 Veksø Sjælland,2.327.000,06-05-2004,"
Alm. Salg",-,6,Villa,319,1798,,Aktuel værdi
Søsumvej 81,3670 Veksø Sjælland,1.885.000,02-05-2004,"
Alm. Salg",16.111,2,Rækkehus,117,2002,,Aktuel værdi
Kelsted 129,3670 Veksø Sjælland,1.820.000,22-04-2004,"
Alm. Salg",14.330,4,Rækkehus,127,1986,,Aktuel værdi
Fugleøjevej 9B,3670 Veksø Sjælland,1.620.000,28-03-2004,"
Alm. Salg",13.170,4,Rækkehus,123,1977,,Aktuel værdi
Lille Veksøvej 14,3670 Veksø Sjælland,2.894.000,07-03-2004,"
Alm. Salg",27.826,4,Villa,104,1965,,Aktuel værdi
Katholm 327,3670 Veksø Sjælland,1.795.000,02-03-2004,"
Alm. Salg",11.655,5,Rækkehus,154,1979,,Aktuel værdi
Ellevang 3,3670 Veksø Sjælland,870.000,21-01-2004,"
Alm. Salg",9.255,4,Sommerhus,94,1975,,Aktuel værdi
Brøndsted 204,3670 Veksø Sjælland,2.095.000,06-01-2004,"
Alm. Salg",15.071,5,Villa,139,1994,,Aktuel værdi
Kelsted 402,3670 Veksø Sjælland,1.722.000,09-12-2003,"
Alm. Salg",12.300,4,Rækkehus,140,1984,,Aktuel værdi
Holmevej 31,3670 Veksø Sjælland,1.381.550,03-12-2003,"
Alm. Salg",-,7,Stuehus,172,1904,,
Veksø Bygade 16,3670 Veksø Sjælland,1.050.000,21-11-2003,"
Alm. Salg",10.000,2,Villa,105,1900,,Aktuel værdi
Kastanievang 16,3670 Veksø Sjælland,490.000,06-11-2003,"
Fam. Salg",5.326,3,Sommerhus,92,1975,,Aktuel værdi
Katholm 323,3670 Veksø Sjælland,1.944.000,04-11-2003,"
Alm. Salg",12.303,5,Rækkehus,158,1979,,Aktuel værdi
Vandtårnet 3,3670 Veksø Sjælland,1.491.273,20-10-2003,"
Andet",14.339,3,Villa,104,1947,,Aktuel værdi
Hyldevang 1,3670 Veksø Sjælland,725.000,05-09-2003,"
Alm. Salg",-,3,Sommerhus,45,1973,,Aktuel værdi
Søsum Bygade 26A,3670 Veksø Sjælland,575.000,20-08-2003,"
Andet",4.423,6,Villa,130,1880,,Aktuel værdi
Bjørnebakken 9,3670 Veksø Sjælland,1.785.000,05-08-2003,"
Alm. Salg",8.925,6,Villa,200,1962,,Aktuel værdi
Kresten Smed Stræde 4,3670 Veksø Sjælland,1.524.700,01-08-2003,"
Alm. Salg",12.295,3,Villa,124,1962,,Aktuel værdi
Smedestræde 2,3670 Veksø Sjælland,1.735.000,28-07-2003,"
Alm. Salg",10.709,7,Villa,162,1780,,Aktuel værdi
Ellevang 7,3670 Veksø Sjælland,395.000,16-07-2003,"
Alm. Salg",6.810,2,Sommerhus,58,1968,,Aktuel værdi
Katholm 212,3670 Veksø Sjælland,1.798.000,11-07-2003,"
Alm. Salg",16.198,4,Villa,111,1979,,Aktuel værdi
Birkevang 27,3670 Veksø Sjælland,325.699,05-07-2003,"
Alm. Salg",5.921,4,Sommerhus,55,1966,,Aktuel værdi
Skibsted 306,3670 Veksø Sjælland,1.995.000,02-07-2003,"
Alm. Salg",12.788,6,Villa,156,1983,,Aktuel værdi
Kelsted 308,3670 Veksø Sjælland,1.875.000,27-06-2003,"
Alm. Salg",14.423,4,Villa,130,1986,,Aktuel værdi
Tranemosevænget 17,3670 Veksø Sjælland,110.000,17-06-2003,"
Alm. Salg",9.166,1,Sommerhus,12,1950,,Aktuel værdi
Holmevej 120,3670 Veksø Sjælland,3.400.000,14-06-2003,"
Alm. Salg",19.428,8,Stuehus,175,1900,,
Korshøj 220,3670 Veksø Sjælland,1.982.000,22-05-2003,"
Alm. Salg",10.830,6,Villa,183,1989,,Aktuel værdi
Kelsted 110,3670 Veksø Sjælland,1.835.000,31-03-2003,"
Alm. Salg",-,7,Villa,171,1986,,Aktuel værdi
Bjellekjærvej 6,3670 Veksø Sjælland,573.763,31-03-2003,"
Fam. Salg",4.098,3,Villa,140,1918,,Aktuel værdi
Smedestræde 9,3670 Veksø Sjælland,995.000,28-03-2003,"
Alm. Salg",-,5,Villa,142,1897,,Aktuel værdi
Nordre Sørække 37,3670 Veksø Sjælland,2.923.000,24-03-2003,"
Alm. Salg",16.238,6,Villa,180,1987,,Aktuel værdi
Veksø Bygade 36,3670 Veksø Sjælland,1.505.058,21-03-2003,"
Alm. Salg",10.674,4,Rækkehus,141,1877,,Aktuel værdi
Ellevej 1,3670 Veksø Sjælland,1.655.000,26-02-2003,"
Alm. Salg",12.633,4,Villa,131,1880,,Aktuel værdi
Toxværdvej 8,3670 Veksø Sjælland,1.454.255,29-11-2002,"
Alm. Salg",-,7,Villa,160,1953,,Aktuel værdi
Skibsted 320,3670 Veksø Sjælland,1.600.178,07-10-2002,"
Alm. Salg",16.843,3,Villa,95,1983,,Aktuel værdi
Ellevej 11,3670 Veksø Sjælland,1.350.000,23-09-2002,"
Alm. Salg",12.735,3,Villa,106,1903,,Aktuel værdi
Løjesøvej 9,3670 Veksø Sjælland,1.700.000,18-09-2002,"
Alm. Salg",11.486,6,Villa,148,1920,,Aktuel værdi
Tjørnevang 3,3670 Veksø Sjælland,225.000,15-08-2002,"
Alm. Salg",2.586,5,Sommerhus,87,2003,,Aktuel værdi
Kastanievang 13,3670 Veksø Sjælland,947.713,08-08-2002,"
Alm. Salg",11.019,4,Sommerhus,86,1967,,Aktuel værdi
Frederikssundsvej 7,3670 Veksø Sjælland,400.000,30-07-2002,"
Alm. Salg",-,6,Villa,161,1927,,Aktuel værdi
Tjørnevang 7,3670 Veksø Sjælland,850.515,12-07-2002,"
Alm. Salg",10.500,3,Sommerhus,81,1965,,Aktuel værdi
Snedkerstræde 6,3670 Veksø Sjælland,1.445.316,12-06-2002,"
Alm. Salg",11.655,4,Villa,124,1977,,Aktuel værdi
Brøndsted 225,3670 Veksø Sjælland,1.750.000,09-06-2002,"
Alm. Salg",14.112,4,Rækkehus,124,1989,,Aktuel værdi
Kastanievang 14,3670 Veksø Sjælland,598.848,02-06-2002,"
Alm. Salg",10.506,3,Sommerhus,57,1965,,Aktuel værdi
Søsumvej 113,3670 Veksø Sjælland,1.645.000,13-05-2002,"
Alm. Salg",16.127,2,Rækkehus,102,2002,,Aktuel værdi
Poppelvang 9,3670 Veksø Sjælland,433.500,17-01-2002,"
Fam. Salg",-,4,Sommerhus,99,1966,,Aktuel værdi
Hyldevang 7,3670 Veksø Sjælland,325.000,15-01-2002,"
Alm. Salg",4.062,3,Sommerhus,80,2000,,Aktuel værdi
Brøndsted 203,3670 Veksø Sjælland,1.925.000,13-11-2001,"
Alm. Salg",11.809,6,Villa,163,1988,,Aktuel værdi
Skibsted 106,3670 Veksø Sjælland,1.870.000,13-09-2001,"
Alm. Salg",12.986,5,Villa,144,1984,,Aktuel værdi
Kastanievang 8,3670 Veksø Sjælland,450.000,30-08-2001,"
Alm. Salg",10.227,2,Sommerhus,44,1962,,Aktuel værdi
Bjørnebakken 8,3670 Veksø Sjælland,1.310.037,18-07-2001,"
Alm. Salg",10.916,3,Villa,120,1962,,Aktuel værdi
Kelsted 116,3670 Veksø Sjælland,1.702.000,16-07-2001,"
Alm. Salg",13.092,4,Villa,130,1985,,Aktuel værdi
Korshøj 212,3670 Veksø Sjælland,1.908.000,01-07-2001,"
Alm. Salg",11.925,4,Villa,160,1986,,Aktuel værdi
Kelsted 225,3670 Veksø Sjælland,1.770.594,27-06-2001,"
Alm. Salg",12.830,4,Villa,138,1985,,Aktuel værdi
Egevang 6,3670 Veksø Sjælland,240.134,22-06-2001,"
Alm. Salg",8.893,3,Sommerhus,27,1974,,Aktuel værdi
Lærkevang 22,3670 Veksø Sjælland,432.500,06-06-2001,"
Alm. Salg",-,3,Sommerhus,60,1960,,Aktuel værdi
Søsum Bygade 9,3670 Veksø Sjælland,1.657.970,16-05-2001,"
Alm. Salg",14.543,4,Villa,114,1969,,Aktuel værdi
Veksø Bygade 25B,3670 Veksø Sjælland,1.995.525,15-05-2001,"
Alm. Salg",-,4,Rækkehus,194,1850,,Aktuel værdi
Brunhøjvej 1,3670 Veksø Sjælland,1.925.000,08-05-2001,"
Alm. Salg",12.500,4,Villa,154,1924,,Aktuel værdi
Brøndsted 335,3670 Veksø Sjælland,1.590.000,03-05-2001,"
Alm. Salg",12.720,4,Rækkehus,125,1989,,Aktuel værdi
Skolevangen 2,3670 Veksø Sjælland,1.150.000,20-03-2001,"
Alm. Salg",10.849,4,Villa,106,1966,,Aktuel værdi
Madam Anes Vej 9,3670 Veksø Sjælland,930.337,26-02-2001,"
Fam. Salg",6.741,5,Villa,138,1850,,Aktuel værdi
Skibsted 118,3670 Veksø Sjælland,1.749.900,18-02-2001,"
Alm. Salg",12.499,5,Villa,140,1981,,Aktuel værdi
Søsumvej 121,3670 Veksø Sjælland,1.335.398,21-01-2001,"
Alm. Salg",14.056,2,Rækkehus,95,2002,,Aktuel værdi
Humlebakken 17,3670 Veksø Sjælland,1.035.000,31-10-2000,"
Alm. Salg",8.625,4,Villa,120,1830,,Aktuel værdi
Løjesøvej 1,3670 Veksø Sjælland,3.300.000,24-10-2000,"
Alm. Salg",14.347,6,Stuehus,230,1900,,
Engtoften 4,3670 Veksø Sjælland,1.201.650,22-10-2000,"
Alm. Salg",7.653,6,Villa,157,1876,,Aktuel værdi
Damvadvej 46,3670 Veksø Sjælland,1.738.463,20-10-2000,"
Alm. Salg",7.429,7,Villa,234,1780,,Aktuel værdi
Østrupvej 175,3670 Veksø Sjælland,3.100.000,16-10-2000,"
Alm. Salg",20.945,7,Stuehus,148,1907,,
Damvadvej 42,3670 Veksø Sjælland,2.375.020,20-09-2000,"
Alm. Salg",12.633,5,Villa,188,1962,,Aktuel værdi
Bøgevang 4,3670 Veksø Sjælland,650.000,13-09-2000,"
Alm. Salg",8.783,2,Sommerhus,74,1962,,Aktuel værdi
Søsum Bygade 25,3670 Veksø Sjælland,1.450.000,11-09-2000,"
Alm. Salg",10.583,4,Villa,137,1908,,Aktuel værdi
Kelsted 111,3670 Veksø Sjælland,1.461.000,03-09-2000,"
Alm. Salg",11.503,4,Rækkehus,127,1986,,Aktuel værdi
Bjellekjærvej 24,3670 Veksø Sjælland,3.350.000,12-07-2000,"
Alm. Salg",18.611,5,Stuehus,180,1938,,
Skibsted 210,3670 Veksø Sjælland,630.630,03-07-2000,"
Alm. Salg",4.379,4,Villa,144,1982,,Aktuel værdi
Østrupvej 103,3670 Veksø Sjælland,2.130.497,26-06-2000,"
Alm. Salg",-,5,Stuehus,163,1800,,
Skovvangsvej 44,3670 Veksø Sjælland,700.000,01-06-2000,"
Fam. Salg",5.468,5,Villa,128,1967,,Aktuel værdi
Søsum Bygade 10,3670 Veksø Sjælland,2.099.165,10-05-2000,"
Alm. Salg",11.727,6,Villa,179,1890,,Aktuel værdi
Søsumvej 87,3670 Veksø Sjælland,1.421.880,14-04-2000,"
Alm. Salg",12.583,5,Rækkehus,113,1780,,Aktuel værdi
Brøndsted 327,3670 Veksø Sjælland,1.494.000,09-04-2000,"
Alm. Salg",12.048,5,Rækkehus,124,1988,,Aktuel værdi
Hesselholm 108,3670 Veksø Sjælland,1.495.000,03-04-2000,"
Alm. Salg",12.887,4,Villa,116,1979,,Aktuel værdi
Skovvangsvej 49,3670 Veksø Sjælland,1.750.000,23-03-2000,"
Fam. Salg",9.210,7,Stuehus,190,1890,,
Kelsted 302,3670 Veksø Sjælland,1.524.830,19-03-2000,"
Alm. Salg",11.729,4,Villa,130,1985,,Aktuel værdi
Kelsted 139,3670 Veksø Sjælland,1.428.000,25-02-2000,"
Alm. Salg",-,4,Villa,140,1984,,Aktuel værdi
Kelsted 317,3670 Veksø Sjælland,1.513.000,26-01-2000,"
Alm. Salg",11.549,6,Villa,131,1982,,Aktuel værdi
Nordre Sørække 19,3670 Veksø Sjælland,1.887.397,18-01-2000,"
Alm. Salg",-,6,Villa,178,1903,,Aktuel værdi
"Gl Hovevej 2, 1",3670 Veksø Sjælland,1.435.000,14-01-2000,"
Alm. Salg",16.306,3,Lejlighed,88,1927,,Aktuel værdi
Søsumvej 75,3670 Veksø Sjælland,2.252.871,22-12-1999,"
Alm. Salg",14.258,4,Villa,158,1985,,Aktuel værdi
Stenpilstræde 4,3670 Veksø Sjælland,400.000,19-12-1999,"
Alm. Salg",2.721,4,Villa,147,2001,,Aktuel værdi
Stenpilstræde 1,3670 Veksø Sjælland,1.975.000,26-11-1999,"
Alm. Salg",13.908,4,Villa,142,1850,,Aktuel værdi
Smedestræde 11,3670 Veksø Sjælland,1.875.000,25-11-1999,"
Alm. Salg",13.489,4,Villa,139,1999,,Aktuel værdi
Katholm 312,3670 Veksø Sjælland,1.812.000,08-11-1999,"
Alm. Salg",12.942,6,Rækkehus,140,1980,,Aktuel værdi
Kelsted 408,3670 Veksø Sjælland,1.325.000,02-11-1999,"
Alm. Salg",9.671,4,Rækkehus,137,1984,,Aktuel værdi
Korshøjgårdsvej 7,3670 Veksø Sjælland,3.223.343,07-10-1999,"
Alm. Salg",16.964,3,Stuehus,190,1920,,
Fyrrevang 1,3670 Veksø Sjælland,675.000,09-09-1999,"
Alm. Salg",9.246,3,Sommerhus,73,1977,,Aktuel værdi
Fugleøjevej 4,3670 Veksø Sjælland,1.275.107,28-08-1999,"
Alm. Salg",-,6,Villa,123,1904,,Aktuel værdi
Hesselholm 213,3670 Veksø Sjælland,1.770.000,23-08-1999,"
Alm. Salg",12.642,6,Rækkehus,140,1982,,Aktuel værdi
Skibsted 218,3670 Veksø Sjælland,1.345.000,12-08-1999,"
Alm. Salg",14.157,3,Villa,95,1981,,Aktuel værdi
Bøgevang 1,3670 Veksø Sjælland,599.000,27-07-1999,"
Alm. Salg",10.508,3,Sommerhus,57,1966,,Aktuel værdi
Kelsted 315,3670 Veksø Sjælland,1.185.052,05-07-1999,"
Alm. Salg",-,5,Villa,117,1981,,Aktuel værdi
Brøndsted 205,3670 Veksø Sjælland,1.606.492,19-05-1999,"
Alm. Salg",8.778,6,Villa,183,1989,,Aktuel værdi
Skolevangen 5,3670 Veksø Sjælland,915.000,17-05-1999,"
Alm. Salg",9.945,4,Villa,92,1962,,Aktuel værdi
Skibsted 114,3670 Veksø Sjælland,1.642.936,11-05-1999,"
Alm. Salg",11.409,5,Villa,144,1984,,Aktuel værdi
Skovvangsvej 17,3670 Veksø Sjælland,2.903.460,25-10-1998,"
Alm. Salg",-,7,Stuehus,210,1924,,
Agervej 12,3670 Veksø Sjælland,1.210.765,21-10-1998,"
Alm. Salg",-,7,Villa,225,1880,,Aktuel værdi
Brøndsted 403,3670 Veksø Sjælland,1.432.000,26-09-1998,"
Alm. Salg",11.365,4,Villa,126,1988,,Aktuel værdi
Brøndsted 303,3670 Veksø Sjælland,1.664.586,02-09-1998,"
Alm. Salg",12.239,4,Villa,136,1996,,Aktuel værdi
Stenpilstræde 13,3670 Veksø Sjælland,2.014.021,01-09-1998,"
Alm. Salg",10.770,4,Villa,187,1780,,Aktuel værdi
Bjellekjærvej 19,3670 Veksø Sjælland,3.368.280,19-08-1998,"
Alm. Salg",13.208,6,Stuehus,255,1800,,
Thorkildgårdsvej 24,3670 Veksø Sjælland,1.842.200,07-08-1998,"
Alm. Salg",13.645,5,Stuehus,135,1880,,
Dyrlægevej 2,3670 Veksø Sjælland,1.450.000,05-07-1998,"
Fam. Salg",6.937,7,Villa,209,1860,,Aktuel værdi
Brøndsted 308,3670 Veksø Sjælland,1.623.908,01-07-1998,"
Alm. Salg",10.024,7,Villa,162,1990,,Aktuel værdi
Veksø Bygade 4,3670 Veksø Sjælland,600.910,30-06-1998,"
Alm. Salg",10.015,3,Villa,60,1897,,Aktuel værdi
Egevang 4,3670 Veksø Sjælland,510.000,10-06-1998,"
Alm. Salg",5.795,4,Sommerhus,88,1973,,Aktuel værdi
Humlebakken 13,3670 Veksø Sjælland,429.000,07-06-1998,"
Alm. Salg",3.575,4,Villa,120,1944,,Aktuel værdi
Østrupvej 100,3670 Veksø Sjælland,1.487.500,27-05-1998,"
Alm. Salg",-,5,Stuehus,215,1905,,
Veksø Bygade 25A,3670 Veksø Sjælland,1.219.802,18-05-1998,"
Alm. Salg",-,4,Rækkehus,157,1850,,Aktuel værdi
Svinemosevej 7,3670 Veksø Sjælland,2.400.000,27-04-1998,"
Alm. Salg",11.764,7,Stuehus,204,1955,,
Birkevang 9,3670 Veksø Sjælland,450.000,18-03-1998,"
Alm. Salg",4.945,4,Sommerhus,91,2008,,Aktuel værdi
Brøndsted 333,3670 Veksø Sjælland,1.306.405,16-03-1998,"
Alm. Salg",-,6,Rækkehus,144,1988,,Aktuel værdi
Brøndsted 415,3670 Veksø Sjælland,1.805.300,14-03-1998,"
Alm. Salg",10.142,6,Villa,178,1995,,Aktuel værdi
Lindebjergvej 11,3670 Veksø Sjælland,950.000,03-03-1998,"
Alm. Salg",15.833,3,Sommerhus,60,1955,,Aktuel værdi
Brøndsted 411,3670 Veksø Sjælland,639.083,24-02-1998,"
Alm. Salg",-,5,Villa,130,1987,,Aktuel værdi
Kelsted 211,3670 Veksø Sjælland,1.455.880,23-02-1998,"
Alm. Salg",-,6,Villa,160,1985,,Aktuel værdi
Slotsgyden 6,3670 Veksø Sjælland,769.000,16-02-1998,"
Alm. Salg",10.680,3,Villa,72,1900,,Aktuel værdi
Tranemosevænget 11,3670 Veksø Sjælland,325.000,16-02-1998,"
Fam. Salg",4.779,5,Sommerhus,68,1800,,Aktuel værdi
Hesselholm 209,3670 Veksø Sjælland,1.532.730,30-11-1997,"
Alm. Salg",10.948,5,Rækkehus,140,1982,,Aktuel værdi
Brøndsted 223,3670 Veksø Sjælland,1.195.234,24-11-1997,"
Alm. Salg",9.638,4,Rækkehus,124,1988,,Aktuel værdi
Møllestræde 4,3670 Veksø Sjælland,553.505,20-11-1997,"
Fam. Salg",4.392,6,Villa,126,1951,,Aktuel værdi
Brøndsted 217,3670 Veksø Sjælland,500.000,05-11-1997,"
Fam. Salg",4.032,4,Rækkehus,124,1989,,Aktuel værdi
Østersø 26,3670 Veksø Sjælland,1.114.000,28-10-1997,"
Alm. Salg",14.282,3,Villa,78,1877,,Aktuel værdi
Birkevang 36,3670 Veksø Sjælland,242.000,25-10-1997,"
Alm. Salg",5.761,2,Sommerhus,42,1965,,Aktuel værdi
Katholm 102,3670 Veksø Sjælland,1.287.500,15-10-1997,"
Alm. Salg",-,6,Villa,180,1979,,Aktuel værdi
Hasselvang 8,3670 Veksø Sjælland,340.000,07-10-1997,"
Alm. Salg",2.720,4,Sommerhus,125,1999,,Aktuel værdi
Birkevang 35,3670 Veksø Sjælland,495.000,02-10-1997,"
Alm. Salg",6.780,4,Sommerhus,73,1991,,Aktuel værdi
Brøndsted 401,3670 Veksø Sjælland,1.524.327,25-08-1997,"
Alm. Salg",11.908,5,Villa,128,1995,,Aktuel værdi
Katholm 308,3670 Veksø Sjælland,1.543.024,15-08-1997,"
Alm. Salg",11.021,6,Rækkehus,140,1980,,Aktuel værdi
Veksø Bygade 7,3670 Veksø Sjælland,290.000,08-08-1997,"
Alm. Salg",-,6,Villa,160,1864,,Aktuel værdi
Brunhøjvej 28,3670 Veksø Sjælland,1.700.000,01-08-1997,"
Alm. Salg",10.240,4,Stuehus,166,1900,,
Hyldevang 11,3670 Veksø Sjælland,223.800,23-07-1997,"
Alm. Salg",1.222,4,Sommerhus,183,2002,,Aktuel værdi
Vandtårnet 5,3670 Veksø Sjælland,952.097,15-06-1997,"
Alm. Salg",6.222,4,Villa,153,1925,,Aktuel værdi
Bøgevang 8,3670 Veksø Sjælland,385.000,31-05-1997,"
Alm. Salg",5.422,4,Sommerhus,71,1965,,Aktuel værdi
Ellevej 5,3670 Veksø Sjælland,1.600.000,12-05-1997,"
Alm. Salg",7.960,4,Villa,201,1600,,Aktuel værdi
Slettemosevej 9,3670 Veksø Sjælland,567.125,21-03-1997,"
Alm. Salg",-,7,Villa,162,1877,,Aktuel værdi
Tranemosen 11,3670 Veksø Sjælland,70.000,10-03-1997,"
Alm. Salg",3.888,2,Sommerhus,18,1949,,Aktuel værdi
Løvkærvej 4,3670 Veksø Sjælland,1.100.000,10-03-1997,"
Alm. Salg",-,4,Stuehus,103,1922,,
Slettemosevej 11,3670 Veksø Sjælland,732.875,04-03-1997,"
Alm. Salg",4.697,8,Villa,156,1902,,Aktuel værdi
Sigersdalvej 14,3670 Veksø Sjælland,605.000,28-02-1997,"
Alm. Salg",31.842,2,Sommerhus,19,1959,,Aktuel værdi
Damvadvej 32,3670 Veksø Sjælland,1.995.000,07-12-1996,"
Alm. Salg",-,6,Villa,152,1990,,Aktuel værdi
Holmevej 111,3670 Veksø Sjælland,1.832.600,04-12-1996,"
Alm. Salg",-,7,Stuehus,243,1950,,
Fugleøjevej 2,3670 Veksø Sjælland,750.000,15-11-1996,"
Alm. Salg",5.725,3,Villa,131,1919,,Aktuel værdi
Veksø Bygade 8,3670 Veksø Sjælland,1.487.000,12-11-1996,"
Alm. Salg",7.398,6,Villa,201,1895,,Aktuel værdi
Kelsted 109,3670 Veksø Sjælland,1.017.000,22-09-1996,"
Alm. Salg",8.007,4,Rækkehus,127,1986,,Aktuel værdi
Tranemosevænget 13,3670 Veksø Sjælland,180.000,22-09-1996,"
Alm. Salg",6.000,2,Sommerhus,30,1960,,Aktuel værdi
Kelsted 306,3670 Veksø Sjælland,1.285.000,10-09-1996,"
Alm. Salg",9.884,4,Villa,130,1985,,Aktuel værdi
Brøndsted 315,3670 Veksø Sjælland,1.693.000,27-08-1996,"
Alm. Salg",9.729,7,Villa,174,1988,,Aktuel værdi
Birkevang 45,3670 Veksø Sjælland,75.000,12-08-1996,"
Fam. Salg",3.260,3,Sommerhus,23,1965,,Aktuel værdi
Humlebakken 3,3670 Veksø Sjælland,344.000,06-08-1996,"
Alm. Salg",-,4,Villa,76,1950,,Aktuel værdi
Ellevang 13,3670 Veksø Sjælland,230.000,18-07-1996,"
Alm. Salg",12.777,1,Sommerhus,18,1955,,Aktuel værdi
Brøndsted 209,3670 Veksø Sjælland,1.565.000,18-07-1996,"
Alm. Salg",8.743,6,Villa,179,1989,,Aktuel værdi
Damvadvej 36,3670 Veksø Sjælland,1.545.715,07-07-1996,"
Alm. Salg",-,11,Villa,304,1965,,Aktuel værdi
Sigersdalvej 6,3670 Veksø Sjælland,1.000.000,07-07-1996,"
Fam. Salg",-,6,Villa,192,1883,,Aktuel værdi
Katholm 209,3670 Veksø Sjælland,1.168.224,05-07-1996,"
Alm. Salg",9.654,5,Villa,121,1981,,Aktuel værdi
Skovvangsvej 24,3670 Veksø Sjælland,851.208,25-06-1996,"
Auktion",8.184,3,Villa,104,1961,,Aktuel værdi
Madam Anes Vej 7,3670 Veksø Sjælland,1.174.000,06-06-1996,"
Alm. Salg",6.522,6,Villa,180,1974,,Aktuel værdi
Brøndsted 202,3670 Veksø Sjælland,1.691.450,02-04-1996,"
Alm. Salg",9.834,5,Villa,172,1988,,Aktuel værdi
Kelsted 135,3670 Veksø Sjælland,1.130.000,27-03-1996,"
Alm. Salg",8.897,4,Rækkehus,127,1986,,Aktuel værdi
Søsum Bygade 21,3670 Veksø Sjælland,570.000,28-02-1996,"
Alm. Salg",4.913,4,Villa,116,1952,,Aktuel værdi
Kelsted 311,3670 Veksø Sjælland,744.000,19-01-1996,"
Auktion",-,5,Villa,144,1985,,Aktuel værdi
Slotsgyden 20,3670 Veksø Sjælland,652.880,03-01-1996,"
Alm. Salg",7.772,3,Villa,84,1946,,Aktuel værdi
Skibsted 208,3670 Veksø Sjælland,765.000,22-11-1995,"
Alm. Salg",6.769,4,Villa,113,1983,,Aktuel værdi
Holmevej 90,3670 Veksø Sjælland,200.000,17-11-1995,"
Alm. Salg",-,5,Stuehus,170,1934,,
Korshøj 124,3670 Veksø Sjælland,1.388.960,12-11-1995,"
Alm. Salg",11.871,5,Villa,117,1987,,Aktuel værdi
Skovvangsvej 7,3670 Veksø Sjælland,1.285.000,29-10-1995,"
Alm. Salg",6.983,7,Villa,184,1983,,Aktuel værdi
Poppelvang 14,3670 Veksø Sjælland,300.000,02-10-1995,"
Alm. Salg",4.411,3,Sommerhus,68,1964,,Aktuel værdi
Damvadvej 47,3670 Veksø Sjælland,1.073.210,20-09-1995,"
Alm. Salg",-,6,Villa,241,1968,,Aktuel værdi
Lærkevang 20,3670 Veksø Sjælland,300.000,17-09-1995,"
Alm. Salg",6.250,3,Sommerhus,48,1968,,Aktuel værdi
Korshøj 112,3670 Veksø Sjælland,1.312.380,12-09-1995,"
Alm. Salg",8.101,5,Villa,162,1987,,Aktuel værdi
Brøndsted 207,3670 Veksø Sjælland,1.500.000,01-09-1995,"
Alm. Salg",9.202,6,Villa,163,1988,,Aktuel værdi
Kelsted 127,3670 Veksø Sjælland,1.005.000,17-08-1995,"
Alm. Salg",7.913,4,Rækkehus,127,1986,,Aktuel værdi
Væverhusvej 1,3670 Veksø Sjælland,1.100.000,22-06-1995,"
Fam. Salg",4.230,8,Stuehus,260,1908,,
Toxværdvej 3,3670 Veksø Sjælland,1.025.000,06-06-1995,"
Alm. Salg",6.406,6,Villa,160,1967,,Aktuel værdi
Lærkevang 10,3670 Veksø Sjælland,365.000,30-05-1995,"
Alm. Salg",4.866,3,Sommerhus,75,1964,,Aktuel værdi
Bjellekjærvej 13,3670 Veksø Sjælland,1.000.000,26-04-1995,"
Alm. Salg",5.263,6,Stuehus,190,1999,,
Tjørnevang 6,3670 Veksø Sjælland,127.089,24-04-1995,"
Alm. Salg",-,3,Sommerhus,70,1965,,Aktuel værdi
Brøndsted 312,3670 Veksø Sjælland,120.000,21-04-1995,"
Alm. Salg",839,5,Villa,143,1995,,Aktuel værdi
Kresten Smed Stræde 23,3670 Veksø Sjælland,773.200,13-04-1995,"
Alm. Salg",4.714,3,Villa,164,1976,,Aktuel værdi
Gl Hovevej 3,3670 Veksø Sjælland,677.900,28-03-1995,"
Alm. Salg",4.549,3,Villa,149,1909,,Aktuel værdi
Lindebjergvej 5,3670 Veksø Sjælland,1.700.000,25-03-1995,"
Alm. Salg",7.762,9,Villa,219,1880,,Aktuel værdi
Lillevangsvej 13,3670 Veksø Sjælland,1.429.500,01-02-1995,"
Fam. Salg",8.611,5,Stuehus,166,1700,,
Ellevang 9,3670 Veksø Sjælland,695.000,25-01-1995,"
Alm. Salg",6.495,5,Sommerhus,107,1965,,Aktuel værdi
Smedestræde 7,3670 Veksø Sjælland,1.350.000,18-01-1995,"
Alm. Salg",7.377,5,Villa,183,1796,,Aktuel værdi
Brøndsted 309,3670 Veksø Sjælland,1.145.000,06-12-1994,"
Alm. Salg",9.308,4,Villa,123,1995,,Aktuel værdi
Brøndsted 405,3670 Veksø Sjælland,150.000,31-10-1994,"
Alm. Salg",1.209,4,Villa,124,1995,,Aktuel værdi
Kelsted 208,3670 Veksø Sjælland,997.000,25-09-1994,"
Alm. Salg",7.669,4,Villa,130,1985,,Aktuel værdi
Birkevang 20,3670 Veksø Sjælland,179.435,23-08-1994,"
Alm. Salg",4.485,2,Sommerhus,40,1980,,Aktuel værdi
Egebjergvej 5,3670 Veksø Sjælland,470.000,20-08-1994,"
Alm. Salg",7.014,3,Villa,67,1860,,Aktuel værdi
Ellevang 5,3670 Veksø Sjælland,175.000,09-07-1994,"
Alm. Salg",-,5,Sommerhus,122,1970,,Aktuel værdi
Østrupvej 169,3670 Veksø Sjælland,1.200.000,01-07-1994,"
Alm. Salg",5.607,6,Stuehus,214,1914,,
Damvadvej 51,3670 Veksø Sjælland,700.000,29-06-1994,"
Alm. Salg",-,6,Stuehus,182,1908,,
Birkevang 29,3670 Veksø Sjælland,135.000,22-06-1994,"
Alm. Salg",1.901,4,Sommerhus,71,2007,,Aktuel værdi
Hasselvang 9,3670 Veksø Sjælland,310.000,14-06-1994,"
Alm. Salg",-,4,Sommerhus,94,1968,,Aktuel værdi
Slettemosevej 3,3670 Veksø Sjælland,1.271.000,01-06-1994,"
Alm. Salg",9.485,5,Villa,134,1901,,Aktuel værdi
Brøndsted 201,3670 Veksø Sjælland,962.096,13-05-1994,"
Alm. Salg",-,4,Villa,129,1987,,Aktuel værdi
Hasselvang 1,3670 Veksø Sjælland,235.000,02-05-1994,"
Alm. Salg",-,3,Sommerhus,54,1970,,Aktuel værdi
Skolevangen 4,3670 Veksø Sjælland,729.874,26-03-1994,"
Alm. Salg",6.082,5,Villa,120,1966,,Aktuel værdi
Skovvangsvej 2,3670 Veksø Sjælland,275.000,22-03-1994,"
Alm. Salg",1.708,5,Villa,161,1995,,Aktuel værdi
Skibsted 104,3670 Veksø Sjælland,1.044.182,16-03-1994,"
Alm. Salg",7.251,5,Villa,144,1984,,Aktuel værdi
Engtoften 1,3670 Veksø Sjælland,500.000,09-03-1994,"
Alm. Salg",3.521,5,Villa,142,1983,,Aktuel værdi
Engtoften 8B,3670 Veksø Sjælland,300.000,09-03-1994,"
Alm. Salg",3.260,4,Villa,92,1923,,Aktuel værdi
Veksø Stationsvej 1,3670 Veksø Sjælland,660.000,17-02-1994,"
Alm. Salg",3.750,5,Villa,176,1900,,Aktuel værdi
Kelsted 202,3670 Veksø Sjælland,1.057.500,27-01-1994,"
Alm. Salg",8.134,4,Villa,130,1986,,Aktuel værdi
Østersø 2,3670 Veksø Sjælland,340.000,23-12-1993,"
Alm. Salg",-,5,Villa,123,1849,,Aktuel værdi
Fyrrevang 5,3670 Veksø Sjælland,90.000,20-12-1993,"
Auktion",2.432,2,Sommerhus,37,1967,,Aktuel værdi
Kelsted 131,3670 Veksø Sjælland,985.100,14-12-1993,"
Alm. Salg",7.756,4,Rækkehus,127,1986,,Aktuel værdi
Møllestræde 6,3670 Veksø Sjælland,675.000,27-10-1993,"
Alm. Salg",5.720,4,Villa,118,1962,,Aktuel værdi
Bjellekjærvej 14,3670 Veksø Sjælland,385.000,12-09-1993,"
Alm. Salg",-,3,Villa,68,1850,,Aktuel værdi
Kelsted 229,3670 Veksø Sjælland,985.000,31-08-1993,"
Alm. Salg",7.943,4,Villa,124,1984,,Aktuel værdi
Kelsted 145,3670 Veksø Sjælland,1.045.000,29-07-1993,"
Alm. Salg",7.359,4,Villa,142,1986,,Aktuel værdi
Thorkildgårdsvej 6,3670 Veksø Sjælland,400.000,26-07-1993,"
Fam. Salg",-,6,Villa,142,1954,,Aktuel værdi
Damvadvej 40,3670 Veksø Sjælland,967.450,16-07-1993,"
Alm. Salg",-,5,Villa,152,1968,,Aktuel værdi
Korshøj 104,3670 Veksø Sjælland,1.020.000,04-07-1993,"
Alm. Salg",-,8,Villa,211,1986,,Aktuel værdi
Brunhøjvej 5,3670 Veksø Sjælland,890.000,02-07-1993,"
Alm. Salg",-,7,Villa,181,1970,,Aktuel værdi
Hovevej 47,3670 Veksø Sjælland,540.000,27-06-1993,"
Alm. Salg",5.094,3,Villa,106,1960,,Aktuel værdi
Korshøj 218,3670 Veksø Sjælland,1.450.000,01-05-1993,"
Alm. Salg",7.923,6,Villa,183,1986,,Aktuel værdi
Knudsbjergvej 21,3670 Veksø Sjælland,890.000,19-04-1993,"
Alm. Salg",4.472,7,Villa,199,1960,,Aktuel værdi
Bjørnebakken 7,3670 Veksø Sjælland,271.265,15-03-1993,"
Alm. Salg",1.568,5,Villa,173,1961,,Aktuel værdi
Frederikssundsvej 10,3670 Veksø Sjælland,1.800.000,23-02-1993,"
Fam. Salg",9.782,5,Stuehus,184,1976,,
Agervej 5,3670 Veksø Sjælland,685.000,10-02-1993,"
Alm. Salg",5.614,5,Villa,122,1965,,Aktuel værdi
Brøndsted 313,3670 Veksø Sjælland,870.000,21-12-1992,"
Alm. Salg",6.214,4,Villa,140,1987,,Aktuel værdi
Veksø Bygade 10,3670 Veksø Sjælland,835.000,01-12-1992,"
Alm. Salg",-,7,Villa,204,1900,,Aktuel værdi
Hovevej 61,3670 Veksø Sjælland,2.485.272,08-09-1992,"
Alm. Salg",16.792,5,Stuehus,148,1875,,
Fugleøjevej 13,3670 Veksø Sjælland,550.000,17-08-1992,"
Alm. Salg",-,8,Villa,188,1959,,Aktuel værdi
Løjesøvej 16,3670 Veksø Sjælland,675.652,12-08-1992,"
Alm. Salg",-,4,Villa,173,1984,,Aktuel værdi
Brøndsted 306,3670 Veksø Sjælland,230.000,08-07-1992,"
Alm. Salg",1.769,4,Villa,130,1992,,Aktuel værdi
Bjørnebakken 10,3670 Veksø Sjælland,685.000,11-06-1992,"
Alm. Salg",-,6,Villa,136,1962,,Aktuel værdi
Kastanievang 10,3670 Veksø Sjælland,306.000,03-05-1992,"
Alm. Salg",-,6,Sommerhus,115,1971,,Aktuel værdi
Kelsted 307,3670 Veksø Sjælland,462.012,23-04-1992,"
Fam. Salg",3.786,4,Villa,122,1984,,Aktuel værdi
