address,zip_code,price,sell_date,sell_type,price_per_sq_m,no_rooms,housing_type,size_in_sq_m,year_of_construction,price_change_in_pct
Nybrovej 39,3760 Gudhjem,360.000,22-05-2017,"
Alm. Salg",1.782,5,Villa,202,1877,,Aktuel værdi
Brøddegade 14. 22,3760 Gudhjem,550.000,11-05-2017,"
Alm. Salg",9.482,2,Sommerhus,58,1900,,Aktuel værdi
Gudhjem Feriepark 33,3760 Gudhjem,645.000,09-05-2017,"
Alm. Salg",11.944,3,Fritid,54,1977,0 %,Aktuel værdi
Grevens Dal 8,3760 Gudhjem,2.445.000,05-05-2017,"
Alm. Salg",13.583,5,Villa,180,1974,-2 %,Aktuel værdi
Røvej 52,3760 Gudhjem,150.000,24-04-2017,"
Alm. Salg",1.000,4,Villa,150,1933,-23 %,Aktuel værdi
Stavsdalvej 12,3760 Gudhjem,395.000,06-04-2017,"
Alm. Salg",2.633,4,Villa,150,1926,0 %,Aktuel værdi
Melsted Langgade 3,3760 Gudhjem,250.000,06-04-2017,"
Alm. Salg",4.807,3,Sommerhus,52,1937,,Aktuel værdi
Gamlevældevej 10,3760 Gudhjem,425.000,29-03-2017,"
Fam. Salg",3.079,4,Villa,138,1898,,Aktuel værdi
Gudhjem Feriepark 56,3760 Gudhjem,650.000,24-03-2017,"
Alm. Salg",12.500,3,Fritid,52,1977,-4 %,Aktuel værdi
Nørresand 13,3760 Gudhjem,1.115.000,22-03-2017,"
Alm. Salg",9.612,4,Rækkehus,116,1876,-11 %,Aktuel værdi
Gudhjemvej 103,3760 Gudhjem,495.000,15-03-2017,"
Alm. Salg",2.124,9,Villa,233,1912,0 %,Aktuel værdi
"Gudhjemvej 111D, 1. 4",3760 Gudhjem,530.000,07-03-2017,"
Alm. Salg",10.000,3,Fritid,53,1976,-8 %,Aktuel værdi
Stavsdalvej 2,3760 Gudhjem,790.000,22-02-2017,"
Alm. Salg",1.259,10,Villa,627,1917,,Aktuel værdi
Duebakken 19,3760 Gudhjem,900.000,16-02-2017,"
Fam. Salg",5.806,5,Villa,155,1973,,Aktuel værdi
Gudhjem Feriepark 102,3760 Gudhjem,665.000,12-02-2017,"
Alm. Salg",12.314,2,Fritid,54,1977,,Aktuel værdi
Gudhjem Feriepark 43,3760 Gudhjem,550.000,06-02-2017,"
Alm. Salg",10.185,3,Fritid,54,1977,-8 %,Aktuel værdi
Melsted Langgade 4,3760 Gudhjem,960.000,28-01-2017,"
Alm. Salg",9.411,4,Villa,102,1880,,Aktuel værdi
Klemenskervej 59,3760 Gudhjem,650.000,27-01-2017,"
Alm. Salg",3.672,6,Stuehus,177,1875,,
Grevens Dal 26,3760 Gudhjem,750.000,25-01-2017,"
Alm. Salg",9.036,6,Sommerhus,83,1962,,Aktuel værdi
Stangevej 11,3760 Gudhjem,425.000,18-01-2017,"
Andet",2.179,8,Villa,195,1900,,Aktuel værdi
Oxholmvej 7,3760 Gudhjem,1.170.000,09-01-2017,"
Alm. Salg",6.882,7,Stuehus,170,1925,-2 %,
Gudhjem Feriepark 49,3760 Gudhjem,575.000,04-01-2017,"
Alm. Salg",11.057,3,Fritid,52,1977,,Aktuel værdi
Holkavej 20,3760 Gudhjem,1.250.000,27-12-2016,"
Alm. Salg",10.245,3,Rækkehus,122,1900,0 %,Aktuel værdi
Lillevang 4,3760 Gudhjem,1.395.000,22-12-2016,"
Alm. Salg",8.506,4,Villa,164,1935,-7 %,Aktuel værdi
Åløsevej 10,3760 Gudhjem,214.500,21-12-2016,"
Fam. Salg",1.392,6,Villa,154,1944,-67 %,Aktuel værdi
Oxholmvej 9,3760 Gudhjem,395.000,19-12-2016,"
Alm. Salg",2.581,7,Villa,153,1918,0 %,Aktuel værdi
"Holkavej 2A, ST. 3",3760 Gudhjem,493.000,14-12-2016,"
Fam. Salg",9.301,2,Sommerhus,53,1954,,Aktuel værdi
"Brøddegade 14, 1. 3",3760 Gudhjem,595.000,08-12-2016,"
Alm. Salg",9.296,2,Sommerhus,64,1993,0 %,Aktuel værdi
Åløsevej 5,3760 Gudhjem,845.000,01-12-2016,"
Alm. Salg",5.184,6,Villa,163,1966,0 %,Aktuel værdi
Røvej 37,3760 Gudhjem,2.875.000,22-11-2016,"
Alm. Salg",13.248,8,Stuehus,217,1931,,
Røvej 24B,3760 Gudhjem,250.000,18-11-2016,"
Alm. Salg",3.787,2,Sommerhus,66,1918,,Aktuel værdi
Nørresand 25,3760 Gudhjem,1.200.000,16-11-2016,"
Alm. Salg",11.538,4,Villa,104,1935,-7 %,Aktuel værdi
Kastanievej 12,3760 Gudhjem,1.500.000,10-11-2016,"
Alm. Salg",7.177,4,Villa,209,1976,-6 %,Aktuel værdi
Åbogade 8,3760 Gudhjem,1.175.000,10-11-2016,"
Alm. Salg",9.957,4,Villa,118,1727,-8 %,Aktuel værdi
Nørregårdsvej 8,3760 Gudhjem,355.000,08-11-2016,"
Fam. Salg",3.659,3,Sommerhus,97,1966,,Aktuel værdi
Klemenskervej 33,3760 Gudhjem,700.000,02-11-2016,"
Alm. Salg",3.139,7,Villa,223,1903,-17 %,Aktuel værdi
Brøddegade 30,3760 Gudhjem,1.300.000,01-11-2016,"
Alm. Salg",5.676,4,Villa,229,1852,,Aktuel værdi
Larsensvej 3,3760 Gudhjem,200.000,25-10-2016,"
Alm. Salg",1.470,4,Villa,136,1979,,Aktuel værdi
Lillevang 5,3760 Gudhjem,900.000,19-10-2016,"
Fam. Salg",6.338,3,Villa,142,1895,,Aktuel værdi
Skramman 21,3760 Gudhjem,510.000,11-10-2016,"
Alm. Salg",4.636,4,Villa,110,1979,-6 %,Aktuel værdi
Nybrovej 9,3760 Gudhjem,100.000,23-09-2016,"
Alm. Salg",1.010,3,Villa,99,1925,,Aktuel værdi
Gudhjemvej 16,3760 Gudhjem,235.000,19-09-2016,"
Alm. Salg",2.238,4,Villa,105,1944,0 %,Aktuel værdi
"Gudhjemvej 111D, 1. 9",3760 Gudhjem,450.000,13-09-2016,"
Alm. Salg",6.081,3,Fritid,74,1916,-9 %,Aktuel værdi
Røbrovej 1,3760 Gudhjem,130.000,11-09-2016,"
Alm. Salg",2.000,4,Villa,65,1900,-33 %,Aktuel værdi
Sigtevej 8,3760 Gudhjem,995.000,02-09-2016,"
Alm. Salg",9.128,4,Sommerhus,109,1850,0 %,Aktuel værdi
Melstedvej 9,3760 Gudhjem,510.000,02-09-2016,"
Alm. Salg",4.473,4,Villa,114,1920,-14 %,Aktuel værdi
Lillevang 13,3760 Gudhjem,400.000,17-08-2016,"
Alm. Salg",3.225,4,Villa,124,1928,-37 %,Aktuel værdi
Kalleholled 5,3760 Gudhjem,675.000,17-08-2016,"
Alm. Salg",6.750,4,Sommerhus,100,1969,-15 %,Aktuel værdi
"Åløsevej 2, 1",3760 Gudhjem,350.000,09-08-2016,"
Alm. Salg",3.500,3,Lejlighed,100,1942,,Aktuel værdi
Lille Jernkaasvej 7G,3760 Gudhjem,700.000,09-08-2016,"
Alm. Salg",12.962,3,Fritid,54,1977,,Aktuel værdi
Nørreløkke 8,3760 Gudhjem,998.000,08-08-2016,"
Alm. Salg",14.257,3,Sommerhus,70,1964,,Aktuel værdi
Oxholmvej 13,3760 Gudhjem,195.000,01-08-2016,"
Alm. Salg",1.083,5,Villa,180,1838,0 %,Aktuel værdi
Gudhjem Feriepark 62,3760 Gudhjem,555.000,29-07-2016,"
Alm. Salg",10.277,3,Fritid,54,1977,0 %,Aktuel værdi
Vietsvej 4,3760 Gudhjem,425.000,16-07-2016,"
Alm. Salg",3.102,4,Stuehus,137,1910,-4 %,
Lynggårdsvej 2,3760 Gudhjem,800.000,12-07-2016,"
Alm. Salg",4.188,8,Villa,191,1915,,Aktuel værdi
Kobbevej 16,3760 Gudhjem,2.060.000,12-07-2016,"
Fam. Salg",6.889,11,Stuehus,299,1867,,
Stavsdalvej 27,3760 Gudhjem,1.044.842,05-07-2016,"
Fam. Salg",6.655,4,Villa,157,1959,,Aktuel værdi
Lille Jernkaasvej 5B,3760 Gudhjem,620.000,05-07-2016,"
Alm. Salg",11.923,3,Fritid,52,1977,,Aktuel værdi
Åbogade 2,3760 Gudhjem,1.250.000,04-07-2016,"
Alm. Salg",10.000,5,Villa,125,1877,-3 %,Aktuel værdi
Gamlevældevej 4,3760 Gudhjem,235.000,13-06-2016,"
Alm. Salg",2.008,6,Villa,117,1938,-6 %,Aktuel værdi
Dyndalevej 1,3760 Gudhjem,1.430.000,09-06-2016,"
Alm. Salg",4.496,10,Stuehus,318,1902,,
Åløsevej 1,3760 Gudhjem,170.000,08-06-2016,"
Alm. Salg",2.297,3,Villa,74,1920,,Aktuel værdi
Melstedvej 43,3760 Gudhjem,2.700.000,07-06-2016,"
Alm. Salg",11.587,4,Villa,233,1895,-9 %,Aktuel værdi
Stavsdalvej 58,3760 Gudhjem,150.000,01-06-2016,"
Alm. Salg",1.546,4,Villa,97,1900,,Aktuel værdi
Gudhjemvej 19,3760 Gudhjem,300.000,30-05-2016,"
Alm. Salg",2.112,4,Villa,142,1968,-8 %,Aktuel værdi
Vietsvej 1,3760 Gudhjem,535.000,20-05-2016,"
Alm. Salg",5.144,5,Fritid,104,1933,,Aktuel værdi
Toftevej 5,3760 Gudhjem,1.795.000,12-05-2016,"
Alm. Salg",8.348,8,Erhverv,215,1890,0 %,Aktuel værdi
Lille Jernkaasvej 3B,3760 Gudhjem,675.000,11-05-2016,"
Alm. Salg",12.980,3,Fritid,52,1977,0 %,Aktuel værdi
Klemenskervej 21,3760 Gudhjem,190.000,04-05-2016,"
Alm. Salg",1.583,5,Villa,120,1949,-16 %,Aktuel værdi
Sct. Jørgensgade 5,3760 Gudhjem,595.000,01-05-2016,"
Fam. Salg",4.685,5,Sommerhus,127,1740,,Aktuel værdi
Nørresand 15,3760 Gudhjem,1.250.000,26-04-2016,"
Alm. Salg",10.162,4,Villa,123,1911,0 %,Aktuel værdi
Gudhjem Feriepark 54,3760 Gudhjem,695.000,21-04-2016,"
Alm. Salg",12.870,3,Fritid,54,1977,0 %,Aktuel værdi
Gudhjemvej 111T,3760 Gudhjem,700.000,21-04-2016,"
Alm. Salg",16.666,3,Sommerhus,42,1970,,Aktuel værdi
Vårbækvej 4,3760 Gudhjem,140.250,14-04-2016,"
Fam. Salg",1.402,4,Villa,100,1968,,Aktuel værdi
Brøddegade 14. 19,3760 Gudhjem,1.065.000,04-04-2016,"
Alm. Salg",10.544,4,Sommerhus,101,1900,,Aktuel værdi
Gudhjem Feriepark 28,3760 Gudhjem,825.000,04-04-2016,"
Alm. Salg",15.277,3,Fritid,54,1977,-2 %,Aktuel værdi
Lindeskovvej 9,3760 Gudhjem,495.000,31-03-2016,"
Alm. Salg",3.807,4,Villa,130,1964,0 %,Aktuel værdi
Møllebakken 16,3760 Gudhjem,550.000,22-03-2016,"
Alm. Salg",4.700,6,Villa,117,1938,,Aktuel værdi
Jydeskæret 1,3760 Gudhjem,2.600.000,15-03-2016,"
Alm. Salg",14.130,5,Villa,184,1910,-7 %,Aktuel værdi
Skramman 22,3760 Gudhjem,1.150.000,14-03-2016,"
Alm. Salg",5.693,5,Villa,202,1980,0 %,Aktuel værdi
Vinkelvej 21,3760 Gudhjem,500.000,04-03-2016,"
Alm. Salg",4.065,4,Villa,123,1984,-16 %,Aktuel værdi
Sigtevej 5,3760 Gudhjem,63.000,29-02-2016,"
Auktion",315,9,Villa,200,1897,,Aktuel værdi
Røvej 21,3760 Gudhjem,495.000,25-02-2016,"
Alm. Salg",2.877,5,Villa,172,1929,0 %,Aktuel værdi
Melsted Langgade 5,3760 Gudhjem,1.800.000,24-02-2016,"
Alm. Salg",8.955,6,Sommerhus,201,1777,-14 %,Aktuel værdi
Toftevej 2,3760 Gudhjem,445.000,22-02-2016,"
Alm. Salg",2.431,7,Villa,183,1900,-6 %,Aktuel værdi
Vietsvej 3,3760 Gudhjem,88.000,02-02-2016,"
Alm. Salg",926,4,Villa,95,1900,-10 %,Aktuel værdi
Klemenskervej 35,3760 Gudhjem,100.000,25-01-2016,"
Auktion",531,6,Stuehus,188,1913,-80 %,
Vinkelvej 13,3760 Gudhjem,645.000,13-01-2016,"
Alm. Salg",3.603,4,Villa,179,1976,-2 %,Aktuel værdi
Gamlevældevej 17,3760 Gudhjem,250.000,11-01-2016,"
Alm. Salg",2.604,4,Stuehus,96,1900,,
Røvej 16A,3760 Gudhjem,1.400.000,11-01-2016,"
Andet",10.606,6,Villa,132,1988,,Aktuel værdi
Grevens Dal 34,3760 Gudhjem,1.650.000,07-01-2016,"
Alm. Salg",29.464,3,Sommerhus,56,1940,-8 %,Aktuel værdi
Løkkegade 16,3760 Gudhjem,750.000,17-12-2015,"
Alm. Salg",6.302,3,Villa,119,1904,,Aktuel værdi
Krashavevej 34A,3760 Gudhjem,408.000,14-12-2015,"
Fam. Salg",11.657,1,Sommerhus,35,1954,,Aktuel værdi
Gudhjem Feriepark 74,3760 Gudhjem,416.500,13-12-2015,"
Fam. Salg",8.009,3,Fritid,52,1977,,Aktuel værdi
Kjeldsebyvej 6,3760 Gudhjem,575.000,10-12-2015,"
Alm. Salg",3.484,5,Villa,165,1850,0 %,Aktuel værdi
Slettevej 8,3760 Gudhjem,760.000,07-12-2015,"
Auktion",1.788,9,Stuehus,425,1978,,
"Brøddegade 1, 1",3760 Gudhjem,2.450.000,30-11-2015,"
Andet",16.554,5,Lejlighed,148,1903,,Aktuel værdi
Gudhjem Feriepark 36,3760 Gudhjem,550.000,23-11-2015,"
Alm. Salg",10.185,3,Fritid,54,1977,,Aktuel værdi
Grevens Dal 32,3760 Gudhjem,2.815.000,19-11-2015,"
Alm. Salg",31.277,4,Sommerhus,90,1961,-23 %,Aktuel værdi
Åsedamsvej 3,3760 Gudhjem,10.963.000,11-11-2015,"
Alm. Salg",43.852,8,Stuehus,250,1909,,
Melstedvej 50,3760 Gudhjem,701.250,04-11-2015,"
Fam. Salg",5.843,4,Sommerhus,120,1951,,Aktuel værdi
Melsted By 6,3760 Gudhjem,1.040.250,26-10-2015,"
Alm. Salg",18.575,4,Sommerhus,56,1942,-5 %,Aktuel værdi
Gudhjemvej 111U,3760 Gudhjem,700.000,15-10-2015,"
Alm. Salg",16.666,3,Sommerhus,42,1970,,Aktuel værdi
Oxholmvej 4,3760 Gudhjem,191.628,06-10-2015,"
Alm. Salg",1.161,6,Stuehus,165,1875,,
Randkløvevej 17B,3760 Gudhjem,740.000,14-09-2015,"
Alm. Salg",4.065,7,Sommerhus,182,1969,,Aktuel værdi
Risenholmsvej 5,3760 Gudhjem,280.000,07-09-2015,"
Alm. Salg",2.456,4,Stuehus,114,1929,-6 %,
Kalleholled 3,3760 Gudhjem,895.000,01-09-2015,"
Alm. Salg",8.861,6,Sommerhus,101,1968,0 %,Aktuel værdi
Nybrovej 46,3760 Gudhjem,100.000,26-08-2015,"
Alm. Salg",1.020,3,Stuehus,98,1890,-60 %,
Stangevej 16,3760 Gudhjem,22.150.000,25-08-2015,"
Alm. Salg",73.344,7,Stuehus,302,1858,,
"Gudhjemvej 111D, 1. 2",3760 Gudhjem,430.000,20-08-2015,"
Alm. Salg",7.818,3,Fritid,55,1976,-14 %,Aktuel værdi
Sdr. Strandvej 91,3760 Gudhjem,998.000,13-08-2015,"
Alm. Salg",5.365,6,Villa,186,1800,0 %,Aktuel værdi
"Brøddegade 14, 1. 7",3760 Gudhjem,575.000,13-08-2015,"
Alm. Salg",8.984,2,Sommerhus,64,1993,-3 %,Aktuel værdi
Bryggerstræde 9,3760 Gudhjem,1.575.000,10-08-2015,"
Alm. Salg",11.091,6,Sommerhus,142,1880,-7 %,Aktuel værdi
Bådstadvej 6,3760 Gudhjem,2.500.000,10-08-2015,"
Alm. Salg",14.534,4,Sommerhus,172,1795,,Aktuel værdi
Brøddegade 7,3760 Gudhjem,765.000,03-08-2015,"
Alm. Salg",6.538,5,Villa,117,1887,-4 %,Aktuel værdi
Bækken 3,3760 Gudhjem,895.000,03-08-2015,"
Alm. Salg",8.861,4,Villa,101,1922,0 %,Aktuel værdi
Melsted Langgade 12,3760 Gudhjem,261.000,27-07-2015,"
Fam. Salg",3.728,3,Sommerhus,70,1877,,Aktuel værdi
Vinkelvej 4,3760 Gudhjem,299.000,09-07-2015,"
Alm. Salg",1.993,4,Villa,150,1961,0 %,Aktuel værdi
Nybrovej 34,3760 Gudhjem,150.000,07-07-2015,"
Alm. Salg",1.612,4,Villa,93,1912,-45 %,Aktuel værdi
Løkkegade 4,3760 Gudhjem,1.000.000,02-07-2015,"
Alm. Salg",9.090,3,Villa,110,1931,-9 %,Aktuel værdi
Møllebakken 1,3760 Gudhjem,500.000,29-06-2015,"
Fam. Salg",3.846,6,Villa,130,1937,,Aktuel værdi
Melsted By 1,3760 Gudhjem,300.000,26-06-2015,"
Alm. Salg",4.761,3,Villa,63,1827,-39 %,Aktuel værdi
Mortingevej 16,3760 Gudhjem,695.000,22-06-2015,"
Alm. Salg",7.637,4,Sommerhus,91,1925,0 %,Aktuel værdi
Præstegårdsvej 3,3760 Gudhjem,215.000,19-06-2015,"
Alm. Salg",3.161,4,Sommerhus,68,1923,2 %,Aktuel værdi
Åløsevej 14,3760 Gudhjem,334.209,10-06-2015,"
Fam. Salg",2.088,4,Villa,160,1878,,Aktuel værdi
Brøddegade 38,3760 Gudhjem,1.300.000,09-06-2015,"
Alm. Salg",17.333,4,Sommerhus,75,1780,,Aktuel værdi
Gudhjem Feriepark 23,3760 Gudhjem,760.000,03-06-2015,"
Alm. Salg",14.615,3,Fritid,52,1977,,Aktuel værdi
Ejnar Mikkelsensvej 28,3760 Gudhjem,3.000.000,29-05-2015,"
Alm. Salg",13.888,10,Rækkehus,216,1873,,Aktuel værdi
Melstedvej 49,3760 Gudhjem,892.500,02-05-2015,"
Fam. Salg",11.743,3,Sommerhus,76,1803,,Aktuel værdi
Malkestien 5,3760 Gudhjem,775.000,22-04-2015,"
Alm. Salg",4.754,4,Villa,163,1902,-11 %,Aktuel værdi
Stangevej 6,3760 Gudhjem,2.750.000,30-03-2015,"
Alm. Salg",11.224,6,Stuehus,245,1974,,
Støberivej 1,3760 Gudhjem,175.000,17-03-2015,"
Alm. Salg",1.650,4,Villa,106,1958,-56 %,Aktuel værdi
Lille Jernkaasvej 5C,3760 Gudhjem,685.000,16-03-2015,"
Alm. Salg",13.173,3,Fritid,52,1977,,Aktuel værdi
Melsted Langgade 45. 2,3760 Gudhjem,459.500,14-03-2015,"
Alm. Salg",8.509,2,Fritid,54,1954,,Aktuel værdi
Løkkegade 6,3760 Gudhjem,400.000,06-03-2015,"
Alm. Salg",4.166,4,Villa,96,1903,-11 %,Aktuel værdi
Gudhjem Feriepark 101,3760 Gudhjem,575.000,04-03-2015,"
Alm. Salg",11.057,2,Fritid,52,1977,,Aktuel værdi
Hjortevej 3,3760 Gudhjem,833.000,27-02-2015,"
Fam. Salg",7.181,5,Stuehus,116,1915,,
Klemenskervej 44,3760 Gudhjem,750.000,18-02-2015,"
Alm. Salg",6.198,4,Stuehus,121,1777,,
Stavsdalvej 24,3760 Gudhjem,485.000,18-02-2015,"
Alm. Salg",2.921,3,Villa,166,1950,0 %,Aktuel værdi
Bådstadvej 10,3760 Gudhjem,1.100.000,17-02-2015,"
Alm. Salg",21.153,2,Sommerhus,52,1795,,Aktuel værdi
Gudhjemvej 111S,3760 Gudhjem,705.000,10-02-2015,"
Alm. Salg",16.785,3,Sommerhus,42,1970,,Aktuel værdi
Grevens Dal 19,3760 Gudhjem,664.500,02-02-2015,"
Auktion",4.646,6,Villa,143,1962,,Aktuel værdi
Nørreløkke 22,3760 Gudhjem,807.500,01-02-2015,"
Fam. Salg",11.061,5,Sommerhus,73,1972,,Aktuel værdi
Lindeskovvej 2,3760 Gudhjem,605.000,30-01-2015,"
Alm. Salg",3.644,5,Villa,166,1925,-13 %,Aktuel værdi
Gudhjem Feriepark 90,3760 Gudhjem,300.000,09-01-2015,"
Alm. Salg",5.555,3,Fritid,54,1977,,Aktuel værdi
Lille Jernkaasvej 7C,3760 Gudhjem,350.000,06-01-2015,"
Fam. Salg",6.481,3,Fritid,54,1977,,Aktuel værdi
Gudhjem Feriepark 19,3760 Gudhjem,750.000,05-01-2015,"
Alm. Salg",14.423,3,Fritid,52,1977,,Aktuel værdi
Gudhjem Feriepark 78,3760 Gudhjem,492.000,26-12-2014,"
Alm. Salg",9.461,3,Fritid,52,1977,,Aktuel værdi
Pihls Allé 2,3760 Gudhjem,195.000,18-12-2014,"
Fam. Salg",2.052,3,Villa,95,1939,,Aktuel værdi
Gudhjemvej 111C,3760 Gudhjem,450.000,10-12-2014,"
Alm. Salg",8.181,3,Fritid,55,1976,-10 %,Aktuel værdi
Klemenskervej 52,3760 Gudhjem,395.000,08-12-2014,"
Alm. Salg",3.376,5,Villa,117,1923,0 %,Aktuel værdi
Bådstadvej 16,3760 Gudhjem,1.150.000,02-12-2014,"
Alm. Salg",18.852,2,Sommerhus,61,1795,,Aktuel værdi
Røbrovej 10,3760 Gudhjem,475.000,30-11-2014,"
Alm. Salg",3.598,4,Villa,132,1900,-17 %,Aktuel værdi
Gudhjemvej 111A,3760 Gudhjem,315.000,28-11-2014,"
Alm. Salg",6.702,1,Fritid,47,1916,,Aktuel værdi
Skramman 16,3760 Gudhjem,325.000,25-11-2014,"
Alm. Salg",3.651,3,Villa,89,1985,-18 %,Aktuel værdi
Gamlevældevej 26,3760 Gudhjem,175.000,07-11-2014,"
Alm. Salg",1.190,6,Villa,147,1948,0 %,Aktuel værdi
Bådstadvej 8,3760 Gudhjem,1.750.000,01-11-2014,"
Alm. Salg",22.727,2,Sommerhus,77,1795,,Aktuel værdi
Nybrovej 18,3760 Gudhjem,245.000,29-10-2014,"
Alm. Salg",1.884,4,Villa,130,1931,,Aktuel værdi
Åbogade 5,3760 Gudhjem,1.225.000,27-10-2014,"
Alm. Salg",8.506,4,Villa,144,1857,,Aktuel værdi
Stavehøl 3,3760 Gudhjem,1.395.000,24-10-2014,"
Alm. Salg",4.793,7,Villa,291,1800,-7 %,Aktuel værdi
Risenholmsvej 4,3760 Gudhjem,269.666,23-10-2014,"
Andet",1.361,5,Villa,198,1900,-70 %,Aktuel værdi
Stavsdalvej 25,3760 Gudhjem,800.000,23-10-2014,"
Alm. Salg",4.166,6,Villa,192,1854,-6 %,Aktuel værdi
Melstedvej 22,3760 Gudhjem,500.000,14-10-2014,"
Andet",5.813,5,Villa,86,1910,,Aktuel værdi
Melsted Langgade 28,3760 Gudhjem,190.000,08-10-2014,"
Fam. Salg",2.289,5,Sommerhus,83,1850,,Aktuel værdi
Bokulvej 5,3760 Gudhjem,550.000,30-09-2014,"
Alm. Salg",4.230,5,Villa,130,1908,,Aktuel værdi
Grevens Dal 46,3760 Gudhjem,4.300.000,26-09-2014,"
Alm. Salg",27.564,2,Villa,156,1942,-4 %,Aktuel værdi
Skramman 2,3760 Gudhjem,195.000,25-09-2014,"
Alm. Salg",2.191,3,Villa,89,1935,0 %,Aktuel værdi
Gudhjem Feriepark 48,3760 Gudhjem,545.000,15-09-2014,"
Alm. Salg",10.480,3,Fritid,52,1977,,Aktuel værdi
Lindeskovvej 1,3760 Gudhjem,300.000,10-09-2014,"
Alm. Salg",2.000,6,Villa,150,1934,-14 %,Aktuel værdi
Gudhjem Feriepark 67,3760 Gudhjem,460.000,01-09-2014,"
Alm. Salg",8.518,3,Fritid,54,1977,-12 %,Aktuel værdi
Nybrovej 25,3760 Gudhjem,285.000,26-08-2014,"
Alm. Salg",1.656,6,Villa,172,1959,-3 %,Aktuel værdi
Brøddegade 14. 13,3760 Gudhjem,920.000,24-08-2014,"
Alm. Salg",11.645,4,Sommerhus,79,1900,,Aktuel værdi
Melsted By 2,3760 Gudhjem,995.000,18-08-2014,"
Alm. Salg",10.815,3,Villa,92,1700,0 %,Aktuel værdi
Melstedvej 40,3760 Gudhjem,1.050.000,15-08-2014,"
Alm. Salg",6.104,5,Sommerhus,172,1728,-19 %,Aktuel værdi
Gudhjemvej 111K,3760 Gudhjem,460.000,07-08-2014,"
Alm. Salg",8.363,3,Fritid,55,1976,,Aktuel værdi
Gudhjemvej 91,3760 Gudhjem,1.995.000,21-07-2014,"
Alm. Salg",9.827,6,Villa,203,1700,0 %,Aktuel værdi
Gudhjem Feriepark 91,3760 Gudhjem,250.000,09-07-2014,"
Fam. Salg",4.807,3,Fritid,52,1977,,Aktuel værdi
Melsted Langgade 45. 11,3760 Gudhjem,311.000,04-07-2014,"
Fam. Salg",4.092,2,Fritid,76,1954,,Aktuel værdi
Gudhjemvej 89,3760 Gudhjem,745.000,02-07-2014,"
Alm. Salg",3.401,5,Villa,219,1800,0 %,Aktuel værdi
Gudhjemvej 111R,3760 Gudhjem,774.812,17-06-2014,"
Alm. Salg",14.087,3,Sommerhus,55,1998,,Aktuel værdi
Nørreløkke 2,3760 Gudhjem,780.000,16-06-2014,"
Alm. Salg",10.400,4,Villa,75,1957,-22 %,Aktuel værdi
Åbogade 10,3760 Gudhjem,450.500,11-06-2014,"
Fam. Salg",4.844,4,Villa,93,1890,,Aktuel værdi
Gudhjemvej 22,3760 Gudhjem,250.000,06-06-2014,"
Alm. Salg",2.525,3,Villa,99,1948,-16 %,Aktuel værdi
"Gudhjemvej 111D, 1. 7",3760 Gudhjem,425.000,05-06-2014,"
Alm. Salg",5.666,3,Fritid,75,1916,,Aktuel værdi
Gudhjemvej 111L,3760 Gudhjem,903.000,02-06-2014,"
Alm. Salg",13.086,3,Sommerhus,69,2005,,Aktuel værdi
Gudhjem Feriepark 83,3760 Gudhjem,525.000,20-05-2014,"
Alm. Salg",9.722,3,Fritid,54,1977,,Aktuel værdi
Gudhjemvej 111M,3760 Gudhjem,965.000,13-05-2014,"
Alm. Salg",13.985,3,Sommerhus,69,2005,,Aktuel værdi
Krækketsvej 7,3760 Gudhjem,323.948,12-05-2014,"
Fam. Salg",2.699,5,Stuehus,120,1858,,
Gråmyrvej 1A,3760 Gudhjem,725.000,01-05-2014,"
Alm. Salg",8.841,3,Sommerhus,82,1964,,Aktuel værdi
Stavsdalvej 16,3760 Gudhjem,308.000,28-04-2014,"
Fam. Salg",2.315,6,Villa,133,1900,,Aktuel værdi
Nørresand 23,3760 Gudhjem,1.250.000,22-04-2014,"
Alm. Salg",12.376,3,Villa,101,1932,,Aktuel værdi
Gudhjem Feriepark 31,3760 Gudhjem,775.000,14-04-2014,"
Alm. Salg",14.351,3,Fritid,54,1977,,Aktuel værdi
Klemenskervej 34,3760 Gudhjem,900.000,03-04-2014,"
Alm. Salg",4.838,4,Stuehus,186,1947,,
Melsted Langgade 14,3760 Gudhjem,2.100.000,24-03-2014,"
Alm. Salg",18.103,4,Sommerhus,116,1966,,Aktuel værdi
Bækken 1,3760 Gudhjem,375.000,20-03-2014,"
Alm. Salg",2.819,5,Villa,133,1900,0 %,Aktuel værdi
Gudhjem Feriepark 27,3760 Gudhjem,680.000,20-03-2014,"
Alm. Salg",12.592,3,Fritid,54,1977,,Aktuel værdi
Gudhjem Feriepark 96,3760 Gudhjem,550.000,07-03-2014,"
Alm. Salg",10.185,2,Fritid,54,1977,,Aktuel værdi
Nybrovej 44B,3760 Gudhjem,340.000,27-02-2014,"
Fam. Salg",4.146,3,Sommerhus,82,1900,,Aktuel værdi
Ejnar Mikkelsensvej 30,3760 Gudhjem,1.315.000,22-02-2014,"
Alm. Salg",9.887,3,Rækkehus,133,1913,-10 %,Aktuel værdi
Duebakken 2,3760 Gudhjem,1.550.000,17-02-2014,"
Alm. Salg",5.132,8,Sommerhus,302,1912,-22 %,Aktuel værdi
Brommevej 16,3760 Gudhjem,240.000,03-02-2014,"
Alm. Salg",2.000,6,Villa,120,1930,-26 %,Aktuel værdi
Gudhjem Feriepark 59,3760 Gudhjem,585.000,22-01-2014,"
Alm. Salg",11.250,3,Fritid,52,1977,,Aktuel værdi
Møllebakken 3,3760 Gudhjem,450.000,14-01-2014,"
Alm. Salg",3.658,4,Villa,123,1938,-9 %,Aktuel værdi
Røvej 30,3760 Gudhjem,323.750,09-01-2014,"
Fam. Salg",1.839,7,Villa,176,1803,,Aktuel værdi
Holkavej 14,3760 Gudhjem,1.395.000,20-12-2013,"
Fam. Salg",8.885,5,Villa,157,1912,,Aktuel værdi
Ejnar Mikkelsensvej 5,3760 Gudhjem,525.000,19-12-2013,"
Alm. Salg",-,5,Villa,94,1771,,Aktuel værdi
Nybrovej 20,3760 Gudhjem,89.000,17-12-2013,"
Alm. Salg",445,8,Villa,200,1923,0 %,Aktuel værdi
Nybrovej 45,3760 Gudhjem,900.000,02-12-2013,"
Alm. Salg",3.765,8,Stuehus,239,1977,,
Røvej 45,3760 Gudhjem,2.300.000,11-11-2013,"
Andet",15.972,5,Stuehus,144,1825,,
Kastanievej 4,3760 Gudhjem,410.000,08-11-2013,"
Alm. Salg",3.596,5,Villa,114,1902,-17 %,Aktuel værdi
Gudhjemvej 8,3760 Gudhjem,475.000,05-11-2013,"
Alm. Salg",3.710,4,Villa,128,1930,0 %,Aktuel værdi
"Brøddegade 14, 1. 2",3760 Gudhjem,425.000,05-11-2013,"
Alm. Salg",8.673,2,Sommerhus,49,1993,,Aktuel værdi
Duebakken 8,3760 Gudhjem,625.000,23-10-2013,"
Alm. Salg",4.960,3,Villa,126,1975,-21 %,Aktuel værdi
Grevens Dal 40,3760 Gudhjem,4.500.000,23-10-2013,"
Alm. Salg",16.483,6,Villa,273,2000,-10 %,Aktuel værdi
"Holkavej 2A, ST. 1",3760 Gudhjem,675.000,21-10-2013,"
Fam. Salg",9.000,3,Sommerhus,75,1954,,Aktuel værdi
Stavsdalvej 66,3760 Gudhjem,595.000,14-10-2013,"
Alm. Salg",7.933,3,Stuehus,75,1922,0 %,
Lynggårdsvej 8,3760 Gudhjem,1.350.000,14-10-2013,"
Alm. Salg",5.869,10,Villa,230,1932,-14 %,Aktuel værdi
Sdr. Strandvej 134,3760 Gudhjem,750.000,27-09-2013,"
Alm. Salg",4.054,7,Villa,185,1871,-25 %,Aktuel værdi
Puggevej 4,3760 Gudhjem,3.400.000,20-09-2013,"
Alm. Salg",23.129,5,Stuehus,147,1900,,
Egeskovvej 20,3760 Gudhjem,750.000,18-09-2013,"
Alm. Salg",4.658,4,Stuehus,161,1944,,
Krashavevej 36,3760 Gudhjem,570.000,17-09-2013,"
Alm. Salg",5.089,5,Stuehus,112,1877,,
Hjortevej 7,3760 Gudhjem,26.450.000,05-09-2013,"
Alm. Salg",205.038,6,Stuehus,129,1916,,
Nybrovej 8,3760 Gudhjem,245.000,02-09-2013,"
Alm. Salg",2.500,4,Villa,98,1937,0 %,Aktuel værdi
Kastanievej 3,3760 Gudhjem,360.000,29-08-2013,"
Alm. Salg",3.600,3,Villa,100,1902,-9 %,Aktuel værdi
Gudhjemvej 111V,3760 Gudhjem,527.000,21-08-2013,"
Fam. Salg",12.547,3,Sommerhus,42,1970,,Aktuel værdi
Nørregårdsvej 7,3760 Gudhjem,250.000,19-08-2013,"
Alm. Salg",2.049,5,Sommerhus,122,1877,,Aktuel værdi
Røstadvej 8,3760 Gudhjem,652.000,16-08-2013,"
Alm. Salg",5.216,6,Stuehus,125,1800,,
Gudhjemvej 17,3760 Gudhjem,450.000,09-08-2013,"
Alm. Salg",3.409,5,Villa,132,1966,-10 %,Aktuel værdi
Gudhjemvej 87,3760 Gudhjem,150.000,06-08-2013,"
Alm. Salg",1.401,5,Villa,107,1900,-49 %,Aktuel værdi
Løkkegade 5,3760 Gudhjem,2.650.000,05-08-2013,"
Alm. Salg",22.083,4,Villa,120,1931,,Aktuel værdi
Bækken 7,3760 Gudhjem,650.000,31-07-2013,"
Alm. Salg",5.284,5,Villa,123,1912,-18 %,Aktuel værdi
Gamlevældevej 33,3760 Gudhjem,695.000,28-07-2013,"
Alm. Salg",3.341,8,Stuehus,208,1650,,
Gudhjemvej 99,3760 Gudhjem,1.250.000,20-07-2013,"
Alm. Salg",17.123,2,Villa,73,1969,0 %,Aktuel værdi
Kirkestien 7,3760 Gudhjem,767.000,17-07-2013,"
Alm. Salg",3.600,5,Villa,213,1870,,Aktuel værdi
"Holkavej 2A, ST. 7",3760 Gudhjem,1.100.000,11-07-2013,"
Alm. Salg",22.000,2,Sommerhus,50,1954,-15 %,Aktuel værdi
Åløsevej 27,3760 Gudhjem,100.000,11-07-2013,"
Alm. Salg",1.369,3,Villa,73,1898,,Aktuel værdi
Brommevej 31,3760 Gudhjem,23.800.000,05-07-2013,"
Alm. Salg",97.942,6,Stuehus,243,1880,,
Smedevej 1,3760 Gudhjem,480.000,17-06-2013,"
Alm. Salg",3.428,6,Villa,140,1931,-20 %,Aktuel værdi
Røvej 31,3760 Gudhjem,277.920,16-06-2013,"
Alm. Salg",660,13,Stuehus,421,1877,,
Gudhjem Feriepark 52,3760 Gudhjem,575.000,31-05-2013,"
Alm. Salg",11.057,3,Fritid,52,1977,,Aktuel værdi
Brommevej 30,3760 Gudhjem,450.000,21-05-2013,"
Alm. Salg",4.787,3,Villa,94,1928,-9 %,Aktuel værdi
Gudhjem Feriepark 80,3760 Gudhjem,430.000,16-05-2013,"
Alm. Salg",7.962,3,Fritid,54,1977,,Aktuel værdi
Melstedvej 52,3760 Gudhjem,1.430.000,02-05-2013,"
Alm. Salg",13.240,4,Villa,108,1951,-5 %,Aktuel værdi
Brøddegade 9,3760 Gudhjem,450.000,29-04-2013,"
Alm. Salg",3.061,5,Villa,147,1897,-7 %,Aktuel værdi
Puggevej 1,3760 Gudhjem,1.487.052,19-04-2013,"
Fam. Salg",7.909,4,Stuehus,188,1997,,
Holkavej 9,3760 Gudhjem,960.000,12-04-2013,"
Alm. Salg",8.421,5,Sommerhus,114,1825,-12 %,Aktuel værdi
"Gudhjemvej 111D, 1. 6",3760 Gudhjem,500.000,12-04-2013,"
Alm. Salg",9.259,3,Fritid,54,1976,8 %,Aktuel værdi
Gudhjemvej 43,3760 Gudhjem,257.500,08-04-2013,"
Auktion",1.800,4,Villa,143,1877,,Aktuel værdi
Grevens Dal 44,3760 Gudhjem,700.000,27-03-2013,"
Fam. Salg",5.982,4,Sommerhus,117,1938,,Aktuel værdi
Gamlevældevej 29,3760 Gudhjem,550.000,14-03-2013,"
Alm. Salg",2.083,7,Anden beboelse,264,1878,,Aktuel værdi
Toftevej 10,3760 Gudhjem,625.000,14-02-2013,"
Alm. Salg",4.340,5,Rækkehus,144,1923,,Aktuel værdi
Nørresand 8,3760 Gudhjem,725.000,08-02-2013,"
Alm. Salg",6.304,3,Villa,115,1880,-19 %,Aktuel værdi
Melsted By 11A,3760 Gudhjem,870.000,08-02-2013,"
Alm. Salg",13.593,2,Villa,64,1965,,Aktuel værdi
Brommevej 6,3760 Gudhjem,495.000,05-02-2013,"
Alm. Salg",7.071,6,Stuehus,70,1847,,
Gudhjem Feriepark 68,3760 Gudhjem,535.000,18-01-2013,"
Alm. Salg",9.907,3,Fritid,54,1977,,Aktuel værdi
Kastanievej 7,3760 Gudhjem,200.000,15-01-2013,"
Alm. Salg",1.428,7,Villa,140,1927,-38 %,Aktuel værdi
Holkavej 11,3760 Gudhjem,825.000,02-01-2013,"
Alm. Salg",7.857,5,Villa,105,1914,,Aktuel værdi
Sdr. Strandvej 126,3760 Gudhjem,1.650.000,28-12-2012,"
Alm. Salg",14.347,6,Stuehus,115,1929,,
Nørreløkke 5,3760 Gudhjem,650.000,13-12-2012,"
Alm. Salg",11.818,3,Sommerhus,55,1968,-35 %,Aktuel værdi
Gudhjem Feriepark 81,3760 Gudhjem,445.000,30-11-2012,"
Alm. Salg",8.557,3,Fritid,52,1977,-31 %,Aktuel værdi
Gudhjem Feriepark 26,3760 Gudhjem,750.000,19-11-2012,"
Andet",14.423,3,Fritid,52,1977,,Aktuel værdi
Gudhjem Feriepark 57,3760 Gudhjem,775.000,16-11-2012,"
Alm. Salg",14.351,3,Fritid,54,1977,,Aktuel værdi
Vassebækvej 5,3760 Gudhjem,998.000,07-11-2012,"
Alm. Salg",6.160,6,Stuehus,162,1877,,
Åsedamsvej 9,3760 Gudhjem,795.000,07-11-2012,"
Alm. Salg",9.695,2,Sommerhus,82,1800,0 %,Aktuel værdi
Bådstadvej 12,3760 Gudhjem,650.000,24-10-2012,"
Alm. Salg",16.666,2,Sommerhus,39,1795,,Aktuel værdi
Gudhjem Feriepark 87,3760 Gudhjem,275.000,08-10-2012,"
Andet",5.288,3,Fritid,52,1977,,Aktuel værdi
Gudhjem Feriepark 61,3760 Gudhjem,550.000,08-10-2012,"
Alm. Salg",10.185,3,Fritid,54,1977,,Aktuel værdi
Åløsevej 15,3760 Gudhjem,8.415.000,04-10-2012,"
Fam. Salg",45.486,6,Stuehus,185,1931,,
Kjeldsebyvej 4,3760 Gudhjem,648.000,27-09-2012,"
Alm. Salg",7.043,3,Sommerhus,92,1875,,Aktuel værdi
Åsedamsvej 4,3760 Gudhjem,1.007.500,06-09-2012,"
Alm. Salg",7.632,4,Villa,132,1908,,Aktuel værdi
Løkkegade 25,3760 Gudhjem,795.000,03-09-2012,"
Alm. Salg",7.950,4,Rækkehus,100,1896,0 %,Aktuel værdi
Røvej 28,3760 Gudhjem,300.000,22-08-2012,"
Alm. Salg",1.875,5,Stuehus,160,1926,20 %,
Kalleholled 2,3760 Gudhjem,1.300.000,06-08-2012,"
Alm. Salg",13.978,5,Sommerhus,93,1973,-7 %,Aktuel værdi
Brøddegade 14. 20,3760 Gudhjem,450.000,02-08-2012,"
Alm. Salg",10.000,2,Sommerhus,45,1900,,Aktuel værdi
Gudhjem Feriepark 53,3760 Gudhjem,600.000,25-07-2012,"
Alm. Salg",11.538,3,Fritid,52,1977,,Aktuel værdi
Stangevej 3,3760 Gudhjem,1.175.000,24-07-2012,"
Alm. Salg",3.175,6,Stuehus,370,1898,-16 %,
Vietsvej 5,3760 Gudhjem,430.000,18-07-2012,"
Alm. Salg",2.828,4,Villa,152,1878,-21 %,Aktuel værdi
Skovvej 8,3760 Gudhjem,81.320,30-06-2012,"
Alm. Salg",1.355,4,Stuehus,60,1858,,
Grevens Dal 10,3760 Gudhjem,500.000,15-06-2012,"
Alm. Salg",4.065,3,Villa,123,1937,-16 %,Aktuel værdi
Kirkestien 3,3760 Gudhjem,450.000,13-06-2012,"
Alm. Salg",4.411,3,Rækkehus,102,1800,,Aktuel værdi
Malkestien 26,3760 Gudhjem,1.750.000,11-06-2012,"
Alm. Salg",11.986,5,Villa,146,1877,-12 %,Aktuel værdi
Melsted Langgade 10,3760 Gudhjem,375.000,11-06-2012,"
Alm. Salg",2.192,3,Villa,171,1932,-32 %,Aktuel værdi
Krashavevej 32,3760 Gudhjem,2.120.000,30-05-2012,"
Alm. Salg",10.984,5,Stuehus,193,2002,-15 %,
Røvej 25,3760 Gudhjem,725.000,21-05-2012,"
Alm. Salg",3.918,3,Villa,185,1942,-19 %,Aktuel værdi
Krækketsvej 5,3760 Gudhjem,400.000,16-05-2012,"
Alm. Salg",3.333,5,Stuehus,120,1860,-33 %,
Gudhjem Feriepark 88,3760 Gudhjem,600.000,15-05-2012,"
Alm. Salg",11.538,3,Fritid,52,1977,,Aktuel værdi
Melsted By 13,3760 Gudhjem,150.000,07-05-2012,"
Fam. Salg",1.785,4,Sommerhus,84,1936,,Aktuel værdi
Stavsdalvej 22,3760 Gudhjem,483.000,03-05-2012,"
Alm. Salg",2.515,4,Villa,192,1902,,Aktuel værdi
Stavsdalvej 56,3760 Gudhjem,237.500,30-04-2012,"
Fam. Salg",2.012,3,Villa,118,1948,,Aktuel værdi
Kjeldsebyvej 16,3760 Gudhjem,1.400.000,30-04-2012,"
Alm. Salg",10.852,4,Villa,129,1918,-6 %,Aktuel værdi
Røstadvej 4,3760 Gudhjem,2.100.000,20-04-2012,"
Alm. Salg",14.583,5,Stuehus,144,1800,-12 %,
Gudhjemvej 3,3760 Gudhjem,350.000,18-04-2012,"
Alm. Salg",2.966,4,Villa,118,1923,-12 %,Aktuel værdi
Toftevej 8,3760 Gudhjem,140.000,03-04-2012,"
Alm. Salg",813,6,Villa,172,1903,-49 %,Aktuel værdi
Oxholmvej 3,3760 Gudhjem,150.000,02-04-2012,"
Auktion",1.209,4,Villa,124,1870,,Aktuel værdi
Åløsevej 6,3760 Gudhjem,200.000,22-03-2012,"
Alm. Salg",2.061,5,Villa,97,1931,-45 %,Aktuel værdi
Krækketsvej 3,3760 Gudhjem,2.000.000,04-03-2012,"
Alm. Salg",10.050,7,Stuehus,199,1708,,
Malkestien 2,3760 Gudhjem,599.124,22-02-2012,"
Fam. Salg",5.496,4,Villa,109,1910,-54 %,Aktuel værdi
Præstegårdsvej 1,3760 Gudhjem,750.000,24-01-2012,"
Alm. Salg",3.024,11,Villa,248,1966,-12 %,Aktuel værdi
Kirkestien 2,3760 Gudhjem,600.000,28-12-2011,"
Alm. Salg",7.594,4,Villa,79,1822,-7 %,Aktuel værdi
Gudhjem Feriepark 51,3760 Gudhjem,440.000,14-12-2011,"
Alm. Salg",8.148,3,Fritid,54,1977,-37 %,Aktuel værdi
Gudhjem Feriepark 70,3760 Gudhjem,259.827,26-10-2011,"
Alm. Salg",4.996,3,Fritid,52,1977,-63 %,Aktuel værdi
Grevens Dal 13,3760 Gudhjem,950.000,21-10-2011,"
Alm. Salg",-,3,Sommerhus,67,1962,-13 %,Aktuel værdi
Hjortevej 1,3760 Gudhjem,153.000,17-10-2011,"
Auktion",768,6,Villa,199,1922,,Aktuel værdi
Kobbevej 3,3760 Gudhjem,1.100.000,12-10-2011,"
Alm. Salg",7.142,6,Stuehus,154,1934,-15 %,
Klemenskervej 46,3760 Gudhjem,305.000,06-10-2011,"
Alm. Salg",1.794,10,Stuehus,170,1951,,
Gamlevældevej 46,3760 Gudhjem,700.000,03-10-2011,"
Auktion",2.491,5,Stuehus,281,1979,,
Røvej 36,3760 Gudhjem,600.000,29-09-2011,"
Alm. Salg",2.830,7,Villa,212,1927,-5 %,Aktuel værdi
Gudhjemvej 2,3760 Gudhjem,317.500,20-09-2011,"
Alm. Salg",1.423,7,Villa,223,1897,,Aktuel værdi
Brommevej 29,3760 Gudhjem,8.500.000,14-09-2011,"
Fam. Salg",44.270,5,Stuehus,192,1909,,
Gudhjem Feriepark 84,3760 Gudhjem,685.000,13-09-2011,"
Alm. Salg",13.173,3,Fritid,52,1977,,Aktuel værdi
Kalleholled 1,3760 Gudhjem,1.232.500,11-09-2011,"
Fam. Salg",8.931,4,Sommerhus,138,1970,,Aktuel værdi
Røvej 43,3760 Gudhjem,800.000,05-08-2011,"
Alm. Salg",4.145,9,Stuehus,193,1858,-11 %,
Nybrovej 2B,3760 Gudhjem,298.000,05-07-2011,"
Alm. Salg",3.386,4,Sommerhus,88,1900,,Aktuel værdi
Gamlevældevej 20,3760 Gudhjem,425.000,29-06-2011,"
Alm. Salg",2.442,5,Villa,174,1948,-29 %,Aktuel værdi
Røvej 38,3760 Gudhjem,595.000,27-06-2011,"
Alm. Salg",1.430,16,Villa,416,1900,0 %,Aktuel værdi
Gudhjemvej 81,3760 Gudhjem,645.000,01-06-2011,"
Alm. Salg",5.758,4,Villa,112,1957,0 %,Aktuel værdi
Skramman 19,3760 Gudhjem,525.000,30-05-2011,"
Alm. Salg",4.303,4,Villa,122,1979,-12 %,Aktuel værdi
Vietsvej 15,3760 Gudhjem,225.000,05-05-2011,"
Alm. Salg",1.119,5,Villa,201,1878,-40 %,Aktuel værdi
"Brøddegade 14, 1. 10",3760 Gudhjem,415.000,02-05-2011,"
Auktion",8.469,2,Sommerhus,49,1993,,Aktuel værdi
Kjeldsebyvej 10,3760 Gudhjem,595.000,23-03-2011,"
Fam. Salg",6.538,4,Villa,91,1956,,Aktuel værdi
Klemenskervej 5,3760 Gudhjem,388.295,21-03-2011,"
Alm. Salg",1.875,9,Villa,207,1932,,Aktuel værdi
Melstedvej 11A,3760 Gudhjem,475.000,05-03-2011,"
Alm. Salg",3.800,3,Villa,125,1926,-13 %,Aktuel værdi
Vinkelvej 5,3760 Gudhjem,765.000,03-03-2011,"
Alm. Salg",5.100,5,Villa,150,1973,-4 %,Aktuel værdi
Helligdomsvej 15,3760 Gudhjem,1.650.000,18-02-2011,"
Alm. Salg",10.927,5,Villa,151,1940,,Aktuel værdi
"Brøddegade 16, 1",3760 Gudhjem,1.875.000,27-01-2011,"
Andet",12.500,5,Villa,150,1890,,Aktuel værdi
Lille Jernkaasvej 3A,3760 Gudhjem,700.000,17-01-2011,"
Alm. Salg",12.962,3,Fritid,54,1977,,Aktuel værdi
Melsted Langgade 46,3760 Gudhjem,2.150.000,10-01-2011,"
Alm. Salg",33.076,3,Sommerhus,65,1951,-14 %,Aktuel værdi
Sdr. Strandvej 124,3760 Gudhjem,1.000.000,08-01-2011,"
Alm. Salg",6.896,5,Sommerhus,145,1830,,Aktuel værdi
Lindeskovvej 14,3760 Gudhjem,1.175.000,29-12-2010,"
Alm. Salg",6.184,6,Villa,190,1800,-9 %,Aktuel værdi
Bryggerstræde 4,3760 Gudhjem,769.484,20-12-2010,"
Alm. Salg",4.635,6,Sommerhus,166,1900,,Aktuel værdi
Brommevej 23,3760 Gudhjem,1.000.000,15-12-2010,"
Alm. Salg",8.196,6,Villa,122,1948,-5 %,Aktuel værdi
Kirkevej 1,3760 Gudhjem,450.000,30-11-2010,"
Alm. Salg",-,8,Villa,173,1877,-10 %,Aktuel værdi
Gudhjemvej 74,3760 Gudhjem,250.000,29-11-2010,"
Auktion",2.232,3,Villa,112,1925,,Aktuel værdi
Gudhjem Feriepark 100,3760 Gudhjem,735.000,27-11-2010,"
Alm. Salg",13.611,2,Fritid,54,1977,,Aktuel værdi
Vinkelvej 10,3760 Gudhjem,700.000,23-11-2010,"
Alm. Salg",5.303,4,Villa,132,1979,-5 %,Aktuel værdi
Melsted By 7,3760 Gudhjem,895.000,17-11-2010,"
Alm. Salg",13.984,3,Villa,64,1928,,Aktuel værdi
Viggo Rønnesvej 2,3760 Gudhjem,799.000,15-11-2010,"
Fam. Salg",7.070,3,Villa,113,1986,,Aktuel værdi
Gudhjemvej 27,3760 Gudhjem,700.000,09-11-2010,"
Alm. Salg",-,6,Stuehus,89,1935,-7 %,
Nybrovej 4,3760 Gudhjem,251.000,08-11-2010,"
Auktion",643,8,Rækkehus,390,1936,-64 %,Aktuel værdi
Åsedamsvej 14,3760 Gudhjem,800.000,19-10-2010,"
Alm. Salg",10.256,2,Stuehus,78,1850,-27 %,
Gamlevældevej 24,3760 Gudhjem,420.000,12-10-2010,"
Alm. Salg",4.200,3,Villa,100,1952,,Aktuel værdi
Brøddegade 13,3760 Gudhjem,625.000,04-10-2010,"
Alm. Salg",4.921,5,Villa,127,1884,-30 %,Aktuel værdi
Slettevej 1,3760 Gudhjem,739.500,30-09-2010,"
Fam. Salg",3.997,5,Stuehus,185,1870,,
Kastanievej 11,3760 Gudhjem,550.000,30-09-2010,"
Alm. Salg",9.649,3,Sommerhus,57,1942,-15 %,Aktuel værdi
Brøddegade 14. 18,3760 Gudhjem,975.000,18-09-2010,"
Alm. Salg",13.000,2,Sommerhus,75,1900,,Aktuel værdi
Løkkegade 33,3760 Gudhjem,841.500,12-08-2010,"
Alm. Salg",8.091,4,Villa,104,1908,,Aktuel værdi
Vårbækvej 3,3760 Gudhjem,775.000,09-08-2010,"
Alm. Salg",3.799,5,Villa,204,1972,-9 %,Aktuel værdi
Kalleholled 11,3760 Gudhjem,1.220.000,06-08-2010,"
Alm. Salg",21.034,3,Sommerhus,58,1976,-6 %,Aktuel værdi
Åløsevej 21,3760 Gudhjem,500.000,06-08-2010,"
Alm. Salg",4.166,5,Villa,120,1932,-13 %,Aktuel værdi
Toftevej 14,3760 Gudhjem,300.000,05-08-2010,"
Alm. Salg",1.666,5,Villa,180,1906,-45 %,Aktuel værdi
Løkkegade 14,3760 Gudhjem,700.000,02-08-2010,"
Auktion",5.882,3,Villa,119,1900,-30 %,Aktuel værdi
Stangevej 17,3760 Gudhjem,950.000,21-07-2010,"
Alm. Salg",6.291,3,Sommerhus,151,1728,,Aktuel værdi
Åløsevej 18,3760 Gudhjem,450.000,20-07-2010,"
Alm. Salg",5.294,3,Villa,85,1957,-17 %,Aktuel værdi
Gudhjemvej 111N,3760 Gudhjem,1.000.000,01-07-2010,"
Alm. Salg",22.222,3,Sommerhus,45,1970,,Aktuel værdi
Nybrovej 35,3760 Gudhjem,930.000,28-06-2010,"
Alm. Salg",6.992,4,Stuehus,133,1887,-4 %,
Krashavevej 33,3760 Gudhjem,4.556.403,17-06-2010,"
Alm. Salg",16.629,7,Stuehus,274,1850,1 %,
Gudhjem Feriepark 79,3760 Gudhjem,600.000,22-05-2010,"
Alm. Salg",11.111,3,Fritid,54,1977,,Aktuel værdi
Vietsvej 9A,3760 Gudhjem,870.000,07-05-2010,"
Alm. Salg",5.800,5,Sommerhus,150,1913,,Aktuel værdi
Sdr. Strandvej 87,3760 Gudhjem,1.250.000,03-05-2010,"
Alm. Salg",13.586,5,Villa,92,1955,0 %,Aktuel værdi
Viggo Rønnesvej 3,3760 Gudhjem,1.440.000,19-04-2010,"
Alm. Salg",8.228,4,Villa,175,2006,-11 %,Aktuel værdi
Lindeskovvej 21,3760 Gudhjem,1.273.000,08-04-2010,"
Alm. Salg",8.006,4,Villa,159,1877,-2 %,Aktuel værdi
Sigtevej 2,3760 Gudhjem,2.400.000,30-03-2010,"
Alm. Salg",10.169,9,Stuehus,236,1875,-7 %,
Holkavej 19,3760 Gudhjem,638.250,09-03-2010,"
Fam. Salg",5.648,3,Villa,113,1870,,Aktuel værdi
Gudhjem Feriepark 82,3760 Gudhjem,680.000,08-03-2010,"
Alm. Salg",12.592,3,Fritid,54,1977,,Aktuel værdi
Nørregårdsvej 3,3760 Gudhjem,990.000,26-02-2010,"
Alm. Salg",13.026,3,Sommerhus,76,1900,-14 %,Aktuel værdi
Gudhjemvej 95,3760 Gudhjem,400.000,08-02-2010,"
Fam. Salg",2.547,5,Villa,157,1913,-38 %,Aktuel værdi
Åløsevej 11,3760 Gudhjem,475.000,08-02-2010,"
Alm. Salg",3.006,4,Villa,158,1937,-14 %,Aktuel værdi
Brommevej 21,3760 Gudhjem,1.100.000,23-12-2009,"
Alm. Salg",4.247,6,Stuehus,259,1914,-8 %,
Røvej 20,3760 Gudhjem,900.000,12-10-2009,"
Auktion",5.625,5,Stuehus,160,1880,-23 %,
Risenholmsvej 14,3760 Gudhjem,3.834.000,14-08-2009,"
Alm. Salg",16.669,8,Stuehus,230,1878,,
Gamlevældevej 19,3760 Gudhjem,160.000,31-07-2009,"
Alm. Salg",1.616,5,Sommerhus,99,1778,0 %,Aktuel værdi
Ejnar Mikkelsensvej 7,3760 Gudhjem,750.000,20-07-2009,"
Alm. Salg",7.009,4,Villa,107,1936,,Aktuel værdi
Brommevej 26,3760 Gudhjem,1.300.000,20-07-2009,"
Alm. Salg",4.676,9,Villa,278,1929,-13 %,Aktuel værdi
Nørreløkke 4,3760 Gudhjem,1.098.000,09-07-2009,"
Alm. Salg",22.875,2,Sommerhus,48,1961,10 %,Aktuel værdi
Vårbækvej 12,3760 Gudhjem,600.000,24-06-2009,"
Alm. Salg",4.800,5,Villa,125,1972,-14 %,Aktuel værdi
Røstadvej 1,3760 Gudhjem,450.000,23-06-2009,"
Alm. Salg",4.687,5,Sommerhus,96,1834,0 %,Aktuel værdi
Gudhjem Feriepark 22,3760 Gudhjem,1.100.000,16-06-2009,"
Alm. Salg",20.370,3,Fritid,54,1977,50 %,Aktuel værdi
Stavsdalvej 39,3760 Gudhjem,3.800.000,08-06-2009,"
Alm. Salg",17.272,4,Stuehus,220,1907,,
Malkestien 18,3760 Gudhjem,650.000,03-04-2009,"
Alm. Salg",7.471,3,Villa,87,1760,-18 %,Aktuel værdi
Gartnervænget 1,3760 Gudhjem,1.325.000,27-03-2009,"
Alm. Salg",6.794,4,Villa,195,1971,,Aktuel værdi
Stavsdalvej 8,3760 Gudhjem,561.000,12-03-2009,"
Alm. Salg",5.292,5,Villa,106,1932,,Aktuel værdi
Krækketsvej 2,3760 Gudhjem,650.000,25-02-2009,"
Alm. Salg",4.482,4,Villa,145,1930,0 %,Aktuel værdi
Stavsdalvej 31,3760 Gudhjem,295.000,20-02-2009,"
Alm. Salg",3.352,3,Villa,88,1900,0 %,Aktuel værdi
Melstedvej 33,3760 Gudhjem,6.450.000,06-02-2009,"
Alm. Salg",40.062,6,Villa,161,1963,,Aktuel værdi
Gudhjemvej 65,3760 Gudhjem,1.100.000,23-01-2009,"
Alm. Salg",7.142,6,Villa,154,1945,-8 %,Aktuel værdi
Gamlevældevej 27,3760 Gudhjem,1.050.000,12-01-2009,"
Alm. Salg",4.150,4,Sommerhus,253,1883,-16 %,Aktuel værdi
Gudhjem Feriepark 97,3760 Gudhjem,730.000,18-12-2008,"
Alm. Salg",14.038,2,Fritid,52,1977,,Aktuel værdi
Gudhjemvej 63,3760 Gudhjem,1.000.000,26-11-2008,"
Fam. Salg",7.518,5,Villa,133,1945,,Aktuel værdi
Gamlevældevej 11,3760 Gudhjem,810.000,30-10-2008,"
Alm. Salg",6.183,4,Villa,131,1920,-12 %,Aktuel værdi
Brommevej 17,3760 Gudhjem,1.700.000,12-10-2008,"
Alm. Salg",8.333,6,Stuehus,204,1877,-8 %,
Nørregårdsvej 5,3760 Gudhjem,1.175.000,08-10-2008,"
Alm. Salg",9.179,3,Sommerhus,128,1956,-6 %,Aktuel værdi
Kalleholled 4,3760 Gudhjem,650.000,06-10-2008,"
Alm. Salg",11.206,3,Sommerhus,58,1971,,Aktuel værdi
Mortingevej 4,3760 Gudhjem,2.000.000,22-09-2008,"
Fam. Salg",11.173,6,Stuehus,179,1850,,
Melsted Langgade 50,3760 Gudhjem,1.785.000,19-09-2008,"
Fam. Salg",14.752,5,Sommerhus,121,1954,,Aktuel værdi
Skramman 6,3760 Gudhjem,215.734,10-09-2008,"
Alm. Salg",2.115,4,Villa,102,1950,,Aktuel værdi
Gudhjem Feriepark 95,3760 Gudhjem,710.000,10-09-2008,"
Alm. Salg",13.148,3,Fritid,54,1977,,Aktuel værdi
Gamlevældevej 16,3760 Gudhjem,550.000,04-09-2008,"
Alm. Salg",4.044,4,Villa,136,1962,-15 %,Aktuel værdi
Gamlevældevej 18,3760 Gudhjem,1.000.000,25-08-2008,"
Alm. Salg",10.000,2,Villa,100,1800,-5 %,Aktuel værdi
Gudhjem Feriepark 89,3760 Gudhjem,735.000,21-08-2008,"
Alm. Salg",13.611,3,Fritid,54,1977,,Aktuel værdi
Kjeldsebyvej 3,3760 Gudhjem,3.150.000,13-08-2008,"
Alm. Salg",16.935,12,Anden beboelse,186,1900,,Aktuel værdi
Gudhjem Feriepark 94,3760 Gudhjem,745.000,31-07-2008,"
Alm. Salg",14.326,3,Fritid,52,1977,,Aktuel værdi
Klemenskervej 22,3760 Gudhjem,525.000,22-07-2008,"
Alm. Salg",4.200,6,Villa,125,1949,-12 %,Aktuel værdi
Holkavej 10,3760 Gudhjem,1.600.000,15-07-2008,"
Alm. Salg",12.500,5,Villa,128,1931,0 %,Aktuel værdi
Løkkegade 27,3760 Gudhjem,1.495.000,24-06-2008,"
Alm. Salg",7.910,5,Rækkehus,189,1900,,Aktuel værdi
Gudhjemvej 49,3760 Gudhjem,640.000,23-06-2008,"
Fam. Salg",2.976,5,Stuehus,215,1937,,
Studebyvej 10,3760 Gudhjem,500.000,03-06-2008,"
Alm. Salg",3.906,5,Stuehus,128,1875,,
Gamlevældevej 23,3760 Gudhjem,450.000,29-05-2008,"
Alm. Salg",6.164,4,Villa,73,1955,0 %,Aktuel værdi
Duebakken 3,3760 Gudhjem,900.000,09-05-2008,"
Alm. Salg",12.000,3,Villa,75,1963,-5 %,Aktuel værdi
Malkestien 3,3760 Gudhjem,1.250.000,06-05-2008,"
Alm. Salg",11.467,5,Villa,109,1895,,Aktuel værdi
Kløvermarken 1,3760 Gudhjem,700.000,06-05-2008,"
Alm. Salg",7.777,3,Villa,90,1988,,Aktuel værdi
Brøddegade 14. 21,3760 Gudhjem,1.150.000,01-05-2008,"
Alm. Salg",19.827,2,Sommerhus,58,1900,,Aktuel værdi
Klemenskervej 3,3760 Gudhjem,750.000,29-04-2008,"
Alm. Salg",5.769,6,Villa,130,1931,-6 %,Aktuel værdi
Åløsevej 13,3760 Gudhjem,951.000,28-04-2008,"
Alm. Salg",6.604,4,Stuehus,144,1904,-11 %,
Mortingevej 18,3760 Gudhjem,615.000,14-04-2008,"
Alm. Salg",4.920,5,Villa,125,1935,,Aktuel værdi
Stangevej 15,3760 Gudhjem,1.895.000,03-04-2008,"
Alm. Salg",11.770,5,Sommerhus,161,1969,,Aktuel værdi
Studebyvej 1,3760 Gudhjem,400.000,24-03-2008,"
Alm. Salg",5.633,2,Stuehus,71,1877,,
Brøddegade 37,3760 Gudhjem,1.995.000,15-03-2008,"
Alm. Salg",17.347,6,Villa,115,1777,,Aktuel værdi
Melsted By 23,3760 Gudhjem,1.200.000,13-03-2008,"
Alm. Salg",37.500,2,Sommerhus,32,1900,-13 %,Aktuel værdi
Kalleholled 7,3760 Gudhjem,1.185.000,12-03-2008,"
Alm. Salg",20.431,3,Sommerhus,58,1974,0 %,Aktuel værdi
Brøddegade 18,3760 Gudhjem,331.344,14-02-2008,"
Alm. Salg",1.781,5,Villa,186,1890,,Aktuel værdi
Gamlevældevej 40,3760 Gudhjem,6.831.237,07-02-2008,"
Alm. Salg",19.351,16,Stuehus,353,1848,,
Pihls Allé 9,3760 Gudhjem,795.000,24-01-2008,"
Alm. Salg",5.932,4,Villa,134,1974,0 %,Aktuel værdi
Kirkevej 5,3760 Gudhjem,1.540.000,18-01-2008,"
Alm. Salg",11.937,4,Villa,129,1877,-2 %,Aktuel værdi
Kirkestien 5,3760 Gudhjem,850.000,26-12-2007,"
Fam. Salg",9.770,5,Sommerhus,87,1870,,Aktuel værdi
Åsedamsvej 13,3760 Gudhjem,450.000,21-12-2007,"
Fam. Salg",2.184,7,Villa,206,1873,,Aktuel værdi
Kastanievej 8,3760 Gudhjem,1.825.000,18-12-2007,"
Alm. Salg",10.428,7,Villa,175,1977,-9 %,Aktuel værdi
Holkavej 5,3760 Gudhjem,660.000,29-11-2007,"
Alm. Salg",7.415,4,Villa,89,1911,,Aktuel værdi
Gamlevældevej 34,3760 Gudhjem,2.375.000,23-11-2007,"
Alm. Salg",11.757,7,Villa,202,1900,0 %,Aktuel værdi
Lærkesøvej 5,3760 Gudhjem,2.450.000,21-11-2007,"
Alm. Salg",11.342,8,Sommerhus,216,2009,,Aktuel værdi
Malkestien 13,3760 Gudhjem,1.000.000,19-11-2007,"
Alm. Salg",6.756,4,Villa,148,1877,,Aktuel værdi
Gudhjemvej 10,3760 Gudhjem,298.000,10-11-2007,"
Alm. Salg",2.684,4,Villa,111,1925,,Aktuel værdi
Brøddegade 36,3760 Gudhjem,446.250,08-11-2007,"
Alm. Salg",2.176,8,Villa,205,1877,,Aktuel værdi
Dyndalevej 4,3760 Gudhjem,1.400.000,05-11-2007,"
Alm. Salg",11.475,5,Sommerhus,122,1915,-6 %,Aktuel værdi
"Brøddegade 14, 1. 8",3760 Gudhjem,1.490.000,05-11-2007,"
Alm. Salg",40.270,2,Sommerhus,37,1993,,Aktuel værdi
Møllebakken 6,3760 Gudhjem,1.850.000,04-11-2007,"
Alm. Salg",11.144,6,Villa,166,1948,0 %,Aktuel værdi
Gråmyrvej 1B,3760 Gudhjem,1.025.000,26-10-2007,"
Alm. Salg",12.654,3,Villa,81,1978,,Aktuel værdi
Nybrovej 28,3760 Gudhjem,255.000,25-10-2007,"
Auktion",1.015,3,Villa,251,1928,,Aktuel værdi
Præstegårdsvej 5,3760 Gudhjem,350.000,10-10-2007,"
Alm. Salg",2.464,5,Villa,142,1800,,Aktuel værdi
Nybrovej 12,3760 Gudhjem,150.000,12-09-2007,"
Alm. Salg",2.027,2,Biograf o.l.,74,1924,,Aktuel værdi
Kastanievej 1,3760 Gudhjem,750.000,12-09-2007,"
Alm. Salg",7.281,3,Villa,103,1900,0 %,Aktuel værdi
Klemenskervej 54,3760 Gudhjem,525.000,12-09-2007,"
Alm. Salg",2.916,7,Stuehus,180,1877,5 %,
Gudhjem Feriepark 99,3760 Gudhjem,787.000,10-09-2007,"
Alm. Salg",14.574,2,Fritid,54,1977,,Aktuel værdi
Holkadalen 2,3760 Gudhjem,2.400.000,31-08-2007,"
Alm. Salg",14.814,5,Villa,162,1936,-4 %,Aktuel værdi
Bækken 6,3760 Gudhjem,2.800.000,27-08-2007,"
Alm. Salg",16.000,4,Villa,175,2014,12 %,Aktuel værdi
Kjeldsebyvej 8,3760 Gudhjem,725.000,09-08-2007,"
Andet",4.341,6,Sommerhus,167,1930,,Aktuel værdi
Melsted Langgade 45. 7,3760 Gudhjem,1.398.000,27-07-2007,"
Alm. Salg",25.418,2,Fritid,55,1954,,Aktuel værdi
Melsted Langgade 45. 8,3760 Gudhjem,1.195.000,26-07-2007,"
Alm. Salg",26.555,2,Fritid,45,1954,,Aktuel værdi
Melsted Langgade 45. 3,3760 Gudhjem,1.150.000,12-07-2007,"
Alm. Salg",25.000,2,Fritid,46,1954,,Aktuel værdi
Peter Kochsvej 3,3760 Gudhjem,2.250.000,05-07-2007,"
Alm. Salg",14.062,6,Villa,160,2007,0 %,Aktuel værdi
Melstedvej 39,3760 Gudhjem,7.475.000,04-07-2007,"
Alm. Salg",106.785,5,Fritid,70,1959,,Aktuel værdi
Melstedvej 42,3760 Gudhjem,1.998.000,30-06-2007,"
Alm. Salg",55.500,2,Sommerhus,36,1961,0 %,Aktuel værdi
Kobbevej 18,3760 Gudhjem,1.500.000,29-06-2007,"
Alm. Salg",4.237,6,Stuehus,354,2013,68 %,
Melsted By 15,3760 Gudhjem,2.805.000,29-06-2007,"
Alm. Salg",19.081,5,Villa,147,1900,41 %,Aktuel værdi
Vietsvej 12,3760 Gudhjem,1.900.000,25-06-2007,"
Alm. Salg",8.225,6,Villa,231,1600,-4 %,Aktuel værdi
Melsted Langgade 25,3760 Gudhjem,1.913.000,30-05-2007,"
Alm. Salg",21.988,3,Sommerhus,87,1877,7 %,Aktuel værdi
Egeskovvej 22,3760 Gudhjem,426.000,23-05-2007,"
Alm. Salg",4.953,5,Stuehus,86,1944,14 %,
Melsted Langgade 45. 4,3760 Gudhjem,795.000,22-05-2007,"
Alm. Salg",17.666,2,Fritid,45,1954,,Aktuel værdi
Brøddegade 4,3760 Gudhjem,1.300.000,22-05-2007,"
Alm. Salg",6.467,5,Villa,201,1900,,Aktuel værdi
Gartnervænget 5,3760 Gudhjem,1.425.000,16-05-2007,"
Alm. Salg",13.970,3,Villa,102,1971,0 %,Aktuel værdi
Stavsdalvej 5,3760 Gudhjem,575.000,09-05-2007,"
Fam. Salg",3.709,5,Stuehus,155,1900,,
Melstedvej 26,3760 Gudhjem,2.750.000,08-05-2007,"
Alm. Salg",20.522,7,Villa,134,1935,,Aktuel værdi
Gudhjemvej 24,3760 Gudhjem,465.000,03-05-2007,"
Alm. Salg",3.750,5,Villa,124,1948,,Aktuel værdi
Lindeskovvej 15,3760 Gudhjem,2.650.000,18-04-2007,"
Alm. Salg",16.358,5,Stuehus,162,1923,0 %,
Melsted Langgade 45. 6,3760 Gudhjem,1.473.000,03-04-2007,"
Alm. Salg",28.882,2,Fritid,51,1954,,Aktuel værdi
"Brøddegade 14, 1. 4",3760 Gudhjem,995.000,01-04-2007,"
Alm. Salg",15.546,2,Sommerhus,64,1993,,Aktuel værdi
"Brøddegade 14, 1. 5",3760 Gudhjem,875.000,01-04-2007,"
Alm. Salg",18.617,2,Sommerhus,47,1993,,Aktuel værdi
Skramman 10,3760 Gudhjem,660.000,28-03-2007,"
Alm. Salg",5.641,4,Villa,117,1934,-2 %,Aktuel værdi
Larsensvej 6,3760 Gudhjem,395.000,28-03-2007,"
Alm. Salg",3.434,6,Villa,115,1934,,Aktuel værdi
Åløsevej 20,3760 Gudhjem,1.200.000,27-03-2007,"
Alm. Salg",8.571,4,Villa,140,1900,-8 %,Aktuel værdi
Melsted Langgade 45. 9,3760 Gudhjem,1.245.000,26-03-2007,"
Alm. Salg",28.295,2,Fritid,44,1954,,Aktuel værdi
"Brøddegade 14, 1. 6",3760 Gudhjem,875.000,17-03-2007,"
Alm. Salg",18.617,2,Sommerhus,47,1993,,Aktuel værdi
Gudhjemvej 111F,3760 Gudhjem,750.000,13-03-2007,"
Alm. Salg",13.888,3,Fritid,54,1976,,Aktuel værdi
Melsted Langgade 45. 1,3760 Gudhjem,1.295.000,12-03-2007,"
Alm. Salg",25.392,2,Fritid,51,1954,,Aktuel værdi
Sdr. Strandvej 140,3760 Gudhjem,2.450.000,07-03-2007,"
Alm. Salg",24.019,6,Sommerhus,102,1913,,Aktuel værdi
Gudhjem Feriepark 72,3760 Gudhjem,700.000,03-03-2007,"
Alm. Salg",12.962,3,Fritid,54,1977,,Aktuel værdi
Røvej 32,3760 Gudhjem,1.500.000,01-03-2007,"
Alm. Salg",11.718,6,Stuehus,128,1923,,
Gudhjemvej 33,3760 Gudhjem,825.000,26-02-2007,"
Alm. Salg",4.969,4,Villa,166,1903,-8 %,Aktuel værdi
Duebakken 1,3760 Gudhjem,465.000,21-02-2007,"
Alm. Salg",10.568,2,Villa,44,1937,0 %,Aktuel værdi
Randkløvevej 27,3760 Gudhjem,400.000,14-02-2007,"
Alm. Salg",3.809,5,Sommerhus,105,1935,,Aktuel værdi
Lille Jernkaasvej 5A,3760 Gudhjem,450.000,11-02-2007,"
Alm. Salg",8.333,3,Fritid,54,1977,,Aktuel værdi
Brøddegade 14. 23,3760 Gudhjem,1.659.625,02-02-2007,"
Alm. Salg",36.078,2,Sommerhus,46,1900,,Aktuel værdi
Brøddegade 14. 14,3760 Gudhjem,1.060.000,31-01-2007,"
Alm. Salg",19.272,2,Sommerhus,55,1900,,Aktuel værdi
Klemenskervej 49,3760 Gudhjem,725.000,30-01-2007,"
Alm. Salg",4.190,7,Villa,173,1880,0 %,Aktuel værdi
Klemenskervej 47,3760 Gudhjem,810.000,27-01-2007,"
Alm. Salg",6.377,5,Stuehus,127,1910,-2 %,
Klemenskervej 8,3760 Gudhjem,1.000.000,25-01-2007,"
Alm. Salg",8.064,3,Sommerhus,124,1957,,Aktuel værdi
Gudhjemvej 67,3760 Gudhjem,1.750.000,17-01-2007,"
Alm. Salg",9.308,7,Villa,188,1942,,Aktuel værdi
Nybrovej 6,3760 Gudhjem,525.000,11-01-2007,"
Alm. Salg",3.409,6,Villa,154,1951,0 %,Aktuel værdi
Melsted Langgade 45. 12,3760 Gudhjem,1.843.000,10-01-2007,"
Alm. Salg",34.773,2,Fritid,53,1954,,Aktuel værdi
Melsted Langgade 45. 13,3760 Gudhjem,1.900.000,10-01-2007,"
Alm. Salg",33.333,2,Fritid,57,1954,,Aktuel værdi
Ejnar Mikkelsensvej 13,3760 Gudhjem,2.825.000,09-01-2007,"
Alm. Salg",21.082,5,Villa,134,1886,,Aktuel værdi
Stavsdalvej 46,3760 Gudhjem,325.000,09-01-2007,"
Alm. Salg",3.457,4,Sommerhus,94,1894,0 %,Aktuel værdi
Brøddegade 14. 25,3760 Gudhjem,1.325.000,04-01-2007,"
Alm. Salg",21.370,2,Sommerhus,62,1900,,Aktuel værdi
Brøddegade 14. 17,3760 Gudhjem,1.100.000,04-01-2007,"
Alm. Salg",16.923,2,Sommerhus,65,1900,,Aktuel værdi
Klemenskervej 28,3760 Gudhjem,850.000,01-01-2007,"
Alm. Salg",5.704,5,Sommerhus,149,1877,,Aktuel værdi
Gudhjemvej 46,3760 Gudhjem,1.095.000,28-12-2006,"
Alm. Salg",5.763,6,Villa,190,1842,,Aktuel værdi
Klemenskervej 50,3760 Gudhjem,1.350.000,22-12-2006,"
Alm. Salg",6.164,5,Villa,219,1927,,Aktuel værdi
Larsensvej 1,3760 Gudhjem,525.000,22-12-2006,"
Alm. Salg",5.303,5,Villa,99,1937,,Aktuel værdi
Brøddegade 14. 15,3760 Gudhjem,2.200.000,18-12-2006,"
Alm. Salg",36.666,2,Sommerhus,60,1900,,Aktuel værdi
Nørreløkke 11,3760 Gudhjem,1.650.000,17-12-2006,"
Fam. Salg",13.865,4,Sommerhus,119,1967,,Aktuel værdi
Malkestien 17,3760 Gudhjem,589.000,11-12-2006,"
Fam. Salg",4.674,5,Villa,126,1960,,Aktuel værdi
Stavsdalvej 74,3760 Gudhjem,807.500,09-12-2006,"
Alm. Salg",4.436,7,Villa,182,1938,,Aktuel værdi
Gudhjemvej 111X,3760 Gudhjem,895.000,09-11-2006,"
Alm. Salg",21.829,3,Sommerhus,41,1970,,Aktuel værdi
Holkavej 4,3760 Gudhjem,1.895.000,31-10-2006,"
Alm. Salg",14.356,2,Villa,132,1911,,Aktuel værdi
"Gudhjemvej 111D, 1. 3",3760 Gudhjem,865.000,24-10-2006,"
Alm. Salg",16.320,3,Fritid,53,1976,,Aktuel værdi
Klemenskervej 38,3760 Gudhjem,699.000,13-10-2006,"
Alm. Salg",5.177,6,Villa,135,1900,,Aktuel værdi
Duebakken 12,3760 Gudhjem,365.000,05-10-2006,"
Alm. Salg",1.559,6,Villa,234,1971,,Aktuel værdi
Gudhjemvej 61,3760 Gudhjem,518.500,29-09-2006,"
Fam. Salg",9.783,2,Sommerhus,53,1962,,Aktuel værdi
Stavehøl 2,3760 Gudhjem,1.750.000,11-09-2006,"
Alm. Salg",10.869,6,Villa,161,1800,,Aktuel værdi
Melsted By 3,3760 Gudhjem,1.545.000,10-09-2006,"
Alm. Salg",19.074,4,Villa,81,1900,,Aktuel værdi
Vinkelvej 6,3760 Gudhjem,695.000,31-08-2006,"
Alm. Salg",5.072,4,Villa,137,1966,,Aktuel værdi
Stavsdalvej 50,3760 Gudhjem,510.000,30-08-2006,"
Fam. Salg",4.434,4,Villa,115,1949,,Aktuel værdi
Lillevang 15,3760 Gudhjem,925.000,14-08-2006,"
Alm. Salg",11.708,2,Villa,79,1813,,Aktuel værdi
Kobbevej 1,3760 Gudhjem,650.000,14-08-2006,"
Alm. Salg",5.909,5,Villa,110,1829,,Aktuel værdi
Brøddegade 14. 12,3760 Gudhjem,1.045.000,09-08-2006,"
Alm. Salg",17.131,2,Sommerhus,61,1900,,Aktuel værdi
Gudhjemvej 31,3760 Gudhjem,610.000,30-07-2006,"
Alm. Salg",3.426,5,Villa,178,1968,,Aktuel værdi
Stavsdalvej 29,3760 Gudhjem,200.000,21-07-2006,"
Alm. Salg",-,2,Villa,127,1955,,Aktuel værdi
Gudhjem Feriepark 21,3760 Gudhjem,890.000,14-07-2006,"
Alm. Salg",16.481,3,Fritid,54,1977,,Aktuel værdi
Vinkelvej 7,3760 Gudhjem,280.000,08-07-2006,"
Fam. Salg",5.185,1,Villa,54,1966,,Aktuel værdi
Peter Kochsvej 5,3760 Gudhjem,250.000,02-07-2006,"
Alm. Salg",1.736,3,Villa,144,2008,,Aktuel værdi
Gudhjem Feriepark 37,3760 Gudhjem,865.000,19-06-2006,"
Alm. Salg",16.018,3,Fritid,54,1977,,Aktuel værdi
Vinkelvej 9,3760 Gudhjem,642.500,17-06-2006,"
Fam. Salg",4.092,5,Villa,157,1973,,Aktuel værdi
Egeskovvej 3,3760 Gudhjem,1.695.000,16-06-2006,"
Alm. Salg",13.038,3,Stuehus,130,1911,,
Gudhjem Feriepark 63,3760 Gudhjem,315.000,15-06-2006,"
Alm. Salg",6.057,3,Fritid,52,1977,,Aktuel værdi
Duebakken 13,3760 Gudhjem,1.278.000,12-06-2006,"
Alm. Salg",9.830,4,Villa,130,1965,,Aktuel værdi
Kirkestien 1,3760 Gudhjem,200.000,23-05-2006,"
Fam. Salg",1.709,4,Villa,117,1780,,Aktuel værdi
Røvej 18,3760 Gudhjem,470.000,22-05-2006,"
Alm. Salg",3.821,6,Villa,123,1929,,Aktuel værdi
Gudhjem Feriepark 38,3760 Gudhjem,349.000,01-05-2006,"
Fam. Salg",6.711,3,Fritid,52,1977,,Aktuel værdi
Nørresand 14,3760 Gudhjem,2.300.000,22-04-2006,"
Alm. Salg",14.375,6,Fritid,160,1964,,Aktuel værdi
Røvej 47,3760 Gudhjem,1.200.000,03-04-2006,"
Alm. Salg",3.614,9,Villa,332,1927,,Aktuel værdi
Nørregårdsvej 2,3760 Gudhjem,2.120.000,30-03-2006,"
Fam. Salg",6.905,11,Stuehus,307,1922,,
Melsted Langgade 33,3760 Gudhjem,1.075.000,24-03-2006,"
Fam. Salg",6.847,4,Villa,157,2000,,Aktuel værdi
Gudhjem Feriepark 41,3760 Gudhjem,945.000,24-03-2006,"
Alm. Salg",18.173,3,Fritid,52,1977,,Aktuel værdi
Nørreløkke 12,3760 Gudhjem,1.485.000,08-02-2006,"
Alm. Salg",15.000,6,Sommerhus,99,1969,,Aktuel værdi
Gamlevældevej 8,3760 Gudhjem,335.000,31-01-2006,"
Alm. Salg",3.190,4,Villa,105,1938,,Aktuel værdi
Åløsevej 17,3760 Gudhjem,1.280.000,23-01-2006,"
Alm. Salg",5.470,7,Villa,234,1900,,Aktuel værdi
Nybrovej 32,3760 Gudhjem,120.900,16-01-2006,"
Alm. Salg",1.233,4,Villa,98,1924,,Aktuel værdi
Nybrovej 26,3760 Gudhjem,305.000,13-01-2006,"
Alm. Salg",1.320,5,Villa,231,1926,,Aktuel værdi
Kjeldsebyvej 2,3760 Gudhjem,600.000,12-01-2006,"
Alm. Salg",2.764,7,Stuehus,217,1830,,
Løkkegade 17,3760 Gudhjem,520.000,05-01-2006,"
Alm. Salg",3.421,5,Villa,152,1905,,Aktuel værdi
Melstedvej 45,3760 Gudhjem,750.000,27-12-2005,"
Alm. Salg",6.521,4,Stuehus,115,1910,,
Melstedvej 19,3760 Gudhjem,550.000,25-11-2005,"
Alm. Salg",5.339,4,Villa,103,1923,,Aktuel værdi
Klemenskervej 18,3760 Gudhjem,875.000,22-11-2005,"
Alm. Salg",-,6,Villa,269,1867,,Aktuel værdi
Stangevej 5,3760 Gudhjem,875.000,18-11-2005,"
Alm. Salg",3.301,7,Villa,265,1878,,Aktuel værdi
Gudhjemvej 111P,3760 Gudhjem,750.000,14-11-2005,"
Alm. Salg",17.441,3,Sommerhus,43,1970,,Aktuel værdi
Sct. Jørgensgade 4,3760 Gudhjem,850.000,01-11-2005,"
Alm. Salg",-,4,Rækkehus,87,1927,,Aktuel værdi
Røvej 48,3760 Gudhjem,595.000,26-10-2005,"
Alm. Salg",4.343,6,Villa,137,1916,,Aktuel værdi
Nybrovej 13,3760 Gudhjem,295.000,14-10-2005,"
Fam. Salg",1.475,7,Villa,200,1928,,Aktuel værdi
Grevens Dal 30,3760 Gudhjem,2.195.000,14-10-2005,"
Alm. Salg",28.141,4,Villa,78,1940,,Aktuel værdi
Røvej 53B,3760 Gudhjem,480.000,16-09-2005,"
Alm. Salg",1.991,7,Villa,241,1925,,Aktuel værdi
Nørresand 12,3760 Gudhjem,775.000,12-09-2005,"
Fam. Salg",5.272,6,Villa,147,1916,,Aktuel værdi
Gudhjemvej 14,3760 Gudhjem,450.000,28-08-2005,"
Alm. Salg",4.166,3,Villa,108,1943,,Aktuel værdi
Gudhjemvej 97,3760 Gudhjem,1.265.000,19-08-2005,"
Alm. Salg",8.547,5,Villa,148,1918,,Aktuel værdi
Kastanievej 5,3760 Gudhjem,900.000,04-08-2005,"
Alm. Salg",5.732,5,Villa,157,1910,,Aktuel værdi
Slettevej 10,3760 Gudhjem,785.000,11-07-2005,"
Alm. Salg",4.786,4,Sommerhus,164,1890,,Aktuel værdi
Duebakken 17,3760 Gudhjem,965.000,08-07-2005,"
Alm. Salg",7.658,7,Villa,126,1970,,Aktuel værdi
Brøddegade 17,3760 Gudhjem,560.000,04-07-2005,"
Alm. Salg",4.705,4,Villa,119,1877,,Aktuel værdi
Skramman 24,3760 Gudhjem,850.000,04-07-2005,"
Alm. Salg",4.722,4,Villa,180,1980,,Aktuel værdi
"Gudhjemvej 111D, 1. 1",3760 Gudhjem,625.000,04-07-2005,"
Alm. Salg",11.574,3,Fritid,54,1976,,Aktuel værdi
Stavehøl 4,3760 Gudhjem,1.595.000,01-07-2005,"
Alm. Salg",11.312,5,Sommerhus,141,1878,,Aktuel værdi
Gudhjem Feriepark 76,3760 Gudhjem,798.000,29-06-2005,"
Alm. Salg",14.777,3,Fritid,54,1977,,Aktuel værdi
Klemenskervej 11,3760 Gudhjem,895.000,28-06-2005,"
Alm. Salg",4.710,6,Villa,190,1943,,Aktuel værdi
Lille Jernkaasvej 3C,3760 Gudhjem,848.000,28-06-2005,"
Alm. Salg",15.703,3,Fritid,54,1977,,Aktuel værdi
Melsted By 9,3760 Gudhjem,1.525.000,23-06-2005,"
Alm. Salg",10.234,6,Villa,149,1926,,Aktuel værdi
Sct. Jørgensgade 6,3760 Gudhjem,795.000,21-06-2005,"
Alm. Salg",11.357,4,Rækkehus,70,1852,,Aktuel værdi
Stavsdalvej 60,3760 Gudhjem,535.000,21-06-2005,"
Alm. Salg",3.474,5,Stuehus,154,1901,,
Lille Jernkaasvej 3D,3760 Gudhjem,848.000,15-06-2005,"
Alm. Salg",15.703,3,Fritid,54,1977,,Aktuel værdi
Gudhjem Feriepark 29,3760 Gudhjem,898.000,15-06-2005,"
Alm. Salg",17.269,3,Fritid,52,1977,,Aktuel værdi
Brommevej 33,3760 Gudhjem,665.000,12-06-2005,"
Alm. Salg",4.925,4,Villa,135,1894,,Aktuel værdi
Lille Jernkaasvej 7B,3760 Gudhjem,928.000,12-06-2005,"
Alm. Salg",17.846,3,Fritid,52,1977,,Aktuel værdi
Klemenskervej 56,3760 Gudhjem,320.000,26-05-2005,"
Alm. Salg",4.000,4,Villa,80,1942,,Aktuel værdi
Krækketsvej 10,3760 Gudhjem,695.000,23-05-2005,"
Alm. Salg",3.564,8,Villa,195,1890,,Aktuel værdi
Melsted Langgade 41,3760 Gudhjem,550.000,21-05-2005,"
Fam. Salg",5.555,1,Sommerhus,99,1950,,Aktuel værdi
Gudhjem Feriepark 30,3760 Gudhjem,898.000,08-05-2005,"
Alm. Salg",16.629,3,Fritid,54,1977,,Aktuel værdi
Røvej 54,3760 Gudhjem,275.000,04-05-2005,"
Alm. Salg",2.477,4,Villa,111,1915,,Aktuel værdi
Skramman 15,3760 Gudhjem,605.000,03-05-2005,"
Alm. Salg",5.041,4,Villa,120,1979,,Aktuel værdi
Gamlevældevej 30,3760 Gudhjem,185.000,25-04-2005,"
Alm. Salg",1.594,4,Villa,116,1900,,Aktuel værdi
Lærkesøvej 4,3760 Gudhjem,900.000,17-04-2005,"
Alm. Salg",8.823,4,Sommerhus,102,1800,,Aktuel værdi
Holkavej 6,3760 Gudhjem,800.000,16-04-2005,"
Alm. Salg",7.547,5,Villa,106,1914,,Aktuel værdi
Gamlevældevej 42,3760 Gudhjem,1.300.000,07-04-2005,"
Alm. Salg",4.642,7,Villa,280,1851,,Aktuel værdi
Klemenskervej 2,3760 Gudhjem,92.500,22-02-2005,"
Alm. Salg",660,6,Villa,140,1853,,Aktuel værdi
Hjortevej 2,3760 Gudhjem,2.125.000,02-02-2005,"
Fam. Salg",9.042,5,Stuehus,235,1895,,
Randkløvevej 25,3760 Gudhjem,730.000,01-02-2005,"
Alm. Salg",11.967,3,Sommerhus,61,1983,,Aktuel værdi
Nybrovej 16,3760 Gudhjem,510.000,24-01-2005,"
Alm. Salg",2.266,6,Villa,225,1928,,Aktuel værdi
Gamlevældevej 38,3760 Gudhjem,1.950.000,10-01-2005,"
Alm. Salg",7.500,9,Stuehus,260,1840,,
Kalleholled 9,3760 Gudhjem,173.333,24-12-2004,"
Fam. Salg",-,5,Sommerhus,95,1969,,Aktuel værdi
Åsedamsvej 2,3760 Gudhjem,5.460.000,22-12-2004,"
Fam. Salg",15.166,12,Stuehus,360,1923,,
Åsedamsvej 5,3760 Gudhjem,230.000,22-12-2004,"
Fam. Salg",974,6,Villa,236,1898,,Aktuel værdi
Egeskovvej 5,3760 Gudhjem,4.152.978,01-12-2004,"
Alm. Salg",17.304,11,Stuehus,240,1900,,
"Lille Jernkaasvej 1A, 1",3760 Gudhjem,225.000,26-10-2004,"
Alm. Salg",1.939,3,Fritid,116,1977,,Aktuel værdi
Gudhjem Feriepark 20,3760 Gudhjem,928.000,24-10-2004,"
Alm. Salg",17.846,3,Fritid,52,1977,,Aktuel værdi
Ejnar Mikkelsensvej 6,3760 Gudhjem,1.325.000,15-10-2004,"
Alm. Salg",7.010,6,Villa,189,1920,,Aktuel værdi
Lille Jernkaasvej 7F,3760 Gudhjem,928.000,10-10-2004,"
Alm. Salg",17.846,3,Fritid,52,1977,,Aktuel værdi
Lille Jernkaasvej 7E,3760 Gudhjem,928.000,10-10-2004,"
Alm. Salg",17.846,3,Fritid,52,1977,,Aktuel værdi
Lille Jernkaasvej 3E,3760 Gudhjem,848.000,10-10-2004,"
Alm. Salg",16.307,3,Fritid,52,1977,,Aktuel værdi
Gudhjem Feriepark 46,3760 Gudhjem,728.000,10-10-2004,"
Alm. Salg",13.481,3,Fritid,54,1977,,Aktuel værdi
Gudhjem Feriepark 45,3760 Gudhjem,728.000,09-10-2004,"
Alm. Salg",14.000,3,Fritid,52,1977,,Aktuel værdi
Bokulvej 8,3760 Gudhjem,250.000,01-10-2004,"
Alm. Salg",1.141,6,Villa,219,2007,,Aktuel værdi
Lindeskovvej 11,3760 Gudhjem,160.674,28-09-2004,"
Alm. Salg",472,9,Stuehus,340,1912,,
Gudhjemvej 38,3760 Gudhjem,437.550,28-09-2004,"
Alm. Salg",-,5,Villa,184,1900,,Aktuel værdi
Brøddegade 19,3760 Gudhjem,2.175.000,17-09-2004,"
Alm. Salg",11.447,9,Rækkehus,190,1902,,Aktuel værdi
Nørrekrog 1,3760 Gudhjem,382.500,07-09-2004,"
Fam. Salg",5.795,3,Sommerhus,66,1962,,Aktuel værdi
Gudhjemvej 39,3760 Gudhjem,450.000,12-08-2004,"
Alm. Salg",2.380,7,Villa,189,1908,,Aktuel værdi
Åløsevej 29,3760 Gudhjem,2.200.000,27-07-2004,"
Fam. Salg",12.790,10,Stuehus,172,1929,,
Gamlevældevej 36,3760 Gudhjem,600.000,12-07-2004,"
Fam. Salg",3.296,5,Villa,182,1900,,Aktuel værdi
Brommevej 32,3760 Gudhjem,680.000,22-06-2004,"
Alm. Salg",3.035,4,Villa,224,1922,,Aktuel værdi
Skramman 4,3760 Gudhjem,499.000,16-06-2004,"
Alm. Salg",4.455,3,Villa,112,1957,,Aktuel værdi
Melstedvej 14,3760 Gudhjem,525.000,11-06-2004,"
Fam. Salg",4.166,3,Villa,126,1939,,Aktuel værdi
Brommevej 36,3760 Gudhjem,425.000,03-06-2004,"
Alm. Salg",5.666,3,Sommerhus,75,1912,,Aktuel værdi
Holkavej 12,3760 Gudhjem,795.000,02-06-2004,"
Alm. Salg",5.638,6,Villa,141,1903,,Aktuel værdi
Gudhjemvej 42,3760 Gudhjem,385.000,02-06-2004,"
Alm. Salg",4.476,3,Villa,86,1777,,Aktuel værdi
Duebakken 5,3760 Gudhjem,500.000,31-05-2004,"
Alm. Salg",7.462,3,Sommerhus,67,1949,,Aktuel værdi
Gudhjem Feriepark 92,3760 Gudhjem,548.000,23-05-2004,"
Alm. Salg",10.148,3,Fritid,54,1977,,Aktuel værdi
Sigtevej 12,3760 Gudhjem,1.450.000,10-05-2004,"
Alm. Salg",6.872,5,Stuehus,211,1777,,
Lindeskovvej 13,3760 Gudhjem,1.300.000,06-05-2004,"
Alm. Salg",6.103,10,Stuehus,213,1850,,
Gudhjemvej 44,3760 Gudhjem,2.850.000,05-04-2004,"
Alm. Salg",13.636,6,Stuehus,209,1800,,
Vietsvej 6,3760 Gudhjem,475.000,18-03-2004,"
Alm. Salg",1.684,7,Villa,282,1912,,Aktuel værdi
Melsted By 4,3760 Gudhjem,586.500,16-03-2004,"
Fam. Salg",6.173,3,Sommerhus,95,1850,,Aktuel værdi
Stavsdalvej 34,3760 Gudhjem,695.000,04-03-2004,"
Alm. Salg",5.000,3,Stuehus,139,1919,,
Nybrovej 38,3760 Gudhjem,65.000,16-02-2004,"
Auktion",878,4,Villa,74,1887,,Aktuel værdi
Salenevej 5,3760 Gudhjem,250.000,05-02-2004,"
Alm. Salg",1.269,6,Stuehus,197,1900,,
Skramman 17,3760 Gudhjem,625.000,24-01-2004,"
Alm. Salg",5.122,5,Villa,122,1980,,Aktuel værdi
Klemenskervej 30,3760 Gudhjem,250.000,23-12-2003,"
Andet",1.366,6,Stuehus,183,1950,,
Gamlevældevej 31,3760 Gudhjem,650.000,18-12-2003,"
Alm. Salg",2.241,10,Stuehus,290,1881,,
Melsted Langgade 48,3760 Gudhjem,1.995.000,09-12-2003,"
Alm. Salg",-,7,Villa,184,1932,,Aktuel værdi
Lærkesøvej 1,3760 Gudhjem,460.000,07-11-2003,"
Alm. Salg",3.432,5,Stuehus,134,1850,,
Nørresand 6,3760 Gudhjem,629.000,03-11-2003,"
Fam. Salg",5.198,5,Sommerhus,121,1877,,Aktuel værdi
Nørreløkke 20,3760 Gudhjem,1.200.000,25-09-2003,"
Alm. Salg",-,5,Sommerhus,110,1986,,Aktuel værdi
Salenevej 1,3760 Gudhjem,1.000.000,25-09-2003,"
Alm. Salg",4.651,7,Sommerhus,215,1853,,Aktuel værdi
Peter Kochsvej 11,3760 Gudhjem,69.160,10-09-2003,"
Alm. Salg",277,6,Villa,249,2004,,Aktuel værdi
Åløsevej 4,3760 Gudhjem,250.000,10-09-2003,"
Alm. Salg",2.551,2,Villa,98,1930,,Aktuel værdi
Nybrovej 29,3760 Gudhjem,550.000,01-09-2003,"
Alm. Salg",3.716,5,Villa,148,1975,,Aktuel værdi
Præstegårdsvej 4,3760 Gudhjem,585.000,25-08-2003,"
Alm. Salg",2.478,8,Stuehus,236,1927,,
Brommevej 34,3760 Gudhjem,975.000,25-08-2003,"
Alm. Salg",4.096,12,Stuehus,238,1913,,
Røvej 39,3760 Gudhjem,348.000,22-08-2003,"
Alm. Salg",2.035,6,Sommerhus,171,1941,,Aktuel værdi
Ejnar Mikkelsensvej 16,3760 Gudhjem,280.500,19-08-2003,"
Alm. Salg",2.337,3,Villa,120,1865,,Aktuel værdi
Gamlevældevej 3,3760 Gudhjem,307.890,13-08-2003,"
Alm. Salg",2.904,4,Villa,106,1924,,Aktuel værdi
Gråmyrvej 7,3760 Gudhjem,825.000,13-08-2003,"
Alm. Salg",9.482,3,Sommerhus,87,1930,,Aktuel værdi
Gamlevældevej 12,3760 Gudhjem,325.000,09-07-2003,"
Alm. Salg",-,3,Villa,76,1941,,Aktuel værdi
Sct. Jørgensgade 8,3760 Gudhjem,485.000,08-07-2003,"
Alm. Salg",2.803,4,Villa,173,1917,,Aktuel værdi
Peter Kochsvej 2,3760 Gudhjem,55.000,07-07-2003,"
Alm. Salg",416,4,Villa,132,2005,,Aktuel værdi
Kirkevej 12,3760 Gudhjem,835.000,26-06-2003,"
Alm. Salg",6.325,4,Rækkehus,132,1877,,Aktuel værdi
Salenevej 7,3760 Gudhjem,550.000,26-06-2003,"
Alm. Salg",2.148,12,Villa,256,1777,,Aktuel værdi
Stavsdalvej 62,3760 Gudhjem,470.000,25-06-2003,"
Alm. Salg",3.852,3,Villa,122,1922,,Aktuel værdi
Klemenskervej 6,3760 Gudhjem,420.000,12-06-2003,"
Alm. Salg",-,3,Villa,129,1948,,Aktuel værdi
Nørresand 21,3760 Gudhjem,875.000,04-06-2003,"
Alm. Salg",-,3,Villa,110,1934,,Aktuel værdi
Stavsdalvej 28,3760 Gudhjem,398.000,20-05-2003,"
Alm. Salg",3.790,2,Villa,105,1919,,Aktuel værdi
Peter Kochsvej 6,3760 Gudhjem,47.740,06-05-2003,"
Alm. Salg",284,6,Villa,168,2004,,Aktuel værdi
Melstedvej 6,3760 Gudhjem,367.837,25-04-2003,"
Andet",2.572,4,Villa,143,1910,,Aktuel værdi
Melsted By 11B,3760 Gudhjem,985.000,16-04-2003,"
Alm. Salg",-,4,Villa,152,1777,,Aktuel værdi
Krækketsvej 9,3760 Gudhjem,650.000,14-04-2003,"
Alm. Salg",6.372,3,Sommerhus,102,1900,,Aktuel værdi
Randkløvevej 23,3760 Gudhjem,850.000,07-04-2003,"
Alm. Salg",4.545,7,Villa,187,1931,,Aktuel værdi
Krashavevej 31,3760 Gudhjem,1.520.000,28-03-2003,"
Alm. Salg",15.353,5,Stuehus,99,1941,,
Vietsvej 14,3760 Gudhjem,595.000,19-03-2003,"
Alm. Salg",-,6,Villa,173,1860,,Aktuel værdi
Brommevej 4,3760 Gudhjem,1.174.795,17-03-2003,"
Fam. Salg",6.183,6,Stuehus,190,1800,,
Melstedvej 46,3760 Gudhjem,1.100.000,17-03-2003,"
Alm. Salg",10.091,3,Sommerhus,109,1803,,Aktuel værdi
Stavsdalvej 40,3760 Gudhjem,442.000,05-03-2003,"
Alm. Salg",2.569,7,Villa,172,1927,,Aktuel værdi
Gamlevældevej 44,3760 Gudhjem,12.000.000,24-02-2003,"
Fam. Salg",34.285,6,Stuehus,350,1902,,
Bryggerstræde 5B,3760 Gudhjem,418.099,21-02-2003,"
Alm. Salg",4.310,2,Rækkehus,97,1929,,Aktuel værdi
Gamlevældevej 21,3760 Gudhjem,770.000,03-02-2003,"
Alm. Salg",3.318,6,Stuehus,232,1880,,
Grevens Dal 4,3760 Gudhjem,300.000,19-01-2003,"
Fam. Salg",3.061,5,Villa,98,1907,,Aktuel værdi
Løkkegade 21,3760 Gudhjem,606.000,13-01-2003,"
Alm. Salg",4.625,6,Villa,131,1907,,Aktuel værdi
Brommevej 12,3760 Gudhjem,1.735.000,17-12-2002,"
Alm. Salg",10.709,5,Stuehus,162,1900,,
Krækketsvej 8,3760 Gudhjem,265.000,17-12-2002,"
Alm. Salg",5.300,3,Sommerhus,50,1900,,Aktuel værdi
Stavsdalvej 14,3760 Gudhjem,325.000,05-11-2002,"
Alm. Salg",2.226,4,Villa,146,1924,,Aktuel værdi
Stavsdalvej 11,3760 Gudhjem,240.000,17-10-2002,"
Alm. Salg",1.889,4,Villa,127,1946,,Aktuel værdi
Nybrovej 3,3760 Gudhjem,395.000,10-10-2002,"
Alm. Salg",2.515,3,Villa,157,1928,,Aktuel værdi
Bobbevej 2,3760 Gudhjem,821.031,09-10-2002,"
Alm. Salg",6.315,5,Sommerhus,130,1909,,Aktuel værdi
"Åløsevej 2, ST",3760 Gudhjem,200.000,12-09-2002,"
Alm. Salg",-,3,Lejlighed,80,1942,,Aktuel værdi
Stavsdalvej 17,3760 Gudhjem,435.000,04-09-2002,"
Alm. Salg",-,6,Stuehus,204,1900,,
Stangevej 10,3760 Gudhjem,282.000,20-08-2002,"
Alm. Salg",-,7,Sommerhus,135,1877,,Aktuel værdi
Vårbækvej 1,3760 Gudhjem,570.000,15-07-2002,"
Alm. Salg",4.318,3,Villa,132,1970,,Aktuel værdi
Brommevej 3,3760 Gudhjem,100.000,09-07-2002,"
Alm. Salg",598,6,Stuehus,167,1877,,
Vinkelvej 3,3760 Gudhjem,498.000,27-05-2002,"
Alm. Salg",3.458,5,Villa,144,1970,,Aktuel værdi
Gamlevældevej 14,3760 Gudhjem,40.000,19-04-2002,"
Alm. Salg",294,4,Villa,136,2002,,Aktuel værdi
Skovvej 6,3760 Gudhjem,735.000,05-04-2002,"
Alm. Salg",-,5,Villa,170,1900,,Aktuel værdi
Sigtevej 3,3760 Gudhjem,143.141,28-03-2002,"
Alm. Salg",1.068,6,Villa,134,1830,,Aktuel værdi
Gamlevældevej 1B,3760 Gudhjem,199.000,22-03-2002,"
Alm. Salg",-,3,Villa,88,1930,,Aktuel værdi
Brommevej 14,3760 Gudhjem,627.087,06-03-2002,"
Alm. Salg",5.225,6,Stuehus,120,1900,,
Grevens Dal 1,3760 Gudhjem,684.080,08-02-2002,"
Alm. Salg",6.000,3,Villa,114,1938,,Aktuel værdi
Gamlevældevej 9,3760 Gudhjem,290.000,31-01-2002,"
Fam. Salg",2.320,4,Villa,125,1920,,Aktuel værdi
Åløsevej 7,3760 Gudhjem,162.000,31-01-2002,"
Fam. Salg",1.840,3,Villa,88,1924,,Aktuel værdi
Gudhjemvej 9,3760 Gudhjem,460.000,09-01-2002,"
Alm. Salg",3.262,5,Villa,141,1953,,Aktuel værdi
Løkkegade 34,3760 Gudhjem,160.242,27-12-2001,"
Alm. Salg",1.540,5,Sommerhus,104,1958,,Aktuel værdi
Brommevej 22,3760 Gudhjem,750.000,11-11-2001,"
Alm. Salg",4.120,3,Stuehus,182,1928,,
Lindeskovvej 19,3760 Gudhjem,650.000,08-11-2001,"
Alm. Salg",-,5,Sommerhus,133,1950,,Aktuel værdi
Brommevej 19,3760 Gudhjem,1.800.000,04-11-2001,"
Fam. Salg",-,8,Stuehus,240,1936,,
Åløsevej 24,3760 Gudhjem,595.000,31-10-2001,"
Alm. Salg",3.584,7,Villa,166,1778,,Aktuel værdi
Nybrovej 40,3760 Gudhjem,375.000,18-09-2001,"
Alm. Salg",3.000,5,Villa,125,1935,,Aktuel værdi
Kastanievej 13,3760 Gudhjem,520.000,23-08-2001,"
Alm. Salg",6.582,2,Villa,79,1918,,Aktuel værdi
Stavsdalvej 38,3760 Gudhjem,790.000,17-08-2001,"
Alm. Salg",6.124,5,Stuehus,129,1882,,
Melstedvej 13,3760 Gudhjem,375.150,10-08-2001,"
Alm. Salg",2.534,3,Villa,148,1910,,Aktuel værdi
Åsedamsvej 1,3760 Gudhjem,771.283,09-08-2001,"
Alm. Salg",4.731,5,Stuehus,163,1922,,
Melsted Langgade 6,3760 Gudhjem,775.000,08-08-2001,"
Alm. Salg",4.613,3,Villa,168,1924,,Aktuel værdi
Kastanievej 2,3760 Gudhjem,675.000,31-07-2001,"
Alm. Salg",5.672,6,Villa,119,1900,,Aktuel værdi
Rø Skolevej 2,3760 Gudhjem,525.000,14-07-2001,"
Alm. Salg",2.034,5,Villa,258,1928,,Aktuel værdi
Melstedvej 24,3760 Gudhjem,2.140.000,01-07-2001,"
Fam. Salg",5.944,14,Stuehus,360,1868,,
Løkkegade 30,3760 Gudhjem,825.000,15-06-2001,"
Alm. Salg",9.166,4,Villa,90,1920,,Aktuel værdi
Klemenskervej 57,3760 Gudhjem,475.000,12-06-2001,"
Alm. Salg",-,4,Villa,157,1949,,Aktuel værdi
Gudhjemvej 83,3760 Gudhjem,545.000,03-06-2001,"
Alm. Salg",5.505,3,Villa,99,1961,,Aktuel værdi
Lillevang 2,3760 Gudhjem,781.961,23-05-2001,"
Alm. Salg",6.571,4,Villa,119,1935,,Aktuel værdi
Lillevang 3,3760 Gudhjem,800.000,17-05-2001,"
Alm. Salg",6.956,5,Rækkehus,115,1770,,Aktuel værdi
Vietsvej 7A,3760 Gudhjem,795.000,09-05-2001,"
Alm. Salg",3.840,5,Villa,207,1936,,Aktuel værdi
Nørresand 5,3760 Gudhjem,505.565,06-04-2001,"
Fam. Salg",6.652,3,Sommerhus,76,1945,,Aktuel værdi
Klemenskervej 58,3760 Gudhjem,1.170.532,02-04-2001,"
Fam. Salg",8.735,6,Stuehus,134,1925,,
Melstedvej 8,3760 Gudhjem,382.500,27-03-2001,"
Fam. Salg",2.533,3,Villa,151,1919,,Aktuel værdi
Malkestien 7,3760 Gudhjem,480.222,15-03-2001,"
Alm. Salg",4.249,3,Rækkehus,113,1965,,Aktuel værdi
Lindeskovvej 23,3760 Gudhjem,677.000,06-03-2001,"
Alm. Salg",6.211,5,Villa,109,1936,,Aktuel værdi
Gamlevældevej 15,3760 Gudhjem,221.000,23-02-2001,"
Fam. Salg",1.145,6,Villa,193,1886,,Aktuel værdi
Lynggårdsvej 3,3760 Gudhjem,355.000,22-02-2001,"
Alm. Salg",3.287,4,Villa,108,1888,,Aktuel værdi
Vassebækvej 2,3760 Gudhjem,665.000,17-02-2001,"
Alm. Salg",-,5,Stuehus,376,1950,,
Møllebakken 10,3760 Gudhjem,750.000,15-02-2001,"
Alm. Salg",6.147,3,Villa,122,1941,,Aktuel værdi
Klemenskervej 48,3760 Gudhjem,450.000,11-02-2001,"
Alm. Salg",3.383,4,Stuehus,133,1777,,
Stavsdalvej 37,3760 Gudhjem,395.000,17-01-2001,"
Fam. Salg",2.762,5,Stuehus,143,1922,,
Vietsvej 8,3760 Gudhjem,2.800.000,21-12-2000,"
Alm. Salg",19.718,4,Stuehus,142,1902,,
Melsted Langgade 13,3760 Gudhjem,825.000,16-12-2000,"
Alm. Salg",-,6,Villa,170,1877,,Aktuel værdi
Lynggårdsvej 6,3760 Gudhjem,395.000,18-11-2000,"
Alm. Salg",7.181,2,Sommerhus,55,1938,,Aktuel værdi
Klemenskervej 1,3760 Gudhjem,459.320,20-10-2000,"
Alm. Salg",3.234,4,Villa,142,1935,,Aktuel værdi
Melsted By 8,3760 Gudhjem,500.000,20-10-2000,"
Fam. Salg",-,4,Villa,140,1725,,Aktuel værdi
Grevens Dal 60,3760 Gudhjem,390.000,14-10-2000,"
Alm. Salg",2.689,3,Rækkehus,145,1999,,Aktuel værdi
Malkestien 19,3760 Gudhjem,685.000,12-10-2000,"
Alm. Salg",5.393,4,Villa,127,1969,,Aktuel værdi
Nørresand 16,3760 Gudhjem,2.060.000,25-09-2000,"
Alm. Salg",6.397,6,Villa,322,1946,,Aktuel værdi
Malkestien 9,3760 Gudhjem,410.000,05-09-2000,"
Alm. Salg",4.100,5,Rækkehus,100,1967,,Aktuel værdi
Brøddegade 3,3760 Gudhjem,849.000,01-09-2000,"
Alm. Salg",3.053,6,Villa,278,1897,,Aktuel værdi
Vinkelvej 14,3760 Gudhjem,225.210,31-08-2000,"
Alm. Salg",2.681,3,Rækkehus,84,1928,,Aktuel værdi
Melsted By 19,3760 Gudhjem,185.000,21-08-2000,"
Fam. Salg",2.569,3,Sommerhus,72,1777,,Aktuel værdi
Åsedamsvej 16,3760 Gudhjem,385.000,27-07-2000,"
Alm. Salg",2.750,4,Villa,140,1919,,Aktuel værdi
Kirkevej 16,3760 Gudhjem,320.000,30-06-2000,"
Alm. Salg",2.335,5,Villa,137,1827,,Aktuel værdi
Rø Stationsvej 5,3760 Gudhjem,725.000,19-06-2000,"
Alm. Salg",3.207,10,Villa,226,1912,,Aktuel værdi
Ejnar Mikkelsensvej 11,3760 Gudhjem,400.000,05-06-2000,"
Fam. Salg",-,4,Villa,110,1904,,Aktuel værdi
Gudhjemvej 93,3760 Gudhjem,650.000,02-06-2000,"
Alm. Salg",4.850,3,Villa,134,1965,,Aktuel værdi
Åsedamsvej 7,3760 Gudhjem,275.000,02-05-2000,"
Alm. Salg",1.589,5,Stuehus,173,1908,,
Hjortevej 13,3760 Gudhjem,312.000,22-04-2000,"
Alm. Salg",2.836,3,Stuehus,110,1915,,
Kåsevej 8,3760 Gudhjem,690.210,17-04-2000,"
Alm. Salg",-,5,Villa,289,1925,,Aktuel værdi
Nørregårdsvej 6,3760 Gudhjem,248.000,11-04-2000,"
Alm. Salg",1.823,4,Stuehus,136,1900,,
Risenholmsvej 3,3760 Gudhjem,344.000,04-03-2000,"
Alm. Salg",2.263,5,Stuehus,152,1929,,
Klemenskervej 12,3760 Gudhjem,449.554,21-02-2000,"
Alm. Salg",3.431,7,Villa,131,1929,,Aktuel værdi
Røvej 49,3760 Gudhjem,495.000,19-02-2000,"
Alm. Salg",2.512,7,Villa,197,1918,,Aktuel værdi
Lindeskovvej 3,3760 Gudhjem,243.722,12-02-2000,"
Alm. Salg",2.769,3,Villa,88,1963,,Aktuel værdi
Mortingevej 2,3760 Gudhjem,176.000,07-02-2000,"
Auktion",977,8,Villa,180,1883,,Aktuel værdi
Nørregårdsvej 10,3760 Gudhjem,96.201,02-02-2000,"
Fam. Salg",1.317,3,Sommerhus,73,1922,,Aktuel værdi
Gudhjemvej 52,3760 Gudhjem,1.053.333,31-12-1999,"
Fam. Salg",-,11,Stuehus,332,1852,,
Skramman 7,3760 Gudhjem,445.000,27-12-1999,"
Alm. Salg",3.476,7,Villa,128,1936,,Aktuel værdi
Risenholmsvej 12,3760 Gudhjem,102.000,10-11-1999,"
Alm. Salg",637,4,Stuehus,160,1910,,
Risenholmsvej 10,3760 Gudhjem,223.000,10-11-1999,"
Alm. Salg",991,8,Stuehus,225,1989,,
Skramman 20,3760 Gudhjem,585.000,05-11-1999,"
Alm. Salg",3.702,5,Villa,158,1980,,Aktuel værdi
Røvej 23,3760 Gudhjem,630.000,01-11-1999,"
Alm. Salg",-,4,Villa,154,1927,,Aktuel værdi
Gamlevældevej 25,3760 Gudhjem,285.000,25-10-1999,"
Alm. Salg",1.628,3,Villa,175,1900,,Aktuel værdi
Sigtevej 4,3760 Gudhjem,380.000,22-10-1999,"
Alm. Salg",3.140,5,Sommerhus,121,1870,,Aktuel værdi
Brøddegade 39,3760 Gudhjem,473.000,21-10-1999,"
Alm. Salg",3.610,5,Villa,131,1870,,Aktuel værdi
Sigtevej 6,3760 Gudhjem,1.625.000,20-10-1999,"
Alm. Salg",11.861,5,Stuehus,137,1900,,
Risenholmsvej 1,3760 Gudhjem,410.000,17-10-1999,"
Alm. Salg",7.068,2,Villa,58,1840,,Aktuel værdi
Skramman 12,3760 Gudhjem,344.000,07-10-1999,"
Alm. Salg",2.940,4,Villa,117,1938,,Aktuel værdi
Klemenskervej 36,3760 Gudhjem,430.000,01-10-1999,"
Alm. Salg",1.442,9,Sommerhus,298,1905,,Aktuel værdi
Klemenskervej 10,3760 Gudhjem,626.000,30-09-1999,"
Alm. Salg",4.968,5,Villa,126,1927,,Aktuel værdi
Gudhjemvej 32,3760 Gudhjem,1.350.000,10-09-1999,"
Alm. Salg",5.056,7,Stuehus,267,1825,,
Gamlevældevej 13,3760 Gudhjem,438.000,09-09-1999,"
Alm. Salg",4.093,4,Stuehus,107,1914,,
Rø Stationsvej 1,3760 Gudhjem,599.000,01-09-1999,"
Alm. Salg",3.422,6,Villa,175,1961,,Aktuel værdi
Gudhjemvej 12,3760 Gudhjem,90.000,24-08-1999,"
Alm. Salg",967,4,Villa,93,1936,,Aktuel værdi
Kalleholled 10,3760 Gudhjem,205.000,23-08-1999,"
Alm. Salg",2.971,4,Sommerhus,69,2005,,Aktuel værdi
Hjortevej 5,3760 Gudhjem,109.403,16-08-1999,"
Fam. Salg",1.302,3,Stuehus,84,1916,,
Nybrovej 41,3760 Gudhjem,137.000,12-08-1999,"
Alm. Salg",1.370,5,Villa,100,1900,,Aktuel værdi
Gudhjemvej 4,3760 Gudhjem,384.000,15-07-1999,"
Alm. Salg",3.096,5,Villa,124,1917,,Aktuel værdi
Brøddegade 23,3760 Gudhjem,572.575,08-07-1999,"
Alm. Salg",3.078,5,Villa,186,1890,,Aktuel værdi
Toftevej 3,3760 Gudhjem,577.000,08-07-1999,"
Alm. Salg",2.219,9,Villa,260,1910,,Aktuel værdi
Gudhjemvej 71,3760 Gudhjem,582.000,06-07-1999,"
Alm. Salg",3.215,6,Villa,181,1900,,Aktuel værdi
Nybrovej 52,3760 Gudhjem,300.000,30-06-1999,"
Alm. Salg",-,5,Villa,118,1900,,Aktuel værdi
Gudhjemvej 37,3760 Gudhjem,352.000,14-06-1999,"
Alm. Salg",2.427,8,Villa,145,1909,,Aktuel værdi
Røbrovej 24,3760 Gudhjem,483.000,12-06-1999,"
Alm. Salg",4.600,4,Villa,105,1900,,Aktuel værdi
Risenholmsvej 6,3760 Gudhjem,70.000,21-04-1999,"
Alm. Salg",500,6,Stuehus,140,1923,,
Melstedvej 17,3760 Gudhjem,494.000,12-04-1999,"
Alm. Salg",2.714,9,Villa,182,1922,,Aktuel værdi
Hjortevej 11,3760 Gudhjem,549.000,05-04-1999,"
Alm. Salg",2.161,9,Stuehus,254,1915,,
Melsted By 14,3760 Gudhjem,330.000,03-04-1999,"
Fam. Salg",2.391,6,Villa,138,1777,,Aktuel værdi
Krækketsvej 1,3760 Gudhjem,274.000,25-02-1999,"
Alm. Salg",2.245,4,Sommerhus,122,1893,,Aktuel værdi
Melsted Langgade 31,3760 Gudhjem,790.000,02-02-1999,"
Alm. Salg",5.563,3,Villa,142,1934,,Aktuel værdi
Melsted Langgade 53,3760 Gudhjem,238.000,18-01-1999,"
Fam. Salg",3.260,3,Sommerhus,73,1950,,Aktuel værdi
Melsted Langgade 27,3760 Gudhjem,333.000,18-01-1999,"
Fam. Salg",-,4,Sommerhus,97,1877,,Aktuel værdi
Stavsdalvej 10,3760 Gudhjem,405.000,06-01-1999,"
Alm. Salg",2.262,4,Villa,179,1935,,Aktuel værdi
Risenholmsvej 8,3760 Gudhjem,3.100.000,16-12-1998,"
Alm. Salg",14.761,7,Stuehus,210,1878,,
Løkkegade 29,3760 Gudhjem,460.000,07-12-1998,"
Alm. Salg",2.371,4,Rækkehus,194,1898,,Aktuel værdi
Klemenskervej 4,3760 Gudhjem,128.000,07-12-1998,"
Alm. Salg",-,5,Villa,139,1940,,Aktuel værdi
Bokulvej 2,3760 Gudhjem,650.000,07-12-1998,"
Alm. Salg",4.304,5,Villa,151,1961,,Aktuel værdi
Skramman 5,3760 Gudhjem,426.800,26-11-1998,"
Alm. Salg",-,5,Villa,145,1930,,Aktuel værdi
Vietsvej 23,3760 Gudhjem,293.000,06-10-1998,"
Alm. Salg",1.592,6,Sommerhus,184,1760,,Aktuel værdi
Melstedvej 10,3760 Gudhjem,521.840,03-10-1998,"
Alm. Salg",3.754,5,Villa,139,1924,,Aktuel værdi
Malkestien 8,3760 Gudhjem,425.000,12-09-1998,"
Alm. Salg",3.269,4,Villa,130,1900,,Aktuel værdi
"Holkavej 2A, ST. 5",3760 Gudhjem,355.000,31-08-1998,"
Alm. Salg",7.244,2,Sommerhus,49,1954,,Aktuel værdi
Studebyvej 4,3760 Gudhjem,1.400.000,24-08-1998,"
Alm. Salg",6.422,5,Stuehus,218,2004,,
Krækketsvej 12,3760 Gudhjem,335.000,09-07-1998,"
Alm. Salg",1.450,5,Villa,231,2012,,Aktuel værdi
Høgebakken 2,3760 Gudhjem,320.000,30-06-1998,"
Fam. Salg",2.176,5,Sommerhus,147,1935,,Aktuel værdi
Melstedvej 56,3760 Gudhjem,648.160,30-06-1998,"
Alm. Salg",-,5,Villa,130,1930,,Aktuel værdi
Salenevej 4,3760 Gudhjem,1.925.650,25-06-1998,"
Fam. Salg",10.580,7,Stuehus,182,1937,,
Kalleholled 6,3760 Gudhjem,460.000,18-06-1998,"
Alm. Salg",-,3,Sommerhus,73,1968,,Aktuel værdi
Gudhjemvej 113,3760 Gudhjem,495.000,02-06-1998,"
Alm. Salg",3.485,3,Villa,142,1915,,Aktuel værdi
Løkkegade 23,3760 Gudhjem,300.000,12-05-1998,"
Fam. Salg",-,4,Villa,100,1895,,Aktuel værdi
Stavsdalvej 7,3760 Gudhjem,338.255,06-05-1998,"
Alm. Salg",3.075,3,Villa,110,1946,,Aktuel værdi
Nybrovej 10,3760 Gudhjem,314.650,27-04-1998,"
Alm. Salg",-,3,Villa,128,1928,,Aktuel værdi
Duebakken 10,3760 Gudhjem,650.000,07-04-1998,"
Alm. Salg",5.327,3,Villa,122,1979,,Aktuel værdi
Møllebakken 5,3760 Gudhjem,450.000,07-04-1998,"
Alm. Salg",4.166,4,Villa,108,1951,,Aktuel værdi
Klemenskervej 42,3760 Gudhjem,261.819,18-03-1998,"
Alm. Salg",3.044,3,Villa,86,1881,,Aktuel værdi
Ejnar Mikkelsensvej 4,3760 Gudhjem,460.000,13-02-1998,"
Alm. Salg",-,4,Villa,148,1827,,Aktuel værdi
Bobbevej 4,3760 Gudhjem,10.000,27-01-1998,"
Alm. Salg",83,5,Sommerhus,120,1930,,Aktuel værdi
Bobbevej 6,3760 Gudhjem,250.000,05-12-1997,"
Alm. Salg",2.906,3,Sommerhus,86,1960,,Aktuel værdi
Flæskedalsvej 2,3760 Gudhjem,275.000,25-11-1997,"
Alm. Salg",-,7,Stuehus,198,1914,,
Stangevej 14,3760 Gudhjem,306.000,10-11-1997,"
Alm. Salg",1.728,5,Villa,177,1858,,Aktuel værdi
Åsedamsvej 10,3760 Gudhjem,493.120,27-10-1997,"
Alm. Salg",1.903,6,Villa,259,1925,,Aktuel værdi
Melstedvej 34,3760 Gudhjem,345.000,23-10-1997,"
Alm. Salg",3.593,3,Villa,96,1778,,Aktuel værdi
Røbrovej 22,3760 Gudhjem,140.000,11-10-1997,"
Alm. Salg",909,4,Villa,154,1918,,Aktuel værdi
Melsted Langgade 38,3760 Gudhjem,510.000,29-08-1997,"
Alm. Salg",-,6,Villa,175,1947,,Aktuel værdi
Bobbevej 1,3760 Gudhjem,977.498,20-08-1997,"
Fam. Salg",-,10,Stuehus,227,1873,,
Salenevej 3,3760 Gudhjem,724.000,18-08-1997,"
Alm. Salg",-,10,Stuehus,408,1850,,
Kirkevej 7,3760 Gudhjem,370.000,13-08-1997,"
Fam. Salg",3.057,3,Villa,121,1922,,Aktuel værdi
Møllebakken 8,3760 Gudhjem,535.080,09-08-1997,"
Alm. Salg",3.993,5,Villa,134,1938,,Aktuel værdi
Kirkevej 6,3760 Gudhjem,345.000,24-07-1997,"
Alm. Salg",-,3,Villa,126,1877,,Aktuel værdi
Bækken 11,3760 Gudhjem,250.000,07-07-1997,"
Alm. Salg",3.846,3,Villa,65,1868,,Aktuel værdi
Stavsdalvej 72,3760 Gudhjem,1.750.000,02-05-1997,"
Alm. Salg",15.217,3,Stuehus,115,1900,,
Melsted Langgade 9,3760 Gudhjem,736.420,23-04-1997,"
Alm. Salg",3.815,4,Villa,193,1820,,Aktuel værdi
Melstedvej 20,3760 Gudhjem,314.500,13-03-1997,"
Fam. Salg",2.246,4,Villa,140,1975,,Aktuel værdi
Skovvej 4,3760 Gudhjem,1.599.988,07-03-1997,"
Fam. Salg",11.940,4,Stuehus,134,1884,,
Melstedvej 12,3760 Gudhjem,417.000,21-02-1997,"
Alm. Salg",4.009,4,Villa,104,1928,,Aktuel værdi
Gamlevældevej 28,3760 Gudhjem,145.000,20-02-1997,"
Alm. Salg",1.858,5,Villa,78,1778,,Aktuel værdi
Kobbevej 2,3760 Gudhjem,355.000,19-02-1997,"
Alm. Salg",-,5,Villa,140,1900,,Aktuel værdi
Nybrovej 17,3760 Gudhjem,420.000,07-02-1997,"
Alm. Salg",1.573,9,Villa,267,1911,,Aktuel værdi
Helligdomsvej 4,3760 Gudhjem,635.000,06-02-1997,"
Alm. Salg",7.215,4,Sommerhus,88,1950,,Aktuel værdi
Studebyvej 3,3760 Gudhjem,350.000,06-02-1997,"
Alm. Salg",-,5,Stuehus,184,1912,,
Kastanievej 10,3760 Gudhjem,250.000,27-01-1997,"
Alm. Salg",-,4,Sommerhus,56,1957,,Aktuel værdi
Krashavevej 35,3760 Gudhjem,441.000,23-12-1996,"
Alm. Salg",2.534,7,Villa,174,1837,,Aktuel værdi
Røvej 51,3760 Gudhjem,650.000,12-12-1996,"
Alm. Salg",7.386,8,Servicevirksomhed,88,1912,,Aktuel værdi
Løkkegade 28,3760 Gudhjem,212.500,10-12-1996,"
Fam. Salg",2.414,3,Villa,88,1963,,Aktuel værdi
Klemenskervej 13,3760 Gudhjem,381.000,02-12-1996,"
Alm. Salg",2.953,5,Villa,129,1963,,Aktuel værdi
Vietsvej 9,3760 Gudhjem,125.000,31-10-1996,"
Alm. Salg",961,4,Sommerhus,130,1920,,Aktuel værdi
Røbrovej 2,3760 Gudhjem,230.000,19-10-1996,"
Alm. Salg",1.493,3,Villa,154,1926,,Aktuel værdi
Vårbækvej 6,3760 Gudhjem,425.000,07-10-1996,"
Alm. Salg",2.992,4,Villa,142,1970,,Aktuel værdi
Skramman 13,3760 Gudhjem,460.000,05-09-1996,"
Alm. Salg",2.674,6,Villa,172,1979,,Aktuel værdi
Løkkegade 31,3760 Gudhjem,231.520,26-08-1996,"
Alm. Salg",-,5,Villa,87,1897,,Aktuel værdi
Kastanievej 14,3760 Gudhjem,385.000,21-06-1996,"
Fam. Salg",4.529,4,Villa,85,1959,,Aktuel værdi
Kløvermarken 2,3760 Gudhjem,51.000,19-06-1996,"
Alm. Salg",356,5,Villa,143,1996,,Aktuel værdi
Brøddegade 31,3760 Gudhjem,1.500.000,07-06-1996,"
Alm. Salg",14.563,2,Anden beboelse,103,1938,,Aktuel værdi
Holkavej 1,3760 Gudhjem,165.000,16-05-1996,"
Alm. Salg",1.386,5,Villa,119,1911,,Aktuel værdi
Egeskovvej 1,3760 Gudhjem,270.000,13-05-1996,"
Alm. Salg",3.375,4,Stuehus,80,1933,,
Flæskedalsvej 4,3760 Gudhjem,616.000,13-05-1996,"
Alm. Salg",3.850,4,Stuehus,160,2000,,
Helligdomsvej 10,3760 Gudhjem,651.750,10-05-1996,"
Alm. Salg",2.976,8,Stuehus,219,1930,,
Kobbevej 4,3760 Gudhjem,650.000,24-04-1996,"
Alm. Salg",5.078,3,Stuehus,128,1756,,
Åbogade 3,3760 Gudhjem,750.000,16-04-1996,"
Alm. Salg",-,4,Rækkehus,154,1870,,Aktuel værdi
Helligdomsvej 6,3760 Gudhjem,340.000,15-04-1996,"
Fam. Salg",1.965,8,Stuehus,173,1973,,
Røstadvej 6,3760 Gudhjem,1.225.000,09-04-1996,"
Alm. Salg",6.920,5,Stuehus,177,1800,,
Skramman 14,3760 Gudhjem,541.000,27-03-1996,"
Alm. Salg",4.037,4,Villa,134,1978,,Aktuel værdi
Stangevej 12,3760 Gudhjem,80.000,26-03-1996,"
Auktion",402,10,Villa,199,1877,,Aktuel værdi
Ejnar Mikkelsensvej 32,3760 Gudhjem,415.813,16-03-1996,"
Alm. Salg",3.523,5,Rækkehus,118,1912,,Aktuel værdi
Studebyvej 8,3760 Gudhjem,1.521.000,06-03-1996,"
Alm. Salg",5.336,11,Stuehus,285,1996,,
Klemenskervej 40,3760 Gudhjem,320.900,02-03-1996,"
Alm. Salg",2.292,6,Stuehus,140,1937,,
Røbrovej 3,3760 Gudhjem,578.800,27-02-1996,"
Alm. Salg",2.743,8,Stuehus,211,1923,,
