address,zip_code,price,sell_date,sell_type,price_per_sq_m,no_rooms,housing_type,size_in_sq_m,year_of_construction,price_change_in_pct
Fabriksvej 8,3782 Klemensker,515.000,05-04-2017,"
Alm. Salg",4.813,5,Villa,107,1954,0 %,Aktuel værdi
Lundshøjvej 15,3782 Klemensker,465.000,04-04-2017,"
Alm. Salg",3.632,4,Villa,128,1969,0 %,Aktuel værdi
Bolbyvej 7,3782 Klemensker,1.525.000,09-03-2017,"
Alm. Salg",9.531,7,Stuehus,160,1956,-3 %,
Nordre Lyngvej 11,3782 Klemensker,800.000,28-02-2017,"
Alm. Salg",5.263,6,Villa,152,1912,-9 %,Aktuel værdi
Lundshøjvej 4,3782 Klemensker,545.000,22-02-2017,"
Alm. Salg",5.093,3,Villa,107,1961,0 %,Aktuel værdi
Sct Klemensgade 4,3782 Klemensker,250.000,14-02-2017,"
Alm. Salg",1.008,7,Villa,248,1907,-16 %,Aktuel værdi
Bedegadevej 36,3782 Klemensker,46.500,13-02-2017,"
Auktion",369,5,Stuehus,126,1948,,
Nordre Lyngvej 1,3782 Klemensker,125.000,06-02-2017,"
Auktion",806,7,Stuehus,155,1877,,
Bedegadevej 40,3782 Klemensker,307.732,26-01-2017,"
Alm. Salg",2.037,2,Villa,151,1854,,Aktuel værdi
Bjørnemøllevej 13,3782 Klemensker,495.000,12-12-2016,"
Alm. Salg",4.159,5,Villa,119,1963,-10 %,Aktuel værdi
Bjørnebakken 2,3782 Klemensker,340.000,07-12-2016,"
Alm. Salg",2.236,5,Villa,152,1969,-20 %,Aktuel værdi
Dammegårdsvej 10,3782 Klemensker,405.000,13-11-2016,"
Alm. Salg",3.681,4,Villa,110,1890,-6 %,Aktuel værdi
Fejlerevej 7,3782 Klemensker,325.000,10-11-2016,"
Alm. Salg",2.241,6,Stuehus,145,1912,0 %,
Bregneshavevej 9,3782 Klemensker,190.000,10-11-2016,"
Fam. Salg",1.266,4,Sommerhus,150,1890,,Aktuel værdi
Brogade 19A,3782 Klemensker,700.000,05-11-2016,"
Alm. Salg",5.691,5,Villa,123,1933,,Aktuel værdi
Petersborgvej 12,3782 Klemensker,255.000,01-11-2016,"
Alm. Salg",5.543,2,Sommerhus,46,1899,-22 %,Aktuel værdi
Sct Klemensgade 9,3782 Klemensker,795.000,06-10-2016,"
Alm. Salg",6.853,4,Villa,116,1942,0 %,Aktuel værdi
Dyndegårdsvej 3,3782 Klemensker,110.000,05-10-2016,"
Alm. Salg",827,6,Stuehus,133,1922,,
Klemens Storegade 58,3782 Klemensker,250.000,28-09-2016,"
Alm. Salg",2.403,4,Villa,104,1857,-37 %,Aktuel værdi
Splitsgårdsvej 16,3782 Klemensker,580.000,08-09-2016,"
Alm. Salg",2.510,6,Villa,231,1926,1 %,Aktuel værdi
Fabriksvej 22,3782 Klemensker,765.000,18-08-2016,"
Alm. Salg",5.795,4,Villa,132,1983,-4 %,Aktuel værdi
Dyndegårdsvej 5,3782 Klemensker,2.789.000,04-08-2016,"
Alm. Salg",25.126,3,Stuehus,111,1923,,
Aagaardsvej 14,3782 Klemensker,660.000,22-07-2016,"
Alm. Salg",6.407,3,Villa,103,1927,-5 %,Aktuel værdi
Centralvej 6,3782 Klemensker,1.475.000,21-07-2016,"
Alm. Salg",7.525,6,Stuehus,196,1850,,
Søndergade 30,3782 Klemensker,470.000,08-06-2016,"
Alm. Salg",3.092,4,Villa,152,1965,-5 %,Aktuel værdi
Jernbanevej 8,3782 Klemensker,210.000,01-06-2016,"
Alm. Salg",1.962,4,Villa,107,1932,-7 %,Aktuel værdi
Bjørnemøllevej 23,3782 Klemensker,560.000,12-05-2016,"
Alm. Salg",3.200,4,Villa,175,1975,-6 %,Aktuel værdi
Lundshøjvej 6,3782 Klemensker,525.000,15-04-2016,"
Alm. Salg",4.646,4,Villa,113,1971,0 %,Aktuel værdi
Knajlen 2,3782 Klemensker,244.821,11-04-2016,"
Fam. Salg",2.128,4,Villa,115,1973,,Aktuel værdi
Brogårdsvej 18,3782 Klemensker,1.098.000,30-03-2016,"
Alm. Salg",5.435,7,Villa,202,1877,0 %,Aktuel værdi
Bregneshavevej 5,3782 Klemensker,20.000,06-01-2016,"
Alm. Salg",298,4,Villa,67,1928,,Aktuel værdi
Søndre Lyngvej 1,3782 Klemensker,1.600.000,06-01-2016,"
Alm. Salg",8.290,5,Stuehus,193,1926,,
Lindevej 2,3782 Klemensker,275.000,06-01-2016,"
Alm. Salg",2.391,3,Villa,115,1966,-7 %,Aktuel værdi
Nygade 15,3782 Klemensker,300.000,04-01-2016,"
Alm. Salg",2.325,5,Rækkehus,129,1890,-24 %,Aktuel værdi
Dyndegårdsvej 6,3782 Klemensker,723.860,25-11-2015,"
Alm. Salg",3.809,6,Stuehus,190,1908,,
Industrivej 2,3782 Klemensker,500.000,23-11-2015,"
Alm. Salg",2.777,6,Villa,180,1967,,Aktuel værdi
Brogade 27B,3782 Klemensker,340.000,21-10-2015,"
Alm. Salg",3.777,3,Villa,90,1962,,Aktuel værdi
Aagaardsvej 12,3782 Klemensker,245.000,09-10-2015,"
Alm. Salg",2.041,4,Villa,120,1955,0 %,Aktuel værdi
Klemens Vestergade 3,3782 Klemensker,265.000,30-09-2015,"
Alm. Salg",2.676,4,Villa,99,1956,6 %,Aktuel værdi
Lindevej 20,3782 Klemensker,560.000,12-08-2015,"
Alm. Salg",3.783,4,Villa,148,1976,-10 %,Aktuel værdi
"Brogade 15, 1",3782 Klemensker,198.000,10-08-2015,"
Alm. Salg",1.253,4,Villa,158,1920,0 %,Aktuel værdi
Nordre Lyngvej 9,3782 Klemensker,160.000,29-07-2015,"
Alm. Salg",1.240,4,Villa,129,1910,-18 %,Aktuel værdi
Pihls Alle 7,3782 Klemensker,250.000,22-06-2015,"
Alm. Salg",2.427,4,Villa,103,1960,0 %,Aktuel værdi
Bjørnemøllevej 22,3782 Klemensker,499.000,16-06-2015,"
Alm. Salg",4.536,4,Villa,110,1965,-9 %,Aktuel værdi
Klemens Storegade 50,3782 Klemensker,175.000,22-05-2015,"
Alm. Salg",1.944,3,Rækkehus,90,1931,-12 %,Aktuel værdi
Splitsgårdsvej 17,3782 Klemensker,300.500,18-05-2015,"
Auktion",1.799,6,Villa,167,1947,,Aktuel værdi
Søndre Lyngvej 3,3782 Klemensker,1.000.000,25-03-2015,"
Alm. Salg",6.849,6,Stuehus,146,1924,,
Brogade 11,3782 Klemensker,532.500,17-02-2015,"
Fam. Salg",2.547,5,Villa,209,1925,,Aktuel værdi
Bedegadevej 42A,3782 Klemensker,355.000,05-01-2015,"
Auktion",2.572,4,Villa,138,1850,,Aktuel værdi
Stumpen 4,3782 Klemensker,225.000,15-12-2014,"
Alm. Salg",2.250,4,Villa,100,1967,-24 %,Aktuel værdi
Grusvejen 3,3782 Klemensker,140.500,15-12-2014,"
Auktion",731,5,Villa,192,1880,,Aktuel værdi
Rosengade 8,3782 Klemensker,275.000,09-11-2014,"
Fam. Salg",1.896,3,Villa,145,1937,,Aktuel værdi
Bjørnebakken 1,3782 Klemensker,795.000,17-10-2014,"
Alm. Salg",6.570,4,Villa,121,1969,,Aktuel værdi
Søndergade 26,3782 Klemensker,225.000,15-10-2014,"
Alm. Salg",2.500,5,Villa,90,1944,14 %,Aktuel værdi
Splitsgårdsvej 25,3782 Klemensker,150.000,16-09-2014,"
Alm. Salg",1.229,6,Villa,122,1900,,Aktuel værdi
Fabriksvej 6,3782 Klemensker,100.000,02-09-2014,"
Alm. Salg",961,5,Villa,104,1953,-49 %,Aktuel værdi
Lundshøjvej 11,3782 Klemensker,275.000,18-08-2014,"
Alm. Salg",2.131,5,Villa,129,1971,-31 %,Aktuel værdi
Bjørnebakken 15,3782 Klemensker,640.000,08-08-2014,"
Alm. Salg",4.238,3,Villa,151,1976,-8 %,Aktuel værdi
Lærkevej 4,3782 Klemensker,440.000,08-08-2014,"
Alm. Salg",3.928,4,Villa,112,1977,-11 %,Aktuel værdi
Splitsgårdsvej 41,3782 Klemensker,425.000,29-07-2014,"
Alm. Salg",2.125,5,Stuehus,200,1877,44 %,
Skrubbekrak 2,3782 Klemensker,1.025.000,23-05-2014,"
Alm. Salg",6.137,5,Sommerhus,167,1850,,Aktuel værdi
Nygade 13,3782 Klemensker,48.000,05-05-2014,"
Auktion",338,5,Rækkehus,142,1909,-91 %,Aktuel værdi
Sct Klemensgade 11,3782 Klemensker,375.000,02-05-2014,"
Alm. Salg",3.472,6,Villa,108,1967,,Aktuel værdi
Fejlerevej 10,3782 Klemensker,425.000,13-02-2014,"
Alm. Salg",2.470,3,Villa,172,1989,-15 %,Aktuel værdi
Bjørnemøllevej 8A,3782 Klemensker,125.000,13-02-2014,"
Alm. Salg",1.760,3,Villa,71,1953,,Aktuel værdi
Søndergade 2,3782 Klemensker,187.500,09-01-2014,"
Andet",1.358,5,Villa,138,1937,,Aktuel værdi
Kleven 2,3782 Klemensker,140.000,03-01-2014,"
Alm. Salg",588,4,Stuehus,238,1924,,
Splitsgårdsvej 20,3782 Klemensker,680.000,20-12-2013,"
Alm. Salg",4.927,7,Villa,138,1921,,Aktuel værdi
Dammegårdsvej 7,3782 Klemensker,1.037.500,18-12-2013,"
Alm. Salg",3.516,9,Stuehus,295,1877,,
Nordre Lyngvej 10,3782 Klemensker,95.000,14-12-2013,"
Alm. Salg",1.091,3,Stuehus,87,1900,,
"Klemens Storegade 12, 1. TV",3782 Klemensker,495.000,28-11-2013,"
Alm. Salg",3.897,2,Lejlighed,127,1900,,Aktuel værdi
Bedegadevej 43,3782 Klemensker,460.000,07-11-2013,"
Fam. Salg",1.782,8,Villa,258,1912,,Aktuel værdi
Klemens Storegade 9,3782 Klemensker,85.000,23-10-2013,"
Alm. Salg",1.089,6,Villa,78,1900,-57 %,Aktuel værdi
Lundshøjvej 10,3782 Klemensker,300.000,15-10-2013,"
Andet",2.290,6,Villa,131,1968,,Aktuel værdi
Kuregårdsvej 1,3782 Klemensker,63.000,30-09-2013,"
Auktion",552,3,Villa,114,1890,,Aktuel værdi
Dyndegårdsvej 2,3782 Klemensker,752.000,23-09-2013,"
Fam. Salg",4.613,5,Villa,163,1918,,Aktuel værdi
Æggebjergvej 6,3782 Klemensker,4.000.000,08-08-2013,"
Alm. Salg",32.520,5,Stuehus,123,1850,,
Bedegadevej 21,3782 Klemensker,250.000,24-07-2013,"
Alm. Salg",2.000,6,Villa,125,1947,0 %,Aktuel værdi
Søndre Lyngvej 9,3782 Klemensker,350.000,18-07-2013,"
Alm. Salg",1.902,3,Villa,184,1887,-30 %,Aktuel værdi
Dammegårdsvej 16,3782 Klemensker,1.600.000,27-06-2013,"
Alm. Salg",14.414,4,Villa,111,1877,,Aktuel værdi
Bedegadevej 31,3782 Klemensker,9.350.000,23-05-2013,"
Alm. Salg",32.692,8,Stuehus,286,1970,,
Splitsgårdsvej 5,3782 Klemensker,311.196,17-04-2013,"
Alm. Salg",1.778,7,Villa,175,1963,,Aktuel værdi
Bedegadevej 17,3782 Klemensker,495.000,12-04-2013,"
Alm. Salg",3.132,6,Villa,158,1911,0 %,Aktuel værdi
Søndre Lyngvej 2,3782 Klemensker,3.146.000,10-04-2013,"
Auktion",16.557,12,Stuehus,190,1899,,
Kuregårdsvej 3,3782 Klemensker,335.000,10-04-2013,"
Alm. Salg",1.709,6,Villa,196,1875,-11 %,Aktuel værdi
Bjørnebakken 3,3782 Klemensker,400.000,03-04-2013,"
Alm. Salg",3.703,4,Villa,108,1970,0 %,Aktuel værdi
Juelsmindevej 2,3782 Klemensker,125.000,15-02-2013,"
Alm. Salg",833,4,Villa,150,1940,,Aktuel værdi
Bjørnemøllevej 11,3782 Klemensker,395.000,01-02-2013,"
Alm. Salg",3.264,4,Villa,121,1974,-7 %,Aktuel værdi
Søsende 3,3782 Klemensker,125.000,21-01-2013,"
Alm. Salg",1.106,4,Villa,113,1900,-36 %,Aktuel værdi
Lundshøjvej 7,3782 Klemensker,315.000,17-01-2013,"
Alm. Salg",1.507,7,Villa,209,1970,,Aktuel værdi
Nygade 14,3782 Klemensker,565.027,03-12-2012,"
Alm. Salg",4.094,5,Villa,138,1929,,Aktuel værdi
Dyndegårdsvej 1,3782 Klemensker,659.933,21-11-2012,"
Alm. Salg",3.836,6,Stuehus,172,1906,,
Bjørnemøllevej 7B,3782 Klemensker,550.000,12-11-2012,"
Alm. Salg",4.867,3,Villa,113,1967,-15 %,Aktuel værdi
Smedegade 6,3782 Klemensker,170.000,13-09-2012,"
Alm. Salg",1.517,7,Villa,112,1903,,Aktuel værdi
Petersborgvej 14,3782 Klemensker,17.194.000,10-09-2012,"
Auktion",88.628,7,Stuehus,194,1959,,
Kleven 3,3782 Klemensker,299.000,05-09-2012,"
Fam. Salg",2.373,4,Villa,126,1913,-57 %,Aktuel værdi
Splitsgårdsvej 37,3782 Klemensker,1.200.000,31-08-2012,"
Alm. Salg",6.779,6,Villa,177,1875,-4 %,Aktuel værdi
Jernbanevej 4,3782 Klemensker,300.000,14-08-2012,"
Alm. Salg",797,6,Villa,376,1927,-24 %,Aktuel værdi
Fejlerevej 14,3782 Klemensker,350.000,16-07-2012,"
Alm. Salg",3.431,4,Villa,102,1877,-29 %,Aktuel værdi
Grusvejen 4,3782 Klemensker,250.000,09-07-2012,"
Auktion",1.524,6,Villa,164,1850,,Aktuel værdi
Brogade 17,3782 Klemensker,120.000,09-07-2012,"
Alm. Salg",740,5,Villa,162,1928,-20 %,Aktuel værdi
Petersborgvej 1,3782 Klemensker,200.000,30-06-2012,"
Alm. Salg",1.129,3,Stuehus,177,1937,,
Pihls Alle 5,3782 Klemensker,245.000,01-06-2012,"
Alm. Salg",2.606,3,Villa,94,1959,-8 %,Aktuel værdi
Krashavevej 3,3782 Klemensker,580.000,24-04-2012,"
Alm. Salg",5.370,3,Villa,108,1911,-3 %,Aktuel værdi
Knajlen 1,3782 Klemensker,845.000,08-03-2012,"
Alm. Salg",5.596,5,Villa,151,1988,0 %,Aktuel værdi
Kleven 5,3782 Klemensker,525.000,17-01-2012,"
Alm. Salg",2.430,5,Stuehus,216,1906,,
Centralvej 8,3782 Klemensker,8.675.000,22-12-2011,"
Fam. Salg",38.384,7,Stuehus,226,1980,,
Bedegadevej 29,3782 Klemensker,495.000,31-10-2011,"
Auktion",2.704,6,Villa,183,1877,-48 %,Aktuel værdi
Brogade 1,3782 Klemensker,105.000,31-10-2011,"
Auktion",921,4,Villa,114,1931,-85 %,Aktuel værdi
Nordre Lyngvej 16,3782 Klemensker,650.000,20-10-2011,"
Alm. Salg",4.513,5,Stuehus,144,1850,,
Nordre Lyngvej 6,3782 Klemensker,730.000,18-10-2011,"
Alm. Salg",4.866,6,Stuehus,150,1934,3 %,
Lindevej 18,3782 Klemensker,650.000,06-10-2011,"
Alm. Salg",4.062,3,Villa,160,1973,-13 %,Aktuel værdi
Fejlerevej 16,3782 Klemensker,675.000,28-09-2011,"
Alm. Salg",6.887,4,Stuehus,98,1908,,
Lærkevej 9,3782 Klemensker,745.000,07-09-2011,"
Alm. Salg",5.866,4,Villa,127,1976,,Aktuel værdi
Skrubbekrak 5,3782 Klemensker,725.000,01-09-2011,"
Alm. Salg",4.420,5,Villa,164,1775,-5 %,Aktuel værdi
Søsende 2,3782 Klemensker,1.250.000,22-08-2011,"
Alm. Salg",10.416,5,Stuehus,120,1850,,
Bolbyvej 2,3782 Klemensker,305.000,05-08-2011,"
Alm. Salg",762,15,Villa,400,1897,,Aktuel værdi
Søsende 7,3782 Klemensker,180.000,03-08-2011,"
Fam. Salg",1.011,4,Villa,178,1877,,Aktuel værdi
Klemens Vestergade 1,3782 Klemensker,495.000,14-07-2011,"
Alm. Salg",5.625,4,Villa,88,1950,0 %,Aktuel værdi
Krashavevej 10,3782 Klemensker,1.250.000,14-07-2011,"
Alm. Salg",4.152,10,Villa,301,1912,,Aktuel værdi
Splitsgårdsvej 31,3782 Klemensker,575.000,11-07-2011,"
Alm. Salg",4.791,5,Villa,120,1912,-3 %,Aktuel værdi
Karlsgårdsvej 2,3782 Klemensker,1.130.000,10-06-2011,"
Alm. Salg",5.458,9,Sommerhus,207,1777,-5 %,Aktuel værdi
Klemenskervej 63,3782 Klemensker,995.000,07-06-2011,"
Alm. Salg",6.589,5,Stuehus,151,1900,,
Bollerisvej 1,3782 Klemensker,500.000,18-05-2011,"
Alm. Salg",4.761,3,Stuehus,105,1875,-12 %,
Bedegadevej 28,3782 Klemensker,175.000,16-05-2011,"
Alm. Salg",1.732,4,Villa,101,1960,,Aktuel værdi
Bjørnemøllevej 9,3782 Klemensker,527.110,17-02-2011,"
Alm. Salg",4.183,5,Villa,126,1962,,Aktuel værdi
Aagaardsvej 6,3782 Klemensker,500.000,14-02-2011,"
Auktion",3.676,4,Villa,136,1960,-16 %,Aktuel værdi
Murergade 1,3782 Klemensker,175.000,04-02-2011,"
Alm. Salg",2.500,3,Rækkehus,70,1927,0 %,Aktuel værdi
Kuregårdsvej 7,3782 Klemensker,775.000,24-01-2011,"
Alm. Salg",4.905,6,Stuehus,158,1975,-22 %,
Lærkevej 2,3782 Klemensker,900.000,08-12-2010,"
Alm. Salg",5.844,6,Villa,154,1978,-8 %,Aktuel værdi
Krashavevej 17,3782 Klemensker,380.000,29-11-2010,"
Auktion",-,6,Stuehus,238,1880,-52 %,
Kleven 1,3782 Klemensker,612.000,05-11-2010,"
Alm. Salg",3.106,10,Villa,197,1880,,Aktuel værdi
Jernbanevej 7,3782 Klemensker,498.000,08-10-2010,"
Alm. Salg",5.187,4,Villa,96,1952,0 %,Aktuel værdi
Lindevej 19,3782 Klemensker,598.000,27-09-2010,"
Alm. Salg",5.920,3,Villa,101,1983,,Aktuel værdi
Fabriksvej 5,3782 Klemensker,270.000,01-09-2010,"
Alm. Salg",2.410,3,Villa,112,1953,,Aktuel værdi
Engvej 2,3782 Klemensker,1.198.000,06-07-2010,"
Alm. Salg",7.881,5,Villa,152,1972,0 %,Aktuel værdi
Dammegårdsvej 6,3782 Klemensker,369.000,22-06-2010,"
Andet",2.673,8,Villa,138,1850,,Aktuel værdi
Splitsgårdsvej 27,3782 Klemensker,485.000,26-05-2010,"
Alm. Salg",4.369,4,Villa,111,1900,0 %,Aktuel værdi
Bedegadevej 18,3782 Klemensker,595.000,11-05-2010,"
Alm. Salg",4.131,5,Stuehus,144,1906,0 %,
Klemens Storegade 5,3782 Klemensker,325.000,20-04-2010,"
Alm. Salg",2.152,4,Villa,151,1903,0 %,Aktuel værdi
Bedegadevej 24,3782 Klemensker,15.695.000,12-04-2010,"
Alm. Salg",80.487,8,Stuehus,195,1930,,
Brogade 25,3782 Klemensker,200.000,19-03-2010,"
Alm. Salg",1.923,4,Villa,104,1924,,Aktuel værdi
Søndergade 5,3782 Klemensker,875.000,18-02-2010,"
Alm. Salg",5.208,5,Villa,168,1942,-8 %,Aktuel værdi
Sct Klemensgade 7,3782 Klemensker,495.000,16-12-2009,"
Alm. Salg",4.194,4,Villa,118,1938,-1 %,Aktuel værdi
Splitsgårdsvej 18,3782 Klemensker,1.025.000,11-12-2009,"
Alm. Salg",4.116,10,Villa,249,1934,0 %,Aktuel værdi
Petersborgvej 8,3782 Klemensker,995.000,02-12-2009,"
Alm. Salg",6.633,5,Stuehus,150,1931,-7 %,
Bjørnemøllevej 24,3782 Klemensker,525.000,23-11-2009,"
Alm. Salg",5.585,3,Villa,94,1964,-21 %,Aktuel værdi
Kuregårdsvej 16,3782 Klemensker,500.000,12-11-2009,"
Andet",4.000,3,Villa,125,1927,,Aktuel værdi
Splitsgårdsvej 29,3782 Klemensker,165.000,26-10-2009,"
Alm. Salg",2.578,4,Villa,64,1902,0 %,Aktuel værdi
Klemens Storegade 40,3782 Klemensker,650.000,25-09-2009,"
Alm. Salg",8.024,3,Villa,81,1947,-7 %,Aktuel værdi
Pihls Alle 2,3782 Klemensker,695.000,10-09-2009,"
Alm. Salg",6.682,2,Rækkehus,104,1928,0 %,Aktuel værdi
Pihls Alle 1A,3782 Klemensker,450.000,18-08-2009,"
Alm. Salg",7.258,3,Villa,62,1971,0 %,Aktuel værdi
Nordre Lyngvej 5,3782 Klemensker,229.095,22-07-2009,"
Alm. Salg",1.041,10,Villa,220,1880,,Aktuel værdi
Søndergade 4,3782 Klemensker,575.000,03-07-2009,"
Alm. Salg",6.764,4,Villa,85,1940,-11 %,Aktuel værdi
Bolbyvej 12,3782 Klemensker,1.050.000,01-07-2009,"
Alm. Salg",8.750,4,Stuehus,120,1917,,
Rosengade 10,3782 Klemensker,213.486,25-06-2009,"
Fam. Salg",2.541,3,Villa,84,1945,,Aktuel værdi
Nygade 24,3782 Klemensker,725.000,16-06-2009,"
Alm. Salg",6.651,6,Rækkehus,109,1913,-12 %,Aktuel værdi
Søndergade 6,3782 Klemensker,695.000,27-05-2009,"
Alm. Salg",8.475,4,Villa,82,1939,0 %,Aktuel værdi
Kuregårdsvej 12,3782 Klemensker,925.000,01-04-2009,"
Fam. Salg",4.383,9,Stuehus,211,1897,,
Murergade 4,3782 Klemensker,725.000,24-02-2009,"
Alm. Salg",5.800,5,Villa,125,1935,-6 %,Aktuel værdi
Lundshøjvej 12,3782 Klemensker,915.000,28-11-2008,"
Alm. Salg",8.798,3,Villa,104,1966,-3 %,Aktuel værdi
Fejlerevej 5,3782 Klemensker,9.000.000,11-09-2008,"
Alm. Salg",26.470,15,Stuehus,340,1904,,
Bedegadevej 35,3782 Klemensker,246.088,10-09-2008,"
Alm. Salg",1.662,4,Stuehus,148,1800,-24 %,
Dammegårdsvej 4,3782 Klemensker,1.010.000,06-09-2008,"
Alm. Salg",12.469,2,Sommerhus,81,1890,-8 %,Aktuel værdi
Krashavevej 18,3782 Klemensker,950.000,05-09-2008,"
Alm. Salg",7.307,5,Stuehus,130,1932,,
Søndergade 20,3782 Klemensker,1.100.000,13-08-2008,"
Alm. Salg",10.476,4,Villa,105,1988,-7 %,Aktuel værdi
Splitsgårdsvej 51,3782 Klemensker,625.000,09-08-2008,"
Alm. Salg",3.633,7,Villa,172,1913,0 %,Aktuel værdi
Juelsmindevej 1,3782 Klemensker,737.500,06-08-2008,"
Alm. Salg",2.751,8,Villa,268,1875,,Aktuel værdi
Klemens Storegade 15,3782 Klemensker,895.000,30-07-2008,"
Alm. Salg",6.258,6,Villa,143,1923,0 %,Aktuel værdi
Rosengade 2,3782 Klemensker,585.000,29-07-2008,"
Alm. Salg",5.366,4,Rækkehus,109,1920,0 %,Aktuel værdi
Rosengade 4,3782 Klemensker,925.000,24-07-2008,"
Alm. Salg",5.817,4,Rækkehus,159,1931,0 %,Aktuel værdi
Stumpen 1,3782 Klemensker,800.000,17-07-2008,"
Alm. Salg",6.060,3,Villa,132,1969,0 %,Aktuel værdi
Lindevej 12,3782 Klemensker,800.000,10-07-2008,"
Alm. Salg",7.079,3,Villa,113,1972,-6 %,Aktuel værdi
Søsende 4,3782 Klemensker,1.075.000,27-06-2008,"
Alm. Salg",5.375,9,Stuehus,200,1880,,
Krashavevej 12,3782 Klemensker,1.100.000,22-05-2008,"
Alm. Salg",7.051,5,Stuehus,156,1912,-8 %,
Bedegadevej 37,3782 Klemensker,725.000,16-05-2008,"
Alm. Salg",3.419,4,Stuehus,212,1917,0 %,
Nygade 28,3782 Klemensker,650.000,22-04-2008,"
Alm. Salg",3.611,9,Villa,180,1912,-6 %,Aktuel værdi
Brogade 21B,3782 Klemensker,395.000,01-04-2008,"
Alm. Salg",6.171,2,Rækkehus,64,1959,0 %,Aktuel værdi
Kuregårdsvej 6,3782 Klemensker,480.000,13-03-2008,"
Alm. Salg",4.102,5,Villa,117,1942,0 %,Aktuel værdi
Bjørnebakken 22,3782 Klemensker,625.000,03-03-2008,"
Alm. Salg",7.716,3,Rækkehus,81,1975,0 %,Aktuel værdi
Klemens Storegade 38,3782 Klemensker,630.000,19-02-2008,"
Alm. Salg",5.833,4,Villa,108,1927,,Aktuel værdi
Lundshøjvej 5,3782 Klemensker,885.000,13-02-2008,"
Alm. Salg",6.413,5,Villa,138,1961,0 %,Aktuel værdi
Nygade 5,3782 Klemensker,655.000,08-11-2007,"
Alm. Salg",5.282,4,Villa,124,1920,,Aktuel værdi
Fejlerevej 18,3782 Klemensker,750.000,03-11-2007,"
Alm. Salg",3.989,6,Villa,188,1908,0 %,Aktuel værdi
Petersborgvej 2,3782 Klemensker,650.000,01-11-2007,"
Alm. Salg",5.508,4,Sommerhus,118,1907,-17 %,Aktuel værdi
Kuregårdsvej 18,3782 Klemensker,1.348.000,24-10-2007,"
Alm. Salg",7.702,6,Villa,175,1900,-4 %,Aktuel værdi
Bregneshavevej 1,3782 Klemensker,1.165.000,22-10-2007,"
Alm. Salg",10.495,5,Sommerhus,111,1827,-10 %,Aktuel værdi
Bjørnebakken 5,3782 Klemensker,1.285.000,12-09-2007,"
Alm. Salg",9.589,4,Villa,134,1974,,Aktuel værdi
Fabriksvej 16,3782 Klemensker,1.370.000,24-08-2007,"
Alm. Salg",8.954,6,Villa,153,1979,,Aktuel værdi
Klemens Storegade 19,3782 Klemensker,1.615.000,23-08-2007,"
Alm. Salg",8.922,7,Villa,181,1914,-2 %,Aktuel værdi
Kuregårdsvej 9,3782 Klemensker,750.000,25-07-2007,"
Alm. Salg",15.000,2,Sommerhus,50,1900,-3 %,Aktuel værdi
Bregneshavevej 3,3782 Klemensker,400.000,04-07-2007,"
Andet",3.030,4,Villa,132,1927,,Aktuel værdi
Søndergade 17,3782 Klemensker,845.000,01-07-2007,"
Alm. Salg",6.450,5,Villa,131,1955,,Aktuel værdi
Pihls Alle 1B,3782 Klemensker,325.000,27-06-2007,"
Alm. Salg",5.508,3,Villa,59,1930,0 %,Aktuel værdi
Bjørnemøllevej 6,3782 Klemensker,925.000,14-06-2007,"
Alm. Salg",11.419,4,Villa,81,1953,0 %,Aktuel værdi
Splitsgårdsvej 47,3782 Klemensker,850.000,14-06-2007,"
Alm. Salg",6.746,4,Villa,126,1930,0 %,Aktuel værdi
Pihls Alle 4,3782 Klemensker,628.000,14-05-2007,"
Alm. Salg",8.155,3,Rækkehus,77,1932,,Aktuel værdi
Splitsgårdsvej 6,3782 Klemensker,1.050.000,09-05-2007,"
Alm. Salg",9.375,4,Stuehus,112,1850,,
Lærkevej 14,3782 Klemensker,961.000,26-03-2007,"
Fam. Salg",4.687,7,Villa,205,1976,,Aktuel værdi
Bedegadevej 25,3782 Klemensker,475.000,22-03-2007,"
Alm. Salg",2.473,6,Villa,192,1870,,Aktuel værdi
Søndergade 13,3782 Klemensker,420.000,02-03-2007,"
Alm. Salg",4.000,3,Rækkehus,105,1933,,Aktuel værdi
Bjørnemøllevej 17,3782 Klemensker,950.000,21-02-2007,"
Alm. Salg",6.884,4,Villa,138,1976,,Aktuel værdi
Nordre Lyngvej 7,3782 Klemensker,1.025.000,14-02-2007,"
Alm. Salg",8.070,5,Stuehus,127,1877,,
Rosengade 14,3782 Klemensker,910.000,26-01-2007,"
Fam. Salg",5.321,6,Villa,171,1955,,Aktuel værdi
Bjørnemøllevej 12,3782 Klemensker,775.000,12-01-2007,"
Alm. Salg",5.344,5,Villa,145,1961,,Aktuel værdi
Splitsgårdsvej 2,3782 Klemensker,3.000.000,01-01-2007,"
Fam. Salg",17.341,6,Stuehus,173,1927,,
Simblegårdsvej 6,3782 Klemensker,4.333.000,20-12-2006,"
Alm. Salg",11.254,8,Stuehus,385,2001,,
Bedegadevej 32,3782 Klemensker,4.000.000,20-12-2006,"
Alm. Salg",18.181,10,Stuehus,220,1946,,
Bjørnemøllevej 5,3782 Klemensker,735.000,13-12-2006,"
Alm. Salg",6.024,6,Villa,122,1960,,Aktuel værdi
Fejlerevej 8,3782 Klemensker,280.500,06-12-2006,"
Alm. Salg",3.950,3,Villa,71,1850,,Aktuel værdi
Splitsgårdsvej 23,3782 Klemensker,1.050.000,23-11-2006,"
Alm. Salg",8.750,6,Stuehus,120,1877,,
Bjørnemøllevej 26,3782 Klemensker,698.000,23-11-2006,"
Alm. Salg",5.674,4,Villa,123,1969,,Aktuel værdi
Brogade 10A,3782 Klemensker,575.000,09-11-2006,"
Alm. Salg",4.107,5,Villa,140,1960,,Aktuel værdi
Pihls Alle 6,3782 Klemensker,575.000,07-11-2006,"
Alm. Salg",6.117,3,Rækkehus,94,1948,,Aktuel værdi
Bjørnemøllevej 10,3782 Klemensker,495.000,18-10-2006,"
Alm. Salg",3.837,4,Villa,129,1958,,Aktuel værdi
Splitsgårdsvej 11,3782 Klemensker,645.000,17-10-2006,"
Alm. Salg",6.028,5,Villa,107,1930,,Aktuel værdi
Splitsgårdsvej 45A,3782 Klemensker,1.200.000,29-09-2006,"
Alm. Salg",8.163,5,Villa,147,1875,,Aktuel værdi
Krashavevej 16,3782 Klemensker,400.000,22-09-2006,"
Fam. Salg",2.352,5,Villa,170,1894,,Aktuel værdi
Bedegadevej 7,3782 Klemensker,550.000,15-08-2006,"
Alm. Salg",3.437,7,Stuehus,160,1800,,
Brogade 35,3782 Klemensker,298.000,03-08-2006,"
Alm. Salg",5.960,2,Villa,50,1956,,Aktuel værdi
Bollerisvej 6,3782 Klemensker,675.000,07-07-2006,"
Alm. Salg",4.591,5,Villa,147,1895,,Aktuel værdi
Lærkevej 11,3782 Klemensker,925.000,30-06-2006,"
Alm. Salg",6.208,6,Villa,149,1975,,Aktuel værdi
Klemens Storegade 66,3782 Klemensker,300.000,10-06-2006,"
Alm. Salg",2.631,4,Villa,114,1943,,Aktuel værdi
Brogade 23,3782 Klemensker,485.000,19-05-2006,"
Alm. Salg",5.388,5,Villa,90,1930,,Aktuel værdi
Krashavevej 20,3782 Klemensker,595.000,17-05-2006,"
Alm. Salg",4.103,6,Sommerhus,145,1925,,Aktuel værdi
Klemenskervej 60,3782 Klemensker,2.225.000,27-04-2006,"
Alm. Salg",10.906,6,Stuehus,204,1947,,
Centralvej 2,3782 Klemensker,502.463,20-04-2006,"
Fam. Salg",3.641,4,Stuehus,138,1900,,
Grusvejen 1A,3782 Klemensker,696.000,24-03-2006,"
Fam. Salg",3.803,5,Stuehus,183,1878,,
Æggebjergvej 2,3782 Klemensker,895.000,23-03-2006,"
Alm. Salg",5.700,6,Stuehus,157,1870,,
Bjørnemøllevej 4,3782 Klemensker,498.000,11-02-2006,"
Alm. Salg",6.552,3,Villa,76,1953,,Aktuel værdi
Lundshøjvej 19,3782 Klemensker,1.000.000,19-01-2006,"
Alm. Salg",5.681,4,Villa,176,1967,,Aktuel værdi
Lindevej 25,3782 Klemensker,2.500.000,05-01-2006,"
Alm. Salg",25.773,3,Villa,97,1970,,Aktuel værdi
Klemensker Torv 1,3782 Klemensker,575.000,11-11-2005,"
Alm. Salg",2.457,10,Villa,234,1929,,Aktuel værdi
Brogade 8,3782 Klemensker,798.000,11-11-2005,"
Alm. Salg",4.244,4,Villa,188,1929,,Aktuel værdi
Brogade 27,3782 Klemensker,1.340.000,29-09-2005,"
Alm. Salg",6.118,7,Villa,219,1926,,Aktuel værdi
Klemens Storegade 70,3782 Klemensker,798.000,10-09-2005,"
Alm. Salg",3.578,8,Villa,223,1900,,Aktuel værdi
Bedegadevej 12,3782 Klemensker,1.251.751,24-08-2005,"
Alm. Salg",7.972,5,Stuehus,157,1900,,
Rosengade 1,3782 Klemensker,201.390,22-08-2005,"
Andet",1.342,5,Villa,150,1929,,Aktuel værdi
Kuregårdsvej 10,3782 Klemensker,390.000,05-08-2005,"
Alm. Salg",5.200,2,Villa,75,1900,,Aktuel værdi
Fabriksvej 3,3782 Klemensker,185.000,26-07-2005,"
Alm. Salg",1.712,4,Villa,108,1963,,Aktuel værdi
Fabriksvej 7,3782 Klemensker,585.000,01-07-2005,"
Alm. Salg",7.800,3,Villa,75,1953,,Aktuel værdi
Nordre Lyngvej 3,3782 Klemensker,645.000,27-06-2005,"
Alm. Salg",5.039,5,Stuehus,128,1900,,
Søndre Lyngvej 6,3782 Klemensker,1.350.000,16-06-2005,"
Alm. Salg",11.250,6,Stuehus,120,1933,,
Kuregårdsvej 5,3782 Klemensker,745.000,15-06-2005,"
Alm. Salg",3.781,6,Villa,197,1910,,Aktuel værdi
Bjørnebakken 7,3782 Klemensker,770.000,21-04-2005,"
Alm. Salg",5.579,4,Villa,138,1973,,Aktuel værdi
Murergade 2,3782 Klemensker,532.000,20-04-2005,"
Alm. Salg",3.594,6,Villa,148,1932,,Aktuel værdi
Rosengade 12,3782 Klemensker,635.000,11-03-2005,"
Alm. Salg",5.772,4,Villa,110,1958,,Aktuel værdi
Sct Klemensgade 6,3782 Klemensker,440.000,18-02-2005,"
Alm. Salg",3.333,7,Villa,132,1925,,Aktuel værdi
Bedegadevej 41,3782 Klemensker,250.000,11-02-2005,"
Alm. Salg",-,5,Villa,195,1928,,Aktuel værdi
Bjørnemøllevej 7,3782 Klemensker,300.000,01-02-2005,"
Alm. Salg",2.857,3,Villa,105,1962,,Aktuel værdi
Bjørnemøllevej 18,3782 Klemensker,725.000,22-12-2004,"
Fam. Salg",5.178,4,Villa,140,1967,,Aktuel værdi
Lærkevej 13,3782 Klemensker,849.000,30-11-2004,"
Alm. Salg",5.306,5,Villa,160,1978,,Aktuel værdi
Søndre Lyngvej 4,3782 Klemensker,414.500,25-11-2004,"
Alm. Salg",7.271,3,Sommerhus,57,1923,,Aktuel værdi
Bedegadevej 23,3782 Klemensker,950.000,22-11-2004,"
Alm. Salg",5.588,6,Stuehus,170,1965,,
Rosengade 3,3782 Klemensker,205.000,22-11-2004,"
Alm. Salg",4.270,2,Villa,48,1940,,Aktuel værdi
Klemens Storegade 7,3782 Klemensker,445.000,17-11-2004,"
Alm. Salg",4.082,5,Villa,109,1904,,Aktuel værdi
Lundshøjvej 8,3782 Klemensker,665.000,28-10-2004,"
Alm. Salg",5.884,4,Villa,113,1971,,Aktuel værdi
Fejlerevej 9,3782 Klemensker,415.333,19-09-2004,"
Alm. Salg",1.922,6,Villa,216,1850,,Aktuel værdi
Bjørnemøllevej 21,3782 Klemensker,698.000,23-07-2004,"
Alm. Salg",5.410,4,Villa,129,1974,,Aktuel værdi
Grusvejen 2,3782 Klemensker,595.000,09-07-2004,"
Alm. Salg",4.541,6,Villa,131,1900,,Aktuel værdi
Splitsgårdsvej 21,3782 Klemensker,575.000,08-07-2004,"
Alm. Salg",4.049,4,Villa,142,1973,,Aktuel værdi
Sct Klemensgade 5,3782 Klemensker,390.000,28-05-2004,"
Alm. Salg",3.250,5,Villa,120,1934,,Aktuel værdi
Lindevej 16,3782 Klemensker,550.000,28-04-2004,"
Alm. Salg",4.044,4,Villa,136,1979,,Aktuel værdi
Bolbyvej 8,3782 Klemensker,3.230.000,22-04-2004,"
Alm. Salg",12.971,6,Stuehus,249,1990,,
Klemens Storegade 25,3782 Klemensker,365.000,05-04-2004,"
Alm. Salg",4.451,5,Villa,82,1952,,Aktuel værdi
Søndre Lyngvej 5,3782 Klemensker,750.000,24-03-2004,"
Alm. Salg",7.009,4,Villa,107,1923,,Aktuel værdi
Brogårdsvej 43,3782 Klemensker,587.500,25-11-2003,"
Fam. Salg",1.883,7,Villa,312,1929,,Aktuel værdi
Brogade 16,3782 Klemensker,640.000,21-11-2003,"
Alm. Salg",5.925,4,Villa,108,1965,,Aktuel værdi
Æggebjergvej 4,3782 Klemensker,650.000,13-11-2003,"
Alm. Salg",4.421,7,Stuehus,147,1877,,
Klemens Storegade 17,3782 Klemensker,565.000,14-10-2003,"
Alm. Salg",5.432,7,Villa,104,1898,,Aktuel værdi
Dammegårdsvej 5,3782 Klemensker,840.000,10-09-2003,"
Alm. Salg",6.268,5,Villa,134,1922,,Aktuel værdi
Søndergade 22,3782 Klemensker,625.000,05-09-2003,"
Alm. Salg",3.676,6,Villa,170,1972,,Aktuel værdi
Jernbanevej 3,3782 Klemensker,303.000,03-09-2003,"
Alm. Salg",2.295,4,Villa,132,1955,,Aktuel værdi
Bedegadevej 15,3782 Klemensker,385.000,15-08-2003,"
Alm. Salg",3.104,5,Stuehus,124,1925,,
Søndergade 14,3782 Klemensker,265.000,12-08-2003,"
Alm. Salg",2.264,4,Rækkehus,117,1934,,Aktuel værdi
Bolbyvej 1,3782 Klemensker,341.500,04-08-2003,"
Alm. Salg",4.268,4,Villa,80,1900,,Aktuel værdi
Klemens Storegade 47A,3782 Klemensker,725.000,04-07-2003,"
Alm. Salg",5.370,5,Villa,135,1979,,Aktuel værdi
Søndergade 1,3782 Klemensker,425.000,04-07-2003,"
Alm. Salg",4.427,6,Villa,96,1924,,Aktuel værdi
Klemens Vestergade 4,3782 Klemensker,585.000,02-07-2003,"
Alm. Salg",5.735,6,Villa,102,1957,,Aktuel værdi
Aagaardsvej 10,3782 Klemensker,365.175,26-05-2003,"
Alm. Salg",-,7,Villa,165,1956,,Aktuel værdi
Bedegadevej 14A,3782 Klemensker,850.000,22-03-2003,"
Alm. Salg",2.982,9,Villa,285,1975,,Aktuel værdi
Bedegadevej 8,3782 Klemensker,423.634,10-03-2003,"
Fam. Salg",2.340,6,Stuehus,181,1935,,
Lindevej 6,3782 Klemensker,530.000,10-03-2003,"
Alm. Salg",4.045,4,Villa,131,1968,,Aktuel værdi
Stumpen 3,3782 Klemensker,535.000,21-01-2003,"
Alm. Salg",5.631,3,Villa,95,1970,,Aktuel værdi
Muradamsvej 38,3782 Klemensker,425.000,13-12-2002,"
Alm. Salg",3.079,4,Stuehus,138,1877,,
Lindevej 4,3782 Klemensker,535.000,15-11-2002,"
Alm. Salg",4.246,4,Villa,126,1970,,Aktuel værdi
Lærkevej 12,3782 Klemensker,935.000,10-09-2002,"
Alm. Salg",5.404,5,Villa,173,1976,,Aktuel værdi
Krashavevej 9,3782 Klemensker,3.200.000,30-08-2002,"
Alm. Salg",16.080,8,Stuehus,199,1909,,
Bedegadevej 47,3782 Klemensker,625.000,30-07-2002,"
Alm. Salg",4.166,5,Villa,150,1800,,Aktuel værdi
Nordre Lyngvej 8,3782 Klemensker,585.000,29-05-2002,"
Alm. Salg",-,7,Villa,186,1850,,Aktuel værdi
Skrubbekrak 1,3782 Klemensker,600.000,15-05-2002,"
Alm. Salg",3.488,7,Stuehus,172,1875,,
Engvej 4,3782 Klemensker,550.000,22-04-2002,"
Alm. Salg",4.867,4,Villa,113,1980,,Aktuel værdi
Bedegadevej 39,3782 Klemensker,785.000,19-04-2002,"
Alm. Salg",-,6,Villa,252,1840,,Aktuel værdi
Stumpen 7,3782 Klemensker,386.000,10-04-2002,"
Alm. Salg",3.860,4,Villa,100,1967,,Aktuel værdi
Karlsgårdsvej 1,3782 Klemensker,785.000,27-03-2002,"
Alm. Salg",4.460,5,Stuehus,176,1920,,
Klemens Storegade 54,3782 Klemensker,635.000,23-01-2002,"
Alm. Salg",6.414,4,Villa,99,1956,,Aktuel værdi
Splitsgårdsvej 12,3782 Klemensker,6.982.000,23-01-2002,"
Alm. Salg",15.515,13,Stuehus,450,1883,,
Aagaardsvej 2,3782 Klemensker,384.738,18-01-2002,"
Alm. Salg",3.925,4,Villa,98,1954,,Aktuel værdi
Fabriksvej 30,3782 Klemensker,257.050,18-12-2001,"
Alm. Salg",2.471,4,Villa,104,1922,,Aktuel værdi
Dyndegårdsvej 7,3782 Klemensker,965.000,20-11-2001,"
Alm. Salg",5.884,4,Stuehus,164,1922,,
Dyndegårdsvej 4,3782 Klemensker,604.999,31-10-2001,"
Alm. Salg",4.959,4,Stuehus,122,1951,,
Bjørnebakken 11,3782 Klemensker,598.000,10-09-2001,"
Alm. Salg",4.429,4,Villa,135,1975,,Aktuel værdi
Bjørnemøllevej 15,3782 Klemensker,745.000,30-08-2001,"
Alm. Salg",-,6,Villa,193,1975,,Aktuel værdi
Klemens Vestergade 2,3782 Klemensker,625.000,12-08-2001,"
Alm. Salg",3.980,5,Villa,157,1957,,Aktuel værdi
Nygade 6,3782 Klemensker,295.000,04-08-2001,"
Alm. Salg",3.511,3,Rækkehus,84,1913,,Aktuel værdi
Fabriksvej 10,3782 Klemensker,358.000,14-05-2001,"
Alm. Salg",2.934,6,Villa,122,1951,,Aktuel værdi
Bedegadevej 26,3782 Klemensker,384.000,18-04-2001,"
Alm. Salg",-,5,Villa,136,1900,,Aktuel værdi
Lærkevej 8,3782 Klemensker,860.000,27-03-2001,"
Alm. Salg",6.056,5,Villa,142,1986,,Aktuel værdi
Klemens Storegade 21,3782 Klemensker,175.000,16-02-2001,"
Alm. Salg",1.715,4,Villa,102,1917,,Aktuel værdi
Fejlerevej 6,3782 Klemensker,800.000,05-02-2001,"
Alm. Salg",7.142,4,Stuehus,112,1904,,
Karlsgårdsvej 8,3782 Klemensker,2.000.000,01-02-2001,"
Alm. Salg",11.111,12,Stuehus,180,1910,,
Nygade 9,3782 Klemensker,625.000,26-01-2001,"
Alm. Salg",3.221,6,Villa,194,1934,,Aktuel værdi
Lindevej 10,3782 Klemensker,420.000,23-01-2001,"
Alm. Salg",5.250,4,Rækkehus,80,1973,,Aktuel værdi
Bedegadevej 5,3782 Klemensker,236.916,19-12-2000,"
Alm. Salg",3.158,2,Villa,75,1945,,Aktuel værdi
Nordre Lyngvej 4,3782 Klemensker,120.000,08-12-2000,"
Alm. Salg",1.090,5,Stuehus,110,1920,,
Petersborgvej 7,3782 Klemensker,928.772,31-10-2000,"
Alm. Salg",-,6,Stuehus,178,1898,,
Lundshøjvej 14,3782 Klemensker,670.000,29-09-2000,"
Alm. Salg",4.379,4,Villa,153,1967,,Aktuel værdi
Kuregårdsvej 14,3782 Klemensker,325.000,03-07-2000,"
Alm. Salg",2.754,5,Stuehus,118,1923,,
Sct Klemensgade 16,3782 Klemensker,338.115,03-04-2000,"
Alm. Salg",2.817,5,Villa,120,1950,,Aktuel værdi
Provstegade 4,3782 Klemensker,283.662,30-01-2000,"
Alm. Salg",2.781,5,Villa,102,1925,,Aktuel værdi
Fabriksvej 4,3782 Klemensker,466.000,22-01-2000,"
Alm. Salg",4.660,4,Villa,100,1953,,Aktuel værdi
Bedegadevej 2,3782 Klemensker,480.816,06-01-2000,"
Alm. Salg",2.896,6,Stuehus,166,1860,,
Søndre Lyngvej 8,3782 Klemensker,308.262,20-12-1999,"
Alm. Salg",2.908,5,Villa,106,1875,,Aktuel værdi
Bolbyvej 6,3782 Klemensker,490.000,11-11-1999,"
Alm. Salg",3.450,4,Stuehus,142,1850,,
Fabriksvej 1,3782 Klemensker,216.160,15-09-1999,"
Alm. Salg",2.961,3,Rækkehus,73,1930,,Aktuel værdi
Simblegårdsvej 5,3782 Klemensker,1.300.000,10-08-1999,"
Alm. Salg",6.190,7,Stuehus,210,1777,,
Lindevej 8,3782 Klemensker,408.000,03-08-1999,"
Alm. Salg",4.636,3,Rækkehus,88,1973,,Aktuel værdi
Klemens Vestergade 7,3782 Klemensker,478.440,23-07-1999,"
Alm. Salg",3.009,5,Villa,159,1951,,Aktuel værdi
Bolbyvej 5,3782 Klemensker,380.000,28-06-1999,"
Alm. Salg",3.454,4,Villa,110,1850,,Aktuel værdi
Klemensker Torv 2,3782 Klemensker,309.180,25-06-1999,"
Alm. Salg",1.627,6,Villa,190,1913,,Aktuel værdi
Søndergade 10,3782 Klemensker,475.000,25-06-1999,"
Alm. Salg",2.987,4,Villa,159,1939,,Aktuel værdi
Nygade 8,3782 Klemensker,362.000,22-06-1999,"
Alm. Salg",3.203,5,Villa,113,1900,,Aktuel værdi
Bolbyvej 20,3782 Klemensker,189.000,10-05-1999,"
Alm. Salg",1.928,4,Stuehus,98,1870,,
Rosengade 6,3782 Klemensker,440.000,10-02-1999,"
Alm. Salg",3.098,4,Villa,142,1930,,Aktuel værdi
Fabriksvej 20,3782 Klemensker,770.000,07-02-1999,"
Alm. Salg",5.923,4,Villa,130,1980,,Aktuel værdi
Sandershøjvej 2,3782 Klemensker,520.000,15-10-1998,"
Fam. Salg",2.600,8,Villa,200,1880,,Aktuel værdi
Nygade 11,3782 Klemensker,175.000,05-10-1998,"
Alm. Salg",1.060,6,Villa,165,1913,,Aktuel værdi
Simblegårdsvej 2,3782 Klemensker,260.000,20-08-1998,"
Andet",2.031,5,Stuehus,128,1912,,
Bedegadevej 19,3782 Klemensker,287.000,15-08-1998,"
Fam. Salg",3.543,3,Villa,81,1938,,Aktuel værdi
Klemens Storegade 6,3782 Klemensker,481.692,11-08-1998,"
Alm. Salg",2.833,5,Villa,170,1927,,Aktuel værdi
Kuregårdsvej 8,3782 Klemensker,726.000,29-06-1998,"
Alm. Salg",3.226,10,Stuehus,225,1927,,
Fejlerevej 4,3782 Klemensker,500.000,09-06-1998,"
Alm. Salg",-,6,Villa,225,1896,,Aktuel værdi
Kuregårdsvej 13,3782 Klemensker,392.533,28-05-1998,"
Alm. Salg",3.271,3,Stuehus,120,1920,,
Simblegårdsvej 1,3782 Klemensker,440.000,20-05-1998,"
Andet",3.606,9,Villa,122,1875,,Aktuel værdi
Kleven 4,3782 Klemensker,1.600.000,05-05-1998,"
Alm. Salg",8.040,5,Stuehus,199,1877,,
Bollerisvej 4,3782 Klemensker,454.000,06-03-1998,"
Alm. Salg",-,6,Stuehus,156,1900,,
Nygade 22,3782 Klemensker,610.179,12-02-1998,"
Alm. Salg",3.211,7,Rækkehus,190,1913,,Aktuel værdi
Klemens Vestergade 5,3782 Klemensker,125.000,11-02-1998,"
Andet",1.506,3,Villa,83,1959,,Aktuel værdi
Klemens Storegade 44,3782 Klemensker,260.800,08-01-1998,"
Alm. Salg",1.671,5,Villa,156,1932,,Aktuel værdi
Lærkevej 5,3782 Klemensker,508.860,26-07-1997,"
Alm. Salg",2.975,6,Villa,171,1976,,Aktuel værdi
Fejlerevej 11,3782 Klemensker,3.900.000,02-07-1997,"
Fam. Salg",16.956,9,Stuehus,230,1823,,
Klemens Storegade 51,3782 Klemensker,350.000,30-06-1997,"
Alm. Salg",4.375,3,Villa,80,1948,,Aktuel værdi
Kuregårdsvej 11,3782 Klemensker,265.136,06-05-1997,"
Alm. Salg",4.079,5,Villa,65,1900,,Aktuel værdi
Klemens Storegade 8,3782 Klemensker,75.005,17-12-1996,"
Alm. Salg",600,3,Villa,125,1920,,Aktuel værdi
Aagaardsvej 26,3782 Klemensker,625.000,08-12-1996,"
Alm. Salg",4.496,9,Stuehus,139,1920,,
Nygade 4,3782 Klemensker,69.000,29-08-1996,"
Alm. Salg",565,6,Villa,122,1923,,Aktuel værdi
Aagaardsvej 8,3782 Klemensker,150.000,20-08-1996,"
Alm. Salg",1.456,4,Villa,103,1961,,Aktuel værdi
Bollerisvej 3,3782 Klemensker,360.800,27-06-1996,"
Alm. Salg",2.652,5,Villa,136,1914,,Aktuel værdi
Karlsgårdsvej 6,3782 Klemensker,367.205,09-05-1996,"
Alm. Salg",-,10,Stuehus,146,1916,,
Brogade 21,3782 Klemensker,224.000,02-04-1996,"
Alm. Salg",3.111,4,Villa,72,1924,,Aktuel værdi
Centralvej 4,3782 Klemensker,465.550,18-01-1996,"
Alm. Salg",3.083,4,Stuehus,151,1908,,
