address,zip_code,price,sell_date,sell_type,price_per_sq_m,no_rooms,housing_type,size_in_sq_m,year_of_construction,price_change_in_pct
Nørregade 5,3790 Hasle,510.000,22-04-2017,"
Alm. Salg",7.083,3,Rækkehus,72,1777,,Aktuel værdi
Fælledvej 25,3790 Hasle,645.000,19-04-2017,"
Alm. Salg",4.886,4,Villa,132,1912,0 %,Aktuel værdi
Toftegårdsvej 6,3790 Hasle,650.000,17-04-2017,"
Alm. Salg",10.000,3,Sommerhus,65,1940,,Aktuel værdi
Storegade 8,3790 Hasle,80.000,10-04-2017,"
Alm. Salg",800,5,Villa,100,1885,,Aktuel værdi
Kirkevej 4,3790 Hasle,850.000,10-04-2017,"
Fam. Salg",5.629,6,Sommerhus,151,1800,,Aktuel værdi
Nydamsvej 1,3790 Hasle,625.000,04-04-2017,"
Alm. Salg",5.000,5,Villa,125,1802,,Aktuel værdi
Skovkanten 3. L27,3790 Hasle,380.000,30-03-2017,"
Alm. Salg",3.800,5,Sommerhus,100,2002,,Aktuel værdi
Campanella 9,3790 Hasle,975.000,27-03-2017,"
Alm. Salg",21.195,3,Sommerhus,46,1942,-2 %,Aktuel værdi
Skovkanten 18. L40,3790 Hasle,995.000,23-03-2017,"
Alm. Salg",9.950,5,Sommerhus,100,2001,0 %,Aktuel værdi
Vestergade 43,3790 Hasle,545.000,16-03-2017,"
Alm. Salg",5.923,2,Rækkehus,92,1850,,Aktuel værdi
Rubinvej 2. L03,3790 Hasle,1.200.000,10-03-2017,"
Alm. Salg",9.756,5,Sommerhus,123,1999,,Aktuel værdi
Svalhøjvej 50,3790 Hasle,247.500,09-03-2017,"
Fam. Salg",1.819,6,Villa,136,1947,-58 %,Aktuel værdi
Kirkegade 18,3790 Hasle,445.000,07-03-2017,"
Alm. Salg",4.684,4,Rækkehus,95,1900,-1 %,Aktuel værdi
Hasle Marina 26,3790 Hasle,1.700.000,02-03-2017,"
Alm. Salg",18.888,5,Rækkehus,90,2003,-6 %,Aktuel værdi
Svalhøjvej 70,3790 Hasle,265.000,20-02-2017,"
Alm. Salg",2.598,4,Villa,102,1902,0 %,Aktuel værdi
Borregærdet 13,3790 Hasle,1.200.000,16-02-2017,"
Alm. Salg",14.117,4,Sommerhus,85,1973,,Aktuel værdi
"Storegade 75, 1",3790 Hasle,1.387.995,16-02-2017,"
Alm. Salg",8.069,4,Lejlighed,172,1957,,Aktuel værdi
Kirkedalsvej 27,3790 Hasle,5.190.000,14-02-2017,"
Alm. Salg",25.441,5,Stuehus,204,1803,,
Aabyvej 26,3790 Hasle,260.000,06-02-2017,"
Alm. Salg",2.241,5,Villa,116,1951,-12 %,Aktuel værdi
Kirkedalsvej 30,3790 Hasle,980.000,06-02-2017,"
Fam. Salg",6.012,7,Stuehus,163,1850,,
Hasle Marina 38,3790 Hasle,2.450.000,05-02-2017,"
Alm. Salg",20.081,5,Rækkehus,122,2003,,Aktuel værdi
Rubinvej 2. L08,3790 Hasle,1.150.000,01-02-2017,"
Alm. Salg",9.349,5,Sommerhus,123,1999,,Aktuel værdi
Storegade 17,3790 Hasle,350.000,24-01-2017,"
Alm. Salg",4.320,7,Rækkehus,81,1887,,Aktuel værdi
Hasle Marina 29,3790 Hasle,727.829,20-01-2017,"
Fam. Salg",8.086,5,Rækkehus,90,2006,,Aktuel værdi
Vestergade 20,3790 Hasle,365.000,19-01-2017,"
Andet",2.786,4,Villa,131,1911,,Aktuel værdi
Hasle Feriepark 71,3790 Hasle,370.000,17-01-2017,"
Alm. Salg",7.872,3,Sommerhus,47,1974,,Aktuel værdi
Heroldsgade 13,3790 Hasle,400.000,16-01-2017,"
Alm. Salg",4.705,4,Rækkehus,85,1890,-6 %,Aktuel værdi
Gammeltoft 11,3790 Hasle,1.450.000,02-01-2017,"
Alm. Salg",7.923,5,Villa,183,1978,-2 %,Aktuel værdi
Kirkebyen 25,3790 Hasle,60.000,20-12-2016,"
Alm. Salg",606,5,Villa,99,1935,,Aktuel værdi
Hasle Feriepark 54,3790 Hasle,400.000,15-12-2016,"
Alm. Salg",8.333,3,Sommerhus,48,1974,,Aktuel værdi
Nørregade 31,3790 Hasle,875.000,06-12-2016,"
Alm. Salg",5.872,4,Rækkehus,149,1877,0 %,Aktuel værdi
Storegade 86,3790 Hasle,875.000,29-11-2016,"
Alm. Salg",6.118,5,Villa,143,1877,-2 %,Aktuel værdi
Strandvejen 11,3790 Hasle,2.975.000,28-11-2016,"
Alm. Salg",18.829,5,Villa,158,1953,-7 %,Aktuel værdi
Hasle Hytteby 34,3790 Hasle,140.000,17-11-2016,"
Alm. Salg",11.666,1,Sommerhus,12,1986,-3 %,Aktuel værdi
Fuglebakken 15,3790 Hasle,1.960.000,16-11-2016,"
Alm. Salg",17.043,5,Sommerhus,115,2009,,Aktuel værdi
Toftegårdsvej 28,3790 Hasle,695.000,14-11-2016,"
Alm. Salg",8.475,3,Sommerhus,82,1940,0 %,Aktuel værdi
Skovkanten 8. L25,3790 Hasle,1.000.000,10-11-2016,"
Alm. Salg",8.130,5,Sommerhus,123,2002,-9 %,Aktuel værdi
Rubinvej 2. L02,3790 Hasle,1.000.000,08-11-2016,"
Alm. Salg",8.130,5,Sommerhus,123,1999,,Aktuel værdi
Skovkanten 17. L36,3790 Hasle,1.075.000,07-11-2016,"
Alm. Salg",8.739,5,Sommerhus,123,2004,-6 %,Aktuel værdi
Tofteløkken 6,3790 Hasle,1.045.000,07-11-2016,"
Alm. Salg",6.411,5,Villa,163,1977,-5 %,Aktuel værdi
Sildetorvet 1,3790 Hasle,245.000,19-10-2016,"
Alm. Salg",2.882,3,Rækkehus,85,1827,0 %,Aktuel værdi
Strandgade 7,3790 Hasle,300.000,17-10-2016,"
Fam. Salg",4.166,3,Rækkehus,72,1875,,Aktuel værdi
Svalhøjvej 2,3790 Hasle,775.000,11-10-2016,"
Alm. Salg",3.780,7,Villa,205,1907,,Aktuel værdi
Hasle Hytteby 9,3790 Hasle,125.000,05-10-2016,"
Alm. Salg",10.416,1,Sommerhus,12,1986,,Aktuel værdi
Vang 52,3790 Hasle,1.575.000,30-09-2016,"
Alm. Salg",26.250,4,Sommerhus,60,1962,-2 %,Aktuel værdi
Løkken 1,3790 Hasle,319.000,29-09-2016,"
Fam. Salg",8.861,3,Sommerhus,36,1993,,Aktuel værdi
Krogholmsvej 7,3790 Hasle,381.280,20-09-2016,"
Andet",2.072,6,Villa,184,1890,,Aktuel værdi
Paradisvej 22,3790 Hasle,995.000,19-09-2016,"
Alm. Salg",9.386,3,Sommerhus,106,1890,0 %,Aktuel værdi
Teglkåsvej 38,3790 Hasle,750.000,19-09-2016,"
Alm. Salg",10.416,3,Villa,72,1887,,Aktuel værdi
Mølleparken 17,3790 Hasle,500.000,16-09-2016,"
Alm. Salg",4.629,4,Villa,108,1985,-9 %,Aktuel værdi
Storegade 39,3790 Hasle,410.000,15-09-2016,"
Alm. Salg",5.000,4,Rækkehus,82,1870,-9 %,Aktuel værdi
Ved Brønden 2,3790 Hasle,374.000,12-09-2016,"
Auktion",7.333,3,Sommerhus,51,1972,-30 %,Aktuel værdi
Ved Brønden 7,3790 Hasle,1.460.000,09-09-2016,"
Alm. Salg",14.747,5,Sommerhus,99,1999,-11 %,Aktuel værdi
Bagå 3,3790 Hasle,495.000,01-09-2016,"
Alm. Salg",6.036,3,Villa,82,1937,0 %,Aktuel værdi
Strandgade 21,3790 Hasle,395.000,31-08-2016,"
Alm. Salg",3.798,4,Villa,104,1900,0 %,Aktuel værdi
Grønnegade 10,3790 Hasle,1.045.000,25-08-2016,"
Alm. Salg",6.920,4,Villa,151,1750,0 %,Aktuel værdi
Vang 59,3790 Hasle,850.000,22-08-2016,"
Alm. Salg",11.643,3,Villa,73,1938,0 %,Aktuel værdi
Vang 57,3790 Hasle,960.000,15-08-2016,"
Alm. Salg",10.434,5,Sommerhus,92,1974,-4 %,Aktuel værdi
Ved Brønden 4,3790 Hasle,500.000,04-08-2016,"
Alm. Salg",9.259,3,Sommerhus,54,1969,-12 %,Aktuel værdi
Bagå 4,3790 Hasle,925.000,27-07-2016,"
Alm. Salg",6.954,5,Villa,133,1952,-3 %,Aktuel værdi
Østergade 40,3790 Hasle,575.000,25-07-2016,"
Alm. Salg",4.389,4,Rækkehus,131,1913,-4 %,Aktuel værdi
Toftelunden 26,3790 Hasle,1.400.000,20-07-2016,"
Alm. Salg",7.070,5,Villa,198,1977,0 %,Aktuel værdi
Vang 68,3790 Hasle,2.150.000,15-07-2016,"
Alm. Salg",16.044,4,Villa,134,1897,0 %,Aktuel værdi
Krummevej 1,3790 Hasle,400.000,10-07-2016,"
Alm. Salg",3.252,4,Villa,123,1850,,Aktuel værdi
Strandgade 11,3790 Hasle,795.000,06-07-2016,"
Alm. Salg",6.259,5,Rækkehus,127,1929,0 %,Aktuel værdi
Helligpedervej 7,3790 Hasle,2.125.000,04-07-2016,"
Alm. Salg",14.166,5,Villa,150,1850,-15 %,Aktuel værdi
Udmarksvej 14,3790 Hasle,2.350.000,02-07-2016,"
Alm. Salg",12.239,7,Stuehus,192,1870,0 %,
Sandløkkegade 9,3790 Hasle,680.000,27-06-2016,"
Alm. Salg",5.037,4,Villa,135,1897,-2 %,Aktuel værdi
Toldbodgade 2,3790 Hasle,212.500,17-06-2016,"
Fam. Salg",1.622,4,Rækkehus,131,1897,,Aktuel værdi
Vestergade 15,3790 Hasle,325.000,16-06-2016,"
Alm. Salg",2.407,5,Villa,135,1852,-13 %,Aktuel værdi
Campanella 18,3790 Hasle,1.026.000,15-06-2016,"
Alm. Salg",18.654,4,Sommerhus,55,1942,29 %,Aktuel værdi
Hasle Marina 46,3790 Hasle,1.600.000,15-06-2016,"
Alm. Salg",17.777,5,Rækkehus,90,2003,,Aktuel værdi
Storegade 77,3790 Hasle,1.295.000,15-06-2016,"
Alm. Salg",4.137,14,Rækkehus,313,1900,0 %,Aktuel værdi
Knarregårdsvej 9,3790 Hasle,1.020.000,13-06-2016,"
Alm. Salg",4.857,5,Stuehus,210,1900,-5 %,
Brænderivej 9,3790 Hasle,825.000,09-06-2016,"
Alm. Salg",7.300,4,Villa,113,1971,-3 %,Aktuel værdi
Toftekrogen 1,3790 Hasle,795.000,03-06-2016,"
Alm. Salg",3.822,5,Villa,208,1978,0 %,Aktuel værdi
Vang 41,3790 Hasle,2.600.000,27-05-2016,"
Alm. Salg",13.612,6,Villa,191,1934,-4 %,Aktuel værdi
Hasle Hytteby 36,3790 Hasle,150.000,23-05-2016,"
Alm. Salg",12.500,1,Sommerhus,12,1986,,Aktuel værdi
Jydegårdsvej 13,3790 Hasle,1.110.000,06-05-2016,"
Alm. Salg",12.197,4,Sommerhus,91,2003,1 %,Aktuel værdi
Hasle Feriepark 66,3790 Hasle,200.000,02-05-2016,"
Fam. Salg",4.166,3,Sommerhus,48,1974,,Aktuel værdi
Krummeledvej 16,3790 Hasle,1.495.000,13-04-2016,"
Alm. Salg",4.853,7,Villa,308,1877,0 %,Aktuel værdi
Kirkevej 18,3790 Hasle,1.550.000,13-04-2016,"
Alm. Salg",7.788,6,Stuehus,199,1900,,
Borregærdet 9,3790 Hasle,1.450.000,11-04-2016,"
Alm. Salg",18.831,4,Sommerhus,77,1974,,Aktuel værdi
Skovkanten 34,3790 Hasle,875.000,04-04-2016,"
Alm. Salg",6.481,4,Sommerhus,135,1994,0 %,Aktuel værdi
Fælledvej 61,3790 Hasle,550.000,23-03-2016,"
Alm. Salg",7.432,4,Villa,74,1850,-8 %,Aktuel værdi
Tassevej 9,3790 Hasle,265.000,21-03-2016,"
Fam. Salg",1.358,6,Stuehus,195,1892,,
Storegade 99,3790 Hasle,500.000,15-03-2016,"
Alm. Salg",2.777,7,Stuehus,180,1800,-16 %,
Finnedalsvej 2,3790 Hasle,650.000,12-03-2016,"
Alm. Salg",18.055,2,Sommerhus,36,1960,,Aktuel værdi
Vestergade 41,3790 Hasle,250.000,01-03-2016,"
Fam. Salg",3.048,5,Rækkehus,82,1870,,Aktuel værdi
Fuglebakken 7,3790 Hasle,550.041,20-02-2016,"
Alm. Salg",7.143,5,Sommerhus,77,1982,-54 %,Aktuel værdi
Krummeledvej 4,3790 Hasle,650.000,21-12-2015,"
Alm. Salg",5.555,5,Stuehus,117,1957,-6 %,
Storegade 72,3790 Hasle,1.100.000,02-12-2015,"
Alm. Salg",6.508,6,Rækkehus,169,1880,-8 %,Aktuel værdi
Storegade 87,3790 Hasle,600.000,30-11-2015,"
Andet",6.666,4,Rækkehus,90,1850,,Aktuel værdi
Toftebakken 3,3790 Hasle,965.000,27-11-2015,"
Alm. Salg",7.201,4,Villa,134,1974,0 %,Aktuel værdi
Borrelyngvej 1,3790 Hasle,1.400.000,23-11-2015,"
Alm. Salg",9.271,5,Stuehus,151,1907,0 %,
Damløkkevej 1,3790 Hasle,575.000,17-11-2015,"
Alm. Salg",3.859,4,Villa,149,1974,-12 %,Aktuel værdi
Vang 28,3790 Hasle,850.000,16-11-2015,"
Alm. Salg",6.028,5,Villa,141,1850,-15 %,Aktuel værdi
Udmarksvej 3,3790 Hasle,500.000,12-11-2015,"
Fam. Salg",5.617,7,Villa,89,1890,,Aktuel værdi
Teglkåsvej 66,3790 Hasle,2.400.000,09-11-2015,"
Alm. Salg",16.216,6,Villa,148,1800,-6 %,Aktuel værdi
Møllebakken 13A,3790 Hasle,1.350.000,19-10-2015,"
Alm. Salg",8.035,5,Villa,168,1979,-7 %,Aktuel værdi
Fuglesangsvej 12,3790 Hasle,312.242,01-10-2015,"
Fam. Salg",2.497,6,Sommerhus,125,1890,,Aktuel værdi
Østergade 1B,3790 Hasle,475.000,30-09-2015,"
Alm. Salg",3.958,4,Villa,120,1964,-14 %,Aktuel værdi
Kirkegade 16,3790 Hasle,300.000,30-09-2015,"
Alm. Salg",2.400,4,Rækkehus,125,1905,0 %,Aktuel værdi
Svalhøjvej 40,3790 Hasle,332.076,28-09-2015,"
Alm. Salg",1.685,6,Stuehus,197,1912,-51 %,
Ringedalsvej 5,3790 Hasle,1.800.000,15-09-2015,"
Alm. Salg",13.333,6,Sommerhus,135,1899,-3 %,Aktuel værdi
Nydamsvej 6,3790 Hasle,3.990.000,09-09-2015,"
Alm. Salg",24.937,4,Stuehus,160,1865,,
Strandgade 29,3790 Hasle,630.000,08-09-2015,"
Alm. Salg",6.057,4,Rækkehus,104,1953,-9 %,Aktuel værdi
Nydamsvej 4,3790 Hasle,350.000,02-09-2015,"
Alm. Salg",1.842,6,Stuehus,190,1827,-29 %,
Teglkåsvej 18,3790 Hasle,1.950.000,01-09-2015,"
Alm. Salg",13.829,5,Villa,141,1877,-2 %,Aktuel værdi
Borrelyngvej 39,3790 Hasle,7.250.000,28-08-2015,"
Alm. Salg",11.983,8,Stuehus,605,1820,45 %,
Kirkebyen 55,3790 Hasle,885.000,25-08-2015,"
Alm. Salg",4.809,5,Stuehus,184,1777,0 %,
Vestergade 24,3790 Hasle,50.000,24-08-2015,"
Auktion",378,5,Villa,132,1902,,Aktuel værdi
Toftekrogen 8,3790 Hasle,456.428,17-08-2015,"
Fam. Salg",3.868,5,Villa,118,1977,,Aktuel værdi
Rubinvej 2. L05,3790 Hasle,975.000,17-08-2015,"
Alm. Salg",7.926,5,Sommerhus,123,1999,,Aktuel værdi
Julegade 8,3790 Hasle,323.547,14-08-2015,"
Alm. Salg",3.370,3,Rækkehus,96,1895,,Aktuel værdi
Gasværksvej 8,3790 Hasle,250.000,13-08-2015,"
Alm. Salg",2.380,3,Rækkehus,105,1909,-15 %,Aktuel værdi
Storegade 65,3790 Hasle,1.200.000,13-08-2015,"
Alm. Salg",4.494,9,Rækkehus,267,1908,-7 %,Aktuel værdi
Campanella 2,3790 Hasle,439.300,12-08-2015,"
Alm. Salg",7.574,4,Sommerhus,58,1975,,Aktuel værdi
Finnedalsvej 6,3790 Hasle,422.600,30-07-2015,"
Fam. Salg",6.037,4,Sommerhus,70,1962,,Aktuel værdi
Tofteløkken 7,3790 Hasle,470.000,28-07-2015,"
Fam. Salg",2.848,5,Villa,165,1978,,Aktuel værdi
Gasværksvej 12,3790 Hasle,300.000,16-07-2015,"
Alm. Salg",3.296,3,Rækkehus,91,1910,-14 %,Aktuel værdi
Campanella 12,3790 Hasle,501.500,13-07-2015,"
Fam. Salg",11.662,3,Sommerhus,43,1942,,Aktuel værdi
Kirkedalsvej 13,3790 Hasle,700.000,09-07-2015,"
Alm. Salg",2.800,11,Sommerhus,250,1850,-7 %,Aktuel værdi
Hasle Feriepark 32,3790 Hasle,425.000,30-06-2015,"
Alm. Salg",9.042,3,Sommerhus,47,1974,,Aktuel værdi
Kumlehøjvej 17,3790 Hasle,850.000,29-06-2015,"
Alm. Salg",6.028,6,Stuehus,141,1886,0 %,
Dambakken 3,3790 Hasle,425.000,17-06-2015,"
Alm. Salg",5.448,3,Villa,78,1954,0 %,Aktuel værdi
Finnedalsvej 3,3790 Hasle,2.250.000,10-06-2015,"
Alm. Salg",15.845,6,Villa,142,1939,-10 %,Aktuel værdi
Dambakken 22,3790 Hasle,815.000,09-06-2015,"
Alm. Salg",3.313,8,Villa,246,1965,-18 %,Aktuel værdi
Tofte 6,3790 Hasle,795.000,09-06-2015,"
Alm. Salg",7.571,7,Villa,105,1936,-6 %,Aktuel værdi
Toftebakken 5,3790 Hasle,1.125.000,29-05-2015,"
Alm. Salg",6.617,5,Villa,170,1974,,Aktuel værdi
Vang 73,3790 Hasle,1.000.000,27-05-2015,"
Alm. Salg",9.090,3,Villa,110,1900,-20 %,Aktuel værdi
Storegade 10,3790 Hasle,485.000,06-05-2015,"
Alm. Salg",5.511,3,Villa,88,1963,0 %,Aktuel værdi
Vystebyvej 1,3790 Hasle,450.000,05-05-2015,"
Andet",2.922,6,Stuehus,154,1926,-59 %,
Kumlehøjvej 1,3790 Hasle,1.000.000,30-04-2015,"
Alm. Salg",4.385,9,Stuehus,228,1963,,
Løkken 3,3790 Hasle,850.000,17-04-2015,"
Alm. Salg",17.708,3,Sommerhus,48,1957,0 %,Aktuel værdi
Toftegårdsvej 16,3790 Hasle,500.000,16-04-2015,"
Alm. Salg",5.494,4,Rækkehus,91,1917,-5 %,Aktuel værdi
Simonsgårdsvej 2,3790 Hasle,975.000,13-04-2015,"
Alm. Salg",6.055,5,Stuehus,161,1860,-2 %,
Hasle Feriepark 56,3790 Hasle,385.000,29-03-2015,"
Alm. Salg",8.191,3,Sommerhus,47,1974,,Aktuel værdi
Teglkåsvej 12,3790 Hasle,2.450.000,26-03-2015,"
Alm. Salg",13.841,5,Villa,177,1870,,Aktuel værdi
Toftelunden 22,3790 Hasle,675.000,25-03-2015,"
Alm. Salg",5.152,4,Villa,131,1978,-10 %,Aktuel værdi
Fælledvej 49,3790 Hasle,500.000,24-03-2015,"
Alm. Salg",4.201,4,Villa,119,1930,0 %,Aktuel værdi
Hasle Marina 47,3790 Hasle,1.850.000,24-03-2015,"
Alm. Salg",14.453,6,Rækkehus,128,2006,-14 %,Aktuel værdi
Præstegade 7,3790 Hasle,200.000,24-02-2015,"
Alm. Salg",2.000,2,Rækkehus,100,1785,-32 %,Aktuel værdi
Hasle Hytteby 1,3790 Hasle,157.000,20-02-2015,"
Alm. Salg",13.083,1,Sommerhus,12,1986,-7 %,Aktuel værdi
Svalhøjvej 54,3790 Hasle,218.523,18-02-2015,"
Alm. Salg",1.496,5,Villa,146,1777,,Aktuel værdi
Hc Sierstedsvej 1,3790 Hasle,275.000,11-02-2015,"
Alm. Salg",5.851,2,Sommerhus,47,1959,,Aktuel værdi
Brænderivej 13,3790 Hasle,730.000,08-02-2015,"
Alm. Salg",6.460,4,Villa,113,1973,,Aktuel værdi
Sandløkkegade 13,3790 Hasle,650.000,03-02-2015,"
Fam. Salg",6.770,5,Rækkehus,96,1900,,Aktuel værdi
Almestræde 3,3790 Hasle,200.000,19-01-2015,"
Alm. Salg",2.000,3,Villa,100,1880,,Aktuel værdi
Vang 69,3790 Hasle,646.000,06-01-2015,"
Fam. Salg",10.253,3,Sommerhus,63,1959,,Aktuel værdi
Nørregade 11,3790 Hasle,925.000,17-12-2014,"
Alm. Salg",7.341,3,Villa,126,1976,,Aktuel værdi
Hasle Marina 54,3790 Hasle,2.350.000,28-11-2014,"
Andet",19.747,4,Rækkehus,119,2003,-6 %,Aktuel værdi
Hasle Hytteby 39,3790 Hasle,140.000,26-11-2014,"
Alm. Salg",11.666,1,Sommerhus,12,1986,,Aktuel værdi
Storegade 70A,3790 Hasle,391.000,25-11-2014,"
Alm. Salg",4.115,5,Rækkehus,95,1910,,Aktuel værdi
Knarregårdsvej 13,3790 Hasle,1.900.000,21-11-2014,"
Alm. Salg",6.959,9,Stuehus,273,1874,-17 %,
Tofteløkken 4,3790 Hasle,950.000,13-11-2014,"
Alm. Salg",5.900,5,Villa,161,1977,-10 %,Aktuel værdi
Østergade 6,3790 Hasle,498.000,07-11-2014,"
Alm. Salg",5.297,2,Rækkehus,94,1940,0 %,Aktuel værdi
Pellegårdsvej 8,3790 Hasle,525.000,07-11-2014,"
Alm. Salg",7.000,3,Sommerhus,75,1900,-9 %,Aktuel værdi
Hc Sierstedsvej 23,3790 Hasle,469.000,05-11-2014,"
Alm. Salg",7.564,4,Sommerhus,62,1978,0 %,Aktuel værdi
Gasværksvej 14,3790 Hasle,60.000,30-10-2014,"
Alm. Salg",705,2,Rækkehus,85,1911,-39 %,Aktuel værdi
Vestergade 6,3790 Hasle,675.000,30-10-2014,"
Alm. Salg",6.958,4,Villa,97,1900,,Aktuel værdi
Kirkebyen 3,3790 Hasle,60.000,27-10-2014,"
Alm. Salg",1.153,3,Villa,52,1947,-20 %,Aktuel værdi
Kirkebyen 1,3790 Hasle,90.000,27-10-2014,"
Alm. Salg",978,5,Villa,92,1960,-28 %,Aktuel værdi
Vang 25,3790 Hasle,835.000,24-10-2014,"
Alm. Salg",6.844,3,Villa,122,1877,-7 %,Aktuel værdi
Byledsgade 2,3790 Hasle,220.000,16-10-2014,"
Alm. Salg",1.774,5,Villa,124,1944,0 %,Aktuel værdi
Bagå 5B,3790 Hasle,74.360,14-10-2014,"
Alm. Salg",590,4,Villa,126,2016,,Aktuel værdi
Sandløkkegade 19,3790 Hasle,260.000,13-10-2014,"
Alm. Salg",3.939,2,Rækkehus,66,1880,-5 %,Aktuel værdi
Toftelunden 44,3790 Hasle,925.000,03-10-2014,"
Alm. Salg",7.708,4,Villa,120,1985,,Aktuel værdi
Vestergade 13,3790 Hasle,1.050.000,02-10-2014,"
Alm. Salg",7.394,5,Rækkehus,142,1907,-3 %,Aktuel værdi
Ringedalsvej 10,3790 Hasle,3.000.000,30-09-2014,"
Alm. Salg",18.518,5,Villa,162,1933,,Aktuel værdi
Ved Brønden 3,3790 Hasle,1.650.000,30-09-2014,"
Alm. Salg",20.370,3,Sommerhus,81,2001,,Aktuel værdi
Toftebakken 1,3790 Hasle,625.000,28-09-2014,"
Alm. Salg",3.765,5,Villa,166,1975,-7 %,Aktuel værdi
Ved Brønden 1A,3790 Hasle,1.800.000,27-09-2014,"
Alm. Salg",14.876,4,Sommerhus,121,2007,-10 %,Aktuel værdi
Vestergade 10,3790 Hasle,698.000,19-09-2014,"
Alm. Salg",6.069,5,Rækkehus,115,1936,0 %,Aktuel værdi
Vang 99A,3790 Hasle,500.000,17-09-2014,"
Alm. Salg",8.333,3,Sommerhus,60,1877,,Aktuel værdi
Knarregårdsvej 15,3790 Hasle,15.265.400,17-09-2014,"
Fam. Salg",57.388,9,Stuehus,266,1800,,
Borrelyngvej 9,3790 Hasle,1.295.000,28-08-2014,"
Alm. Salg",5.487,7,Villa,236,1911,0 %,Aktuel værdi
Vang 64,3790 Hasle,1.050.000,25-08-2014,"
Alm. Salg",11.290,5,Rækkehus,93,1899,-5 %,Aktuel værdi
Borrelyngvej 41,3790 Hasle,6.000.000,22-08-2014,"
Alm. Salg",13.157,6,Stuehus,456,1850,,
Hasle Feriepark 37,3790 Hasle,330.402,22-08-2014,"
Fam. Salg",6.883,3,Sommerhus,48,1974,,Aktuel værdi
Levkavej 12,3790 Hasle,510.000,21-08-2014,"
Fam. Salg",8.500,3,Sommerhus,60,1994,,Aktuel værdi
Borrelyngvej 6,3790 Hasle,250.000,21-08-2014,"
Alm. Salg",2.049,6,Villa,122,1935,,Aktuel værdi
Vang 43,3790 Hasle,1.700.000,20-08-2014,"
Alm. Salg",13.178,5,Villa,129,1934,0 %,Aktuel værdi
Ved Brønden 20,3790 Hasle,995.000,20-08-2014,"
Alm. Salg",11.705,5,Sommerhus,85,1981,0 %,Aktuel værdi
Toldbodgade 1,3790 Hasle,347.000,15-08-2014,"
Alm. Salg",2.628,5,Villa,132,1935,-12 %,Aktuel værdi
Kirkebyen 19,3790 Hasle,195.000,08-08-2014,"
Alm. Salg",1.500,5,Villa,130,1951,0 %,Aktuel værdi
Hasle Feriepark 27,3790 Hasle,400.000,08-08-2014,"
Alm. Salg",8.510,3,Sommerhus,47,1974,,Aktuel værdi
Toftegårdsvej 38,3790 Hasle,250.000,07-08-2014,"
Alm. Salg",2.808,2,Rækkehus,89,1900,0 %,Aktuel værdi
Borrelyngvej 12,3790 Hasle,850.000,07-08-2014,"
Alm. Salg",6.250,5,Stuehus,136,1968,114 %,
Rosendalevej 20,3790 Hasle,925.000,04-08-2014,"
Alm. Salg",4.262,7,Stuehus,217,1777,-7 %,
Tassevej 6,3790 Hasle,195.000,24-07-2014,"
Alm. Salg",2.321,4,Sommerhus,84,1845,0 %,Aktuel værdi
Toftekrogen 4,3790 Hasle,400.000,11-07-2014,"
Fam. Salg",1.574,6,Rækkehus,254,1977,,Aktuel værdi
Heroldsgade 10,3790 Hasle,420.903,02-07-2014,"
Fam. Salg",3.507,6,Villa,120,1945,,Aktuel værdi
Hasle Feriepark 45,3790 Hasle,480.000,23-06-2014,"
Alm. Salg",10.212,3,Sommerhus,47,1974,,Aktuel værdi
Nydamsvej 2,3790 Hasle,350.000,19-06-2014,"
Alm. Salg",2.229,6,Villa,157,1850,0 %,Aktuel værdi
Fælledvej 43,3790 Hasle,320.000,17-06-2014,"
Alm. Salg",2.962,4,Villa,108,1936,-17 %,Aktuel værdi
Strandvejen 20,3790 Hasle,2.600.000,11-06-2014,"
Alm. Salg",12.500,9,Villa,208,1876,45 %,Aktuel værdi
Krakvej 2,3790 Hasle,765.000,03-06-2014,"
Alm. Salg",3.227,7,Villa,237,1912,-4 %,Aktuel værdi
Løkken 6,3790 Hasle,139.462,19-05-2014,"
Auktion",1.483,4,Rækkehus,94,1930,-75 %,Aktuel værdi
Rosendalevej 16,3790 Hasle,675.000,24-04-2014,"
Alm. Salg",3.443,5,Villa,196,1825,-15 %,Aktuel værdi
Møllebakken 13,3790 Hasle,500.000,16-04-2014,"
Alm. Salg",3.731,4,Villa,134,1968,-20 %,Aktuel værdi
Vang 39,3790 Hasle,325.000,09-04-2014,"
Fam. Salg",4.062,4,Villa,80,1938,,Aktuel værdi
Vang 79,3790 Hasle,2.350.000,09-04-2014,"
Alm. Salg",11.298,6,Villa,208,1900,-6 %,Aktuel værdi
Kirkebyen 7,3790 Hasle,195.000,26-03-2014,"
Alm. Salg",1.535,4,Villa,127,1950,0 %,Aktuel værdi
Hasle Marina 16,3790 Hasle,740.672,18-03-2014,"
Fam. Salg",8.229,3,Rækkehus,90,2004,,Aktuel værdi
Julegade 5,3790 Hasle,535.000,05-03-2014,"
Alm. Salg",4.314,6,Rækkehus,124,1930,0 %,Aktuel værdi
Hasle Marina 19,3790 Hasle,491.829,03-03-2014,"
Fam. Salg",3.670,6,Rækkehus,134,2006,,Aktuel værdi
Kirkebyen 27,3790 Hasle,600.000,18-02-2014,"
Alm. Salg",2.816,8,Villa,213,1970,-14 %,Aktuel værdi
Toftegårdsvej 15,3790 Hasle,570.000,03-02-2014,"
Alm. Salg",3.149,4,Villa,181,1900,,Aktuel værdi
Hasle Feriepark 38,3790 Hasle,598.000,03-02-2014,"
Fam. Salg",12.723,3,Sommerhus,47,1974,,Aktuel værdi
Hc Sierstedsvej 15,3790 Hasle,1.450.000,22-01-2014,"
Alm. Salg",13.942,5,Sommerhus,104,2006,-3 %,Aktuel værdi
Kirkebyen 15,3790 Hasle,378.400,20-01-2014,"
Fam. Salg",2.802,4,Villa,135,1932,,Aktuel værdi
Hasle Feriepark 75,3790 Hasle,3.300.000,17-01-2014,"
Alm. Salg",32.352,5,Rækkehus,102,1986,,Aktuel værdi
Krakvej 5,3790 Hasle,235.000,16-01-2014,"
Alm. Salg",3.133,4,Villa,75,1906,,Aktuel værdi
Hasle Feriepark 70,3790 Hasle,300.000,06-01-2014,"
Alm. Salg",6.382,3,Sommerhus,47,1974,,Aktuel værdi
Møllebakken 12,3790 Hasle,720.000,04-12-2013,"
Alm. Salg",4.832,6,Villa,149,1967,-3 %,Aktuel værdi
Fælledvej 15,3790 Hasle,485.000,30-11-2013,"
Alm. Salg",3.943,5,Villa,123,1897,-13 %,Aktuel værdi
Dambakken 4,3790 Hasle,535.000,08-11-2013,"
Alm. Salg",4.495,5,Villa,119,1962,-3 %,Aktuel værdi
Storegade 32,3790 Hasle,200.000,16-10-2013,"
Alm. Salg",1.587,7,Rækkehus,126,1895,-32 %,Aktuel værdi
Storegade 55,3790 Hasle,550.000,16-10-2013,"
Alm. Salg",6.470,2,Sommerhus,85,1890,,Aktuel værdi
Dambakken 8,3790 Hasle,400.000,14-10-2013,"
Alm. Salg",3.636,3,Villa,110,1955,-11 %,Aktuel værdi
Svalhøjvej 30,3790 Hasle,1.000.000,03-10-2013,"
Alm. Salg",5.524,4,Stuehus,181,1912,-16 %,
Storegade 68,3790 Hasle,190.000,27-09-2013,"
Alm. Salg",1.310,6,Rækkehus,145,1830,-36 %,Aktuel værdi
Storegade 96,3790 Hasle,175.000,26-09-2013,"
Alm. Salg",2.302,3,Rækkehus,76,1877,0 %,Aktuel værdi
Gasværksvej 9A,3790 Hasle,425.000,18-09-2013,"
Alm. Salg",3.483,3,Villa,122,1961,-19 %,Aktuel værdi
Toftegårdsvej 34A,3790 Hasle,600.000,10-09-2013,"
Alm. Salg",10.714,3,Sommerhus,56,1961,-14 %,Aktuel værdi
Hasle Feriepark 2,3790 Hasle,525.000,10-09-2013,"
Alm. Salg",11.170,3,Sommerhus,47,1974,,Aktuel værdi
Ellebakken 12,3790 Hasle,487.000,06-09-2013,"
Alm. Salg",4.509,5,Villa,108,1968,-11 %,Aktuel værdi
Fælledvej 6,3790 Hasle,575.000,13-08-2013,"
Alm. Salg",4.107,6,Rækkehus,140,1890,-3 %,Aktuel værdi
Hasle Feriepark 68,3790 Hasle,445.000,10-08-2013,"
Alm. Salg",9.468,3,Sommerhus,47,1974,,Aktuel værdi
Fælledvej 39,3790 Hasle,600.000,20-06-2013,"
Alm. Salg",5.769,4,Villa,104,1955,,Aktuel værdi
Nørre Krak 1,3790 Hasle,2.880.000,17-06-2013,"
Alm. Salg",23.414,3,Stuehus,123,1986,,
Kirkevej 11,3790 Hasle,195.000,04-06-2013,"
Alm. Salg",979,6,Stuehus,199,1852,,
Krakvej 12,3790 Hasle,930.000,03-06-2013,"
Alm. Salg",4.650,6,Villa,200,1800,-27 %,Aktuel værdi
Aabyvej 22,3790 Hasle,300.000,31-05-2013,"
Alm. Salg",2.727,3,Villa,110,1897,,Aktuel værdi
Skovkanten 14. L38,3790 Hasle,895.000,13-05-2013,"
Alm. Salg",8.950,5,Sommerhus,100,2001,-10 %,Aktuel værdi
Vestergade 27,3790 Hasle,130.000,13-05-2013,"
Auktion",1.666,4,Rækkehus,78,1937,,Aktuel værdi
Paradisvej 13,3790 Hasle,370.000,01-05-2013,"
Fam. Salg",3.700,3,Villa,100,1890,,Aktuel værdi
Hasle Hytteby 16,3790 Hasle,193.000,30-04-2013,"
Alm. Salg",16.083,1,Sommerhus,12,1986,,Aktuel værdi
Storegade 53,3790 Hasle,220.000,29-04-2013,"
Alm. Salg",3.333,2,Rækkehus,66,1880,,Aktuel værdi
Ellebakken 8,3790 Hasle,830.000,23-04-2013,"
Alm. Salg",5.424,5,Villa,153,1967,-7 %,Aktuel værdi
Vestergade 40,3790 Hasle,400.000,23-04-2013,"
Alm. Salg",2.777,6,Villa,144,1899,-19 %,Aktuel værdi
Storegade 28,3790 Hasle,87.500,22-04-2013,"
Auktion",951,3,Rækkehus,92,1877,-70 %,Aktuel værdi
Fuglebakken 26,3790 Hasle,300.000,10-04-2013,"
Alm. Salg",4.000,4,Sommerhus,75,1973,,Aktuel værdi
Østergade 32,3790 Hasle,100.000,08-04-2013,"
Auktion",769,4,Villa,130,1897,,Aktuel værdi
Hasselvej 12,3790 Hasle,685.000,05-04-2013,"
Alm. Salg",4.928,4,Villa,139,1977,-14 %,Aktuel værdi
Paradisvej 17,3790 Hasle,2.500.000,03-04-2013,"
Alm. Salg",11.574,6,Villa,216,2006,-10 %,Aktuel værdi
Toftebakken 20,3790 Hasle,970.000,27-03-2013,"
Alm. Salg",5.271,5,Villa,184,1975,-3 %,Aktuel værdi
Grønnegade 1,3790 Hasle,875.000,25-03-2013,"
Auktion",5.028,6,Villa,174,1916,,Aktuel værdi
Fælledvej 2,3790 Hasle,1.700.000,21-03-2013,"
Alm. Salg",4.116,11,Rækkehus,413,1777,-14 %,Aktuel værdi
Nørre Krak 3,3790 Hasle,335.000,21-03-2013,"
Alm. Salg",4.036,4,Stuehus,83,1904,-4 %,
Kirkevej 16,3790 Hasle,1.575.000,04-03-2013,"
Alm. Salg",6.562,8,Stuehus,240,1777,,
Dambakken 14,3790 Hasle,500.000,12-02-2013,"
Alm. Salg",2.873,5,Villa,174,1967,-20 %,Aktuel værdi
Sildetorvet 3,3790 Hasle,72.000,14-01-2013,"
Auktion",1.263,2,Rækkehus,57,1860,,Aktuel værdi
Vestergade 28A,3790 Hasle,55.000,14-01-2013,"
Auktion",859,3,Rækkehus,64,1897,,Aktuel værdi
Nørregade 15,3790 Hasle,1.600.000,09-01-2013,"
Alm. Salg",12.121,5,Villa,132,1983,-4 %,Aktuel værdi
Hasle Feriepark 28,3790 Hasle,495.000,20-12-2012,"
Alm. Salg",10.531,3,Sommerhus,47,1974,,Aktuel værdi
Løkkegade 10,3790 Hasle,725.000,18-12-2012,"
Alm. Salg",5.492,4,Villa,132,1967,-9 %,Aktuel værdi
Nørregade 33,3790 Hasle,225.000,12-12-2012,"
Andet",2.008,4,Rækkehus,112,1875,,Aktuel værdi
Rubinvej 2. L10,3790 Hasle,965.000,06-12-2012,"
Alm. Salg",7.845,5,Sommerhus,123,1999,,Aktuel værdi
Ved Brønden 12,3790 Hasle,637.500,26-11-2012,"
Alm. Salg",8.388,4,Sommerhus,76,1980,,Aktuel værdi
Løkken 5,3790 Hasle,750.000,15-11-2012,"
Alm. Salg",13.636,4,Sommerhus,55,1957,,Aktuel værdi
Tofteløkken 9,3790 Hasle,725.000,19-10-2012,"
Alm. Salg",5.330,4,Villa,136,1978,0 %,Aktuel værdi
Teglkåsvej 20,3790 Hasle,1.200.000,16-10-2012,"
Alm. Salg",13.793,3,Villa,87,1900,0 %,Aktuel værdi
Borregærdet 4,3790 Hasle,850.000,29-09-2012,"
Alm. Salg",13.281,4,Sommerhus,64,1986,,Aktuel værdi
Østergade 11,3790 Hasle,433.500,12-09-2012,"
Fam. Salg",3.235,4,Rækkehus,134,1885,,Aktuel værdi
Hasselvej 3,3790 Hasle,351.500,03-09-2012,"
Auktion",2.169,5,Villa,162,1969,-61 %,Aktuel værdi
Brænderivej 6,3790 Hasle,1.115.000,24-08-2012,"
Alm. Salg",9.369,5,Villa,119,1972,-3 %,Aktuel værdi
Fælledvej 22,3790 Hasle,610.000,10-08-2012,"
Alm. Salg",4.485,5,Rækkehus,136,1850,-5 %,Aktuel værdi
Tofteløkken 11,3790 Hasle,965.000,03-08-2012,"
Alm. Salg",4.777,8,Villa,202,1976,-3 %,Aktuel værdi
Hasle Marina 56,3790 Hasle,2.030.000,26-07-2012,"
Alm. Salg",17.500,5,Rækkehus,116,2003,-22 %,Aktuel værdi
Rubinvej 2. L07,3790 Hasle,980.000,17-07-2012,"
Alm. Salg",7.967,5,Sommerhus,123,1999,,Aktuel værdi
Udmarksvej 4,3790 Hasle,2.600.000,27-06-2012,"
Alm. Salg",12.380,7,Stuehus,210,1870,-13 %,
Storegade 59,3790 Hasle,498.000,09-06-2012,"
Alm. Salg",4.081,5,Rækkehus,122,1860,0 %,Aktuel værdi
Gulerodsgade 9,3790 Hasle,110.000,29-05-2012,"
Alm. Salg",1.896,2,Rækkehus,58,1895,-12 %,Aktuel værdi
Vestergade 34,3790 Hasle,485.000,29-05-2012,"
Alm. Salg",6.466,4,Rækkehus,75,1900,-2 %,Aktuel værdi
Vestergade 9,3790 Hasle,550.000,26-05-2012,"
Alm. Salg",5.238,3,Rækkehus,105,1900,0 %,Aktuel værdi
Ellebakken 10,3790 Hasle,800.000,25-05-2012,"
Alm. Salg",5.161,6,Villa,155,1965,-5 %,Aktuel værdi
Tassevej 5,3790 Hasle,700.000,03-05-2012,"
Alm. Salg",5.468,5,Stuehus,128,1916,-12 %,
Kirkedalsvej 26,3790 Hasle,525.000,30-04-2012,"
Alm. Salg",4.133,5,Stuehus,127,1930,,
Fuglesangsvej 2,3790 Hasle,250.000,16-04-2012,"
Alm. Salg",943,6,Villa,265,1897,-15 %,Aktuel værdi
Østergade 52,3790 Hasle,300.000,12-04-2012,"
Alm. Salg",2.631,4,Rækkehus,114,1911,-10 %,Aktuel værdi
Rubinvej 2. L16,3790 Hasle,1.200.000,29-02-2012,"
Alm. Salg",9.756,5,Sommerhus,123,2005,,Aktuel værdi
Vestergade 47,3790 Hasle,150.000,13-02-2012,"
Auktion",1.136,5,Rækkehus,132,1914,-60 %,Aktuel værdi
Hasle Feriepark 67,3790 Hasle,100.655,10-02-2012,"
Fam. Salg",2.096,3,Sommerhus,48,1974,,Aktuel værdi
Vestergade 31,3790 Hasle,533.334,05-01-2012,"
Fam. Salg",2.576,6,Sommerhus,207,1777,,Aktuel værdi
Fælledvej 33,3790 Hasle,485.000,02-01-2012,"
Alm. Salg",4.409,3,Villa,110,1938,-33 %,Aktuel værdi
Gulerodsgade 7,3790 Hasle,300.000,22-12-2011,"
Alm. Salg",3.333,4,Rækkehus,90,1895,-22 %,Aktuel værdi
Vang 60,3790 Hasle,976.000,07-12-2011,"
Andet",6.216,7,Villa,157,1912,,Aktuel værdi
Borrelyngvej 33,3790 Hasle,251.000,14-11-2011,"
Auktion",1.530,6,Villa,164,1877,-66 %,Aktuel værdi
Julegade 2B,3790 Hasle,500.000,10-11-2011,"
Alm. Salg",6.250,5,Rækkehus,80,1947,-13 %,Aktuel værdi
Knarregårdsvej 1,3790 Hasle,700.000,25-10-2011,"
Alm. Salg",5.000,6,Villa,140,1925,-12 %,Aktuel værdi
Møllebakken 1,3790 Hasle,845.000,14-10-2011,"
Alm. Salg",5.522,5,Villa,153,1967,0 %,Aktuel værdi
Campanella 13,3790 Hasle,561.800,07-10-2011,"
Fam. Salg",10.803,4,Sommerhus,52,1967,,Aktuel værdi
Rubinvej 2. L04,3790 Hasle,935.000,04-10-2011,"
Alm. Salg",7.601,5,Sommerhus,123,1999,,Aktuel værdi
Hasle Feriepark 36,3790 Hasle,488.000,22-09-2011,"
Alm. Salg",10.166,3,Sommerhus,48,1974,,Aktuel værdi
Løkkegade 8,3790 Hasle,750.000,06-09-2011,"
Alm. Salg",10.135,4,Rækkehus,74,1937,-6 %,Aktuel værdi
"Vandmøllevej 2B, ST. TV",3790 Hasle,1.650.000,25-08-2011,"
Alm. Salg",14.102,5,Fritid,117,1877,-13 %,Aktuel værdi
"Storegade 46, 1",3790 Hasle,350.000,25-08-2011,"
Alm. Salg",2.845,5,Rækkehus,123,1915,-11 %,Aktuel værdi
Hasle Feriepark 39,3790 Hasle,425.000,25-08-2011,"
Alm. Salg",9.042,3,Sommerhus,47,1974,,Aktuel værdi
Fælledvej 8,3790 Hasle,200.000,09-08-2011,"
Alm. Salg",2.040,3,Rækkehus,98,1894,-11 %,Aktuel værdi
Hc Sierstedsvej 17,3790 Hasle,775.000,05-08-2011,"
Alm. Salg",14.090,4,Sommerhus,55,1976,-3 %,Aktuel værdi
Hasle Marina 21,3790 Hasle,1.775.000,20-07-2011,"
Alm. Salg",15.301,5,Rækkehus,116,2006,-11 %,Aktuel værdi
Udmarksvej 18,3790 Hasle,1.000.000,17-07-2011,"
Alm. Salg",10.309,3,Villa,97,1897,,Aktuel værdi
Hasle Hytteby 19,3790 Hasle,148.500,04-07-2011,"
Alm. Salg",12.375,1,Sommerhus,12,1986,,Aktuel værdi
Hasle Hytteby 20,3790 Hasle,148.500,04-07-2011,"
Alm. Salg",12.375,1,Sommerhus,12,1986,,Aktuel værdi
Kirkebyen 12,3790 Hasle,250.000,17-05-2011,"
Alm. Salg",2.403,4,Villa,104,1940,-7 %,Aktuel værdi
Hasle Hytteby 15,3790 Hasle,185.000,15-05-2011,"
Alm. Salg",15.416,1,Sommerhus,12,1986,,Aktuel værdi
Vang 37,3790 Hasle,680.000,13-05-2011,"
Alm. Salg",5.312,4,Villa,128,1934,-3 %,Aktuel værdi
Hc Sierstedsvej 3,3790 Hasle,470.000,12-05-2011,"
Alm. Salg",13.428,2,Sommerhus,35,1960,-5 %,Aktuel værdi
Baggårdsvej 2,3790 Hasle,825.000,09-05-2011,"
Alm. Salg",4.252,4,Villa,194,1966,-6 %,Aktuel værdi
"Havnegade 4, ST. 4",3790 Hasle,420.000,28-04-2011,"
Alm. Salg",11.052,1,Lejlighed,38,1910,0 %,Aktuel værdi
Vestergade 49,3790 Hasle,845.000,18-04-2011,"
Alm. Salg",6.035,7,Rækkehus,140,1916,,Aktuel værdi
Pellegårdsvej 16,3790 Hasle,915.000,31-03-2011,"
Alm. Salg",7.500,4,Villa,122,1955,-8 %,Aktuel værdi
Skovkanten 23,3790 Hasle,750.000,21-03-2011,"
Alm. Salg",11.718,5,Sommerhus,64,1966,,Aktuel værdi
Østergade 60,3790 Hasle,990.000,28-02-2011,"
Alm. Salg",6.827,4,Rækkehus,145,1889,-10 %,Aktuel værdi
Brænderivej 4,3790 Hasle,739.500,25-02-2011,"
Fam. Salg",5.916,4,Villa,125,1969,,Aktuel værdi
Møllebakken 15,3790 Hasle,739.000,25-02-2011,"
Fam. Salg",6.316,4,Villa,117,1967,,Aktuel værdi
Borregærdet 1,3790 Hasle,550.000,16-02-2011,"
Fam. Salg",7.746,3,Sommerhus,71,2001,,Aktuel værdi
Ringedalsvej 3,3790 Hasle,246.500,14-01-2011,"
Fam. Salg",4.324,3,Sommerhus,57,1902,,Aktuel værdi
Gulerodsgade 4,3790 Hasle,190.426,10-01-2011,"
Fam. Salg",2.092,5,Villa,91,1904,,Aktuel værdi
Vang 23,3790 Hasle,545.000,29-11-2010,"
Alm. Salg",5.561,4,Villa,98,1902,,Aktuel værdi
Vang 27,3790 Hasle,350.000,26-11-2010,"
Alm. Salg",2.272,5,Villa,154,1924,-12 %,Aktuel værdi
Krummevej 2B,3790 Hasle,3.000.000,05-11-2010,"
Alm. Salg",22.556,3,Lejlighed,133,1939,,Aktuel værdi
Gammeltoft 13,3790 Hasle,500.000,03-11-2010,"
Fam. Salg",3.676,5,Villa,136,1984,,Aktuel værdi
Gammeltoft 23,3790 Hasle,200.000,21-10-2010,"
Alm. Salg",1.250,6,Villa,160,2012,,Aktuel værdi
Jydegårdsvej 11,3790 Hasle,390.000,18-10-2010,"
Alm. Salg",5.571,3,Sommerhus,70,1967,,Aktuel værdi
Byledsgade 5,3790 Hasle,880.000,05-10-2010,"
Alm. Salg",6.241,4,Villa,141,1865,-1 %,Aktuel værdi
"Storegade 50, 1",3790 Hasle,400.000,04-10-2010,"
Alm. Salg",4.444,2,Rækkehus,90,1927,-10 %,Aktuel værdi
Nørregade 7,3790 Hasle,610.000,20-09-2010,"
Alm. Salg",5.495,5,Rækkehus,111,1827,-12 %,Aktuel værdi
Bagå 8,3790 Hasle,598.000,17-09-2010,"
Fam. Salg",10.678,4,Sommerhus,56,1973,,Aktuel værdi
Kirkegade 1,3790 Hasle,175.000,12-09-2010,"
Fam. Salg",3.500,3,Villa,50,1885,,Aktuel værdi
Hasle Hytteby 4,3790 Hasle,170.000,25-08-2010,"
Alm. Salg",14.166,1,Sommerhus,12,1986,,Aktuel værdi
Sandløkkegade 16,3790 Hasle,700.000,24-08-2010,"
Alm. Salg",6.034,4,Rækkehus,116,1912,,Aktuel værdi
Storegade 85,3790 Hasle,673.000,20-08-2010,"
Alm. Salg",4.398,6,Rækkehus,153,1889,-4 %,Aktuel værdi
"Havnegade 4, ST. 1",3790 Hasle,500.000,11-08-2010,"
Alm. Salg",7.462,2,Lejlighed,67,1910,,Aktuel værdi
Teglkåsvej 58,3790 Hasle,2.200.000,06-08-2010,"
Alm. Salg",23.655,4,Sommerhus,93,1825,-6 %,Aktuel værdi
Skovkanten 10. L32,3790 Hasle,1.250.000,15-07-2010,"
Alm. Salg",10.162,5,Sommerhus,123,2002,,Aktuel værdi
Helligpedervej 6,3790 Hasle,2.775.000,29-06-2010,"
Alm. Salg",12.788,7,Villa,217,1895,0 %,Aktuel værdi
Ved Brønden 10,3790 Hasle,910.000,24-06-2010,"
Alm. Salg",13.787,4,Sommerhus,66,1986,-16 %,Aktuel værdi
Rubinvej 2. L06,3790 Hasle,970.000,22-06-2010,"
Alm. Salg",7.886,5,Sommerhus,123,1999,,Aktuel værdi
Baggårdsvej 10,3790 Hasle,450.000,10-06-2010,"
Alm. Salg",4.128,5,Villa,109,1897,,Aktuel værdi
Borrelyngvej 24,3790 Hasle,675.000,04-06-2010,"
Alm. Salg",5.487,5,Villa,123,1937,0 %,Aktuel værdi
Hasle Søndergade 22,3790 Hasle,520.000,02-06-2010,"
Alm. Salg",7.222,4,Villa,72,1944,-5 %,Aktuel værdi
Teglkåsvej 60,3790 Hasle,3.500.000,26-05-2010,"
Alm. Salg",18.817,5,Villa,186,1939,-12 %,Aktuel værdi
Storegade 98,3790 Hasle,680.000,20-05-2010,"
Alm. Salg",6.476,3,Rækkehus,105,1906,-3 %,Aktuel værdi
Knarregårdsvej 7,3790 Hasle,720.000,20-05-2010,"
Alm. Salg",5.669,5,Sommerhus,127,1880,-9 %,Aktuel værdi
Havnegade 5,3790 Hasle,1.095.000,14-05-2010,"
Alm. Salg",9.864,5,Villa,111,1900,0 %,Aktuel værdi
Vestergade 3,3790 Hasle,695.000,13-05-2010,"
Alm. Salg",6.881,3,Rækkehus,101,1915,-13 %,Aktuel værdi
Julegade 11,3790 Hasle,310.707,03-05-2010,"
Alm. Salg",1.941,5,Rækkehus,160,1850,-48 %,Aktuel værdi
Vystebyvej 5,3790 Hasle,700.000,23-04-2010,"
Alm. Salg",4.294,5,Villa,163,1850,-8 %,Aktuel værdi
Bæla 2,3790 Hasle,645.000,22-04-2010,"
Alm. Salg",5.758,5,Villa,112,1930,-7 %,Aktuel værdi
Kumlehøjvej 8,3790 Hasle,520.000,21-04-2010,"
Alm. Salg",4.000,6,Villa,130,1942,-5 %,Aktuel værdi
Møllebakken 14,3790 Hasle,1.075.000,20-04-2010,"
Alm. Salg",9.267,4,Villa,116,1967,,Aktuel værdi
Vang 49,3790 Hasle,850.000,19-04-2010,"
Auktion",3.556,8,Villa,239,1978,-65 %,Aktuel værdi
Storegade 97,3790 Hasle,700.000,16-04-2010,"
Alm. Salg",5.600,4,Rækkehus,125,1904,,Aktuel værdi
Præstegade 5,3790 Hasle,10.000,12-04-2010,"
Auktion",66,4,Rækkehus,150,1785,-98 %,Aktuel værdi
Fælledvej 20,3790 Hasle,56.000,12-04-2010,"
Auktion",933,3,Rækkehus,60,1880,-86 %,Aktuel værdi
Østergade 56,3790 Hasle,295.000,02-03-2010,"
Alm. Salg",3.206,3,Villa,92,1777,0 %,Aktuel værdi
Møllebakken 3,3790 Hasle,637.500,10-02-2010,"
Fam. Salg",4.086,3,Villa,156,1966,-54 %,Aktuel værdi
Sildetorvet 4,3790 Hasle,360.000,09-02-2010,"
Alm. Salg",5.538,2,Rækkehus,65,1827,,Aktuel værdi
Halledalsvej 5,3790 Hasle,1.700.000,29-01-2010,"
Alm. Salg",7.391,8,Stuehus,230,1875,-10 %,
Havnegade 9,3790 Hasle,530.000,25-01-2010,"
Alm. Salg",8.833,3,Villa,60,1900,-8 %,Aktuel værdi
Hasle Feriepark 49,3790 Hasle,480.000,25-01-2010,"
Alm. Salg",10.000,3,Sommerhus,48,1974,,Aktuel værdi
Knarregårdsvej 2,3790 Hasle,625.000,21-01-2010,"
Alm. Salg",5.530,4,Villa,113,1877,-14 %,Aktuel værdi
Ved Brønden 1B,3790 Hasle,1.950.000,20-01-2010,"
Alm. Salg",16.386,5,Sommerhus,119,2006,-2 %,Aktuel værdi
Skovtoften 24,3790 Hasle,250.000,14-01-2010,"
Alm. Salg",3.333,3,Sommerhus,75,2012,-17 %,Aktuel værdi
Korsgade 10,3790 Hasle,725.000,05-01-2010,"
Alm. Salg",5.410,3,Rækkehus,134,1870,-19 %,Aktuel værdi
Rosendalevej 11,3790 Hasle,130.000,07-12-2009,"
Alm. Salg",625,8,Stuehus,208,1940,,
Brænderivej 19,3790 Hasle,1.535.000,01-12-2009,"
Alm. Salg",7.309,6,Villa,210,1972,-4 %,Aktuel værdi
Svalhøjvej 35,3790 Hasle,2.075.000,23-11-2009,"
Alm. Salg",7.410,9,Stuehus,280,1884,,
Kirkevej 14,3790 Hasle,1.200.000,19-11-2009,"
Alm. Salg",6.857,7,Stuehus,175,1920,-8 %,
Vandmøllevej 6,3790 Hasle,700.000,07-11-2009,"
Andet",12.727,3,Sommerhus,55,1969,,Aktuel værdi
Borrelyngvej 7B,3790 Hasle,1.040.000,19-10-2009,"
Auktion",5.875,6,Villa,177,1948,,Aktuel værdi
Sandløkkegade 4,3790 Hasle,795.000,27-08-2009,"
Alm. Salg",7.098,5,Rækkehus,112,1827,0 %,Aktuel værdi
Borrelyngvej 31,3790 Hasle,365.000,25-08-2009,"
Alm. Salg",3.093,4,Villa,118,1934,0 %,Aktuel værdi
Hasle Hytteby 37,3790 Hasle,210.000,17-08-2009,"
Alm. Salg",17.500,1,Sommerhus,12,1986,,Aktuel værdi
Kirkebyen 16,3790 Hasle,2.500.000,10-08-2009,"
Alm. Salg",17.857,4,Stuehus,140,1934,159 %,
Fælledvej 18,3790 Hasle,595.000,07-08-2009,"
Alm. Salg",6.611,6,Rækkehus,90,1800,0 %,Aktuel værdi
Hasselvej 8,3790 Hasle,1.250.000,30-07-2009,"
Fam. Salg",7.621,5,Villa,164,1971,,Aktuel værdi
Vestergade 14,3790 Hasle,575.000,27-07-2009,"
Alm. Salg",8.846,3,Villa,65,1875,0 %,Aktuel værdi
Hasle Hytteby 2,3790 Hasle,210.000,27-07-2009,"
Alm. Salg",17.500,1,Sommerhus,12,1986,,Aktuel værdi
Østergade 1A,3790 Hasle,725.000,08-07-2009,"
Alm. Salg",6.473,4,Villa,112,1966,0 %,Aktuel værdi
Hasle Hytteby 17,3790 Hasle,225.000,07-07-2009,"
Alm. Salg",18.750,1,Sommerhus,12,1986,,Aktuel værdi
Strandgade 9,3790 Hasle,450.000,01-07-2009,"
Alm. Salg",5.294,4,Villa,85,1927,,Aktuel værdi
Kumlehøjvej 13,3790 Hasle,4.406.174,01-07-2009,"
Alm. Salg",25.035,10,Stuehus,176,1923,,
Storegade 104,3790 Hasle,1.195.000,25-06-2009,"
Alm. Salg",7.029,7,Villa,170,1920,0 %,Aktuel værdi
Krummevej 6,3790 Hasle,475.000,23-06-2009,"
Alm. Salg",7.196,4,Rækkehus,66,1870,-21 %,Aktuel værdi
Storegade 13,3790 Hasle,321.000,22-06-2009,"
Auktion",3.489,4,Rækkehus,92,1895,-46 %,Aktuel værdi
Korsgade 1,3790 Hasle,915.000,08-06-2009,"
Alm. Salg",7.887,4,Villa,116,1900,-16 %,Aktuel værdi
Rådhusgade 4,3790 Hasle,110.000,25-05-2009,"
Alm. Salg",1.896,3,Rækkehus,58,1800,-4 %,Aktuel værdi
Storegade 61,3790 Hasle,220.000,18-05-2009,"
Auktion",3.142,1,Rækkehus,70,1860,,Aktuel værdi
Krogholmsvej 6,3790 Hasle,1.250.000,12-05-2009,"
Alm. Salg",-,6,Stuehus,250,1775,-15 %,
Gulerodsgade 3,3790 Hasle,550.000,24-04-2009,"
Alm. Salg",6.043,4,Rækkehus,91,1890,0 %,Aktuel værdi
Fuglesangsvej 14,3790 Hasle,600.000,24-04-2009,"
Alm. Salg",5.555,5,Sommerhus,108,1850,-17 %,Aktuel værdi
Toftegårdsvej 20C,3790 Hasle,315.000,14-04-2009,"
Alm. Salg",15.750,1,Sommerhus,20,2010,-5 %,Aktuel værdi
Hasle Marina 22,3790 Hasle,1.050.000,01-04-2009,"
Fam. Salg",8.606,5,Rækkehus,122,2004,,Aktuel værdi
Hasle Marina 14,3790 Hasle,2.250.000,24-03-2009,"
Alm. Salg",23.684,4,Rækkehus,95,2004,,Aktuel værdi
Østergade 5,3790 Hasle,375.000,16-03-2009,"
Auktion",3.125,3,Rækkehus,120,1910,,Aktuel værdi
"Kirkebyen 49, 1",3790 Hasle,1.700.000,20-02-2009,"
Alm. Salg",15.454,4,Lejlighed,110,1907,,Aktuel værdi
Storegade 2B,3790 Hasle,700.000,22-01-2009,"
Alm. Salg",5.263,5,Villa,133,1978,0 %,Aktuel værdi
Byledsgade 7A,3790 Hasle,525.000,04-12-2008,"
Alm. Salg",5.198,4,Villa,101,1963,,Aktuel værdi
Kumlehøjvej 12,3790 Hasle,950.000,18-11-2008,"
Alm. Salg",8.962,4,Villa,106,1921,-19 %,Aktuel værdi
Sandløkkegade 8,3790 Hasle,785.000,31-10-2008,"
Alm. Salg",8.010,6,Villa,98,1890,0 %,Aktuel værdi
Østergade 15,3790 Hasle,11.470.000,30-10-2008,"
Alm. Salg",74.480,4,Rækkehus,154,1926,1182 %,Aktuel værdi
Krummeledvej 18,3790 Hasle,1.135.000,24-10-2008,"
Alm. Salg",7.827,4,Villa,145,1940,0 %,Aktuel værdi
Hasle Marina 49,3790 Hasle,1.970.000,24-10-2008,"
Alm. Salg",21.888,5,Rækkehus,90,2006,-10 %,Aktuel værdi
Pellegårdsvej 24,3790 Hasle,4.000.000,10-10-2008,"
Alm. Salg",18.957,4,Stuehus,211,1920,-33 %,
Julegade 10,3790 Hasle,100.000,29-09-2008,"
Alm. Salg",775,5,Villa,129,1882,,Aktuel værdi
Møllebakken 6,3790 Hasle,1.395.000,10-09-2008,"
Alm. Salg",8.718,9,Villa,160,1967,-3 %,Aktuel værdi
Hasle Hytteby 14,3790 Hasle,200.000,09-09-2008,"
Fam. Salg",16.666,1,Sommerhus,12,1986,,Aktuel værdi
Hasle Hytteby 13,3790 Hasle,200.000,09-09-2008,"
Fam. Salg",16.666,1,Sommerhus,12,1986,,Aktuel værdi
Vestergade 26,3790 Hasle,600.000,08-09-2008,"
Alm. Salg",15.000,2,Rækkehus,40,1890,,Aktuel værdi
Gammeltoft 2,3790 Hasle,1.435.000,05-09-2008,"
Alm. Salg",11.210,4,Villa,128,1978,0 %,Aktuel værdi
Klympen 19,3790 Hasle,385.000,05-09-2008,"
Alm. Salg",10.694,3,Sommerhus,36,1975,0 %,Aktuel værdi
Vang 87,3790 Hasle,975.000,01-09-2008,"
Alm. Salg",13.356,4,Villa,73,1910,0 %,Aktuel værdi
Hasle Søndergade 10,3790 Hasle,425.000,30-08-2008,"
Alm. Salg",5.821,2,Rækkehus,73,1870,-12 %,Aktuel værdi
Borrelyngvej 21,3790 Hasle,2.500.000,25-08-2008,"
Alm. Salg",7.331,7,Stuehus,341,1800,-15 %,
Heroldsgade 2,3790 Hasle,685.000,19-08-2008,"
Alm. Salg",5.436,6,Villa,126,1906,-12 %,Aktuel værdi
Klympen 13,3790 Hasle,385.000,18-08-2008,"
Alm. Salg",10.694,3,Sommerhus,36,1964,0 %,Aktuel værdi
Klympen 29,3790 Hasle,385.000,04-08-2008,"
Alm. Salg",10.694,3,Sommerhus,36,1975,0 %,Aktuel værdi
Malerstræde 3,3790 Hasle,785.000,18-07-2008,"
Alm. Salg",8.177,4,Rækkehus,96,1939,0 %,Aktuel værdi
Rosendalevej 21,3790 Hasle,1.157.701,14-07-2008,"
Alm. Salg",11.462,4,Sommerhus,101,1928,-9 %,Aktuel værdi
Toftegårdsvej 8,3790 Hasle,825.000,02-07-2008,"
Alm. Salg",7.638,2,Villa,108,1905,-11 %,Aktuel værdi
Bagå 12,3790 Hasle,576.100,19-06-2008,"
Fam. Salg",4.115,3,Villa,140,1877,,Aktuel værdi
Nydamsvej 8,3790 Hasle,881.780,19-06-2008,"
Alm. Salg",3.800,7,Stuehus,232,1887,1 %,
Simblegårdsvej 28,3790 Hasle,700.000,18-06-2008,"
Alm. Salg",2.692,8,Villa,260,1928,-22 %,Aktuel værdi
Kumlehøjvej 2,3790 Hasle,1.600.000,09-06-2008,"
Alm. Salg",6.584,6,Stuehus,243,1902,-19 %,
Klympen 15,3790 Hasle,385.000,28-05-2008,"
Alm. Salg",10.694,3,Sommerhus,36,1975,0 %,Aktuel værdi
Klympen 17,3790 Hasle,385.000,28-05-2008,"
Alm. Salg",7.129,4,Sommerhus,54,1975,0 %,Aktuel værdi
Klympen 27,3790 Hasle,385.000,28-05-2008,"
Alm. Salg",10.694,3,Sommerhus,36,1975,0 %,Aktuel værdi
Klympen 31,3790 Hasle,385.000,28-05-2008,"
Alm. Salg",10.694,3,Sommerhus,36,1964,0 %,Aktuel værdi
Sildetorvet 8,3790 Hasle,395.000,23-05-2008,"
Alm. Salg",5.563,2,Rækkehus,71,1820,,Aktuel værdi
Storegade 15,3790 Hasle,450.000,19-05-2008,"
Fam. Salg",4.205,2,Rækkehus,107,1895,,Aktuel værdi
Kirkegade 5,3790 Hasle,785.000,30-04-2008,"
Alm. Salg",6.946,4,Rækkehus,113,1882,-10 %,Aktuel værdi
Hasle Hytteby 24,3790 Hasle,230.000,15-04-2008,"
Alm. Salg",19.166,1,Sommerhus,12,1986,,Aktuel værdi
Fuglebakken 22,3790 Hasle,975.000,10-04-2008,"
Alm. Salg",17.727,4,Sommerhus,55,1973,,Aktuel værdi
Søndre Bæk 6,3790 Hasle,1.195.000,30-03-2008,"
Alm. Salg",-,7,Villa,156,1912,,Aktuel værdi
Svalhøjvej 1,3790 Hasle,400.000,15-03-2008,"
Fam. Salg",5.333,3,Sommerhus,75,1964,,Aktuel værdi
Sandløkkegade 1A,3790 Hasle,380.000,11-03-2008,"
Alm. Salg",4.935,3,Villa,77,1885,-4 %,Aktuel værdi
Storegade 29,3790 Hasle,332.000,08-03-2008,"
Auktion",3.102,6,Rækkehus,107,1900,,Aktuel værdi
Møllebakken 10,3790 Hasle,1.273.000,29-02-2008,"
Alm. Salg",10.434,4,Villa,122,1966,-2 %,Aktuel værdi
Kumlehøjvej 7,3790 Hasle,850.000,14-02-2008,"
Alm. Salg",7.589,4,Villa,112,1952,-15 %,Aktuel værdi
Dambakken 16,3790 Hasle,820.000,11-02-2008,"
Alm. Salg",7.454,4,Villa,110,1964,-3 %,Aktuel værdi
Sildetorvet 6,3790 Hasle,400.000,04-02-2008,"
Alm. Salg",6.153,3,Rækkehus,65,1777,-14 %,Aktuel værdi
Rådhusgade 1B,3790 Hasle,1.095.000,01-02-2008,"
Alm. Salg",8.423,4,Rækkehus,130,1887,0 %,Aktuel værdi
Julegade 1,3790 Hasle,825.000,25-01-2008,"
Alm. Salg",6.111,4,Villa,135,1885,0 %,Aktuel værdi
Ringedalsvej 4,3790 Hasle,1.025.000,22-01-2008,"
Alm. Salg",11.781,4,Villa,87,1936,,Aktuel værdi
Storegade 16,3790 Hasle,1.200.000,18-12-2007,"
Alm. Salg",6.349,9,Villa,189,1892,-6 %,Aktuel værdi
Brænderivej 15,3790 Hasle,1.345.000,14-12-2007,"
Alm. Salg",9.746,5,Villa,138,1974,0 %,Aktuel værdi
Dambakken 7,3790 Hasle,725.000,12-12-2007,"
Alm. Salg",8.055,4,Villa,90,1962,0 %,Aktuel værdi
Kirkebyen 23,3790 Hasle,212.639,03-12-2007,"
Alm. Salg",2.389,4,Villa,89,1940,,Aktuel værdi
Østergade 8,3790 Hasle,850.000,19-11-2007,"
Alm. Salg",9.883,4,Rækkehus,86,1939,-2 %,Aktuel værdi
Kirkebyen 25A,3790 Hasle,760.000,12-11-2007,"
Alm. Salg",6.031,4,Villa,126,1971,-2 %,Aktuel værdi
Fælledvej 51,3790 Hasle,925.000,06-11-2007,"
Alm. Salg",6.514,6,Villa,142,1935,-3 %,Aktuel værdi
Nørregade 3,3790 Hasle,320.000,06-11-2007,"
Alm. Salg",4.383,4,Rækkehus,73,1777,,Aktuel værdi
Løkkegade 9,3790 Hasle,698.000,04-11-2007,"
Alm. Salg",7.347,5,Rækkehus,95,1934,0 %,Aktuel værdi
Vestergade 35,3790 Hasle,1.575.000,30-10-2007,"
Alm. Salg",14.318,4,Villa,110,1877,,Aktuel værdi
Østergade 7,3790 Hasle,420.000,25-10-2007,"
Alm. Salg",4.285,3,Villa,98,1880,,Aktuel værdi
Vang 29,3790 Hasle,1.300.000,19-10-2007,"
Alm. Salg",13.000,3,Sommerhus,100,1967,,Aktuel værdi
Kirkevej 3,3790 Hasle,2.450.000,18-10-2007,"
Alm. Salg",10.652,9,Villa,230,1775,,Aktuel værdi
Fælledvej 37,3790 Hasle,1.110.000,08-10-2007,"
Alm. Salg",9.568,5,Villa,116,1930,-1 %,Aktuel værdi
Hasle Feriepark 40,3790 Hasle,675.000,03-10-2007,"
Alm. Salg",14.361,3,Sommerhus,47,1974,,Aktuel værdi
Pellegårdsvej 2,3790 Hasle,895.000,02-10-2007,"
Alm. Salg",5.966,5,Villa,150,1880,0 %,Aktuel værdi
Hasle Søndergade 16,3790 Hasle,695.000,01-10-2007,"
Alm. Salg",6.556,3,Rækkehus,106,1917,0 %,Aktuel værdi
Hasle Hytteby 32,3790 Hasle,225.000,17-09-2007,"
Alm. Salg",18.750,1,Sommerhus,12,1986,,Aktuel værdi
Hasle Feriepark 10,3790 Hasle,630.000,11-09-2007,"
Alm. Salg",13.404,3,Sommerhus,47,1974,,Aktuel værdi
Storegade 31,3790 Hasle,875.000,10-09-2007,"
Alm. Salg",6.118,6,Rækkehus,143,1896,-1 %,Aktuel værdi
Storegade 94,3790 Hasle,815.000,10-09-2007,"
Alm. Salg",7.086,4,Rækkehus,115,1888,0 %,Aktuel værdi
Tofteløkken 1,3790 Hasle,1.295.000,01-09-2007,"
Andet",7.573,5,Rækkehus,171,1977,,Aktuel værdi
Storegade 5,3790 Hasle,750.000,29-08-2007,"
Alm. Salg",6.097,5,Villa,123,1947,-11 %,Aktuel værdi
Hasle Feriepark 44,3790 Hasle,675.000,28-08-2007,"
Alm. Salg",14.361,3,Sommerhus,47,1974,,Aktuel værdi
Hasle Hytteby 3,3790 Hasle,225.000,26-08-2007,"
Alm. Salg",18.750,1,Sommerhus,12,1986,,Aktuel værdi
Hasle Hytteby 29,3790 Hasle,225.000,26-08-2007,"
Alm. Salg",18.750,1,Sommerhus,12,1986,,Aktuel værdi
Hasle Hytteby 11,3790 Hasle,225.000,23-08-2007,"
Alm. Salg",18.750,1,Sommerhus,12,1986,,Aktuel værdi
Kumlehøjvej 14,3790 Hasle,785.000,22-08-2007,"
Alm. Salg",4.220,6,Villa,186,1902,0 %,Aktuel værdi
Fælledvej 13,3790 Hasle,525.000,20-08-2007,"
Alm. Salg",5.645,4,Rækkehus,93,1909,,Aktuel værdi
Hasle Hytteby 35,3790 Hasle,225.000,16-08-2007,"
Alm. Salg",18.750,1,Sommerhus,12,1986,,Aktuel værdi
Hasle Hytteby 38,3790 Hasle,225.000,13-08-2007,"
Alm. Salg",18.750,1,Sommerhus,12,1986,,Aktuel værdi
Svalhøjvej 11,3790 Hasle,1.400.000,08-08-2007,"
Alm. Salg",6.422,7,Villa,218,1922,-6 %,Aktuel værdi
Hasle Hytteby 30,3790 Hasle,225.000,08-08-2007,"
Alm. Salg",18.750,1,Sommerhus,12,1986,,Aktuel værdi
Hasle Hytteby 27,3790 Hasle,225.000,07-08-2007,"
Alm. Salg",18.750,1,Sommerhus,12,1986,,Aktuel værdi
Hasle Hytteby 25,3790 Hasle,225.000,07-08-2007,"
Alm. Salg",18.750,1,Sommerhus,12,1986,,Aktuel værdi
Hasle Hytteby 31,3790 Hasle,225.000,02-08-2007,"
Alm. Salg",18.750,1,Sommerhus,12,1986,,Aktuel værdi
Hasle Hytteby 40,3790 Hasle,225.000,01-08-2007,"
Alm. Salg",18.750,1,Sommerhus,12,1986,,Aktuel værdi
Borrelyngvej 25,3790 Hasle,775.000,30-07-2007,"
Alm. Salg",6.352,4,Villa,122,1910,0 %,Aktuel værdi
Kirkebyen 11,3790 Hasle,555.000,25-07-2007,"
Alm. Salg",5.967,3,Villa,93,1952,12 %,Aktuel værdi
Hasle Feriepark 5,3790 Hasle,610.000,19-07-2007,"
Alm. Salg",12.978,3,Sommerhus,47,1974,,Aktuel værdi
Hasle Hytteby 21,3790 Hasle,225.000,18-07-2007,"
Alm. Salg",18.750,1,Sommerhus,12,1986,,Aktuel værdi
Hasle Hytteby 7,3790 Hasle,225.000,13-07-2007,"
Alm. Salg",18.750,1,Sommerhus,12,1986,,Aktuel værdi
Julegade 6,3790 Hasle,226.786,06-07-2007,"
Andet",3.194,3,Rækkehus,71,1885,,Aktuel værdi
Kumlehøjvej 5,3790 Hasle,350.000,05-07-2007,"
Alm. Salg",2.046,7,Stuehus,171,1875,,
Campanella 10,3790 Hasle,875.000,27-06-2007,"
Alm. Salg",24.305,3,Sommerhus,36,1942,0 %,Aktuel værdi
Hasle Søndergade 11,3790 Hasle,915.000,22-06-2007,"
Alm. Salg",9.631,4,Rækkehus,95,1911,-6 %,Aktuel værdi
Dambakken 13,3790 Hasle,420.000,21-06-2007,"
Alm. Salg",5.121,3,Rækkehus,82,1948,,Aktuel værdi
Hasle Hytteby 8. 8,3790 Hasle,225.000,18-06-2007,"
Alm. Salg",18.750,1,Sommerhus,12,1986,,Aktuel værdi
Vandmøllevej 2A,3790 Hasle,2.050.000,14-06-2007,"
Alm. Salg",-,9,Rækkehus,197,1877,3 %,Aktuel værdi
Vestergade 8,3790 Hasle,698.000,14-06-2007,"
Alm. Salg",7.122,4,Rækkehus,98,1936,0 %,Aktuel værdi
Simblegårdsvej 20,3790 Hasle,3.100.000,07-06-2007,"
Alm. Salg",15.048,5,Stuehus,206,1875,-6 %,
Dambakken 10,3790 Hasle,1.125.000,01-06-2007,"
Alm. Salg",10.416,4,Villa,108,1963,,Aktuel værdi
Kirkebyen 17,3790 Hasle,118.000,29-05-2007,"
Alm. Salg",513,6,Stuehus,230,1940,,
Vestergade 16,3790 Hasle,525.000,29-05-2007,"
Alm. Salg",6.034,4,Rækkehus,87,1934,,Aktuel værdi
Vestergade 38,3790 Hasle,285.000,26-05-2007,"
Alm. Salg",2.035,4,Villa,140,1900,0 %,Aktuel værdi
Gasværksvej 2,3790 Hasle,798.000,23-05-2007,"
Alm. Salg",8.312,4,Rækkehus,96,1875,0 %,Aktuel værdi
Sandløkkegade 3,3790 Hasle,355.000,23-05-2007,"
Alm. Salg",2.958,8,Villa,120,1885,,Aktuel værdi
Gammeltoft 37,3790 Hasle,154.500,20-04-2007,"
Alm. Salg",753,8,Villa,205,2008,,Aktuel værdi
Tassevej 3,3790 Hasle,1.680.000,18-04-2007,"
Fam. Salg",12.824,8,Villa,131,1863,,Aktuel værdi
Hasle Marina 44,3790 Hasle,2.950.000,03-04-2007,"
Alm. Salg",23.046,5,Rækkehus,128,2003,,Aktuel værdi
Strandgade 17,3790 Hasle,1.000.000,26-03-2007,"
Alm. Salg",7.874,6,Rækkehus,127,1907,-9 %,Aktuel værdi
Gasværksvej 16,3790 Hasle,398.000,24-03-2007,"
Alm. Salg",4.279,4,Rækkehus,93,1912,0 %,Aktuel værdi
Baggårdsvej 9,3790 Hasle,150.000,23-03-2007,"
Fam. Salg",1.056,6,Villa,142,1777,,Aktuel værdi
Heroldsgade 9,3790 Hasle,880.000,06-03-2007,"
Alm. Salg",6.376,4,Rækkehus,138,1817,,Aktuel værdi
Storegade 70B,3790 Hasle,865.000,05-03-2007,"
Alm. Salg",8.564,5,Rækkehus,101,1900,0 %,Aktuel værdi
Gammeltoft 7,3790 Hasle,1.500.000,09-02-2007,"
Alm. Salg",8.875,6,Villa,169,1978,,Aktuel værdi
Hasle Feriepark 53,3790 Hasle,680.000,06-02-2007,"
Alm. Salg",14.468,3,Sommerhus,47,1974,,Aktuel værdi
Vestergade 63,3790 Hasle,450.000,01-02-2007,"
Alm. Salg",6.338,3,Rækkehus,71,1850,,Aktuel værdi
Toftebakken 17,3790 Hasle,1.600.000,27-01-2007,"
Alm. Salg",7.766,8,Villa,206,1976,,Aktuel værdi
Rosendalevej 4,3790 Hasle,1.285.000,16-01-2007,"
Alm. Salg",7.138,3,Villa,180,1850,,Aktuel værdi
Knarregårdsvej 17,3790 Hasle,7.000.000,03-01-2007,"
Alm. Salg",26.615,9,Stuehus,263,1903,,
Rubinvej 2. L09,3790 Hasle,607.500,01-01-2007,"
Alm. Salg",4.939,5,Sommerhus,123,1999,,Aktuel værdi
Paradisvej 10,3790 Hasle,654.500,23-12-2006,"
Fam. Salg",9.625,4,Sommerhus,68,1975,,Aktuel værdi
Duebjergvej 2,3790 Hasle,107.752,21-12-2006,"
Alm. Salg",352,11,Stuehus,306,1869,,
Kirkebyen 26,3790 Hasle,548.000,18-12-2006,"
Alm. Salg",4.215,5,Villa,130,1939,,Aktuel værdi
Simblegårdsvej 22,3790 Hasle,7.157.500,15-12-2006,"
Fam. Salg",-,12,Stuehus,435,1899,,
Vestergade 53,3790 Hasle,785.000,14-12-2006,"
Alm. Salg",7.405,6,Rækkehus,106,1937,,Aktuel værdi
Kumlehøjvej 21,3790 Hasle,1.995.000,21-11-2006,"
Alm. Salg",10.283,8,Stuehus,194,1883,,
Toftegårdsvej 34C,3790 Hasle,451.000,20-11-2006,"
Alm. Salg",5.183,4,Sommerhus,87,2007,,Aktuel værdi
Toftegårdsvej 26,3790 Hasle,450.000,16-11-2006,"
Alm. Salg",14.516,2,Sommerhus,31,1961,,Aktuel værdi
Løkkegade 7,3790 Hasle,725.000,13-11-2006,"
Alm. Salg",6.359,3,Rækkehus,114,1934,,Aktuel værdi
Fælledvej 41,3790 Hasle,1.225.000,03-11-2006,"
Alm. Salg",7.753,5,Villa,158,1935,,Aktuel værdi
Storegade 7,3790 Hasle,748.000,25-10-2006,"
Alm. Salg",7.333,3,Villa,102,1946,,Aktuel værdi
Hasle Hytteby 23,3790 Hasle,225.000,19-10-2006,"
Alm. Salg",18.750,1,Sommerhus,12,1986,,Aktuel værdi
Søndre Bæk 2,3790 Hasle,501.500,17-10-2006,"
Fam. Salg",3.770,4,Villa,133,1966,,Aktuel værdi
Hasle Hytteby 10,3790 Hasle,225.000,16-10-2006,"
Alm. Salg",18.750,1,Sommerhus,12,1986,,Aktuel værdi
Hasle Hytteby 28,3790 Hasle,225.000,16-10-2006,"
Alm. Salg",18.750,1,Sommerhus,12,1986,,Aktuel værdi
Østergade 44A,3790 Hasle,795.625,13-10-2006,"
Alm. Salg",5.807,4,Villa,137,1970,,Aktuel værdi
Hasle Feriepark 7,3790 Hasle,620.000,13-10-2006,"
Alm. Salg",12.916,3,Sommerhus,48,1974,,Aktuel værdi
Hasle Hytteby 33,3790 Hasle,199.995,13-10-2006,"
Alm. Salg",16.666,1,Sommerhus,12,1986,,Aktuel værdi
Hasle Hytteby 5,3790 Hasle,225.000,12-10-2006,"
Alm. Salg",18.750,1,Sommerhus,12,1986,,Aktuel værdi
Hasle Hytteby 12,3790 Hasle,225.000,10-10-2006,"
Alm. Salg",18.750,1,Sommerhus,12,1986,,Aktuel værdi
Hasle Hytteby 26,3790 Hasle,225.000,09-10-2006,"
Alm. Salg",18.750,1,Sommerhus,12,1986,,Aktuel værdi
Hasle Hytteby 6,3790 Hasle,225.000,07-10-2006,"
Alm. Salg",18.750,1,Sommerhus,12,1986,,Aktuel værdi
Kirkegade 21,3790 Hasle,650.000,05-10-2006,"
Alm. Salg",7.303,3,Rækkehus,89,1943,,Aktuel værdi
Hasle Hytteby 22,3790 Hasle,225.000,05-10-2006,"
Alm. Salg",18.750,1,Sommerhus,12,1986,,Aktuel værdi
Møllebakken 17,3790 Hasle,890.000,03-10-2006,"
Alm. Salg",8.989,3,Villa,99,1968,,Aktuel værdi
Hasle Hytteby 18,3790 Hasle,225.000,03-10-2006,"
Alm. Salg",18.750,1,Sommerhus,12,1986,,Aktuel værdi
Hasle Marina 24,3790 Hasle,2.425.000,26-09-2006,"
Alm. Salg",25.260,5,Rækkehus,96,2003,,Aktuel værdi
Hc Sierstedsvej 9,3790 Hasle,1.000.000,20-09-2006,"
Fam. Salg",12.820,4,Sommerhus,78,1973,,Aktuel værdi
Fuglesangsvej 10,3790 Hasle,1.400.000,31-08-2006,"
Alm. Salg",9.090,4,Stuehus,154,1900,,
Fuglesangsvej 4,3790 Hasle,595.000,18-08-2006,"
Alm. Salg",5.509,7,Sommerhus,108,1700,,Aktuel værdi
Østergade 48,3790 Hasle,650.000,11-08-2006,"
Alm. Salg",4.609,3,Villa,141,1930,,Aktuel værdi
Storegade 12,3790 Hasle,776.000,31-07-2006,"
Alm. Salg",4.538,6,Stuehus,171,1800,,
Tofte 5,3790 Hasle,925.000,27-07-2006,"
Alm. Salg",13.028,3,Sommerhus,71,1910,,Aktuel værdi
Storegade 100,3790 Hasle,825.000,19-07-2006,"
Alm. Salg",7.236,5,Rækkehus,114,1883,,Aktuel værdi
Fuglesangsvej 9,3790 Hasle,1.300.000,19-07-2006,"
Alm. Salg",8.387,6,Villa,155,1952,,Aktuel værdi
Storegade 106,3790 Hasle,375.000,18-07-2006,"
Alm. Salg",3.048,7,Villa,123,1920,,Aktuel værdi
Hc Sierstedsvej 29,3790 Hasle,265.000,15-07-2006,"
Alm. Salg",6.625,3,Sommerhus,40,1965,,Aktuel værdi
Campanella 14,3790 Hasle,1.095.000,04-07-2006,"
Alm. Salg",11.774,4,Sommerhus,93,2007,,Aktuel værdi
Brænderivej 5,3790 Hasle,935.000,23-06-2006,"
Alm. Salg",7.663,4,Villa,122,1969,,Aktuel værdi
Østergade 58,3790 Hasle,565.000,16-06-2006,"
Alm. Salg",6.010,4,Rækkehus,94,1892,,Aktuel værdi
Hasle Marina 31,3790 Hasle,2.495.000,16-06-2006,"
Alm. Salg",19.492,6,Rækkehus,128,2006,,Aktuel værdi
Gasværksvej 9B,3790 Hasle,910.000,02-06-2006,"
Alm. Salg",5.352,3,Villa,170,1900,,Aktuel værdi
Rosendalevej 24,3790 Hasle,947.847,31-05-2006,"
Alm. Salg",4.429,7,Stuehus,214,1877,,
Gammeltoft 39,3790 Hasle,745.000,30-05-2006,"
Alm. Salg",4.775,4,Villa,156,1930,,Aktuel værdi
Fælledvej 1,3790 Hasle,720.000,23-05-2006,"
Alm. Salg",6.260,4,Rækkehus,115,1800,,Aktuel værdi
Toftelunden 18,3790 Hasle,635.000,19-05-2006,"
Alm. Salg",8.698,3,Villa,73,1977,,Aktuel værdi
Halledalsvej 3,3790 Hasle,500.000,04-05-2006,"
Fam. Salg",3.731,4,Villa,134,1877,,Aktuel værdi
Hasle Feriepark 57,3790 Hasle,495.000,18-04-2006,"
Alm. Salg",10.531,3,Sommerhus,47,1974,,Aktuel værdi
Fuglesangsvej 5,3790 Hasle,1.175.000,17-04-2006,"
Alm. Salg",3.036,7,Stuehus,387,1861,,
Bagå 2C,3790 Hasle,1.335.000,30-03-2006,"
Alm. Salg",11.125,4,Villa,120,1936,,Aktuel værdi
Hasle Feriepark 60,3790 Hasle,495.000,30-03-2006,"
Alm. Salg",10.312,3,Sommerhus,48,1974,,Aktuel værdi
Hasle Feriepark 63,3790 Hasle,495.000,29-03-2006,"
Alm. Salg",10.531,3,Sommerhus,47,1974,,Aktuel værdi
Pellegårdsvej 12,3790 Hasle,1.200.000,17-03-2006,"
Alm. Salg",11.764,6,Sommerhus,102,1877,,Aktuel værdi
Præstegade 1,3790 Hasle,600.000,12-03-2006,"
Alm. Salg",4.411,4,Villa,136,1917,,Aktuel værdi
Hasle Feriepark 33,3790 Hasle,695.000,05-03-2006,"
Alm. Salg",14.787,3,Sommerhus,47,1974,,Aktuel værdi
Vystebyvej 3,3790 Hasle,1.100.000,01-03-2006,"
Fam. Salg",4.104,8,Stuehus,268,1827,,
Hc Sierstedsvej 27,3790 Hasle,727.000,28-02-2006,"
Alm. Salg",22.030,2,Sommerhus,33,1979,,Aktuel værdi
Fælledvej 16,3790 Hasle,648.000,27-02-2006,"
Alm. Salg",4.438,7,Villa,146,1922,,Aktuel værdi
Hasle Feriepark 55,3790 Hasle,495.000,22-02-2006,"
Alm. Salg",10.312,3,Sommerhus,48,1974,,Aktuel værdi
Vestergade 1,3790 Hasle,695.000,20-02-2006,"
Alm. Salg",7.554,3,Villa,92,1847,,Aktuel værdi
"Havnegade 4, ST. 2",3790 Hasle,249.558,16-02-2006,"
Alm. Salg",4.302,2,Lejlighed,58,1910,,Aktuel værdi
Borregærdet 5,3790 Hasle,1.485.000,07-02-2006,"
Alm. Salg",14.009,4,Sommerhus,106,1970,,Aktuel værdi
Hasle Feriepark 59,3790 Hasle,495.000,01-02-2006,"
Alm. Salg",10.531,3,Sommerhus,47,1974,,Aktuel værdi
Korsgade 3,3790 Hasle,735.000,30-01-2006,"
Alm. Salg",7.067,4,Rækkehus,104,1910,,Aktuel værdi
Hasle Feriepark 72,3790 Hasle,495.000,27-01-2006,"
Alm. Salg",10.312,3,Sommerhus,48,1974,,Aktuel værdi
Skovkanten 28,3790 Hasle,925.000,21-01-2006,"
Alm. Salg",16.818,4,Sommerhus,55,1985,,Aktuel værdi
Hc Sierstedsvej 19,3790 Hasle,450.000,20-01-2006,"
Fam. Salg",10.000,4,Sommerhus,45,1960,,Aktuel værdi
Hasle Feriepark 41,3790 Hasle,495.000,20-01-2006,"
Alm. Salg",10.531,3,Sommerhus,47,1974,,Aktuel værdi
Hasle Feriepark 31,3790 Hasle,695.000,19-01-2006,"
Alm. Salg",14.479,3,Sommerhus,48,1974,,Aktuel værdi
Hasle Marina 39,3790 Hasle,1.895.000,14-01-2006,"
Alm. Salg",21.055,5,Rækkehus,90,2006,,Aktuel værdi
Klympen 1,3790 Hasle,720.000,11-01-2006,"
Alm. Salg",12.000,3,Sommerhus,60,1977,,Aktuel værdi
Tofteløkken 2,3790 Hasle,1.050.000,09-01-2006,"
Alm. Salg",7.094,4,Villa,148,1980,,Aktuel værdi
Hasle Feriepark 6,3790 Hasle,495.000,27-12-2005,"
Alm. Salg",10.312,3,Sommerhus,48,1974,,Aktuel værdi
Pellegårdsvej 1,3790 Hasle,320.000,20-12-2005,"
Alm. Salg",-,7,Sommerhus,250,1852,,Aktuel værdi
Ved Brønden 8,3790 Hasle,1.575.000,17-12-2005,"
Alm. Salg",19.444,6,Sommerhus,81,1986,,Aktuel værdi
Østergade 26,3790 Hasle,700.000,16-12-2005,"
Alm. Salg",7.865,3,Rækkehus,89,1885,,Aktuel værdi
Hasle Feriepark 12,3790 Hasle,495.000,16-12-2005,"
Alm. Salg",10.312,3,Sommerhus,48,1974,,Aktuel værdi
Hasle Feriepark 25,3790 Hasle,495.000,15-12-2005,"
Alm. Salg",10.312,3,Sommerhus,48,1974,,Aktuel værdi
Simonsgårdsvej 4,3790 Hasle,65.000,14-12-2005,"
Alm. Salg",520,5,Stuehus,125,1876,,
Gulerodsgade 5,3790 Hasle,545.000,09-12-2005,"
Alm. Salg",6.264,4,Rækkehus,87,1895,,Aktuel værdi
Kirkebyen 22,3790 Hasle,590.000,08-12-2005,"
Alm. Salg",3.089,6,Villa,191,1980,,Aktuel værdi
Hc Sierstedsvej 25,3790 Hasle,895.000,06-12-2005,"
Alm. Salg",10.529,6,Sommerhus,85,1987,,Aktuel værdi
Sandløkkegade 17,3790 Hasle,151.000,05-12-2005,"
Auktion",1.961,2,Rækkehus,77,1885,,Aktuel værdi
Mølleparken 19,3790 Hasle,115.000,02-12-2005,"
Alm. Salg",701,5,Villa,164,2007,,Aktuel værdi
Julegade 9,3790 Hasle,465.000,01-12-2005,"
Alm. Salg",4.008,4,Rækkehus,116,1897,,Aktuel værdi
Nyker Strandvej 1A,3790 Hasle,792.500,29-11-2005,"
Alm. Salg",4.580,8,Villa,173,1900,,Aktuel værdi
Storegade 20,3790 Hasle,357.000,28-11-2005,"
Fam. Salg",2.395,6,Rækkehus,149,1947,,Aktuel værdi
Vestergade 36,3790 Hasle,585.000,28-11-2005,"
Alm. Salg",8.239,4,Rækkehus,71,1890,,Aktuel værdi
Brænderivej 7,3790 Hasle,845.000,16-11-2005,"
Alm. Salg",7.477,4,Villa,113,1971,,Aktuel værdi
Hc Sierstedsvej 35,3790 Hasle,141.000,14-11-2005,"
Fam. Salg",2.660,3,Sommerhus,53,2006,,Aktuel værdi
Løkkegade 5,3790 Hasle,375.000,04-11-2005,"
Alm. Salg",3.504,4,Rækkehus,107,1934,,Aktuel værdi
Vang 101,3790 Hasle,1.235.000,02-11-2005,"
Alm. Salg",10.378,4,Villa,119,1777,,Aktuel værdi
Hasle Søndergade 7,3790 Hasle,1.725.000,01-11-2005,"
Alm. Salg",9.426,5,Villa,183,1984,,Aktuel værdi
Vang 61,3790 Hasle,1.325.000,01-11-2005,"
Alm. Salg",12.500,3,Villa,106,1959,,Aktuel værdi
Rubinvej 2. L21,3790 Hasle,1.270.000,01-11-2005,"
Alm. Salg",12.700,5,Sommerhus,100,2001,,Aktuel værdi
Rosendalevej 3,3790 Hasle,3.575.700,17-10-2005,"
Fam. Salg",25.540,5,Stuehus,140,1915,,
Heroldsgade 11,3790 Hasle,375.000,12-10-2005,"
Alm. Salg",5.281,3,Rækkehus,71,1895,,Aktuel værdi
Krakvej 13,3790 Hasle,595.000,30-09-2005,"
Alm. Salg",5.666,4,Villa,105,1914,,Aktuel værdi
Toftegårdsvej 22,3790 Hasle,300.000,25-09-2005,"
Alm. Salg",3.225,4,Sommerhus,93,2007,,Aktuel værdi
Hasle Feriepark 64,3790 Hasle,250.000,25-09-2005,"
Alm. Salg",5.319,3,Sommerhus,47,1974,,Aktuel værdi
Kirkebyen 44,3790 Hasle,885.000,20-09-2005,"
Alm. Salg",1.871,8,Villa,473,1907,,Aktuel værdi
Skovkanten 21. L34,3790 Hasle,1.612.500,12-09-2005,"
Alm. Salg",13.109,5,Sommerhus,123,2004,,Aktuel værdi
Korsgade 14,3790 Hasle,410.000,07-09-2005,"
Fam. Salg",-,5,Villa,140,1872,,Aktuel værdi
Storegade 89,3790 Hasle,500.000,06-09-2005,"
Alm. Salg",4.587,4,Rækkehus,109,1800,,Aktuel værdi
Aabyvej 24,3790 Hasle,490.000,05-09-2005,"
Alm. Salg",2.987,5,Villa,164,1938,,Aktuel værdi
Klympen 5,3790 Hasle,488.000,02-09-2005,"
Alm. Salg",7.746,4,Sommerhus,63,1976,,Aktuel værdi
Tassevej 11,3790 Hasle,600.000,31-08-2005,"
Alm. Salg",1.260,11,Sommerhus,476,1930,,Aktuel værdi
"Havnen 14, 1. 3",3790 Hasle,265.000,31-08-2005,"
Alm. Salg",4.416,2,Lejlighed,60,1973,,Aktuel værdi
"Havnen 14, 1. 2",3790 Hasle,265.000,31-08-2005,"
Alm. Salg",4.274,2,Lejlighed,62,1973,,Aktuel værdi
"Havnen 14, 1. 4",3790 Hasle,265.000,31-08-2005,"
Alm. Salg",4.274,2,Lejlighed,62,1973,,Aktuel værdi
"Havnen 14, 2. 5",3790 Hasle,265.000,31-08-2005,"
Alm. Salg",4.344,2,Lejlighed,61,1973,,Aktuel værdi
"Havnen 14, 2. 6",3790 Hasle,265.000,31-08-2005,"
Alm. Salg",4.491,2,Lejlighed,59,1973,,Aktuel værdi
"Havnen 14, 2. 7",3790 Hasle,265.000,31-08-2005,"
Alm. Salg",4.344,2,Lejlighed,61,1973,,Aktuel værdi
Hasle Feriepark 4,3790 Hasle,539.000,30-08-2005,"
Alm. Salg",11.468,3,Sommerhus,47,1974,,Aktuel værdi
Fælledvej 28A,3790 Hasle,150.000,29-08-2005,"
Alm. Salg",-,26,"Ferie, andet",158,1947,,Aktuel værdi
Klympen 23,3790 Hasle,380.000,26-08-2005,"
Fam. Salg",5.757,3,Sommerhus,66,1978,,Aktuel værdi
Korsgade 9,3790 Hasle,370.000,23-08-2005,"
Alm. Salg",4.625,3,Rækkehus,80,1906,,Aktuel værdi
Fuglesangsvej 11,3790 Hasle,800.000,22-08-2005,"
Alm. Salg",6.060,6,Sommerhus,132,1880,,Aktuel værdi
Østergade 23,3790 Hasle,245.086,15-08-2005,"
Fam. Salg",1.678,6,Rækkehus,146,1928,,Aktuel værdi
Hasle Feriepark 43,3790 Hasle,495.000,09-08-2005,"
Alm. Salg",10.312,3,Sommerhus,48,1974,,Aktuel værdi
Toldbodgade 4,3790 Hasle,335.000,16-07-2005,"
Alm. Salg",5.775,3,Rækkehus,58,1897,,Aktuel værdi
Hasle Feriepark 26,3790 Hasle,495.000,14-07-2005,"
Alm. Salg",10.531,3,Sommerhus,47,1974,,Aktuel værdi
Klympen 3,3790 Hasle,498.000,11-07-2005,"
Alm. Salg",6.916,4,Sommerhus,72,1977,,Aktuel værdi
Hasle Marina 42,3790 Hasle,2.028.940,05-07-2005,"
Alm. Salg",17.490,4,Rækkehus,116,2003,,Aktuel værdi
Hasle Feriepark 48,3790 Hasle,495.000,28-06-2005,"
Alm. Salg",10.312,3,Sommerhus,48,1974,,Aktuel værdi
Hasle Feriepark 62,3790 Hasle,495.000,28-06-2005,"
Alm. Salg",10.531,3,Sommerhus,47,1974,,Aktuel værdi
Ellebakken 9,3790 Hasle,995.000,27-06-2005,"
Alm. Salg",5.621,7,Villa,177,1965,,Aktuel værdi
Toftebakken 14,3790 Hasle,1.075.000,23-06-2005,"
Alm. Salg",7.678,4,Villa,140,1973,,Aktuel værdi
Fuglebakken 10,3790 Hasle,910.000,21-06-2005,"
Alm. Salg",16.545,4,Sommerhus,55,1973,,Aktuel værdi
Hasle Feriepark 47,3790 Hasle,495.000,20-06-2005,"
Alm. Salg",10.531,3,Sommerhus,47,1974,,Aktuel værdi
Hasle Feriepark 50,3790 Hasle,495.000,19-06-2005,"
Alm. Salg",10.531,3,Sommerhus,47,1974,,Aktuel værdi
Hasle Feriepark 42,3790 Hasle,495.000,14-06-2005,"
Alm. Salg",10.312,3,Sommerhus,48,1974,,Aktuel værdi
Hasle Feriepark 1,3790 Hasle,495.000,14-06-2005,"
Alm. Salg",10.312,3,Sommerhus,48,1974,,Aktuel værdi
Hasle Feriepark 65,3790 Hasle,495.000,14-06-2005,"
Alm. Salg",10.531,3,Sommerhus,47,1974,,Aktuel værdi
Hasle Feriepark 34,3790 Hasle,495.000,14-06-2005,"
Alm. Salg",10.531,3,Sommerhus,47,1974,,Aktuel værdi
Hasle Feriepark 69,3790 Hasle,495.000,14-06-2005,"
Alm. Salg",10.531,3,Sommerhus,47,1974,,Aktuel værdi
Hasle Feriepark 11,3790 Hasle,495.000,14-06-2005,"
Alm. Salg",10.531,3,Sommerhus,47,1974,,Aktuel værdi
Hasle Feriepark 58,3790 Hasle,495.000,14-06-2005,"
Alm. Salg",10.531,3,Sommerhus,47,1974,,Aktuel værdi
Hasle Feriepark 3,3790 Hasle,495.000,14-06-2005,"
Alm. Salg",10.531,3,Sommerhus,47,1974,,Aktuel værdi
Hasle Feriepark 61,3790 Hasle,495.000,14-06-2005,"
Alm. Salg",10.312,3,Sommerhus,48,1974,,Aktuel værdi
Hasle Feriepark 29,3790 Hasle,495.000,14-06-2005,"
Alm. Salg",10.531,3,Sommerhus,47,1974,,Aktuel værdi
Hasle Feriepark 9,3790 Hasle,495.000,14-06-2005,"
Alm. Salg",10.531,3,Sommerhus,47,1974,,Aktuel værdi
Hasle Feriepark 8,3790 Hasle,495.000,14-06-2005,"
Alm. Salg",10.531,3,Sommerhus,47,1974,,Aktuel værdi
Hasle Feriepark 46,3790 Hasle,495.000,14-06-2005,"
Alm. Salg",10.531,3,Sommerhus,47,1974,,Aktuel værdi
Hasle Feriepark 35,3790 Hasle,495.000,14-06-2005,"
Alm. Salg",10.531,3,Sommerhus,47,1974,,Aktuel værdi
Hasle Feriepark 30,3790 Hasle,495.000,14-06-2005,"
Alm. Salg",10.312,3,Sommerhus,48,1974,,Aktuel værdi
Hasle Feriepark 51,3790 Hasle,495.000,10-06-2005,"
Alm. Salg",10.531,3,Sommerhus,47,1974,,Aktuel værdi
Hasle Feriepark 52,3790 Hasle,495.000,08-06-2005,"
Alm. Salg",10.531,3,Sommerhus,47,1974,,Aktuel værdi
Tassevej 8,3790 Hasle,475.000,27-05-2005,"
Alm. Salg",2.794,6,Stuehus,170,1928,,
Korsgade 22,3790 Hasle,290.000,26-05-2005,"
Alm. Salg",3.670,3,Rækkehus,79,1880,,Aktuel værdi
Storegade 4B,3790 Hasle,695.000,10-05-2005,"
Alm. Salg",6.435,3,Villa,108,1964,,Aktuel værdi
Havnegade 3,3790 Hasle,350.000,02-05-2005,"
Alm. Salg",3.398,4,Villa,103,1900,,Aktuel værdi
Fuglebakken 13,3790 Hasle,1.200.000,08-04-2005,"
Alm. Salg",14.814,4,Sommerhus,81,1982,,Aktuel værdi
Rubinvej 2. L20,3790 Hasle,1.250.000,04-04-2005,"
Alm. Salg",12.500,5,Sommerhus,100,2001,,Aktuel værdi
Kumlehøjvej 4,3790 Hasle,724.500,30-03-2005,"
Alm. Salg",4.187,8,Villa,173,1926,,Aktuel værdi
Hasle Marina 23,3790 Hasle,1.085.000,20-03-2005,"
Fam. Salg",12.055,5,Rækkehus,90,2006,,Aktuel værdi
Hasle Marina 43,3790 Hasle,1.085.000,20-03-2005,"
Fam. Salg",12.055,5,Rækkehus,90,2006,,Aktuel værdi
Campanella 4,3790 Hasle,835.000,25-02-2005,"
Alm. Salg",-,5,Sommerhus,116,1942,,Aktuel værdi
Hasle Marina 51,3790 Hasle,1.775.000,07-02-2005,"
Alm. Salg",13.867,5,Rækkehus,128,2006,,Aktuel værdi
Ved Brønden 6,3790 Hasle,1.175.000,28-01-2005,"
Alm. Salg",15.666,5,Sommerhus,75,1986,,Aktuel værdi
Nørregade 1,3790 Hasle,625.000,18-01-2005,"
Alm. Salg",5.530,5,Rækkehus,113,1777,,Aktuel værdi
Teglkåsvej 66A,3790 Hasle,1.430.000,01-01-2005,"
Alm. Salg",16.823,2,Villa,85,1920,,Aktuel værdi
Hasle Marina 35,3790 Hasle,1.952.906,22-12-2004,"
Alm. Salg",14.573,5,Rækkehus,134,2006,,Aktuel værdi
Vestergade 55,3790 Hasle,525.000,13-12-2004,"
Alm. Salg",5.965,4,Rækkehus,88,1938,,Aktuel værdi
Korsgade 12,3790 Hasle,1.095.000,13-12-2004,"
Alm. Salg",9.049,4,Rækkehus,121,1850,,Aktuel værdi
Tassevej 13,3790 Hasle,650.000,01-12-2004,"
Alm. Salg",3.779,7,Villa,172,1935,,Aktuel værdi
Torpevej 20,3790 Hasle,273.500,29-11-2004,"
Alm. Salg",1.698,7,Villa,161,1942,,Aktuel værdi
Toftegårdsvej 24,3790 Hasle,625.000,22-11-2004,"
Alm. Salg",14.204,3,Sommerhus,44,1962,,Aktuel værdi
Kirkedalsvej 20,3790 Hasle,150.000,16-11-2004,"
Fam. Salg",1.648,4,Villa,91,1931,,Aktuel værdi
Korsgade 18,3790 Hasle,1.275.000,11-11-2004,"
Alm. Salg",-,4,Rækkehus,159,1880,,Aktuel værdi
Hasle Marina 27,3790 Hasle,1.422.185,08-11-2004,"
Alm. Salg",15.802,5,Rækkehus,90,2006,,Aktuel værdi
Hasle Marina 45,3790 Hasle,1.645.000,02-11-2004,"
Alm. Salg",14.181,5,Rækkehus,116,2006,,Aktuel værdi
Hasle Marina 41,3790 Hasle,1.380.455,02-11-2004,"
Alm. Salg",15.338,5,Rækkehus,90,2006,,Aktuel værdi
Møllebakken 16,3790 Hasle,600.000,01-11-2004,"
Alm. Salg",6.818,3,Villa,88,1966,,Aktuel værdi
Hasle Marina 33,3790 Hasle,1.660.730,19-10-2004,"
Alm. Salg",13.612,5,Rækkehus,122,2006,,Aktuel værdi
Pilestræde 1,3790 Hasle,1.125.000,24-09-2004,"
Alm. Salg",-,3,Lejlighed,133,1889,,Aktuel værdi
Kirkevej 9,3790 Hasle,925.000,07-09-2004,"
Alm. Salg",4.468,5,Stuehus,207,1735,,
Toftegårdsvej 18,3790 Hasle,500.000,05-09-2004,"
Alm. Salg",4.629,3,Sommerhus,108,1909,,Aktuel værdi
Storegade 82,3790 Hasle,595.000,17-07-2004,"
Alm. Salg",4.219,3,Villa,141,1897,,Aktuel værdi
Storegade 20B,3790 Hasle,250.000,05-07-2004,"
Alm. Salg",1.838,4,Rækkehus,136,1827,,Aktuel værdi
Toftekrogen 2,3790 Hasle,940.000,25-06-2004,"
Alm. Salg",5.497,5,Rækkehus,171,1977,,Aktuel værdi
Storegade 110,3790 Hasle,1.075.000,22-06-2004,"
Alm. Salg",5.569,5,Villa,193,1905,,Aktuel værdi
"Havnegade 4, 1. 6",3790 Hasle,1.050.000,09-06-2004,"
Fam. Salg",7.000,4,Lejlighed,150,1910,,Aktuel værdi
Hasle Marina 53,3790 Hasle,1.645.000,09-06-2004,"
Alm. Salg",13.483,6,Rækkehus,122,2006,,Aktuel værdi
Hasle Marina 25,3790 Hasle,1.285.000,06-06-2004,"
Alm. Salg",14.277,5,Rækkehus,90,2006,,Aktuel værdi
Dambakken 6,3790 Hasle,650.000,02-06-2004,"
Alm. Salg",7.738,5,Villa,84,1951,,Aktuel værdi
Storegade 27,3790 Hasle,565.000,24-05-2004,"
Alm. Salg",4.312,4,Rækkehus,131,1900,,Aktuel værdi
Jons Kapelvej 2,3790 Hasle,895.000,19-05-2004,"
Alm. Salg",6.302,5,Villa,142,1948,,Aktuel værdi
Baggårdsvej 6,3790 Hasle,109.525,05-05-2004,"
Alm. Salg",373,6,Stuehus,293,1871,,
Heroldsgade 6,3790 Hasle,387.500,05-05-2004,"
Alm. Salg",2.672,5,Rækkehus,145,1912,,Aktuel værdi
Hyldegårdsvej 3,3790 Hasle,450.000,05-05-2004,"
Alm. Salg",4.787,4,Stuehus,94,1912,,
Borregærdet 10,3790 Hasle,810.000,30-04-2004,"
Andet",11.408,3,Sommerhus,71,1996,,Aktuel værdi
Byledsgade 3,3790 Hasle,50.000,26-04-2004,"
Alm. Salg",666,2,Villa,75,1900,,Aktuel værdi
Hasle Marina 37,3790 Hasle,1.645.000,24-04-2004,"
Alm. Salg",14.181,5,Rækkehus,116,2006,,Aktuel værdi
Østergade 29,3790 Hasle,290.000,20-04-2004,"
Alm. Salg",4.264,4,Villa,68,1960,,Aktuel værdi
Toldbodgade 3,3790 Hasle,455.000,17-04-2004,"
Alm. Salg",4.460,4,Rækkehus,102,1935,,Aktuel værdi
Hasle Marina 18,3790 Hasle,1.356.875,16-04-2004,"
Alm. Salg",15.076,3,Rækkehus,90,2004,,Aktuel værdi
Kumlehøjvej 6,3790 Hasle,464.959,06-04-2004,"
Alm. Salg",4.843,4,Sommerhus,96,1942,,Aktuel værdi
Sandløkkegade 11,3790 Hasle,430.000,24-03-2004,"
Alm. Salg",5.657,3,Rækkehus,76,1900,,Aktuel værdi
Bykærvej 14,3790 Hasle,1.020.000,23-03-2004,"
Alm. Salg",7.034,7,Stuehus,145,1857,,
Borrelyngvej 26,3790 Hasle,430.000,15-03-2004,"
Fam. Salg",3.028,5,Villa,142,1927,,Aktuel værdi
Campanella 20,3790 Hasle,750.000,04-03-2004,"
Alm. Salg",12.096,3,Sommerhus,62,1967,,Aktuel værdi
Hasle Nygade 1,3790 Hasle,1.350.000,24-02-2004,"
Alm. Salg",10.150,4,Villa,133,1870,,Aktuel værdi
Sildetorvet 5,3790 Hasle,310.000,20-02-2004,"
Alm. Salg",5.166,3,Rækkehus,60,1777,,Aktuel værdi
Kirkebyen 5,3790 Hasle,425.000,11-02-2004,"
Alm. Salg",3.244,4,Villa,131,1950,,Aktuel værdi
Hasle Marina 20,3790 Hasle,1.765.000,26-01-2004,"
Alm. Salg",13.682,6,Rækkehus,129,2004,,Aktuel værdi
Teglkåsvej 82,3790 Hasle,1.530.000,23-01-2004,"
Alm. Salg",11.769,3,Villa,130,1954,,Aktuel værdi
Borregærdet 3,3790 Hasle,2.250.000,20-01-2004,"
Alm. Salg",15.734,5,Sommerhus,143,2002,,Aktuel værdi
Krummeledvej 12,3790 Hasle,420.000,19-12-2003,"
Fam. Salg",5.250,4,Stuehus,80,1915,,
Simblegårdsvej 23,3790 Hasle,8.480.000,19-12-2003,"
Fam. Salg",42.400,6,Stuehus,200,1900,,
Sandløkkegade 15,3790 Hasle,345.000,15-12-2003,"
Alm. Salg",4.312,2,Rækkehus,80,1900,,Aktuel værdi
Klympen 10,3790 Hasle,495.000,02-12-2003,"
Alm. Salg",11.785,2,Sommerhus,42,1946,,Aktuel værdi
Toftegårdsvej 20,3790 Hasle,210.000,21-11-2003,"
Alm. Salg",3.888,3,Villa,54,1936,,Aktuel værdi
Ellebakken 18,3790 Hasle,765.000,12-11-2003,"
Alm. Salg",5.464,5,Villa,140,1969,,Aktuel værdi
Hasle Marina 32,3790 Hasle,1.695.000,10-11-2003,"
Alm. Salg",13.242,6,Rækkehus,128,2003,,Aktuel værdi
Grønnegade 9,3790 Hasle,348.000,30-10-2003,"
Alm. Salg",3.515,5,Rækkehus,99,1902,,Aktuel værdi
Vang 48,3790 Hasle,598.000,18-10-2003,"
Alm. Salg",5.537,7,Villa,108,1827,,Aktuel værdi
Nørregade 2,3790 Hasle,335.000,15-10-2003,"
Alm. Salg",3.722,4,Rækkehus,90,1900,,Aktuel værdi
Fuglebakken 11,3790 Hasle,745.000,08-10-2003,"
Alm. Salg",10.205,5,Sommerhus,73,1973,,Aktuel værdi
Vang 45B,3790 Hasle,1.250.000,07-10-2003,"
Alm. Salg",4.789,11,Villa,261,1933,,Aktuel værdi
Strandgade 5,3790 Hasle,275.000,09-08-2003,"
Alm. Salg",4.910,3,Rækkehus,56,1877,,Aktuel værdi
Klympen 9,3790 Hasle,645.000,06-08-2003,"
Alm. Salg",11.120,3,Sommerhus,58,1963,,Aktuel værdi
Skovkanten 6. L24,3790 Hasle,998.000,02-08-2003,"
Alm. Salg",9.980,5,Sommerhus,100,2001,,Aktuel værdi
Teglkåsvej 72,3790 Hasle,1.165.000,14-07-2003,"
Alm. Salg",7.420,5,Villa,157,1906,,Aktuel værdi
Gammeltoft 17,3790 Hasle,875.000,11-07-2003,"
Alm. Salg",8.027,4,Villa,109,1986,,Aktuel værdi
Hasle Nygade 5,3790 Hasle,150.000,09-07-2003,"
Alm. Salg",1.829,4,Villa,82,1942,,Aktuel værdi
Helligpedervej 1,3790 Hasle,1.200.000,02-07-2003,"
Alm. Salg",5.853,6,Stuehus,205,1910,,
Skovkanten 15. L37,3790 Hasle,1.425.000,27-06-2003,"
Alm. Salg",11.585,5,Sommerhus,123,2005,,Aktuel værdi
Storegade 88,3790 Hasle,550.000,24-06-2003,"
Alm. Salg",4.044,5,Villa,136,1900,,Aktuel værdi
Kirkedalsvej 4,3790 Hasle,950.000,13-06-2003,"
Alm. Salg",3.380,6,Stuehus,281,1850,,
Skovkanten 12. L33,3790 Hasle,1.425.000,02-06-2003,"
Alm. Salg",11.585,5,Sommerhus,123,2004,,Aktuel værdi
Hasle Marina 28,3790 Hasle,1.185.000,01-06-2003,"
Alm. Salg",13.166,5,Rækkehus,90,2003,,Aktuel værdi
Skovkanten 5. L26,3790 Hasle,1.158.000,28-05-2003,"
Alm. Salg",11.580,5,Sommerhus,100,2002,,Aktuel værdi
Bagå 10,3790 Hasle,490.000,28-05-2003,"
Alm. Salg",8.166,3,Sommerhus,60,1967,,Aktuel værdi
Skovkanten 11. L29,3790 Hasle,1.258.000,25-05-2003,"
Alm. Salg",10.227,5,Sommerhus,123,2004,,Aktuel værdi
Nørregade 17,3790 Hasle,1.265.000,23-05-2003,"
Alm. Salg",-,7,Villa,221,1988,,Aktuel værdi
Hasle Marina 34,3790 Hasle,1.525.000,22-05-2003,"
Alm. Salg",13.146,4,Rækkehus,116,2003,,Aktuel værdi
Hasle Marina 50,3790 Hasle,1.185.000,22-05-2003,"
Alm. Salg",13.166,4,Rækkehus,90,2003,,Aktuel værdi
Hasle Marina 52,3790 Hasle,1.585.000,22-05-2003,"
Alm. Salg",12.680,5,Rækkehus,125,2003,,Aktuel værdi
Hasle Marina 36,3790 Hasle,1.695.000,19-05-2003,"
Alm. Salg",13.242,6,Rækkehus,128,2003,,Aktuel værdi
Hasle Marina 48,3790 Hasle,1.185.000,19-05-2003,"
Alm. Salg",13.166,4,Rækkehus,90,2003,,Aktuel værdi
Korsgade 13,3790 Hasle,249.000,01-05-2003,"
Fam. Salg",2.929,5,Villa,85,1901,,Aktuel værdi
Julegade 2C,3790 Hasle,750.000,28-04-2003,"
Alm. Salg",-,5,Villa,169,1860,,Aktuel værdi
Heroldsgade 3,3790 Hasle,594.516,23-04-2003,"
Alm. Salg",6.605,3,Rækkehus,90,1927,,Aktuel værdi
Byledsgade 7,3790 Hasle,250.000,22-04-2003,"
Alm. Salg",-,4,Villa,159,1911,,Aktuel værdi
Krummeledvej 6,3790 Hasle,525.000,26-03-2003,"
Alm. Salg",3.977,5,Villa,132,1910,,Aktuel værdi
Toldbodgade 6,3790 Hasle,210.000,13-03-2003,"
Alm. Salg",3.000,3,Rækkehus,70,1900,,Aktuel værdi
Hoglebjergvej 1,3790 Hasle,875.000,04-03-2003,"
Alm. Salg",3.365,8,Stuehus,260,1916,,
Skovkanten 20. L41,3790 Hasle,1.158.000,25-02-2003,"
Alm. Salg",11.580,5,Sommerhus,100,2001,,Aktuel værdi
Fuglesangsvej 18,3790 Hasle,380.000,07-02-2003,"
Fam. Salg",2.171,6,Stuehus,175,1907,,
Sandløkkegade 10,3790 Hasle,790.000,30-01-2003,"
Alm. Salg",5.197,4,Villa,152,1900,,Aktuel værdi
Nørregade 35,3790 Hasle,2.050.000,30-01-2003,"
Alm. Salg",11.781,6,Villa,174,1988,,Aktuel værdi
Hasle Marina 30,3790 Hasle,1.235.000,28-01-2003,"
Alm. Salg",13.722,4,Rækkehus,90,2003,,Aktuel værdi
Sildetorvet 7,3790 Hasle,310.000,13-01-2003,"
Fam. Salg",3.924,4,Rækkehus,79,1700,,Aktuel værdi
Ellebakken 5,3790 Hasle,460.000,10-01-2003,"
Alm. Salg",4.423,4,Villa,104,1967,,Aktuel værdi
Korsgade 20,3790 Hasle,280.000,02-01-2003,"
Alm. Salg",2.333,4,Rækkehus,120,1700,,Aktuel værdi
Gammeltoft 10,3790 Hasle,585.000,19-12-2002,"
Alm. Salg",-,6,Villa,163,1978,,Aktuel værdi
Kumlehøjvej 15,3790 Hasle,30.000,19-12-2002,"
Alm. Salg",200,5,Stuehus,150,1976,,
Borregærdet 6,3790 Hasle,595.000,04-12-2002,"
Alm. Salg",-,4,Sommerhus,53,1986,,Aktuel værdi
Borrelyngvej 3,3790 Hasle,373.279,04-12-2002,"
Andet",2.827,4,Stuehus,132,1900,,
Heroldsgade 1,3790 Hasle,465.000,04-12-2002,"
Alm. Salg",5.812,3,Rækkehus,80,1932,,Aktuel værdi
Toftekrogen 10,3790 Hasle,705.000,29-11-2002,"
Alm. Salg",4.638,5,Villa,152,1976,,Aktuel værdi
Hasle Søndergade 20,3790 Hasle,624.842,06-11-2002,"
Alm. Salg",4.221,5,Villa,148,1930,,Aktuel værdi
Damløkkevej 15,3790 Hasle,437.500,31-10-2002,"
Alm. Salg",4.419,3,Villa,99,1969,,Aktuel værdi
Svalhøjvej 60,3790 Hasle,275.000,27-10-2002,"
Alm. Salg",2.412,4,Villa,114,1949,,Aktuel værdi
Borrelyngvej 5,3790 Hasle,1.100.000,25-10-2002,"
Alm. Salg",7.189,5,Sommerhus,153,1952,,Aktuel værdi
Sandløkkegade 1B,3790 Hasle,375.000,16-10-2002,"
Alm. Salg",4.934,3,Rækkehus,76,1860,,Aktuel værdi
Hasle Marina 58,3790 Hasle,1.695.000,10-10-2002,"
Alm. Salg",12.649,6,Rækkehus,134,2003,,Aktuel værdi
Campanella 16,3790 Hasle,240.987,06-10-2002,"
Fam. Salg",5.476,3,Sommerhus,44,1942,,Aktuel værdi
Krakvej 9,3790 Hasle,420.000,04-10-2002,"
Alm. Salg",3.442,4,Sommerhus,122,1900,,Aktuel værdi
Fælledvej 58,3790 Hasle,150.000,21-09-2002,"
Alm. Salg",1.145,5,Sommerhus,131,1877,,Aktuel værdi
Kirkedalsvej 16,3790 Hasle,485.000,18-09-2002,"
Alm. Salg",2.921,4,Villa,166,1910,,Aktuel værdi
Mølleparken 16,3790 Hasle,1.230.000,03-09-2002,"
Alm. Salg",5.211,6,Villa,236,1986,,Aktuel værdi
Rosendalevej 2,3790 Hasle,440.000,27-08-2002,"
Alm. Salg",4.400,3,Villa,100,1850,,Aktuel værdi
Vystebyvej 2,3790 Hasle,128.310,23-08-2002,"
Alm. Salg",499,9,Stuehus,257,1920,,
Svalhøjvej 25,3790 Hasle,610.000,22-08-2002,"
Alm. Salg",3.910,5,Stuehus,156,1890,,
Jydegårdsvej 17,3790 Hasle,237.500,12-08-2002,"
Alm. Salg",2.473,4,Sommerhus,96,2001,,Aktuel værdi
Vang 38,3790 Hasle,2.785.000,01-08-2002,"
Alm. Salg",13.136,4,Villa,212,1984,,Aktuel værdi
Rubinvej 2. L15,3790 Hasle,1.258.000,08-06-2002,"
Alm. Salg",10.227,5,Sommerhus,123,2002,,Aktuel værdi
Halledalsvej 2,3790 Hasle,1.000.000,03-06-2002,"
Alm. Salg",5.555,7,Stuehus,180,1853,,
Krogholmsvej 4,3790 Hasle,475.000,27-05-2002,"
Alm. Salg",3.830,6,Stuehus,124,1955,,
Hasle Marina 40,3790 Hasle,1.185.000,22-05-2002,"
Alm. Salg",12.343,5,Rækkehus,96,2003,,Aktuel værdi
Skovkanten 2. L22,3790 Hasle,178.000,15-04-2002,"
Alm. Salg",1.459,5,Sommerhus,122,2012,,Aktuel værdi
Skovkanten 4. L23,3790 Hasle,178.000,15-04-2002,"
Alm. Salg",1.379,5,Sommerhus,129,2006,,Aktuel værdi
Kirkebyen 29,3790 Hasle,345.000,20-03-2002,"
Alm. Salg",3.080,4,Villa,112,1968,,Aktuel værdi
Strandgade 3,3790 Hasle,285.000,14-03-2002,"
Alm. Salg",-,5,Villa,132,1850,,Aktuel værdi
Vestergade 51,3790 Hasle,665.000,12-02-2002,"
Alm. Salg",5.683,7,Villa,117,1900,,Aktuel værdi
Ved Brønden 22,3790 Hasle,442.000,10-02-2002,"
Fam. Salg",7.245,4,Sommerhus,61,1984,,Aktuel værdi
Borrelyngvej 7,3790 Hasle,2.650.000,31-01-2002,"
Alm. Salg",9.962,7,Stuehus,266,1917,,
Toftelunden 38,3790 Hasle,935.000,15-01-2002,"
Alm. Salg",5.312,6,Villa,176,1984,,Aktuel værdi
"Havnegade 4, ST. 3",3790 Hasle,160.000,04-12-2001,"
Alm. Salg",3.200,2,Lejlighed,50,1910,,Aktuel værdi
Korsgade 11,3790 Hasle,564.000,01-12-2001,"
Alm. Salg",5.640,4,Rækkehus,100,1906,,Aktuel værdi
Østergade 4B,3790 Hasle,760.000,16-11-2001,"
Alm. Salg",-,8,Villa,250,1962,,Aktuel værdi
Fælledvej 60,3790 Hasle,331.500,08-11-2001,"
Fam. Salg",5.525,3,Sommerhus,60,1777,,Aktuel værdi
Rosendalevej 1,3790 Hasle,485.000,03-10-2001,"
Alm. Salg",5.159,4,Villa,94,1850,,Aktuel værdi
Pellegårdsvej 18,3790 Hasle,350.000,26-09-2001,"
Alm. Salg",3.846,2,Villa,91,1961,,Aktuel værdi
Baggårdsvej 24,3790 Hasle,498.000,18-09-2001,"
Alm. Salg",5.242,4,Villa,95,1900,,Aktuel værdi
Krakvej 14,3790 Hasle,450.000,16-09-2001,"
Alm. Salg",7.500,4,Sommerhus,60,1870,,
Kirkedalsvej 21,3790 Hasle,447.989,22-08-2001,"
Alm. Salg",2.966,6,Stuehus,151,1975,,
Kirkegade 11,3790 Hasle,390.000,17-08-2001,"
Andet",4.875,3,Rækkehus,80,1785,,Aktuel værdi
Storegade 26,3790 Hasle,330.000,03-08-2001,"
Alm. Salg",1.964,6,Rækkehus,168,1900,,Aktuel værdi
Storegade 25,3790 Hasle,345.000,30-07-2001,"
Alm. Salg",2.633,7,Rækkehus,131,1907,,Aktuel værdi
Storegade 23,3790 Hasle,327.000,29-07-2001,"
Alm. Salg",2.554,4,Rækkehus,128,1916,,Aktuel værdi
Løkkegade 6,3790 Hasle,574.411,19-07-2001,"
Alm. Salg",4.670,4,Rækkehus,123,1937,,Aktuel værdi
Storegade 30,3790 Hasle,425.000,05-07-2001,"
Alm. Salg",3.794,5,Rækkehus,112,1875,,Aktuel værdi
Gasværksvej 10,3790 Hasle,521.370,02-07-2001,"
Andet",4.739,4,Rækkehus,110,1909,,Aktuel værdi
"Storegade 22, 1",3790 Hasle,425.000,21-06-2001,"
Alm. Salg",3.057,5,Lejlighed,139,1877,,Aktuel værdi
Vestergade 4,3790 Hasle,377.000,21-06-2001,"
Alm. Salg",4.435,2,Villa,85,1895,,Aktuel værdi
Skovkanten 26,3790 Hasle,155.000,13-06-2001,"
Fam. Salg",2.924,3,Sommerhus,53,1985,,Aktuel værdi
Storegade 20A,3790 Hasle,210.000,23-05-2001,"
Alm. Salg",1.810,4,Rækkehus,116,1827,,Aktuel værdi
Fælledvej 10,3790 Hasle,135.000,22-05-2001,"
Alm. Salg",1.928,2,Villa,70,1880,,Aktuel værdi
Rubinvej 2. L019,3790 Hasle,945.000,14-05-2001,"
Alm. Salg",9.450,5,Sommerhus,100,2002,,Aktuel værdi
Teglkåsvej 36,3790 Hasle,1.078.000,09-05-2001,"
Alm. Salg",5.988,4,Villa,180,1917,,Aktuel værdi
Storegade 37C,3790 Hasle,240.000,02-05-2001,"
Alm. Salg",2.790,4,Rækkehus,86,1800,,Aktuel værdi
Simblegårdsvej 25,3790 Hasle,593.592,01-05-2001,"
Alm. Salg",3.372,6,Stuehus,176,1954,,
Fælledvej 47,3790 Hasle,456.000,26-04-2001,"
Alm. Salg",-,3,Villa,80,1959,,Aktuel værdi
Østergade 36,3790 Hasle,385.000,26-04-2001,"
Alm. Salg",3.208,5,Villa,120,1929,,Aktuel værdi
Skovkanten 36,3790 Hasle,106.668,15-04-2001,"
Alm. Salg",1.481,4,Sommerhus,72,2002,,Aktuel værdi
Fælledvej 57,3790 Hasle,330.000,28-03-2001,"
Alm. Salg",3.473,4,Rækkehus,95,1937,,Aktuel værdi
Ndr Tværgade 1,3790 Hasle,437.000,26-03-2001,"
Alm. Salg",3.641,4,Rækkehus,120,1850,,Aktuel værdi
Fælledvej 4B,3790 Hasle,285.000,04-03-2001,"
Alm. Salg",4.830,3,Rækkehus,59,1890,,Aktuel værdi
Sandløkkegade 14,3790 Hasle,403.000,02-03-2001,"
Alm. Salg",3.148,5,Rækkehus,128,1911,,Aktuel værdi
Paradisvej 16,3790 Hasle,795.000,22-02-2001,"
Alm. Salg",-,4,Sommerhus,100,1966,,Aktuel værdi
Kirkevej 2,3790 Hasle,1.320.000,23-01-2001,"
Alm. Salg",5.096,7,Villa,259,1877,,Aktuel værdi
Kirkedalsvej 14,3790 Hasle,330.000,28-12-2000,"
Alm. Salg",3.267,4,Villa,101,1953,,Aktuel værdi
Storegade 3A,3790 Hasle,175.000,08-12-2000,"
Alm. Salg",1.129,7,Villa,155,1900,,Aktuel værdi
Krakvej 3,3790 Hasle,180.000,02-12-2000,"
Alm. Salg",1.875,3,Sommerhus,96,1905,,Aktuel værdi
Ellebakken 1,3790 Hasle,585.000,12-11-2000,"
Alm. Salg",3.900,5,Villa,150,1966,,Aktuel værdi
Tofteløkken 8,3790 Hasle,760.000,07-11-2000,"
Alm. Salg",5.588,5,Villa,136,1976,,Aktuel værdi
Bagå 1,3790 Hasle,835.000,03-11-2000,"
Alm. Salg",6.900,4,Villa,121,1912,,Aktuel værdi
Kirkedalsvej 11,3790 Hasle,300.000,01-11-2000,"
Alm. Salg",2.343,6,Villa,128,1942,,Aktuel værdi
Havnegade 2,3790 Hasle,570.000,26-10-2000,"
Alm. Salg",4.672,5,Villa,122,1900,,Aktuel værdi
Brænderivej 12,3790 Hasle,760.000,09-10-2000,"
Alm. Salg",4.470,5,Villa,170,1973,,Aktuel værdi
Kirkevej 5,3790 Hasle,460.426,04-10-2000,"
Alm. Salg",3.069,6,Stuehus,150,1850,,
Skovkanten 16. L39,3790 Hasle,1.095.000,02-09-2000,"
Alm. Salg",10.950,5,Sommerhus,100,2001,,Aktuel værdi
Vestergade 11,3790 Hasle,424.590,01-09-2000,"
Alm. Salg",3.968,3,Rækkehus,107,1912,,Aktuel værdi
Udmarksvej 8,3790 Hasle,1.030.000,11-08-2000,"
Fam. Salg",7.357,5,Stuehus,140,1900,,
Campanella 3,3790 Hasle,475.000,31-07-2000,"
Fam. Salg",9.895,3,Sommerhus,48,1970,,Aktuel værdi
Borrelyngvej 35,3790 Hasle,440.000,12-07-2000,"
Alm. Salg",2.404,6,Stuehus,183,1841,,
Storegade 66,3790 Hasle,360.000,12-07-2000,"
Alm. Salg",-,8,Villa,150,1827,,Aktuel værdi
Gammeltoft 3,3790 Hasle,676.000,04-07-2000,"
Alm. Salg",6.035,4,Villa,112,1977,,Aktuel værdi
Toftelunden 40,3790 Hasle,637.718,04-07-2000,"
Alm. Salg",5.745,5,Villa,111,1982,,Aktuel værdi
Klympen 2,3790 Hasle,385.000,03-07-2000,"
Alm. Salg",5.746,5,Sommerhus,67,1977,,Aktuel værdi
Malerstræde 2,3790 Hasle,287.000,23-06-2000,"
Alm. Salg",4.484,3,Villa,64,1960,,Aktuel værdi
Kirkebyen 36,3790 Hasle,500.000,19-06-2000,"
Alm. Salg",3.906,6,Stuehus,128,1862,,
Klympen 6,3790 Hasle,380.000,16-06-2000,"
Alm. Salg",-,4,Sommerhus,75,1977,,Aktuel værdi
Løkkegade 4,3790 Hasle,290.000,13-06-2000,"
Alm. Salg",3.815,3,Rækkehus,76,1938,,Aktuel værdi
Jydegårdsvej 6,3790 Hasle,360.000,24-05-2000,"
Alm. Salg",4.000,4,Stuehus,90,1930,,
Krummeledvej 2,3790 Hasle,261.770,16-05-2000,"
Alm. Salg",-,7,Stuehus,214,1877,,
Hasle Søndergade 4,3790 Hasle,150.000,08-05-2000,"
Alm. Salg",1.315,4,Rækkehus,114,1890,,Aktuel værdi
Storegade 21,3790 Hasle,575.000,03-05-2000,"
Alm. Salg",2.405,9,Rækkehus,239,1895,,Aktuel værdi
Fuglebakken 5,3790 Hasle,565.403,17-04-2000,"
Alm. Salg",10.280,4,Sommerhus,55,1978,,Aktuel værdi
Dambakken 15,3790 Hasle,225.000,24-02-2000,"
Alm. Salg",-,4,Rækkehus,94,1948,,Aktuel værdi
Vang 66,3790 Hasle,220.000,10-02-2000,"
Alm. Salg",4.400,4,Rækkehus,50,1900,,Aktuel værdi
Grønnegade 2,3790 Hasle,1.450.000,26-01-2000,"
Alm. Salg",18.125,3,Rækkehus,80,1989,,Aktuel værdi
Grønnegade 4,3790 Hasle,1.450.000,26-01-2000,"
Alm. Salg",18.125,3,Rækkehus,80,1989,,Aktuel værdi
Grønnegade 6,3790 Hasle,1.450.000,26-01-2000,"
Alm. Salg",18.125,3,Rækkehus,80,1989,,Aktuel værdi
Storegade 37A,3790 Hasle,1.450.000,26-01-2000,"
Alm. Salg",15.934,3,Rækkehus,91,1800,,Aktuel værdi
Udmarksvej 1,3790 Hasle,665.000,27-12-1999,"
Alm. Salg",10.390,3,Sommerhus,64,1827,,Aktuel værdi
Skråvej 2,3790 Hasle,532.400,10-12-1999,"
Alm. Salg",3.095,6,Stuehus,172,1955,,
Skovkanten 25,3790 Hasle,160.049,08-12-1999,"
Alm. Salg",1.739,3,Sommerhus,92,2008,,Aktuel værdi
Søndre Bæk 8,3790 Hasle,545.000,04-12-1999,"
Alm. Salg",6.411,4,Villa,85,1937,,Aktuel værdi
Storegade 24,3790 Hasle,176.203,29-11-1999,"
Alm. Salg",1.587,3,Rækkehus,111,1900,,Aktuel værdi
Østergade 4A,3790 Hasle,342.947,22-11-1999,"
Alm. Salg",6.595,2,Sommerhus,52,1959,,Aktuel værdi
Ellebakken 2,3790 Hasle,732.000,17-11-1999,"
Alm. Salg",6.203,4,Villa,118,1983,,Aktuel værdi
Kirkegade 13,3790 Hasle,495.000,01-11-1999,"
Alm. Salg",6.689,3,Rækkehus,74,1785,,Aktuel værdi
Kirkedalsvej 17,3790 Hasle,531.547,30-10-1999,"
Alm. Salg",3.108,8,Stuehus,171,1850,,
Svalhøjvej 64,3790 Hasle,380.000,26-10-1999,"
Alm. Salg",-,5,Stuehus,220,1885,,
Storegade 1,3790 Hasle,70.000,06-10-1999,"
Alm. Salg",510,7,Villa,137,1880,,Aktuel værdi
Teglkåsvej 6,3790 Hasle,1.560.010,05-10-1999,"
Alm. Salg",7.323,7,Villa,213,1922,,Aktuel værdi
Ndr Tværgade 5,3790 Hasle,99.390,22-09-1999,"
Andet",928,3,Villa,107,1827,,Aktuel værdi
Fuglebakken 28,3790 Hasle,235.773,06-09-1999,"
Fam. Salg",2.619,4,Sommerhus,90,1973,,Aktuel værdi
Toftelunden 8,3790 Hasle,90.640,01-09-1999,"
Alm. Salg",708,5,Villa,128,2000,,Aktuel værdi
Teglkåsvej 10,3790 Hasle,630.000,11-08-1999,"
Alm. Salg",-,5,Villa,86,1878,,Aktuel værdi
Vang 54,3790 Hasle,707.000,19-07-1999,"
Alm. Salg",-,5,Villa,148,1937,,Aktuel værdi
Nørregade 6,3790 Hasle,409.931,09-07-1999,"
Alm. Salg",1.673,5,Rækkehus,245,1900,,Aktuel værdi
Storegade 84,3790 Hasle,900.000,07-07-1999,"
Alm. Salg",-,10,Villa,281,1890,,Aktuel værdi
Hasle Søndergade 2,3790 Hasle,374.000,05-07-1999,"
Alm. Salg",3.816,4,Rækkehus,98,1835,,Aktuel værdi
Kumlehøjvej 16,3790 Hasle,98.000,29-06-1999,"
Alm. Salg",657,5,Stuehus,149,1870,,
Østergade 1C,3790 Hasle,493.480,16-06-1999,"
Alm. Salg",2.937,6,Villa,168,1912,,Aktuel værdi
Østergade 25,3790 Hasle,150.000,11-06-1999,"
Alm. Salg",1.546,4,Rækkehus,97,1927,,Aktuel værdi
Borrelyngvej 23,3790 Hasle,76.500,08-06-1999,"
Andet",357,7,Stuehus,214,1936,,
Rådhusgade 1A,3790 Hasle,285.000,01-06-1999,"
Alm. Salg",-,8,Rækkehus,176,1887,,Aktuel værdi
Borregærdet 11,3790 Hasle,441.980,26-05-1999,"
Alm. Salg",8.839,3,Sommerhus,50,1982,,Aktuel værdi
Sandløkkegade 7,3790 Hasle,165.000,05-05-1999,"
Alm. Salg",-,5,Rækkehus,125,1900,,Aktuel værdi
Campanella 7,3790 Hasle,260.000,03-05-1999,"
Alm. Salg",8.387,3,Sommerhus,31,1942,,Aktuel værdi
Vandmøllevej 1,3790 Hasle,1.200.000,14-04-1999,"
Alm. Salg",5.633,6,Villa,213,1973,,Aktuel værdi
Løkken 2,3790 Hasle,625.000,29-03-1999,"
Alm. Salg",3.453,5,Villa,181,1890,,Aktuel værdi
Borrelyngvej 37,3790 Hasle,380.000,11-03-1999,"
Alm. Salg",3.392,5,Villa,112,1870,,Aktuel værdi
Toftelunden 20,3790 Hasle,820.000,08-03-1999,"
Alm. Salg",4.079,6,Villa,201,1978,,Aktuel værdi
Rosendalevej 14,3790 Hasle,6.101.556,03-03-1999,"
Andet",63.557,3,Stuehus,96,1949,,
Knarregårdsvej 19,3790 Hasle,300.000,02-03-1999,"
Alm. Salg",1.986,6,Villa,151,1978,,Aktuel værdi
Mølleparken 15,3790 Hasle,397.500,27-01-1999,"
Andet",2.944,5,Villa,135,1986,,Aktuel værdi
Jons Kapelvej 1,3790 Hasle,16.675,30-12-1998,"
Fam. Salg",61,8,Stuehus,270,1864,,
Fuglesangsvej 16,3790 Hasle,310.000,16-12-1998,"
Alm. Salg",-,5,Villa,138,1800,,Aktuel værdi
Dambakken 18,3790 Hasle,430.242,25-11-1998,"
Alm. Salg",3.983,4,Villa,108,1964,,Aktuel værdi
Finnedalsvej 4,3790 Hasle,527.297,26-10-1998,"
Alm. Salg",4.750,6,Villa,111,1941,,Aktuel værdi
Nørregade 25,3790 Hasle,253.480,21-10-1998,"
Alm. Salg",2.347,4,Rækkehus,108,1937,,Aktuel værdi
Damløkkevej 6,3790 Hasle,561.000,13-10-1998,"
Alm. Salg",4.250,5,Villa,132,1965,,Aktuel værdi
Gasværksvej 4,3790 Hasle,347.000,12-10-1998,"
Alm. Salg",3.691,6,Rækkehus,94,1895,,Aktuel værdi
Storegade 37B,3790 Hasle,585.000,24-09-1998,"
Alm. Salg",6.573,2,Rækkehus,89,1800,,Aktuel værdi
Sandløkkegade 18,3790 Hasle,149.926,10-09-1998,"
Alm. Salg",1.629,3,Rækkehus,92,1912,,Aktuel værdi
Kirkebyen 21,3790 Hasle,175.000,09-09-1998,"
Alm. Salg",1.315,5,Villa,133,1944,,Aktuel værdi
Hasle Søndergade 18,3790 Hasle,447.760,04-09-1998,"
Alm. Salg",4.713,5,Rækkehus,95,1915,,Aktuel værdi
Ellebakken 6,3790 Hasle,660.000,04-09-1998,"
Alm. Salg",6.055,4,Villa,109,1965,,Aktuel værdi
Pellegårdsvej 6,3790 Hasle,185.000,11-08-1998,"
Alm. Salg",1.761,4,Sommerhus,105,1877,,Aktuel værdi
Storegade 4,3790 Hasle,486.600,29-07-1998,"
Alm. Salg",3.265,5,Villa,149,1890,,Aktuel værdi
Klympen 21,3790 Hasle,524.000,20-07-1998,"
Alm. Salg",6.550,4,Sommerhus,80,1975,,Aktuel værdi
Vestergade 57,3790 Hasle,315.000,16-07-1998,"
Alm. Salg",3.058,2,Rækkehus,103,1830,,Aktuel værdi
Kirkebyen 14,3790 Hasle,294.300,30-06-1998,"
Alm. Salg",2.452,4,Villa,120,1930,,Aktuel værdi
Teglkåsvej 26,3790 Hasle,550.000,09-06-1998,"
Alm. Salg",3.503,5,Villa,157,1870,,Aktuel værdi
Nørregade 4,3790 Hasle,367.803,02-06-1998,"
Alm. Salg",3.226,4,Rækkehus,114,1900,,Aktuel værdi
Pellegårdsvej 14,3790 Hasle,284.180,22-05-1998,"
Alm. Salg",3.343,3,Villa,85,1875,,Aktuel værdi
Strandgade 19,3790 Hasle,300.000,20-05-1998,"
Alm. Salg",2.678,4,Villa,112,1899,,Aktuel værdi
Vang 77,3790 Hasle,320.000,27-04-1998,"
Alm. Salg",3.200,4,Villa,100,1900,,Aktuel værdi
Strandvejen 4,3790 Hasle,386.000,14-04-1998,"
Alm. Salg",5.361,3,Villa,72,1960,,Aktuel værdi
Brænderivej 11,3790 Hasle,627.420,14-04-1998,"
Alm. Salg",5.552,4,Villa,113,1971,,Aktuel værdi
Rådhusgade 6,3790 Hasle,183.000,14-04-1998,"
Alm. Salg",2.346,3,Rækkehus,78,1870,,Aktuel værdi
Vang 56,3790 Hasle,900.000,14-04-1998,"
Alm. Salg",6.428,5,Villa,140,1827,,Aktuel værdi
Vang 34,3790 Hasle,393.880,06-04-1998,"
Alm. Salg",3.647,4,Villa,108,1937,,Aktuel værdi
Dambakken 9,3790 Hasle,215.000,06-04-1998,"
Alm. Salg",2.150,2,Rækkehus,100,1948,,Aktuel værdi
Østergade 13,3790 Hasle,244.419,31-03-1998,"
Alm. Salg",3.133,4,Rækkehus,78,1925,,Aktuel værdi
Smedestræde 2,3790 Hasle,518.321,26-03-1998,"
Alm. Salg",4.430,6,Rækkehus,117,1877,,Aktuel værdi
Fuglebakken 32,3790 Hasle,293.256,25-02-1998,"
Alm. Salg",5.331,4,Sommerhus,55,1973,,Aktuel værdi
Toftebakken 6,3790 Hasle,770.050,12-02-1998,"
Alm. Salg",4.843,6,Villa,159,1973,,Aktuel værdi
Østergade 44,3790 Hasle,432.050,10-02-1998,"
Alm. Salg",4.235,4,Villa,102,1915,,Aktuel værdi
Svalhøjvej 36,3790 Hasle,560.000,09-02-1998,"
Alm. Salg",4.745,4,Villa,118,1912,,Aktuel værdi
Sandløkkegade 6,3790 Hasle,323.000,26-01-1998,"
Alm. Salg",3.755,4,Rækkehus,86,1900,,Aktuel værdi
Hasle Søndergade 15,3790 Hasle,482.520,14-01-1998,"
Alm. Salg",4.195,5,Rækkehus,115,1954,,Aktuel værdi
Ved Brønden 24,3790 Hasle,130.000,29-12-1997,"
Alm. Salg",1.444,4,Sommerhus,90,1999,,Aktuel værdi
Toftelunden 36,3790 Hasle,882.200,13-12-1997,"
Alm. Salg",5.445,6,Villa,162,1984,,Aktuel værdi
Vang 44,3790 Hasle,335.000,12-12-1997,"
Alm. Salg",-,4,Sommerhus,60,1976,,Aktuel værdi
Gasværksvej 7,3790 Hasle,292.000,09-12-1997,"
Fam. Salg",4.112,3,Rækkehus,71,1948,,Aktuel værdi
Fuglebakken 8,3790 Hasle,300.000,18-11-1997,"
Alm. Salg",5.454,4,Sommerhus,55,1973,,Aktuel værdi
Knarregårdsvej 4,3790 Hasle,425.000,07-11-1997,"
Alm. Salg",1.958,7,Villa,217,1777,,Aktuel værdi
Strandvejen 1,3790 Hasle,1.586.000,04-11-1997,"
Alm. Salg",8.217,6,Villa,193,1931,,Aktuel værdi
Kirkegade 15,3790 Hasle,475.000,25-10-1997,"
Alm. Salg",3.104,5,Villa,153,1877,,Aktuel værdi
Fælledvej 14,3790 Hasle,230.572,29-09-1997,"
Alm. Salg",2.452,3,Rækkehus,94,1923,,Aktuel værdi
Simblegårdsvej 26,3790 Hasle,556.000,11-09-1997,"
Alm. Salg",1.853,5,Villa,300,1961,,Aktuel værdi
Fuglesangsvej 7,3790 Hasle,574.410,05-08-1997,"
Alm. Salg",4.045,5,Stuehus,142,1902,,
Østergade 24,3790 Hasle,619.822,14-07-1997,"
Alm. Salg",-,3,Rækkehus,89,1885,,Aktuel værdi
Julegade 3,3790 Hasle,408.960,25-06-1997,"
Alm. Salg",3.271,3,Rækkehus,125,1937,,Aktuel værdi
Brænderivej 21,3790 Hasle,618.220,24-06-1997,"
Alm. Salg",5.470,4,Villa,113,1973,,Aktuel værdi
Vestergade 61,3790 Hasle,345.000,13-06-1997,"
Andet",4.207,3,Rækkehus,82,1850,,Aktuel værdi
Levkavej 6,3790 Hasle,317.440,03-06-1997,"
Alm. Salg",2.713,4,Sommerhus,117,1932,,Aktuel værdi
Kirkevej 19,3790 Hasle,256.640,28-05-1997,"
Alm. Salg",2.820,4,Villa,91,1958,,Aktuel værdi
Hasle Nygade 2,3790 Hasle,750.000,26-04-1997,"
Fam. Salg",4.601,8,Villa,163,1850,,Aktuel værdi
Borrelyngvej 28,3790 Hasle,535.000,24-04-1997,"
Alm. Salg",-,5,Stuehus,176,1932,,
Rosendalevej 22,3790 Hasle,180.000,09-04-1997,"
Alm. Salg",2.903,1,Villa,62,1877,,Aktuel værdi
Ringedalsvej 2,3790 Hasle,355.000,07-04-1997,"
Alm. Salg",2.500,4,Villa,142,1952,,Aktuel værdi
Fuglesangsvej 13,3790 Hasle,371.220,02-04-1997,"
Alm. Salg",3.535,4,Villa,105,1850,,Aktuel værdi
Toftebakken 15,3790 Hasle,680.100,06-03-1997,"
Alm. Salg",5.000,5,Villa,136,1976,,Aktuel værdi
Hasle Nygade 8,3790 Hasle,339.375,03-03-1997,"
Alm. Salg",3.649,3,Villa,93,1908,,Aktuel værdi
Bagå 5,3790 Hasle,349.400,17-02-1997,"
Alm. Salg",4.313,3,Villa,81,1937,,Aktuel værdi
"Storegade 48, 1",3790 Hasle,313.415,30-12-1996,"
Alm. Salg",2.089,6,Lejlighed,150,1912,,Aktuel værdi
Bagå 6,3790 Hasle,365.000,19-12-1996,"
Alm. Salg",-,3,Sommerhus,60,1966,,Aktuel værdi
Klympen 33,3790 Hasle,190.000,12-12-1996,"
Alm. Salg",5.428,2,Sommerhus,35,1963,,Aktuel værdi
Fuglebakken 9,3790 Hasle,425.000,28-11-1996,"
Alm. Salg",5.519,5,Sommerhus,77,1982,,Aktuel værdi
Damløkkevej 5,3790 Hasle,282.500,25-11-1996,"
Fam. Salg",2.522,3,Villa,112,1969,,Aktuel værdi
Hasselvej 5,3790 Hasle,670.450,08-11-1996,"
Alm. Salg",4.440,5,Villa,151,1970,,Aktuel værdi
Brænderivej 17,3790 Hasle,550.000,23-10-1996,"
Alm. Salg",4.867,3,Villa,113,1973,,Aktuel værdi
Nørre Krak 4,3790 Hasle,60.000,10-10-1996,"
Alm. Salg",576,3,Villa,104,1930,,Aktuel værdi
Fælledvej 12,3790 Hasle,425.000,07-10-1996,"
Alm. Salg",3.695,3,Rækkehus,115,1914,,Aktuel værdi
Gasværksvej 11,3790 Hasle,210.000,26-09-1996,"
Alm. Salg",-,5,Villa,177,1906,,Aktuel værdi
Krakvej 11,3790 Hasle,90.200,19-09-1996,"
Alm. Salg",859,4,Villa,105,1935,,Aktuel værdi
Mølleparken 4,3790 Hasle,82.500,19-09-1996,"
Alm. Salg",730,4,Villa,113,1996,,Aktuel værdi
Teglkåsvej 16,3790 Hasle,375.000,31-08-1996,"
Alm. Salg",4.032,6,Sommerhus,93,1877,,Aktuel værdi
Pellegårdsvej 28,3790 Hasle,306.000,31-08-1996,"
Fam. Salg",2.781,4,Sommerhus,110,1927,,Aktuel værdi
Kirkedalsvej 28,3790 Hasle,653.971,25-08-1996,"
Fam. Salg",3.633,6,Stuehus,180,1930,,
Halledalsvej 1,3790 Hasle,361.100,04-07-1996,"
Alm. Salg",3.540,4,Stuehus,102,1877,,
Storegade 9,3790 Hasle,536.510,01-07-1996,"
Alm. Salg",5.208,5,Villa,103,1900,,Aktuel værdi
Korsgade 8,3790 Hasle,346.720,24-06-1996,"
Alm. Salg",-,5,Rækkehus,96,1877,,Aktuel værdi
Vestergade 5,3790 Hasle,288.700,20-06-1996,"
Alm. Salg",3.436,3,Rækkehus,84,1919,,Aktuel værdi
Teglkåsvej 70,3790 Hasle,699.680,15-06-1996,"
Alm. Salg",4.428,6,Villa,158,1872,,Aktuel værdi
Storegade 74,3790 Hasle,383.640,03-06-1996,"
Alm. Salg",3.761,4,Villa,102,1888,,Aktuel værdi
Campanella 11,3790 Hasle,302.000,31-05-1996,"
Alm. Salg",6.565,3,Sommerhus,46,1967,,Aktuel værdi
Dambakken 17,3790 Hasle,265.000,30-05-1996,"
Alm. Salg",3.397,3,Rækkehus,78,1948,,Aktuel værdi
Campanella 5,3790 Hasle,488.000,23-05-1996,"
Alm. Salg",5.362,4,Sommerhus,91,1942,,Aktuel værdi
Hasselvej 10,3790 Hasle,585.000,06-05-1996,"
Alm. Salg",3.874,5,Villa,151,1972,,Aktuel værdi
Østergade 3,3790 Hasle,200.000,23-04-1996,"
Alm. Salg",1.960,3,Rækkehus,102,1913,,Aktuel værdi
Vang 50,3790 Hasle,383.000,17-04-1996,"
Alm. Salg",-,7,Villa,245,1873,,Aktuel værdi
Kirkegade 25,3790 Hasle,479.000,02-04-1996,"
Alm. Salg",3.236,5,Villa,148,1880,,Aktuel værdi
Tofte 3,3790 Hasle,313.000,01-03-1996,"
Alm. Salg",2.129,7,Rækkehus,147,1900,,Aktuel værdi
Fælledvej 11,3790 Hasle,222.480,29-02-1996,"
Alm. Salg",1.765,5,Rækkehus,126,1900,,Aktuel værdi
Krakvej 6,3790 Hasle,187.000,15-02-1996,"
Alm. Salg",2.671,3,Villa,70,1910,,Aktuel værdi
Toftelunden 28,3790 Hasle,678.519,12-02-1996,"
Alm. Salg",5.026,5,Villa,135,1985,,Aktuel værdi
Nørregade 19,3790 Hasle,450.000,24-01-1996,"
Alm. Salg",4.411,4,Rækkehus,102,1872,,Aktuel værdi
Østergade 27,3790 Hasle,335.000,15-01-1996,"
Alm. Salg",3.453,4,Villa,97,1960,,Aktuel værdi
