address,zip_code,price,sell_date,sell_type,price_per_sq_m,no_rooms,housing_type,size_in_sq_m,year_of_construction,price_change_in_pct
Jystrup Leragervej 9,4174 Jystrup Midtsj,2.075.000,11-05-2017,"
Alm. Salg",11.925,6,Villa,174,1969,-5 %,Aktuel værdi
Valsømaglevej 112,4174 Jystrup Midtsj,730.000,20-04-2017,"
Alm. Salg",4.371,6,Villa,167,1900,-18 %,Aktuel værdi
Jystrup Bygade 22,4174 Jystrup Midtsj,781.000,17-03-2017,"
Andet",4.943,4,Villa,158,1850,,Aktuel værdi
Skjoldenæsvej 22,4174 Jystrup Midtsj,1.595.000,08-03-2017,"
Alm. Salg",18.764,3,Villa,85,1959,0 %,Aktuel værdi
Jystrup Leragervej 11,4174 Jystrup Midtsj,1.615.000,23-02-2017,"
Alm. Salg",13.347,5,Villa,121,1965,-2 %,Aktuel værdi
Egemosevej 26,4174 Jystrup Midtsj,2.420.000,20-02-2017,"
Alm. Salg",11.747,9,Villa,206,1962,-3 %,Aktuel værdi
Avnsbjergvej 14,4174 Jystrup Midtsj,1.400.000,14-02-2017,"
Alm. Salg",12.727,5,Villa,110,1953,-6 %,Aktuel værdi
Ålbækvej 11,4174 Jystrup Midtsj,1.425.000,22-12-2016,"
Alm. Salg",10.401,4,Villa,137,1920,-5 %,Aktuel værdi
Egemosevej 16,4174 Jystrup Midtsj,1.545.000,21-12-2016,"
Alm. Salg",13.552,4,Villa,114,1907,-3 %,Aktuel værdi
Roskildevej 603,4174 Jystrup Midtsj,2.300.000,16-12-2016,"
Alm. Salg",17.968,3,Stuehus,128,1890,-4 %,
Skjoldenæsvej 4,4174 Jystrup Midtsj,600.000,28-11-2016,"
Alm. Salg",6.741,3,Villa,89,1961,-14 %,Aktuel værdi
Nyvej 13,4174 Jystrup Midtsj,1.695.000,21-11-2016,"
Alm. Salg",12.021,6,Villa,141,1955,-6 %,Aktuel værdi
Bymarken 10,4174 Jystrup Midtsj,1.650.000,21-11-2016,"
Alm. Salg",15.277,4,Rækkehus,108,2009,-3 %,Aktuel værdi
Slettebjergvej 9,4174 Jystrup Midtsj,2.375.000,15-10-2016,"
Alm. Salg",15.833,3,Villa,150,2012,-5 %,Aktuel værdi
Langbrinken 11,4174 Jystrup Midtsj,872.000,11-10-2016,"
Alm. Salg",9.083,4,Villa,96,1968,,Aktuel værdi
"Nebsmøllevej 105, 1. TV",4174 Jystrup Midtsj,1.230.000,04-10-2016,"
Alm. Salg",11.714,4,Lejlighed,105,1932,-1 %,Aktuel værdi
Svalmstrupvej 19,4174 Jystrup Midtsj,800.000,06-09-2016,"
Alm. Salg",4.878,8,Villa,164,1928,-11 %,Aktuel værdi
Avnsbjergvej 54,4174 Jystrup Midtsj,600.000,09-08-2016,"
Alm. Salg",6.060,3,Villa,99,1963,,Aktuel værdi
Lundsgård Bakke 1,4174 Jystrup Midtsj,1.900.000,09-06-2016,"
Alm. Salg",17.592,4,Villa,108,2010,-5 %,Aktuel værdi
Jungsøvej 16,4174 Jystrup Midtsj,450.000,17-05-2016,"
Alm. Salg",11.538,3,Sommerhus,39,1960,-9 %,Aktuel værdi
Egemosevej 45,4174 Jystrup Midtsj,1.100.000,13-05-2016,"
Alm. Salg",9.243,4,Villa,119,1977,,Aktuel værdi
Ålbækvej 26,4174 Jystrup Midtsj,3.995.000,11-05-2016,"
Alm. Salg",24.660,4,Stuehus,162,1912,0 %,
Enghusene 2,4174 Jystrup Midtsj,2.160.000,27-04-2016,"
Alm. Salg",15.539,4,Villa,139,2000,-6 %,Aktuel værdi
Høedvej 59,4174 Jystrup Midtsj,302.400,17-03-2016,"
Alm. Salg",1.433,8,Stuehus,211,1852,,
Høedvej 63,4174 Jystrup Midtsj,3.300.000,25-01-2016,"
Alm. Salg",15.714,5,Stuehus,210,1870,-8 %,
Hovmarksbakken 5,4174 Jystrup Midtsj,150.000,19-01-2016,"
Alm. Salg",1.086,5,Villa,138,1968,,Aktuel værdi
Møllebjergvej 36,4174 Jystrup Midtsj,16.000.000,04-01-2016,"
Alm. Salg",152.380,5,Villa,105,1890,,Aktuel værdi
Jungsøvej 14,4174 Jystrup Midtsj,1.925.175,20-11-2015,"
Alm. Salg",13.557,7,Villa,142,1959,-4 %,Aktuel værdi
Lundsgård Bakke 13,4174 Jystrup Midtsj,2.995.000,19-11-2015,"
Alm. Salg",17.514,4,Villa,171,2013,0 %,Aktuel værdi
Oldenvej 23,4174 Jystrup Midtsj,3.850.000,16-11-2015,"
Alm. Salg",36.666,4,Stuehus,105,1877,-14 %,
Slettebjergvej 49,4174 Jystrup Midtsj,1.075.000,28-10-2015,"
Alm. Salg",7.624,5,Villa,141,1962,-10 %,Aktuel værdi
Bymarken 6,4174 Jystrup Midtsj,1.375.000,07-10-2015,"
Alm. Salg",15.277,3,Rækkehus,90,2009,0 %,Aktuel værdi
Høedvej 31,4174 Jystrup Midtsj,2.110.000,23-09-2015,"
Alm. Salg",15.514,5,Villa,136,1852,-4 %,Aktuel værdi
Knud Lavardsvej 100,4174 Jystrup Midtsj,3.100.000,16-09-2015,"
Alm. Salg",11.151,8,Villa,278,1830,,Aktuel værdi
Ellebæksvej 1,4174 Jystrup Midtsj,1.700.000,31-08-2015,"
Alm. Salg",11.111,5,Villa,153,1965,-5 %,Aktuel værdi
Skjoldenæsvej 3,4174 Jystrup Midtsj,1.700.000,07-08-2015,"
Alm. Salg",6.692,7,Villa,254,1892,-15 %,Aktuel værdi
Skjoldenæsvej 30,4174 Jystrup Midtsj,2.830.000,24-07-2015,"
Alm. Salg",23.388,5,Villa,121,1950,-6 %,Aktuel værdi
Ålbæk Huse 49,4174 Jystrup Midtsj,906.500,10-07-2015,"
Alm. Salg",4.696,6,Villa,193,2016,52 %,Aktuel værdi
Egemosevej 27,4174 Jystrup Midtsj,675.000,08-07-2015,"
Andet",4.623,6,Villa,146,1955,-60 %,Aktuel værdi
Slettebjergvej 61,4174 Jystrup Midtsj,2.650.000,05-07-2015,"
Alm. Salg",9.137,11,Villa,290,1837,-4 %,Aktuel værdi
Jystrup Vinkelvej 9,4174 Jystrup Midtsj,1.321.782,09-06-2015,"
Fam. Salg",10.167,5,Villa,130,1932,,Aktuel værdi
Ålbækvej 32,4174 Jystrup Midtsj,1.750.000,03-06-2015,"
Alm. Salg",12.681,6,Villa,138,1948,-3 %,Aktuel værdi
Høedvej 50,4174 Jystrup Midtsj,3.400.000,18-05-2015,"
Alm. Salg",15.525,9,Stuehus,219,1900,-7 %,
Møllebjergvej 23,4174 Jystrup Midtsj,1.245.000,25-04-2015,"
Alm. Salg",17.535,2,Villa,71,1877,-4 %,Aktuel værdi
Mortenstrupvej 51,4174 Jystrup Midtsj,5.295.000,23-04-2015,"
Alm. Salg",21.790,7,Stuehus,243,1978,0 %,
Egemosevej 50,4174 Jystrup Midtsj,1.400.000,24-03-2015,"
Auktion",6.862,5,Villa,204,1989,-6 %,Aktuel værdi
Mortenstrupvej 33,4174 Jystrup Midtsj,6.500.000,05-03-2015,"
Alm. Salg",26.000,7,Stuehus,250,1961,-7 %,
Høedvej 28,4174 Jystrup Midtsj,2.550.000,01-03-2015,"
Alm. Salg",15.361,4,Stuehus,166,1945,-15 %,
Skjoldenæsvej 8,4174 Jystrup Midtsj,2.850.000,28-02-2015,"
Alm. Salg",14.766,5,Villa,193,2005,-5 %,Aktuel værdi
Ålbækvej 4,4174 Jystrup Midtsj,2.085.000,28-02-2015,"
Alm. Salg",10.692,4,Villa,195,1897,-3 %,Aktuel værdi
Jystrup Bygade 10,4174 Jystrup Midtsj,2.250.000,04-02-2015,"
Alm. Salg",18.442,4,Villa,122,1915,-2 %,Aktuel værdi
Klaringen 11,4174 Jystrup Midtsj,3.000.000,29-11-2014,"
Alm. Salg",12.931,8,Villa,232,1887,-6 %,Aktuel værdi
Egemosevej 12B,4174 Jystrup Midtsj,400.000,12-11-2014,"
Alm. Salg",2.352,5,Villa,170,2017,,Aktuel værdi
Enghusene 22,4174 Jystrup Midtsj,2.695.000,28-10-2014,"
Alm. Salg",14.036,6,Villa,192,2001,0 %,Aktuel værdi
Valsømaglevej 92,4174 Jystrup Midtsj,90.000,21-10-2014,"
Alm. Salg",476,11,Stuehus,189,1840,,
Langbrinken 6,4174 Jystrup Midtsj,1.445.000,20-10-2014,"
Alm. Salg",7.727,7,Villa,187,1969,-9 %,Aktuel værdi
Hellehuse 8,4174 Jystrup Midtsj,3.195.000,15-10-2014,"
Alm. Salg",14.655,5,Villa,218,1877,-18 %,Aktuel værdi
Nebsmøllevej 77,4174 Jystrup Midtsj,1.220.000,29-09-2014,"
Alm. Salg",5.147,6,Villa,237,1934,-6 %,Aktuel værdi
Egemosevej 42,4174 Jystrup Midtsj,1.545.000,27-08-2014,"
Alm. Salg",6.180,9,Villa,250,1850,-3 %,Aktuel værdi
Egemosevej 35,4174 Jystrup Midtsj,777.000,18-08-2014,"
Alm. Salg",6.756,4,Villa,115,1958,-9 %,Aktuel værdi
Valsømaglevej 100,4174 Jystrup Midtsj,2.050.000,23-07-2014,"
Andet",16.803,4,Villa,122,1900,,Aktuel værdi
Hellehuse 16,4174 Jystrup Midtsj,18.132.000,05-05-2014,"
Alm. Salg",117.740,5,Stuehus,154,1930,,
Jystrup Leragervej 7,4174 Jystrup Midtsj,1.595.000,21-02-2014,"
Alm. Salg",11.814,4,Villa,135,1967,0 %,Aktuel værdi
Knud Lavardsvej 109,4174 Jystrup Midtsj,1.000.000,13-02-2014,"
Alm. Salg",10.638,1,Villa,94,2015,,Aktuel værdi
Jungsøvej 5,4174 Jystrup Midtsj,1.775.000,20-01-2014,"
Alm. Salg",12.769,4,Villa,139,1949,-4 %,Aktuel værdi
Nyvej 14,4174 Jystrup Midtsj,1.750.000,06-12-2013,"
Alm. Salg",10.606,6,Villa,165,1961,-10 %,Aktuel værdi
Lillevangsvej 10,4174 Jystrup Midtsj,1.115.000,28-11-2013,"
Alm. Salg",8.920,5,Villa,125,1962,-7 %,Aktuel værdi
Roskildevej 633,4174 Jystrup Midtsj,750.000,12-11-2013,"
Alm. Salg",4.901,5,Villa,153,1890,-25 %,Aktuel værdi
Roskildevej 570,4174 Jystrup Midtsj,790.000,10-10-2013,"
Alm. Salg",5.129,4,Villa,154,1930,-12 %,Aktuel værdi
Slettebjergvej 15,4174 Jystrup Midtsj,1.900.000,01-10-2013,"
Alm. Salg",7.983,4,Villa,238,1972,-2 %,Aktuel værdi
Skjoldenæsvej 132B,4174 Jystrup Midtsj,21.050.000,24-09-2013,"
Alm. Salg",198.584,3,Rækkehus,106,1877,,Aktuel værdi
Skjoldenæsvej 9,4174 Jystrup Midtsj,3.800.000,04-09-2013,"
Alm. Salg",12.881,10,Villa,295,1925,,Aktuel værdi
Jystrup Bygade 20,4174 Jystrup Midtsj,1.995.000,09-08-2013,"
Alm. Salg",9.366,5,Villa,213,1933,0 %,Aktuel værdi
Lundsgård Bakke 5,4174 Jystrup Midtsj,2.595.000,30-07-2013,"
Alm. Salg",13.586,6,Villa,191,2009,0 %,Aktuel værdi
Egemosevej 39G,4174 Jystrup Midtsj,2.362.000,04-06-2013,"
Alm. Salg",10.405,7,Villa,227,1940,,Aktuel værdi
Hellehuse 9,4174 Jystrup Midtsj,2.165.000,29-04-2013,"
Alm. Salg",16.156,5,Stuehus,134,1942,,
Høedvej 50B,4174 Jystrup Midtsj,580.000,07-03-2013,"
Alm. Salg",3.276,5,Villa,177,2017,,Aktuel værdi
Jystrup Bygade 26,4174 Jystrup Midtsj,5.000.000,11-01-2013,"
Alm. Salg",30.120,6,Stuehus,166,1959,,
Roskildevej 600,4174 Jystrup Midtsj,695.000,03-01-2013,"
Auktion",4.793,5,Villa,145,1900,,Aktuel værdi
Hellehuse 21,4174 Jystrup Midtsj,2.200.000,08-12-2012,"
Alm. Salg",8.764,8,Villa,251,1948,-12 %,Aktuel værdi
Mortenstrupvej 65,4174 Jystrup Midtsj,800.000,21-09-2012,"
Alm. Salg",16.000,2,Sommerhus,50,1964,0 %,Aktuel værdi
Høedvej 40,4174 Jystrup Midtsj,1.545.000,07-09-2012,"
Alm. Salg",11.529,4,Villa,134,1817,-11 %,Aktuel værdi
Egemosevej 1,4174 Jystrup Midtsj,3.000.000,22-06-2012,"
Alm. Salg",22.222,4,Stuehus,135,1850,,
Slettebjergvej 43,4174 Jystrup Midtsj,2.190.000,21-06-2012,"
Auktion",14.038,6,Stuehus,156,1900,-27 %,
Bymarken 5,4174 Jystrup Midtsj,850.000,19-06-2012,"
Alm. Salg",9.444,3,Rækkehus,90,2006,-15 %,Aktuel værdi
Jystrup Vinkelvej 10,4174 Jystrup Midtsj,1.645.000,11-06-2012,"
Alm. Salg",13.266,5,Villa,124,1929,-3 %,Aktuel værdi
Jystrup Bygade 5,4174 Jystrup Midtsj,701.250,20-04-2012,"
Fam. Salg",4.382,4,Villa,160,1877,,Aktuel værdi
Møllebjergvej 29,4174 Jystrup Midtsj,2.750.000,28-03-2012,"
Fam. Salg",14.473,6,Stuehus,190,1777,,
Hellehuse 40,4174 Jystrup Midtsj,3.800.000,09-12-2011,"
Alm. Salg",19.689,8,Stuehus,193,1897,,
Skjoldenæsvej 2,4174 Jystrup Midtsj,1.700.000,26-08-2011,"
Alm. Salg",10.967,3,Villa,155,1949,,Aktuel værdi
Valsømaglevej 134,4174 Jystrup Midtsj,850.000,15-06-2011,"
Alm. Salg",7.083,4,Villa,120,1800,,Aktuel værdi
Nebsmøllevej 85,4174 Jystrup Midtsj,1.465.000,10-06-2011,"
Alm. Salg",11.445,5,Villa,128,1968,-8 %,Aktuel værdi
Lundsgård Bakke 3,4174 Jystrup Midtsj,1.800.000,07-06-2011,"
Auktion",13.533,5,Villa,133,2010,,Aktuel værdi
Egemosevej 39H,4174 Jystrup Midtsj,2.950.000,12-04-2011,"
Alm. Salg",18.098,5,Villa,163,2008,,Aktuel værdi
Slettebjergvej 35,4174 Jystrup Midtsj,1.450.000,03-03-2011,"
Andet",3.776,8,Villa,384,1777,,Aktuel værdi
Lillevangsvej 6,4174 Jystrup Midtsj,1.500.000,01-01-2011,"
Alm. Salg",12.000,5,Villa,125,1960,,Aktuel værdi
Ålbæk Huse 20,4174 Jystrup Midtsj,740.000,29-12-2010,"
Alm. Salg",3.032,6,Villa,244,2017,-29 %,Aktuel værdi
Høedvej 61,4174 Jystrup Midtsj,3.495.000,16-09-2010,"
Alm. Salg",15.064,8,Villa,232,1904,0 %,Aktuel værdi
Jystrup Leragervej 1,4174 Jystrup Midtsj,1.445.000,07-09-2010,"
Auktion",15.537,4,Villa,93,1969,-19 %,Aktuel værdi
Enghusene 4,4174 Jystrup Midtsj,2.815.000,26-08-2010,"
Alm. Salg",13.935,7,Villa,202,1998,-5 %,Aktuel værdi
Ålbæk Huse 39,4174 Jystrup Midtsj,550.000,26-08-2010,"
Alm. Salg",3.395,4,Villa,162,2012,-42 %,Aktuel værdi
Møllebjergvej 25,4174 Jystrup Midtsj,410.000,07-07-2010,"
Alm. Salg",2.733,4,Villa,150,2014,,Aktuel værdi
Jystrup Leragervej 10,4174 Jystrup Midtsj,1.880.000,28-05-2010,"
Alm. Salg",12.450,6,Villa,151,1968,-6 %,Aktuel værdi
Valsømaglevej 87,4174 Jystrup Midtsj,1.875.000,27-05-2010,"
Alm. Salg",12.668,5,Villa,148,1914,-11 %,Aktuel værdi
Møllebjergvej 30,4174 Jystrup Midtsj,2.350.000,23-04-2010,"
Alm. Salg",11.691,7,Stuehus,201,1850,-13 %,
Nebsmøllevej 75,4174 Jystrup Midtsj,2.100.000,19-04-2010,"
Alm. Salg",17.073,5,Villa,123,1966,-11 %,Aktuel værdi
Høedvej 53,4174 Jystrup Midtsj,4.500.000,14-04-2010,"
Alm. Salg",18.000,7,Stuehus,250,2014,,
Egemosevej 25,4174 Jystrup Midtsj,950.000,12-03-2010,"
Alm. Salg",12.337,3,Villa,77,1973,-5 %,Aktuel værdi
Ålbækvej 17,4174 Jystrup Midtsj,4.250.000,23-02-2010,"
Alm. Salg",19.675,9,Stuehus,216,1900,-8 %,
Ellebæksvej 2,4174 Jystrup Midtsj,2.600.000,08-02-2010,"
Alm. Salg",14.054,7,Villa,185,1967,-6 %,Aktuel værdi
Svalmstrupvej 15,4174 Jystrup Midtsj,1.500.000,13-11-2009,"
Fam. Salg",10.563,4,Villa,142,1973,,Aktuel værdi
Valsømaglevej 117,4174 Jystrup Midtsj,5.500.000,03-11-2009,"
Alm. Salg",15.669,7,Stuehus,351,1984,-15 %,
Svalmstrupvej 23,4174 Jystrup Midtsj,3.475.000,23-10-2009,"
Alm. Salg",18.582,7,Stuehus,187,1907,0 %,
Egemosevej 56,4174 Jystrup Midtsj,1.450.000,29-09-2009,"
Alm. Salg",9.666,4,Villa,150,1968,4 %,Aktuel værdi
Skellet 2,4174 Jystrup Midtsj,1.525.000,28-07-2009,"
Alm. Salg",11.131,5,Villa,137,1963,-7 %,Aktuel værdi
Lillevangsvej 4,4174 Jystrup Midtsj,1.100.000,10-06-2009,"
Alm. Salg",14.473,3,Villa,76,1957,,Aktuel værdi
Høedvej 43,4174 Jystrup Midtsj,1.487.500,06-02-2009,"
Fam. Salg",7.437,6,Stuehus,200,1750,,
Skjoldenæsvej 69,4174 Jystrup Midtsj,2.549.000,12-01-2009,"
Alm. Salg",14.649,6,Villa,174,1955,-27 %,Aktuel værdi
Roskildevej 576,4174 Jystrup Midtsj,610.253,09-12-2008,"
Alm. Salg",4.921,4,Villa,124,1930,,Aktuel værdi
Roskildevej 591,4174 Jystrup Midtsj,1.665.000,11-09-2008,"
Alm. Salg",8.856,3,Villa,188,1777,-2 %,Aktuel værdi
Avnsbjergvej 12,4174 Jystrup Midtsj,135.300,01-09-2008,"
Alm. Salg",620,5,Villa,218,2011,,Aktuel værdi
Lillevangsvej 8,4174 Jystrup Midtsj,2.395.000,22-06-2008,"
Alm. Salg",19.631,4,Villa,122,1961,,Aktuel værdi
Egemosevej 34,4174 Jystrup Midtsj,2.350.000,16-06-2008,"
Alm. Salg",14.687,6,Villa,160,1956,-6 %,Aktuel værdi
Atterupvej 25,4174 Jystrup Midtsj,2.295.000,03-06-2008,"
Alm. Salg",20.309,3,Villa,113,1900,0 %,Aktuel værdi
Toftevej 5,4174 Jystrup Midtsj,2.465.000,06-05-2008,"
Alm. Salg",12.838,4,Villa,192,1825,,Aktuel værdi
Roskildevej 587,4174 Jystrup Midtsj,858.500,23-04-2008,"
Alm. Salg",5.538,4,Villa,155,1942,,Aktuel værdi
Avnsbjergvej 52,4174 Jystrup Midtsj,2.900.000,22-04-2008,"
Alm. Salg",15.343,5,Stuehus,189,2010,,
Svalmstrupvej 21,4174 Jystrup Midtsj,2.150.000,03-04-2008,"
Alm. Salg",19.724,4,Villa,109,1927,-10 %,Aktuel værdi
Skellet 8,4174 Jystrup Midtsj,625.000,26-03-2008,"
Alm. Salg",3.453,5,Villa,181,2009,,Aktuel værdi
Skeevej 114,4174 Jystrup Midtsj,4.185.000,02-01-2008,"
Alm. Salg",31.946,4,Stuehus,131,1974,,
Jystrup Bygade 1,4174 Jystrup Midtsj,1.200.000,20-12-2007,"
Fam. Salg",4.979,6,Villa,241,2014,,Aktuel værdi
Atterupvej 35,4174 Jystrup Midtsj,1.650.000,19-11-2007,"
Alm. Salg",24.626,3,Villa,67,1938,,Aktuel værdi
Nyvej 10,4174 Jystrup Midtsj,960.000,01-08-2007,"
Andet",6.233,6,Villa,154,1953,,Aktuel værdi
Klaringen 15,4174 Jystrup Midtsj,3.300.000,23-07-2007,"
Alm. Salg",15.000,8,Villa,220,1989,-6 %,Aktuel værdi
Ellebæksvej 3,4174 Jystrup Midtsj,1.950.000,22-06-2007,"
Alm. Salg",15.000,3,Villa,130,1966,,Aktuel værdi
Egemosevej 35B,4174 Jystrup Midtsj,2.295.000,14-06-2007,"
Alm. Salg",20.491,4,Villa,112,2003,0 %,Aktuel værdi
Skellet 6,4174 Jystrup Midtsj,2.305.000,21-05-2007,"
Alm. Salg",13.479,6,Villa,171,1966,-1 %,Aktuel værdi
Langbrinken 1,4174 Jystrup Midtsj,1.800.000,20-03-2007,"
Alm. Salg",19.354,4,Villa,93,1966,,Aktuel værdi
Høedvej 47,4174 Jystrup Midtsj,3.000.000,29-12-2006,"
Fam. Salg",15.384,5,Stuehus,195,1974,,
Jystrup Leragervej 2,4174 Jystrup Midtsj,1.800.000,16-11-2006,"
Alm. Salg",16.216,3,Villa,111,1967,,Aktuel værdi
Roskildevej 588,4174 Jystrup Midtsj,1.200.000,25-10-2006,"
Alm. Salg",-,4,Villa,130,1937,,Aktuel værdi
Bymarken 16,4174 Jystrup Midtsj,1.550.000,20-09-2006,"
Alm. Salg",14.351,4,Rækkehus,108,2009,,Aktuel værdi
Ålbækvej 39,4174 Jystrup Midtsj,1.420.000,07-09-2006,"
Alm. Salg",18.205,2,Villa,78,1920,,Aktuel værdi
Egemosevej 21,4174 Jystrup Midtsj,2.795.000,26-08-2006,"
Alm. Salg",13.246,6,Villa,211,1984,,Aktuel værdi
Bymarken 4,4174 Jystrup Midtsj,1.550.000,26-07-2006,"
Alm. Salg",-,4,Rækkehus,108,2009,,Aktuel værdi
Avnsbjergvej 53,4174 Jystrup Midtsj,2.850.000,16-07-2006,"
Alm. Salg",12.500,8,Villa,228,1830,,Aktuel værdi
Jystrup Bygade 4,4174 Jystrup Midtsj,1.050.000,28-06-2006,"
Alm. Salg",-,3,Villa,140,1915,,Aktuel værdi
Nebsmøllevej 100,4174 Jystrup Midtsj,2.665.000,13-06-2006,"
Alm. Salg",8.680,8,Villa,307,1900,,Aktuel værdi
Bymarken 2,4174 Jystrup Midtsj,1.175.000,16-05-2006,"
Alm. Salg",16.785,2,Rækkehus,70,2009,,Aktuel værdi
Bymarken 8,4174 Jystrup Midtsj,1.550.000,16-05-2006,"
Alm. Salg",14.622,4,Rækkehus,106,2009,,Aktuel værdi
Bymarken 12,4174 Jystrup Midtsj,1.175.000,16-05-2006,"
Alm. Salg",16.785,2,Rækkehus,70,2009,,Aktuel værdi
Bymarken 18,4174 Jystrup Midtsj,1.395.000,16-05-2006,"
Alm. Salg",15.500,3,Rækkehus,90,2009,,Aktuel værdi
Bymarken 1,4174 Jystrup Midtsj,1.395.000,10-05-2006,"
Alm. Salg",-,3,Rækkehus,90,2006,,Aktuel værdi
Mortenstrupvej 41,4174 Jystrup Midtsj,820.333,08-03-2006,"
Fam. Salg",6.459,3,Villa,127,1907,,Aktuel værdi
Nebsmøllevej 103,4174 Jystrup Midtsj,2.225.000,02-03-2006,"
Alm. Salg",11.528,5,Villa,193,1932,,Aktuel værdi
Egemosevej 18,4174 Jystrup Midtsj,1.250.000,01-02-2006,"
Fam. Salg",12.019,3,Villa,104,1900,,Aktuel værdi
Bymarken 3,4174 Jystrup Midtsj,1.495.000,11-01-2006,"
Alm. Salg",-,3,Rækkehus,90,2006,,Aktuel værdi
Hovmarksbakken 11,4174 Jystrup Midtsj,1.386.000,22-12-2005,"
Alm. Salg",-,5,Villa,164,1964,,Aktuel værdi
Ålbækvej 31A,4174 Jystrup Midtsj,2.195.000,19-12-2005,"
Alm. Salg",10.866,7,Villa,202,1973,,Aktuel værdi
Bymarken 9,4174 Jystrup Midtsj,1.550.000,13-12-2005,"
Alm. Salg",14.351,4,Rækkehus,108,2006,,Aktuel værdi
Roskildevej 574,4174 Jystrup Midtsj,1.260.000,11-12-2005,"
Alm. Salg",7.682,4,Villa,164,1928,,Aktuel værdi
Bymarken 14,4174 Jystrup Midtsj,1.550.000,20-10-2005,"
Alm. Salg",14.351,4,Rækkehus,108,2009,,Aktuel værdi
Mortenstrupvej 69,4174 Jystrup Midtsj,1.800.000,10-08-2005,"
Alm. Salg",17.821,4,Villa,101,1847,,Aktuel værdi
Jystrup Birkevej 1,4174 Jystrup Midtsj,1.988.000,19-07-2005,"
Alm. Salg",16.847,4,Villa,118,1904,,Aktuel værdi
Høedvej 65,4174 Jystrup Midtsj,2.150.000,08-07-2005,"
Alm. Salg",11.813,6,Stuehus,182,2007,,
Bymarken 7,4174 Jystrup Midtsj,1.550.000,30-06-2005,"
Alm. Salg",14.622,4,Rækkehus,106,2006,,Aktuel værdi
Skjoldenæsvej 6,4174 Jystrup Midtsj,1.650.000,24-06-2005,"
Alm. Salg",13.095,4,Villa,126,1986,,Aktuel værdi
Nyvej 2,4174 Jystrup Midtsj,1.360.000,30-05-2005,"
Alm. Salg",14.315,3,Villa,95,1950,,Aktuel værdi
Roskildevej 626,4174 Jystrup Midtsj,944.000,28-05-2005,"
Alm. Salg",8.353,4,Villa,113,1949,,Aktuel værdi
Hovmarksbakken 19,4174 Jystrup Midtsj,1.395.000,15-04-2005,"
Alm. Salg",12.025,5,Villa,116,1958,,Aktuel værdi
Skeevej 112,4174 Jystrup Midtsj,1.190.000,06-04-2005,"
Alm. Salg",-,5,Villa,256,1877,,Aktuel værdi
Nebsmøllevej 79,4174 Jystrup Midtsj,601.878,01-04-2005,"
Fam. Salg",4.702,6,Villa,128,1916,,Aktuel værdi
Mortenstrupvej 11,4174 Jystrup Midtsj,1.300.000,21-03-2005,"
Alm. Salg",5.990,6,Villa,217,2009,,Aktuel værdi
Oldenvej 17,4174 Jystrup Midtsj,1.713.360,22-02-2005,"
Alm. Salg",12.598,6,Stuehus,136,1924,,
Egemosevej 44,4174 Jystrup Midtsj,1.395.000,24-01-2005,"
Alm. Salg",16.220,3,Villa,86,1964,,Aktuel værdi
Mortenstrupvej 23,4174 Jystrup Midtsj,1.845.000,05-01-2005,"
Alm. Salg",17.740,2,Villa,104,1902,,Aktuel værdi
Høedvej 68,4174 Jystrup Midtsj,2.500.000,30-11-2004,"
Fam. Salg",22.321,4,Stuehus,112,1927,,
Mortenstrupvej 66,4174 Jystrup Midtsj,1.600.000,30-11-2004,"
Alm. Salg",-,4,Villa,151,1800,,Aktuel værdi
Langbrinken 2,4174 Jystrup Midtsj,1.232.500,29-09-2004,"
Fam. Salg",5.135,8,Villa,240,1967,,Aktuel værdi
Egemosevej 24,4174 Jystrup Midtsj,2.000.000,01-09-2004,"
Alm. Salg",13.157,6,Stuehus,152,1929,,
Skjoldenæsvej 10,4174 Jystrup Midtsj,250.000,07-07-2004,"
Alm. Salg",1.602,5,Villa,156,2006,,Aktuel værdi
Jystrup Leragervej 6,4174 Jystrup Midtsj,1.433.440,07-07-2004,"
Alm. Salg",11.376,5,Villa,126,1967,,Aktuel værdi
Langbrinken 9,4174 Jystrup Midtsj,1.250.000,25-06-2004,"
Alm. Salg",11.792,4,Villa,106,1967,,Aktuel værdi
Enghusene 6,4174 Jystrup Midtsj,1.945.000,27-05-2004,"
Alm. Salg",11.787,6,Villa,165,1997,,Aktuel værdi
Avnsbjergvej 30,4174 Jystrup Midtsj,2.295.000,18-05-2004,"
Alm. Salg",-,7,Stuehus,211,1908,,
Jungsøvej 12,4174 Jystrup Midtsj,1.220.000,22-04-2004,"
Alm. Salg",10.082,2,Villa,121,1950,,Aktuel værdi
Atterupvej 28,4174 Jystrup Midtsj,1.795.000,09-04-2004,"
Alm. Salg",-,7,Villa,243,1972,,Aktuel værdi
Mortenstrupvej 7,4174 Jystrup Midtsj,1.750.000,01-02-2004,"
Alm. Salg",11.075,5,Villa,158,2005,,Aktuel værdi
Skjoldenæsvej 27,4174 Jystrup Midtsj,400.000,19-12-2003,"
Alm. Salg",1.834,7,Villa,218,1920,,Aktuel værdi
Valsømaglevej 105,4174 Jystrup Midtsj,1.600.000,27-11-2003,"
Alm. Salg",8.080,6,Stuehus,198,1850,,
Mortenstrupvej 16,4174 Jystrup Midtsj,1.740.000,21-09-2003,"
Alm. Salg",12.167,3,Villa,143,1790,,Aktuel værdi
Skellet 4,4174 Jystrup Midtsj,1.075.000,04-09-2003,"
Alm. Salg",11.082,4,Villa,97,1961,,Aktuel værdi
Egemosevej 58,4174 Jystrup Midtsj,384.500,27-08-2003,"
Alm. Salg",4.369,3,Villa,88,1961,,Aktuel værdi
Egemosevej 20,4174 Jystrup Midtsj,1.045.000,08-08-2003,"
Alm. Salg",9.247,4,Villa,113,1905,,Aktuel værdi
Mortenstrupvej 63,4174 Jystrup Midtsj,1.975.000,20-06-2003,"
Alm. Salg",14.208,6,Stuehus,139,1952,,
Mortenstrupvej 49,4174 Jystrup Midtsj,2.675.000,21-05-2003,"
Alm. Salg",13.578,8,Villa,197,1890,,Aktuel værdi
Egemosevej 46,4174 Jystrup Midtsj,1.693.000,02-05-2003,"
Alm. Salg",10.647,5,Villa,159,1973,,Aktuel værdi
Skjoldenæsvej 83,4174 Jystrup Midtsj,2.105.000,30-04-2003,"
Alm. Salg",13.322,5,Villa,158,1937,,Aktuel værdi
Møllebjergvej 49,4174 Jystrup Midtsj,1.190.014,14-03-2003,"
Alm. Salg",8.321,3,Villa,143,1900,,Aktuel værdi
Valsømaglevej 120,4174 Jystrup Midtsj,552.500,17-02-2003,"
Fam. Salg",2.302,8,Villa,240,1877,,Aktuel værdi
Skjoldenæsvej 18,4174 Jystrup Midtsj,755.556,14-02-2003,"
Andet",2.561,11,Villa,295,1928,,Aktuel værdi
Langbrinken 5,4174 Jystrup Midtsj,1.640.000,20-01-2003,"
Alm. Salg",11.714,4,Villa,140,1967,,Aktuel værdi
Jystrup Leragervej 4,4174 Jystrup Midtsj,1.165.000,13-01-2003,"
Alm. Salg",9.320,5,Villa,125,1967,,Aktuel værdi
Jystrup Vinkelvej 6,4174 Jystrup Midtsj,1.495.000,12-12-2002,"
Alm. Salg",10.310,6,Villa,145,1930,,Aktuel værdi
Nebsmøllevej 104,4174 Jystrup Midtsj,1.580.000,24-11-2002,"
Alm. Salg",8.272,8,Villa,191,1970,,Aktuel værdi
Knud Lavardsvej 107,4174 Jystrup Midtsj,1.300.000,12-11-2002,"
Alm. Salg",6.701,6,Villa,194,1887,,Aktuel værdi
Oldenvej 29,4174 Jystrup Midtsj,1.223.557,01-10-2002,"
Alm. Salg",13.016,3,Villa,94,1965,,Aktuel værdi
Ålbækvej 8,4174 Jystrup Midtsj,920.000,16-09-2002,"
Alm. Salg",10.952,3,Villa,84,1957,,Aktuel værdi
Skjoldenæsvej 45,4174 Jystrup Midtsj,729.841,24-07-2002,"
Alm. Salg",5.701,5,Villa,128,1950,,Aktuel værdi
Skjoldenæsvej 29,4174 Jystrup Midtsj,979.000,19-07-2002,"
Alm. Salg",9.064,3,Villa,108,1957,,Aktuel værdi
Egemosevej 38,4174 Jystrup Midtsj,1.022.000,16-07-2002,"
Alm. Salg",12.775,2,Villa,80,1959,,Aktuel værdi
Oldenvej 25,4174 Jystrup Midtsj,975.000,06-06-2002,"
Alm. Salg",10.263,2,Villa,95,1962,,Aktuel værdi
Nyvej 11,4174 Jystrup Midtsj,1.037.000,23-05-2002,"
Alm. Salg",5.729,6,Villa,181,1950,,Aktuel værdi
Mortenstrupvej 71,4174 Jystrup Midtsj,1.694.705,10-05-2002,"
Alm. Salg",10.658,5,Villa,159,1939,,Aktuel værdi
Hellehuse 33,4174 Jystrup Midtsj,965.000,16-02-2002,"
Alm. Salg",3.844,4,Stuehus,251,2013,,
Ålbækvej 25,4174 Jystrup Midtsj,1.016.959,12-02-2002,"
Alm. Salg",-,5,Villa,154,1930,,Aktuel værdi
Jungsøvej 11,4174 Jystrup Midtsj,1.532.659,01-02-2002,"
Alm. Salg",8.708,7,Villa,176,1927,,Aktuel værdi
Hovmarksbakken 1,4174 Jystrup Midtsj,2.195.000,01-02-2002,"
Alm. Salg",8.040,8,Villa,273,1968,,Aktuel værdi
Skjoldenæsvej 126,4174 Jystrup Midtsj,835.000,14-01-2002,"
Alm. Salg",5.318,5,Villa,157,1750,,Aktuel værdi
Egemosevej 54,4174 Jystrup Midtsj,1.071.680,10-01-2002,"
Alm. Salg",-,5,Villa,135,1968,,Aktuel værdi
Egemosevej 32,4174 Jystrup Midtsj,1.436.000,21-11-2001,"
Alm. Salg",-,6,Villa,246,1915,,Aktuel værdi
Nebsmøllevej 71,4174 Jystrup Midtsj,1.330.000,09-11-2001,"
Alm. Salg",7.307,5,Villa,182,1936,,Aktuel værdi
Roskildevej 584,4174 Jystrup Midtsj,750.000,30-10-2001,"
Alm. Salg",7.281,3,Villa,103,1946,,Aktuel værdi
Toftevej 19,4174 Jystrup Midtsj,1.885.000,21-08-2001,"
Alm. Salg",9.973,8,Villa,189,1885,,Aktuel værdi
Ålbækvej 33,4174 Jystrup Midtsj,1.475.000,17-08-2001,"
Alm. Salg",5.971,7,Villa,247,1979,,Aktuel værdi
Roskildevej 609,4174 Jystrup Midtsj,630.000,18-05-2001,"
Alm. Salg",6.923,3,Villa,91,1900,,Aktuel værdi
Jystrup Vinkelvej 4,4174 Jystrup Midtsj,1.481.240,10-05-2001,"
Alm. Salg",8.275,5,Villa,179,1926,,Aktuel værdi
Skjoldenæsvej 16,4174 Jystrup Midtsj,682.500,23-03-2001,"
Alm. Salg",2.490,8,Villa,274,1920,,Aktuel værdi
Nyvej 17,4174 Jystrup Midtsj,1.160.340,15-12-2000,"
Alm. Salg",7.840,5,Villa,148,1969,,Aktuel værdi
Slettebjergvej 47,4174 Jystrup Midtsj,782.000,06-11-2000,"
Fam. Salg",4.600,7,Villa,170,1900,,Aktuel værdi
Valsømaglevej 111,4174 Jystrup Midtsj,1.291.960,10-10-2000,"
Alm. Salg",4.249,9,Stuehus,304,1909,,
Knud Lavardsvej 102,4174 Jystrup Midtsj,1.448.098,27-09-2000,"
Alm. Salg",-,6,Villa,154,1915,,Aktuel værdi
Egemosevej 22,4174 Jystrup Midtsj,275.000,25-09-2000,"
Alm. Salg",3.125,5,Villa,88,1904,,Aktuel værdi
Ålbækvej 39B,4174 Jystrup Midtsj,912.360,16-09-2000,"
Alm. Salg",7.478,4,Villa,122,1900,,Aktuel værdi
Mortenstrupvej 25,4174 Jystrup Midtsj,2.186.140,05-07-2000,"
Alm. Salg",-,6,Villa,143,1777,,Aktuel værdi
Valsømaglevej 135,4174 Jystrup Midtsj,860.000,28-06-2000,"
Alm. Salg",6.142,4,Villa,140,1938,,Aktuel værdi
Svalmstrupvej 36,4174 Jystrup Midtsj,1.150.000,07-06-2000,"
Alm. Salg",6.969,6,Villa,165,1925,,Aktuel værdi
Enghusene 20,4174 Jystrup Midtsj,210.300,23-05-2000,"
Alm. Salg",-,5,Villa,144,2001,,Aktuel værdi
Jystrup Birkevej 6,4174 Jystrup Midtsj,733.792,11-05-2000,"
Alm. Salg",6.922,3,Villa,106,1905,,Aktuel værdi
Egemosevej 15,4174 Jystrup Midtsj,723.000,08-05-2000,"
Alm. Salg",7.531,3,Villa,96,1963,,Aktuel værdi
Jystrup Vinkelvej 5,4174 Jystrup Midtsj,820.000,19-04-2000,"
Alm. Salg",7.256,5,Villa,113,1930,,Aktuel værdi
Enghusene 16,4174 Jystrup Midtsj,205.700,08-03-2000,"
Alm. Salg",1.049,6,Villa,196,2000,,Aktuel værdi
Enghusene 14,4174 Jystrup Midtsj,315.300,07-02-2000,"
Alm. Salg",1.704,5,Villa,185,2004,,Aktuel værdi
Mortenstrupvej 67,4174 Jystrup Midtsj,1.772.777,07-09-1999,"
Alm. Salg",11.818,5,Stuehus,150,2010,,
Atterupvej 21,4174 Jystrup Midtsj,804.950,05-09-1999,"
Alm. Salg",6.098,4,Villa,132,1965,,Aktuel værdi
Egemosevej 19,4174 Jystrup Midtsj,831.464,25-06-1999,"
Alm. Salg",7.558,2,Villa,110,1900,,Aktuel værdi
Svalmstrupvej 30,4174 Jystrup Midtsj,1.028.565,24-06-1999,"
Alm. Salg",-,4,Stuehus,149,2001,,
Skjoldenæsvej 35,4174 Jystrup Midtsj,735.000,04-06-1999,"
Alm. Salg",6.562,4,Villa,112,1955,,Aktuel værdi
Roskildevej 601,4174 Jystrup Midtsj,391.000,02-06-1999,"
Fam. Salg",3.460,3,Villa,113,1777,,Aktuel værdi
Hovmarksbakken 15,4174 Jystrup Midtsj,350.000,27-05-1999,"
Alm. Salg",1.902,5,Villa,184,2000,,Aktuel værdi
Slettebjergvej 66,4174 Jystrup Midtsj,1.155.000,28-04-1999,"
Fam. Salg",5.775,7,Stuehus,200,1877,,
Enghusene 18,4174 Jystrup Midtsj,212.100,19-10-1998,"
Alm. Salg",-,7,Villa,169,2000,,Aktuel værdi
Ålbækvej 42,4174 Jystrup Midtsj,1.206.845,18-10-1998,"
Alm. Salg",9.212,7,Villa,131,1877,,Aktuel værdi
Oldenvej 32,4174 Jystrup Midtsj,195.420,31-08-1998,"
Fam. Salg",3.257,4,Villa,60,1887,,Aktuel værdi
Jungsøvej 20,4174 Jystrup Midtsj,1.346.040,15-07-1998,"
Alm. Salg",-,11,Villa,289,1966,,Aktuel værdi
Borupvej 6,4174 Jystrup Midtsj,292.888,25-06-1998,"
Alm. Salg",1.501,8,Villa,195,1908,,Aktuel værdi
Skeevej 134,4174 Jystrup Midtsj,2.482.871,22-06-1998,"
Alm. Salg",13.948,6,Stuehus,178,1958,,
Jystrup Bygade 6,4174 Jystrup Midtsj,143.000,02-06-1998,"
Alm. Salg",-,7,Villa,197,2001,,Aktuel værdi
Enghusene 12,4174 Jystrup Midtsj,228.900,31-05-1998,"
Alm. Salg",1.378,5,Villa,166,2001,,Aktuel værdi
Svalmstrupvej 31,4174 Jystrup Midtsj,3.200.000,18-05-1998,"
Alm. Salg",-,5,Stuehus,271,1980,,
Møllebjergvej 34,4174 Jystrup Midtsj,1.765.000,24-03-1998,"
Alm. Salg",6.512,7,Villa,271,1850,,Aktuel værdi
Toftevej 14,4174 Jystrup Midtsj,725.000,13-03-1998,"
Alm. Salg",3.519,6,Stuehus,206,1877,,
Enghusene 10,4174 Jystrup Midtsj,198.900,11-03-1998,"
Alm. Salg",1.566,5,Villa,127,1999,,Aktuel værdi
Egemosevej 41,4174 Jystrup Midtsj,406.000,06-02-1998,"
Auktion",1.742,8,Villa,233,2003,,Aktuel værdi
Høedvej 15,4174 Jystrup Midtsj,1.155.690,28-01-1998,"
Alm. Salg",5.136,7,Stuehus,225,2014,,
Enghusene 8,4174 Jystrup Midtsj,199.200,17-01-1998,"
Alm. Salg",1.454,4,Villa,137,1998,,Aktuel værdi
Skjoldenæsvej 17,4174 Jystrup Midtsj,425.000,14-01-1998,"
Fam. Salg",2.361,5,Villa,180,1777,,Aktuel værdi
Borupvej 5,4174 Jystrup Midtsj,680.000,24-08-1997,"
Alm. Salg",5.483,3,Villa,124,1973,,Aktuel værdi
Hellehuse 19,4174 Jystrup Midtsj,1.224.000,08-07-1997,"
Alm. Salg",8.805,5,Villa,139,1777,,Aktuel værdi
Nyvej 9,4174 Jystrup Midtsj,565.000,19-06-1997,"
Alm. Salg",5.594,3,Villa,101,1950,,Aktuel værdi
Skjoldenæsvej 7,4174 Jystrup Midtsj,1.550.000,13-06-1997,"
Alm. Salg",5.656,11,Villa,274,1890,,Aktuel værdi
Nyvej 7,4174 Jystrup Midtsj,533.000,13-05-1997,"
Alm. Salg",6.345,3,Villa,84,1948,,Aktuel værdi
Høedvej 46,4174 Jystrup Midtsj,824.500,26-02-1997,"
Fam. Salg",6.928,4,Stuehus,119,1857,,
Langbrinken 3,4174 Jystrup Midtsj,1.025.000,14-02-1997,"
Alm. Salg",7.649,5,Villa,134,1967,,Aktuel værdi
Skjoldenæsvej 73,4174 Jystrup Midtsj,160.400,20-01-1997,"
Alm. Salg",1.129,5,Villa,142,1997,,Aktuel værdi
Atterupvej 30,4174 Jystrup Midtsj,580.000,18-01-1997,"
Alm. Salg",4.461,4,Villa,130,1938,,Aktuel værdi
Ellebæksvej 5,4174 Jystrup Midtsj,855.000,16-01-1997,"
Alm. Salg",6.951,4,Villa,123,1968,,Aktuel værdi
Egemosevej 10,4174 Jystrup Midtsj,682.407,19-12-1996,"
Alm. Salg",4.549,7,Villa,150,1900,,Aktuel værdi
Jystrup Leragervej 12,4174 Jystrup Midtsj,620.000,14-12-1996,"
Alm. Salg",5.166,4,Villa,120,1967,,Aktuel værdi
Avnsbjergvej 31,4174 Jystrup Midtsj,572.442,13-11-1996,"
Alm. Salg",5.962,4,Villa,96,1932,,Aktuel værdi
Jungsøvej 8,4174 Jystrup Midtsj,868.000,04-11-1996,"
Alm. Salg",3.514,5,Villa,247,1910,,Aktuel værdi
Møllebjergvej 31,4174 Jystrup Midtsj,580.000,30-09-1996,"
Alm. Salg",4.915,4,Villa,118,1941,,Aktuel værdi
Egemosevej 2,4174 Jystrup Midtsj,925.000,27-09-1996,"
Alm. Salg",9.250,3,Stuehus,100,1921,,
Roskildevej 604,4174 Jystrup Midtsj,916.758,12-07-1996,"
Alm. Salg",-,6,Villa,168,1875,,Aktuel værdi
Jystrup Birkevej 3,4174 Jystrup Midtsj,721.000,01-07-1996,"
Alm. Salg",5.814,3,Villa,124,1926,,Aktuel værdi
Møllebjergvej 33A,4174 Jystrup Midtsj,560.000,28-05-1996,"
Alm. Salg",4.409,3,Stuehus,127,1890,,
Valsømaglevej 131,4174 Jystrup Midtsj,700.000,25-04-1996,"
Alm. Salg",4.605,5,Villa,152,1911,,Aktuel værdi
Svalmstrupvej 17,4174 Jystrup Midtsj,400.000,18-04-1996,"
Alm. Salg",3.738,4,Villa,107,1900,,Aktuel værdi
Lillevangsvej 2,4174 Jystrup Midtsj,660.000,30-11-1995,"
Fam. Salg",4.714,6,Villa,140,1953,,Aktuel værdi
Roskildevej 568,4174 Jystrup Midtsj,432.680,23-11-1995,"
Alm. Salg",2.163,7,Villa,200,1937,,Aktuel værdi
Hellehuse 4,4174 Jystrup Midtsj,1.580.272,10-09-1995,"
Alm. Salg",6.295,8,Stuehus,251,1900,,
Nebsmøllevej 84,4174 Jystrup Midtsj,374.000,21-08-1995,"
Fam. Salg",4.155,2,Villa,90,1949,,Aktuel værdi
Skjoldenæsvej 34,4174 Jystrup Midtsj,1.005.000,08-08-1995,"
Alm. Salg",4.878,6,Villa,206,1985,,Aktuel værdi
Toftevej 6,4174 Jystrup Midtsj,484.500,08-08-1995,"
Fam. Salg",3.615,5,Villa,134,1860,,Aktuel værdi
Egemosevej 24B,4174 Jystrup Midtsj,625.000,12-07-1995,"
Alm. Salg",5.530,4,Villa,113,1970,,Aktuel værdi
Ålbækvej 31B,4174 Jystrup Midtsj,685.000,27-04-1995,"
Alm. Salg",-,4,Villa,120,1975,,Aktuel værdi
Skeevej 139,4174 Jystrup Midtsj,695.796,27-04-1995,"
Alm. Salg",3.701,6,Villa,188,1887,,Aktuel værdi
Langbrinken 7,4174 Jystrup Midtsj,762.000,12-04-1995,"
Alm. Salg",5.562,5,Villa,137,1967,,Aktuel værdi
Hellehuse 37,4174 Jystrup Midtsj,1.575.000,18-11-1994,"
Alm. Salg",6.788,7,Villa,232,1966,,Aktuel værdi
Skjoldenæsvej 75,4174 Jystrup Midtsj,841.000,30-10-1994,"
Alm. Salg",6.007,5,Villa,140,1910,,Aktuel værdi
Mortenstrupvej 58,4174 Jystrup Midtsj,690.760,18-10-1994,"
Alm. Salg",3.197,9,Stuehus,216,1812,,
Jystrup Bygade 3,4174 Jystrup Midtsj,530.000,10-08-1994,"
Alm. Salg",-,4,Villa,133,1954,,Aktuel værdi
Nyvej 4,4174 Jystrup Midtsj,609.958,24-06-1994,"
Alm. Salg",4.235,5,Villa,144,1950,,Aktuel værdi
Skeevej 118,4174 Jystrup Midtsj,258.293,04-06-1994,"
Andet",1.971,4,Villa,131,1877,,Aktuel værdi
Hellehuse 29,4174 Jystrup Midtsj,736.150,25-03-1994,"
Alm. Salg",3.242,6,Villa,227,1877,,Aktuel værdi
Nyvej 3,4174 Jystrup Midtsj,575.000,09-02-1994,"
Alm. Salg",-,6,Villa,169,1955,,Aktuel værdi
Høedvej 69,4174 Jystrup Midtsj,566.940,18-11-1993,"
Alm. Salg",4.647,4,Villa,122,1930,,Aktuel værdi
Egemosevej 60,4174 Jystrup Midtsj,619.420,13-10-1993,"
Alm. Salg",-,4,Villa,133,1968,,Aktuel værdi
Jystrup Leragervej 5,4174 Jystrup Midtsj,665.000,09-07-1993,"
Alm. Salg",-,7,Villa,200,1968,,Aktuel værdi
Ålbækvej 7,4174 Jystrup Midtsj,645.000,29-06-1993,"
Alm. Salg",4.134,5,Villa,156,1909,,Aktuel værdi
Hellehuse 24,4174 Jystrup Midtsj,597.500,10-06-1993,"
Alm. Salg",8.535,4,Stuehus,70,1900,,
Jungsøvej 10,4174 Jystrup Midtsj,734.350,27-04-1993,"
Alm. Salg",5.171,5,Villa,142,1947,,Aktuel værdi
Jystrup Bygade 24,4174 Jystrup Midtsj,350.000,27-01-1993,"
Alm. Salg",3.125,4,Villa,112,1900,,Aktuel værdi
Egemosevej 4,4174 Jystrup Midtsj,806.921,04-09-1992,"
Alm. Salg",5.074,7,Stuehus,159,1921,,
Skjoldenæsvej 43,4174 Jystrup Midtsj,560.000,23-07-1992,"
Alm. Salg",-,5,Villa,194,1939,,Aktuel værdi
Jystrup Bygade 11,4174 Jystrup Midtsj,590.000,15-06-1992,"
Alm. Salg",-,4,Villa,135,1847,,Aktuel værdi
Høedvej 71,4174 Jystrup Midtsj,390.000,29-05-1992,"
Alm. Salg",5.652,2,Villa,69,1953,,Aktuel værdi
Avnsbjergvej 42,4174 Jystrup Midtsj,457.500,15-05-1992,"
Alm. Salg",-,7,Villa,186,1930,,Aktuel værdi
Høedvej 8,4174 Jystrup Midtsj,700.000,28-04-1992,"
Alm. Salg",8.860,3,Stuehus,79,1916,,
Hellehuse 25,4174 Jystrup Midtsj,576.100,24-01-1992,"
Fam. Salg",4.882,6,Villa,118,1827,,Aktuel værdi
Langbrinken 4,4174 Jystrup Midtsj,219.937,12-01-1992,"
Fam. Salg",1.653,4,Villa,133,1968,,Aktuel værdi
Ålbækvej 13,4174 Jystrup Midtsj,580.000,10-01-1992,"
Alm. Salg",5.742,4,Villa,101,1921,,Aktuel værdi
