address,zip_code,price,sell_date,sell_type,price_per_sq_m,no_rooms,housing_type,size_in_sq_m,year_of_construction,price_change_in_pct
Duevej 30,4190 Munke Bjergby,675.000,21-03-2017,"
Alm. Salg",11.842,3,Sommerhus,57,1978,,Aktuel værdi
Bromme Østermark 24,4190 Munke Bjergby,2.283.819,17-02-2017,"
Fam. Salg",16.792,7,Stuehus,136,1915,,
Østervej 19,4190 Munke Bjergby,845.000,28-01-2017,"
Alm. Salg",6.706,4,Villa,126,1955,0 %,Aktuel værdi
Veddevej 22,4190 Munke Bjergby,1.195.000,19-01-2017,"
Alm. Salg",11.168,4,Villa,107,1962,-4 %,Aktuel værdi
Kammergavevej 17,4190 Munke Bjergby,2.515.000,06-01-2017,"
Alm. Salg",16.019,6,Stuehus,157,1924,-3 %,
Østervej 12,4190 Munke Bjergby,2.400.000,04-01-2017,"
Alm. Salg",9.523,4,Villa,252,1902,-2 %,Aktuel værdi
Døjringevej 21,4190 Munke Bjergby,488.034,23-12-2016,"
Alm. Salg",3.615,4,Villa,135,1961,,Aktuel værdi
Kalundborgvej 103,4190 Munke Bjergby,450.000,05-12-2016,"
Alm. Salg",4.326,6,Villa,104,1877,0 %,Aktuel værdi
Bromme Østermark 20,4190 Munke Bjergby,1.095.000,17-09-2016,"
Alm. Salg",9.776,3,Villa,112,1878,0 %,Aktuel værdi
Hulhøjvej 5,4190 Munke Bjergby,1.584.000,23-06-2016,"
Alm. Salg",18.206,3,Stuehus,87,1850,,
Krogen 3,4190 Munke Bjergby,1.200.000,14-06-2016,"
Alm. Salg",8.571,5,Villa,140,1930,-6 %,Aktuel værdi
Duevej 12,4190 Munke Bjergby,495.000,10-05-2016,"
Alm. Salg",5.689,4,Sommerhus,87,1969,0 %,Aktuel værdi
Kalundborgvej 105,4190 Munke Bjergby,1.350.000,27-04-2016,"
Alm. Salg",8.437,4,Villa,160,1904,-3 %,Aktuel værdi
Ålerendevej 6,4190 Munke Bjergby,2.850.000,08-04-2016,"
Alm. Salg",12.025,9,Stuehus,237,1938,-5 %,
Døjringevej 16,4190 Munke Bjergby,825.000,23-03-2016,"
Alm. Salg",9.705,3,Villa,85,1887,-3 %,Aktuel værdi
Veddevej 13,4190 Munke Bjergby,788.522,14-03-2016,"
Fam. Salg",5.364,6,Villa,147,1960,,Aktuel værdi
Døjringevej 7,4190 Munke Bjergby,330.000,09-02-2016,"
Auktion",2.538,4,Villa,130,1907,,Aktuel værdi
Skolebakken 5,4190 Munke Bjergby,525.000,02-02-2016,"
Alm. Salg",5.097,3,Villa,103,1965,0 %,Aktuel værdi
Atterupvej 7,4190 Munke Bjergby,370.000,01-02-2016,"
Andet",3.217,4,Villa,115,1912,,Aktuel værdi
Tersløsevej 8,4190 Munke Bjergby,2.185.000,18-12-2015,"
Alm. Salg",9.977,6,Villa,219,1909,0 %,Aktuel værdi
Kammergavevej 5,4190 Munke Bjergby,1.100.000,20-11-2015,"
Alm. Salg",8.593,4,Stuehus,128,1924,-38 %,
Duevej 8,4190 Munke Bjergby,550.000,12-11-2015,"
Alm. Salg",7.051,3,Sommerhus,78,1972,0 %,Aktuel værdi
Vinkelstræde 4,4190 Munke Bjergby,600.000,05-10-2015,"
Alm. Salg",5.217,5,Villa,115,1954,-7 %,Aktuel værdi
Døjringevej 26,4190 Munke Bjergby,770.000,01-08-2015,"
Alm. Salg",9.625,3,Villa,80,1954,-3 %,Aktuel værdi
Dybendalvej 5,4190 Munke Bjergby,380.000,31-07-2015,"
Alm. Salg",2.533,4,Villa,150,1916,,Aktuel værdi
Hallelevvej 7,4190 Munke Bjergby,1.045.000,15-07-2015,"
Alm. Salg",5.558,5,Villa,188,1828,-9 %,Aktuel værdi
Kirkebakkevej 13,4190 Munke Bjergby,633.000,14-07-2015,"
Fam. Salg",5.456,4,Villa,116,1887,,Aktuel værdi
Sangdrosselvej 9,4190 Munke Bjergby,475.000,08-07-2015,"
Alm. Salg",7.089,3,Sommerhus,67,1980,-10 %,Aktuel værdi
Spurvevej 9,4190 Munke Bjergby,550.000,15-06-2015,"
Alm. Salg",14.473,3,Sommerhus,38,1969,,Aktuel værdi
Døjringevej 12,4190 Munke Bjergby,375.000,11-06-2015,"
Alm. Salg",4.746,3,Villa,79,1890,,Aktuel værdi
Ålerendevej 5,4190 Munke Bjergby,2.400.000,06-06-2015,"
Alm. Salg",13.559,6,Stuehus,177,1877,0 %,
Kirkebakkevej 27,4190 Munke Bjergby,340.573,01-06-2015,"
Alm. Salg",1.968,5,Villa,173,1929,,Aktuel værdi
Skolebakken 25,4190 Munke Bjergby,835.000,10-05-2015,"
Alm. Salg",7.136,4,Villa,117,1967,-12 %,Aktuel værdi
Dybendalvej 20,4190 Munke Bjergby,1.395.000,19-03-2015,"
Alm. Salg",12.025,4,Villa,116,1850,0 %,Aktuel værdi
Tersløsevej 14,4190 Munke Bjergby,990.000,18-03-2015,"
Alm. Salg",7.500,5,Villa,132,1972,0 %,Aktuel værdi
Spurvevej 7,4190 Munke Bjergby,279.871,21-01-2015,"
Alm. Salg",5.597,3,Villa,50,1974,,Aktuel værdi
Kammergavevej 12,4190 Munke Bjergby,279.179,02-12-2014,"
Alm. Salg",1.778,6,Stuehus,157,1924,,
Kalundborgvej 117,4190 Munke Bjergby,2.167.500,27-11-2014,"
Fam. Salg",6.991,9,Villa,310,1902,,Aktuel værdi
Kammergave Mark 3,4190 Munke Bjergby,2.180.000,28-10-2014,"
Alm. Salg",10.331,4,Villa,211,1924,-5 %,Aktuel værdi
Duevej 6,4190 Munke Bjergby,470.000,23-09-2014,"
Alm. Salg",9.791,3,Sommerhus,48,2005,-6 %,Aktuel værdi
Østervej 1,4190 Munke Bjergby,625.000,16-09-2014,"
Auktion",3.698,5,Villa,169,1960,,Aktuel værdi
Toplærkevej 3,4190 Munke Bjergby,100.000,19-08-2014,"
Alm. Salg",1.388,3,Sommerhus,72,1967,,Aktuel værdi
Døjringevej 17A,4190 Munke Bjergby,745.000,20-07-2014,"
Alm. Salg",7.680,4,Villa,97,1987,0 %,Aktuel værdi
Spurvevej 11,4190 Munke Bjergby,222.599,28-05-2014,"
Alm. Salg",3.590,4,Villa,62,1969,,Aktuel værdi
Duevej 2,4190 Munke Bjergby,324.000,27-05-2014,"
Alm. Salg",6.000,3,Sommerhus,54,1971,-18 %,Aktuel værdi
Skolebakken 15,4190 Munke Bjergby,404.418,22-04-2014,"
Fam. Salg",2.789,5,Villa,145,1973,,Aktuel værdi
Skætholm 3,4190 Munke Bjergby,1.850.000,27-03-2014,"
Alm. Salg",13.503,3,Stuehus,137,1900,0 %,
Døjringevej 20,4190 Munke Bjergby,370.000,17-12-2013,"
Alm. Salg",5.138,3,Villa,72,1959,-25 %,Aktuel værdi
Ødemarksvej 5,4190 Munke Bjergby,754.351,12-11-2013,"
Alm. Salg",5.166,6,Villa,146,1956,,Aktuel værdi
Nordskovvej 8,4190 Munke Bjergby,571.955,05-08-2013,"
Andet",3.466,4,Villa,165,1927,,Aktuel værdi
Ålerendevej 3,4190 Munke Bjergby,450.000,19-07-2013,"
Alm. Salg",4.736,4,Villa,95,1958,-10 %,Aktuel værdi
Østervej 21,4190 Munke Bjergby,686.000,22-05-2013,"
Alm. Salg",8.469,2,Villa,81,1960,,Aktuel værdi
Krogen 1,4190 Munke Bjergby,1.325.000,04-05-2013,"
Alm. Salg",12.990,2,Villa,102,1906,-4 %,Aktuel værdi
Kirkebakkevej 32A,4190 Munke Bjergby,1.000.000,26-04-2013,"
Alm. Salg",4.901,6,Villa,204,1878,-22 %,Aktuel værdi
Duevej 5,4190 Munke Bjergby,900.000,18-04-2013,"
Alm. Salg",12.162,3,Sommerhus,74,1988,-10 %,Aktuel værdi
Tersløsevej 13,4190 Munke Bjergby,1.500.000,19-03-2013,"
Auktion",-,11,Villa,525,1891,,Aktuel værdi
Østervej 16,4190 Munke Bjergby,1.250.000,16-03-2013,"
Alm. Salg",7.812,4,Villa,160,1825,-22 %,Aktuel værdi
Østervej 10,4190 Munke Bjergby,860.000,25-02-2013,"
Alm. Salg",5.620,6,Villa,153,1946,-14 %,Aktuel værdi
Bromme Østermark 1,4190 Munke Bjergby,400.000,18-02-2013,"
Auktion",4.878,2,Villa,82,1939,,Aktuel værdi
Veddevej 11,4190 Munke Bjergby,1.495.000,30-01-2013,"
Alm. Salg",11.074,5,Villa,135,1875,0 %,Aktuel værdi
Døjringevej 4,4190 Munke Bjergby,860.000,13-11-2012,"
Auktion",7.166,4,Villa,120,1940,,Aktuel værdi
Tersløsevej 17,4190 Munke Bjergby,1.238.900,24-09-2012,"
Fam. Salg",5.709,5,Villa,217,1901,-66 %,Aktuel værdi
Døjringevej 15,4190 Munke Bjergby,495.000,24-08-2012,"
Alm. Salg",5.689,3,Villa,87,1938,0 %,Aktuel værdi
Ødemarksvej 11,4190 Munke Bjergby,1.000.000,20-08-2012,"
Alm. Salg",10.309,3,Villa,97,1890,-20 %,Aktuel værdi
Skolebakken 29,4190 Munke Bjergby,1.195.000,01-08-2012,"
Alm. Salg",10.301,4,Villa,116,1966,0 %,Aktuel værdi
Døjringevej 34,4190 Munke Bjergby,600.000,16-06-2012,"
Alm. Salg",4.838,4,Villa,124,1964,-25 %,Aktuel værdi
Kirkebakkevej 25,4190 Munke Bjergby,480.000,13-04-2012,"
Fam. Salg",4.485,5,Villa,107,1922,,Aktuel værdi
Kirkebakkevej 31,4190 Munke Bjergby,686.934,28-03-2012,"
Fam. Salg",3.451,5,Villa,199,1915,,Aktuel værdi
Dybendalvej 12,4190 Munke Bjergby,1.450.000,22-01-2012,"
Alm. Salg",10.139,6,Villa,143,1925,-19 %,Aktuel værdi
Munke Bjergbyvej 31,4190 Munke Bjergby,695.000,01-01-2012,"
Alm. Salg",3.475,5,Villa,200,1927,,Aktuel værdi
Duevej 10,4190 Munke Bjergby,350.000,20-12-2011,"
Alm. Salg",3.500,4,Sommerhus,100,1973,-22 %,Aktuel værdi
Duevej 24,4190 Munke Bjergby,650.000,02-11-2011,"
Fam. Salg",8.904,4,Villa,73,1970,,Aktuel værdi
Skætholm 11,4190 Munke Bjergby,1.575.000,25-07-2011,"
Alm. Salg",-,4,Stuehus,169,1890,,
Skolebakken 4,4190 Munke Bjergby,1.200.000,03-06-2011,"
Alm. Salg",6.818,5,Villa,176,1972,-14 %,Aktuel værdi
Døjringevej 3,4190 Munke Bjergby,116.200,30-05-2011,"
Fam. Salg",830,5,Villa,140,1900,,Aktuel værdi
Kirkebakkevej 21,4190 Munke Bjergby,850.000,18-05-2011,"
Alm. Salg",7.798,4,Villa,109,1967,-5 %,Aktuel værdi
Kirkebakkevej 12,4190 Munke Bjergby,1.075.000,20-04-2011,"
Alm. Salg",8.958,5,Villa,120,1965,-10 %,Aktuel værdi
Kirkebakkevej 18,4190 Munke Bjergby,1.250.000,16-03-2011,"
Alm. Salg",5.580,8,Villa,224,1920,-3 %,Aktuel værdi
Duevej 22,4190 Munke Bjergby,615.709,22-11-2010,"
Alm. Salg",5.701,3,Sommerhus,108,1989,,Aktuel værdi
Skolebakken 20,4190 Munke Bjergby,450.000,27-09-2010,"
Alm. Salg",5.294,3,Villa,85,1964,,Aktuel værdi
Søvang 2,4190 Munke Bjergby,1.695.000,16-07-2010,"
Alm. Salg",10.527,5,Villa,161,2006,,Aktuel værdi
Skolebakken 9,4190 Munke Bjergby,1.100.000,23-06-2010,"
Alm. Salg",7.051,5,Villa,156,1970,-8 %,Aktuel værdi
Østervej 27,4190 Munke Bjergby,995.000,14-06-2010,"
Alm. Salg",7.834,4,Villa,127,1900,0 %,Aktuel værdi
Duevej 1,4190 Munke Bjergby,300.000,02-06-2010,"
Auktion",4.166,4,Sommerhus,72,1973,,Aktuel værdi
Maglesøvej 8,4190 Munke Bjergby,5.350.000,05-05-2010,"
Alm. Salg",27.864,6,Stuehus,192,1958,-32 %,
Ødemarksvej 8,4190 Munke Bjergby,1.950.000,25-03-2010,"
Alm. Salg",9.069,9,Stuehus,215,1989,,
Ødemarksvej 2,4190 Munke Bjergby,3.000.000,12-03-2010,"
Alm. Salg",22.388,4,Villa,134,1927,,Aktuel værdi
Veddevej 20,4190 Munke Bjergby,1.695.000,05-03-2010,"
Alm. Salg",10.593,6,Villa,160,1972,0 %,Aktuel værdi
Duevej 3,4190 Munke Bjergby,535.000,07-12-2009,"
Alm. Salg",8.629,2,Sommerhus,62,1975,-10 %,Aktuel værdi
Munke Bjergbyvej 21,4190 Munke Bjergby,995.000,25-11-2009,"
Alm. Salg",9.476,3,Villa,105,1937,0 %,Aktuel værdi
Døjringevej 11,4190 Munke Bjergby,561.195,13-11-2009,"
Alm. Salg",4.879,6,Villa,115,1907,-49 %,Aktuel værdi
Munke Bjergbyvej 41,4190 Munke Bjergby,1.130.000,10-09-2009,"
Alm. Salg",7.902,4,Villa,143,1941,-5 %,Aktuel værdi
Toplærkevej 13,4190 Munke Bjergby,860.000,01-07-2009,"
Alm. Salg",8.775,5,Villa,98,1969,-4 %,Aktuel værdi
Døjringevej 19,4190 Munke Bjergby,598.037,25-06-2009,"
Andet",3.624,6,Villa,165,1897,,Aktuel værdi
Kirkebakkevej 16,4190 Munke Bjergby,1.252.478,27-02-2009,"
Alm. Salg",8.294,5,Villa,151,1945,,Aktuel værdi
Spurvevej 13,4190 Munke Bjergby,475.000,08-12-2008,"
Alm. Salg",9.134,4,Sommerhus,52,1986,-5 %,Aktuel værdi
Kalundborgvej 102,4190 Munke Bjergby,750.000,27-11-2008,"
Alm. Salg",6.696,3,Villa,112,1900,,Aktuel værdi
Kammergave Mark 5,4190 Munke Bjergby,1.500.000,27-10-2008,"
Alm. Salg",12.500,6,Stuehus,120,1924,,
Veddevej 17,4190 Munke Bjergby,950.000,10-09-2008,"
Alm. Salg",9.895,4,Villa,96,1960,-13 %,Aktuel værdi
Søbrinken 2,4190 Munke Bjergby,1.650.000,15-07-2008,"
Alm. Salg",12.313,4,Villa,134,2002,-3 %,Aktuel værdi
Krogen 13,4190 Munke Bjergby,1.892.000,29-06-2008,"
Alm. Salg",19.111,4,Villa,99,1910,5 %,Aktuel værdi
Døjringevej 5,4190 Munke Bjergby,804.267,15-06-2008,"
Andet",7.180,4,Villa,112,1922,,Aktuel værdi
Tersløsevej 1,4190 Munke Bjergby,950.000,08-04-2008,"
Alm. Salg",12.837,3,Villa,74,1877,0 %,Aktuel værdi
Østervej 11,4190 Munke Bjergby,1.475.000,25-03-2008,"
Alm. Salg",17.151,4,Villa,86,1946,-7 %,Aktuel værdi
Østervej 7,4190 Munke Bjergby,2.535.000,04-03-2008,"
Alm. Salg",11.845,7,Villa,214,1932,0 %,Aktuel værdi
Duevej 32,4190 Munke Bjergby,350.000,22-02-2008,"
Alm. Salg",3.398,1,Sommerhus,103,2015,,Aktuel værdi
Atterupvej 10,4190 Munke Bjergby,685.676,05-02-2008,"
Alm. Salg",2.211,7,Stuehus,310,1874,,
Østervej 8,4190 Munke Bjergby,850.000,09-01-2008,"
Alm. Salg",7.083,5,Villa,120,1935,,Aktuel værdi
Munke Bjergbyvej 40,4190 Munke Bjergby,335.000,26-11-2007,"
Alm. Salg",1.658,6,Stuehus,202,1900,-91 %,
Døjringevej 36,4190 Munke Bjergby,1.995.000,05-10-2007,"
Alm. Salg",15.833,4,Villa,126,1943,0 %,Aktuel værdi
Toplærkevej 11,4190 Munke Bjergby,1.075.000,11-09-2007,"
Alm. Salg",9.188,4,Sommerhus,117,1969,-10 %,Aktuel værdi
Døjringevej 38,4190 Munke Bjergby,117.600,03-09-2007,"
Fam. Salg",664,6,Stuehus,177,1910,,
Kirkebakkevej 8B,4190 Munke Bjergby,2.800.000,16-08-2007,"
Alm. Salg",14.814,5,Villa,189,2005,,Aktuel værdi
Dybendalvej 1A,4190 Munke Bjergby,850.000,06-06-2007,"
Fam. Salg",3.046,6,Villa,279,2015,,Aktuel værdi
Veddevej 12,4190 Munke Bjergby,2.495.000,27-05-2007,"
Alm. Salg",12.475,6,Villa,200,1978,,Aktuel værdi
Vibesvinget 1,4190 Munke Bjergby,827.262,24-05-2007,"
Alm. Salg",4.754,4,Sommerhus,174,1975,,Aktuel værdi
Nordskovvej 2,4190 Munke Bjergby,3.850.000,16-05-2007,"
Alm. Salg",19.543,6,Stuehus,197,1917,-4 %,
Kammergavevej 11,4190 Munke Bjergby,3.300.000,13-05-2007,"
Alm. Salg",17.647,6,Stuehus,187,1924,-3 %,
Tersløsevej 2,4190 Munke Bjergby,1.250.000,08-05-2007,"
Alm. Salg",12.500,3,Villa,100,1955,,Aktuel værdi
Kalundborgvej 115,4190 Munke Bjergby,923.788,06-05-2007,"
Fam. Salg",6.037,5,Villa,153,1954,,Aktuel værdi
Kirkebakkevej 19,4190 Munke Bjergby,975.000,29-04-2007,"
Alm. Salg",10.833,4,Villa,90,1912,0 %,Aktuel værdi
Skolebakken 1,4190 Munke Bjergby,1.700.000,17-04-2007,"
Alm. Salg",11.333,5,Villa,150,1948,,Aktuel værdi
Døjringevej 14,4190 Munke Bjergby,1.250.000,07-04-2007,"
Alm. Salg",10.964,8,Villa,114,1890,-2 %,Aktuel værdi
Toplærkevej 4,4190 Munke Bjergby,375.000,19-03-2007,"
Alm. Salg",6.944,2,Sommerhus,54,2007,0 %,Aktuel værdi
Toplærkevej 10,4190 Munke Bjergby,160.000,01-12-2006,"
Alm. Salg",1.553,4,Sommerhus,103,2012,,Aktuel værdi
Veddevej 10,4190 Munke Bjergby,1.500.000,13-10-2006,"
Alm. Salg",9.868,5,Villa,152,1880,,Aktuel værdi
Kammergavevej 21,4190 Munke Bjergby,2.375.000,03-10-2006,"
Alm. Salg",7.761,8,Stuehus,306,1924,,
Toplærkevej 1,4190 Munke Bjergby,459.000,26-09-2006,"
Fam. Salg",6.039,3,Villa,76,1970,,Aktuel værdi
Kirkebakkevej 38,4190 Munke Bjergby,1.295.000,20-09-2006,"
Alm. Salg",13.631,4,Villa,95,1931,,Aktuel værdi
Sangdrosselvej 2,4190 Munke Bjergby,411.336,28-08-2006,"
Alm. Salg",3.917,5,Sommerhus,105,1971,,Aktuel værdi
Bromme Østermark 14,4190 Munke Bjergby,1.865.000,11-08-2006,"
Alm. Salg",16.954,3,Villa,110,1914,,Aktuel værdi
Vibesvinget 2,4190 Munke Bjergby,670.000,21-07-2006,"
Alm. Salg",7.052,5,Sommerhus,95,1967,,Aktuel værdi
Bromme Østermark 12,4190 Munke Bjergby,1.595.000,13-06-2006,"
Alm. Salg",13.750,4,Villa,116,1900,,Aktuel værdi
Dybendalvej 3,4190 Munke Bjergby,750.000,09-06-2006,"
Alm. Salg",3.676,4,Villa,204,2011,,Aktuel værdi
Kalundborgvej 111,4190 Munke Bjergby,845.000,31-03-2006,"
Alm. Salg",10.974,3,Villa,77,1919,,Aktuel værdi
Atterupvej 5,4190 Munke Bjergby,2.825.000,01-01-2006,"
Alm. Salg",-,10,Stuehus,220,1854,,
Toplærkevej 6,4190 Munke Bjergby,795.000,19-12-2005,"
Alm. Salg",9.464,5,Sommerhus,84,1973,,Aktuel værdi
Spurvevej 15,4190 Munke Bjergby,599.697,07-12-2005,"
Alm. Salg",5.657,4,Sommerhus,106,2005,,Aktuel værdi
Bromme Østermark 5,4190 Munke Bjergby,950.000,07-11-2005,"
Alm. Salg",9.047,3,Villa,105,1956,,Aktuel værdi
Vinkelstræde 10,4190 Munke Bjergby,875.614,18-09-2005,"
Alm. Salg",3.998,5,Villa,219,1930,,Aktuel værdi
Veddevej 2,4190 Munke Bjergby,855.696,18-08-2005,"
Alm. Salg",3.961,6,Villa,216,1877,,Aktuel værdi
Østervej 3B,4190 Munke Bjergby,650.000,15-08-2005,"
Alm. Salg",11.818,2,Villa,55,1967,,Aktuel værdi
Atterupvej 8,4190 Munke Bjergby,1.650.000,25-07-2005,"
Alm. Salg",8.823,6,Villa,187,1902,,Aktuel værdi
Døjringevej 24,4190 Munke Bjergby,1.775.000,24-06-2005,"
Alm. Salg",9.971,5,Villa,178,1917,,Aktuel værdi
Døjringevej 17B,4190 Munke Bjergby,1.095.000,21-06-2005,"
Alm. Salg",11.288,4,Villa,97,1987,,Aktuel værdi
Ødemarksvej 13,4190 Munke Bjergby,69.750.000,01-06-2005,"
Alm. Salg",387.500,6,Stuehus,180,1922,,
Bromme Østermark 7,4190 Munke Bjergby,1.175.000,02-05-2005,"
Alm. Salg",5.292,7,Villa,222,1820,,Aktuel værdi
Bromme Østermark 21,4190 Munke Bjergby,3.000.000,28-04-2005,"
Alm. Salg",32.258,4,Anden beboelse,93,1928,,Aktuel værdi
Kirkebakkevej 40,4190 Munke Bjergby,795.000,16-04-2005,"
Alm. Salg",8.641,4,Villa,92,1965,,Aktuel værdi
Kammergavevej 15,4190 Munke Bjergby,1.000.000,21-03-2005,"
Andet",7.407,3,Stuehus,135,1996,,
Døjringevej 28,4190 Munke Bjergby,750.000,03-03-2005,"
Fam. Salg",6.944,3,Villa,108,1961,,Aktuel værdi
Anagervej 3,4190 Munke Bjergby,2.125.000,28-01-2005,"
Alm. Salg",16.221,7,Villa,131,1948,,Aktuel værdi
Kalundborgvej 109,4190 Munke Bjergby,621.209,16-01-2005,"
Alm. Salg",3.882,4,Villa,160,1890,,Aktuel værdi
Vinkelstræde 3,4190 Munke Bjergby,973.446,15-01-2005,"
Alm. Salg",3.893,7,Villa,250,2010,,Aktuel værdi
Maglesøvej 11,4190 Munke Bjergby,1.000.100,06-11-2004,"
Alm. Salg",14.287,3,Villa,70,1972,,Aktuel værdi
Skolebakken 12,4190 Munke Bjergby,940.000,25-10-2004,"
Alm. Salg",9.215,3,Villa,102,1969,,Aktuel værdi
Døjringevej 18,4190 Munke Bjergby,1.195.000,25-08-2004,"
Alm. Salg",13.426,5,Villa,89,1926,,Aktuel værdi
Veddevej 26,4190 Munke Bjergby,264.751,16-08-2004,"
Alm. Salg",4.073,4,Stuehus,65,1827,,
Kirkebakkevej 28,4190 Munke Bjergby,950.000,27-07-2004,"
Alm. Salg",3.925,8,Rækkehus,242,1933,,Aktuel værdi
Skolebakken 22,4190 Munke Bjergby,1.299.000,26-06-2004,"
Alm. Salg",9.551,5,Villa,136,1965,,Aktuel værdi
Østervej 33,4190 Munke Bjergby,1.685.535,24-06-2004,"
Alm. Salg",14.785,4,Stuehus,114,1968,,
Atterupvej 11,4190 Munke Bjergby,1.099.000,18-06-2004,"
Alm. Salg",9.313,4,Villa,118,1949,,Aktuel værdi
Toplærkevej 14,4190 Munke Bjergby,425.000,19-05-2004,"
Alm. Salg",-,4,Villa,78,1970,,Aktuel værdi
Munke Bjergbyvej 44,4190 Munke Bjergby,1.015.000,29-04-2004,"
Alm. Salg",9.950,4,Villa,102,1963,,Aktuel værdi
Tersløsevej 12,4190 Munke Bjergby,1.800.000,14-04-2004,"
Alm. Salg",12.080,4,Stuehus,149,1910,,
Kammergavevej 29,4190 Munke Bjergby,350.000,14-04-2004,"
Alm. Salg",3.070,3,Stuehus,114,1924,,
Sangdrosselvej 6,4190 Munke Bjergby,300.000,17-03-2004,"
Andet",3.571,3,Sommerhus,84,1973,,Aktuel værdi
Spurvevej 2,4190 Munke Bjergby,110.500,15-03-2004,"
Fam. Salg",2.009,3,Sommerhus,55,1972,,Aktuel værdi
Kirkebakkevej 2,4190 Munke Bjergby,1.029.000,02-02-2004,"
Fam. Salg",4.182,5,Villa,246,1900,,Aktuel værdi
Skolebakken 3,4190 Munke Bjergby,765.000,15-12-2003,"
Alm. Salg",7.500,4,Villa,102,1966,,Aktuel værdi
Østervej 31,4190 Munke Bjergby,845.000,03-12-2003,"
Alm. Salg",-,5,Villa,145,1900,,Aktuel værdi
Døjringevej 32,4190 Munke Bjergby,900.000,30-08-2003,"
Alm. Salg",7.758,4,Villa,116,1962,,Aktuel værdi
Østervej 18,4190 Munke Bjergby,1.380.000,03-07-2003,"
Alm. Salg",7.796,5,Villa,177,1940,,Aktuel værdi
Hallelevvej 3,4190 Munke Bjergby,1.600.000,30-06-2003,"
Alm. Salg",16.000,4,Stuehus,100,1956,,
Munke Bjergbyvej 13,4190 Munke Bjergby,995.000,23-06-2003,"
Alm. Salg",-,8,Stuehus,216,1920,,
Dybendalvej 16,4190 Munke Bjergby,3.500.000,14-06-2003,"
Alm. Salg",43.750,3,Stuehus,80,1905,,
Veddevej 8,4190 Munke Bjergby,1.232.500,12-06-2003,"
Fam. Salg",9.197,4,Stuehus,134,1924,,
Kirkebakkevej 15,4190 Munke Bjergby,1.618.190,10-06-2003,"
Alm. Salg",8.131,6,Villa,199,1917,,Aktuel værdi
Duevej 4,4190 Munke Bjergby,625.000,09-03-2003,"
Alm. Salg",4.844,3,Sommerhus,129,1971,,Aktuel værdi
Nordskovvej 6,4190 Munke Bjergby,1.200.000,13-02-2003,"
Alm. Salg",-,6,Villa,176,1900,,Aktuel værdi
Duevej 7,4190 Munke Bjergby,485.000,09-12-2002,"
Alm. Salg",5.705,4,Sommerhus,85,1971,,Aktuel værdi
Østervej 13,4190 Munke Bjergby,695.000,20-10-2002,"
Alm. Salg",10.692,3,Villa,65,1949,,Aktuel værdi
Østervej 6,4190 Munke Bjergby,807.842,27-09-2002,"
Alm. Salg",8.686,3,Villa,93,1936,,Aktuel værdi
Bromme Østermark 18,4190 Munke Bjergby,1.160.000,17-07-2002,"
Alm. Salg",7.341,7,Villa,158,1950,,Aktuel værdi
Mistebjergvej 7,4190 Munke Bjergby,1.467.233,23-05-2002,"
Alm. Salg",10.405,5,Stuehus,141,1924,,
Døjringevej 13,4190 Munke Bjergby,1.185.000,16-05-2002,"
Alm. Salg",7.694,6,Villa,154,1922,,Aktuel værdi
Kammergavevej 6,4190 Munke Bjergby,731.000,21-04-2002,"
Fam. Salg",7.459,3,Stuehus,98,1924,,
Bromme Østermark 25,4190 Munke Bjergby,4.311.010,08-03-2002,"
Alm. Salg",18.907,5,Stuehus,228,1984,,
Munke Bjergbyvej 27,4190 Munke Bjergby,1.034.000,05-03-2002,"
Alm. Salg",5.908,5,Villa,175,1922,,Aktuel værdi
Sangdrosselvej 8,4190 Munke Bjergby,364.000,23-02-2002,"
Alm. Salg",5.352,3,Sommerhus,68,1971,,Aktuel værdi
Ødemarksvej 9,4190 Munke Bjergby,1.044.000,14-02-2002,"
Alm. Salg",9.577,4,Villa,109,1956,,Aktuel værdi
Kammergavevej 7,4190 Munke Bjergby,930.000,05-02-2002,"
Alm. Salg",-,7,Villa,245,1924,,Aktuel værdi
Tersløsevej 5,4190 Munke Bjergby,635.000,21-12-2001,"
Alm. Salg",10.079,2,Villa,63,1920,,Aktuel værdi
Skolebakken 19,4190 Munke Bjergby,774.790,07-11-2001,"
Alm. Salg",6.856,3,Villa,113,1966,,Aktuel værdi
Kirkebakkevej 42,4190 Munke Bjergby,564.000,18-10-2001,"
Alm. Salg",8.812,2,Villa,64,1947,,Aktuel værdi
Søvang 15,4190 Munke Bjergby,46.935,24-09-2001,"
Alm. Salg",340,3,Villa,138,2003,,Aktuel værdi
Døjringevej 23A,4190 Munke Bjergby,500.000,21-08-2001,"
Alm. Salg",4.000,5,Villa,125,1904,,Aktuel værdi
Kalundborgvej 107,4190 Munke Bjergby,577.078,08-08-2001,"
Alm. Salg",7.694,3,Villa,75,1917,,Aktuel værdi
Søbrinken 4,4190 Munke Bjergby,90.405,27-07-2001,"
Alm. Salg",544,6,Villa,166,2003,,Aktuel værdi
Søbrinken 6,4190 Munke Bjergby,30.000,10-07-2001,"
Alm. Salg",197,6,Villa,152,2004,,Aktuel værdi
Kammergavevej 23,4190 Munke Bjergby,475.000,02-06-2001,"
Alm. Salg",2.486,6,Villa,191,1980,,Aktuel værdi
Døjringevej 22,4190 Munke Bjergby,1.906.000,31-05-2001,"
Alm. Salg",12.706,4,Stuehus,150,1920,,
Kirkebakkevej 17,4190 Munke Bjergby,827.460,31-05-2001,"
Alm. Salg",4.838,7,Villa,171,1898,,Aktuel værdi
Hulhøjvej 2,4190 Munke Bjergby,1.627.220,09-05-2001,"
Alm. Salg",9.743,5,Stuehus,167,1900,,
Søvang 6,4190 Munke Bjergby,87.210,07-05-2001,"
Alm. Salg",585,5,Villa,149,2005,,Aktuel værdi
Veddevej 5,4190 Munke Bjergby,523.000,07-04-2001,"
Alm. Salg",-,5,Villa,194,1850,,Aktuel værdi
Bromme Østermark 23,4190 Munke Bjergby,1.890.000,26-03-2001,"
Fam. Salg",9.947,7,Stuehus,190,1940,,
Veddevej 16,4190 Munke Bjergby,1.291.085,08-03-2001,"
Alm. Salg",8.607,6,Villa,150,1965,,Aktuel værdi
Søbrinken 1,4190 Munke Bjergby,76.590,22-01-2001,"
Alm. Salg",643,5,Villa,119,2005,,Aktuel værdi
Krogen 5,4190 Munke Bjergby,2.699.032,01-12-2000,"
Alm. Salg",17.526,6,Stuehus,154,1890,,
Tersløsevej 3,4190 Munke Bjergby,672.000,18-09-2000,"
Alm. Salg",5.600,6,Villa,120,1900,,Aktuel værdi
Dybendalvej 8,4190 Munke Bjergby,390.000,18-09-2000,"
Fam. Salg",2.321,3,Villa,168,1880,,Aktuel værdi
Skolebakken 6,4190 Munke Bjergby,1.350.000,31-08-2000,"
Alm. Salg",6.000,6,Villa,225,1966,,Aktuel værdi
Krogen 2,4190 Munke Bjergby,1.324.086,31-08-2000,"
Alm. Salg",-,10,Villa,524,1825,,Aktuel værdi
Søvang 4,4190 Munke Bjergby,87.525,26-07-2000,"
Alm. Salg",397,7,Villa,220,2001,,Aktuel værdi
Munke Bjergbyvej 26,4190 Munke Bjergby,1.961.072,31-05-2000,"
Alm. Salg",6.625,8,Villa,296,1890,,Aktuel værdi
Dybendalvej 18,4190 Munke Bjergby,442.000,25-05-2000,"
Fam. Salg",5.022,3,Villa,88,1965,,Aktuel værdi
Søvang 17,4190 Munke Bjergby,117.990,10-05-2000,"
Alm. Salg",670,5,Villa,176,2001,,Aktuel værdi
Bromme Østermark 22,4190 Munke Bjergby,870.000,09-04-2000,"
Alm. Salg",5.723,6,Villa,152,1959,,Aktuel værdi
Munke Bjergbyvej 24,4190 Munke Bjergby,297.000,21-03-2000,"
Alm. Salg",3.857,3,Villa,77,1877,,Aktuel værdi
Dybendalvej 2A,4190 Munke Bjergby,490.000,23-12-1999,"
Fam. Salg",2.969,6,Villa,165,1910,,Aktuel værdi
Nordskovvej 12,4190 Munke Bjergby,741.600,25-11-1999,"
Alm. Salg",3.565,6,Villa,208,1923,,Aktuel værdi
Skolebakken 21,4190 Munke Bjergby,780.000,28-10-1999,"
Alm. Salg",5.652,4,Villa,138,1968,,Aktuel værdi
Skolebakken 2,4190 Munke Bjergby,838.908,23-09-1999,"
Alm. Salg",-,3,Villa,160,1966,,Aktuel værdi
Kirkebakkevej 39,4190 Munke Bjergby,349.515,15-09-1999,"
Andet",1.519,6,Villa,230,1852,,Aktuel værdi
Munke Bjergbyvej 18,4190 Munke Bjergby,385.000,20-07-1999,"
Alm. Salg",3.701,4,Villa,104,1953,,Aktuel værdi
Hallelevvej 9,4190 Munke Bjergby,1.409.043,08-06-1999,"
Alm. Salg",-,7,Stuehus,163,1956,,
Kirkebakkevej 33,4190 Munke Bjergby,803.620,12-05-1999,"
Alm. Salg",5.466,5,Villa,147,1937,,Aktuel værdi
Veddevej 24,4190 Munke Bjergby,3.600.000,19-02-1999,"
Alm. Salg",25.714,6,Villa,140,1960,,Aktuel værdi
Toplærkevej 5,4190 Munke Bjergby,50.000,14-11-1998,"
Alm. Salg",357,6,Villa,140,1989,,Aktuel værdi
Østervej 29,4190 Munke Bjergby,532.000,15-10-1998,"
Alm. Salg",6.333,3,Villa,84,1827,,Aktuel værdi
Sangdrosselvej 1,4190 Munke Bjergby,170.000,10-10-1998,"
Alm. Salg",2.982,2,Villa,57,1969,,Aktuel værdi
Anagervej 2,4190 Munke Bjergby,200.000,28-09-1998,"
Alm. Salg",-,3,Villa,130,1827,,Aktuel værdi
Munke Bjergbyvej 23,4190 Munke Bjergby,1.011.000,28-08-1998,"
Alm. Salg",-,10,Villa,323,1890,,Aktuel værdi
Vinkelstræde 8,4190 Munke Bjergby,507.175,30-07-1998,"
Alm. Salg",6.762,3,Villa,75,1940,,Aktuel værdi
Skolebakken 23,4190 Munke Bjergby,307.000,15-05-1998,"
Fam. Salg",2.102,4,Villa,146,1969,,Aktuel værdi
Toplærkevej 2,4190 Munke Bjergby,125.000,18-03-1998,"
Alm. Salg",2.906,2,Sommerhus,43,1970,,Aktuel værdi
Veddevej 3C,4190 Munke Bjergby,475.040,17-11-1997,"
Alm. Salg",4.612,4,Villa,103,1927,,Aktuel værdi
Østervej 9,4190 Munke Bjergby,515.000,24-10-1997,"
Alm. Salg",2.909,4,Villa,177,1946,,Aktuel værdi
Toplærkevej 9,4190 Munke Bjergby,56.000,09-09-1997,"
Alm. Salg",1.931,2,Sommerhus,29,1957,,Aktuel værdi
Hulhøjvej 3,4190 Munke Bjergby,1.345.000,12-07-1997,"
Alm. Salg",6.404,5,Stuehus,210,1995,,
Bromme Østermark 30,4190 Munke Bjergby,700.370,26-05-1997,"
Alm. Salg",3.519,4,Villa,199,1900,,Aktuel værdi
Østervej 4A,4190 Munke Bjergby,497.615,23-05-1997,"
Alm. Salg",3.827,3,Villa,130,1937,,Aktuel værdi
Skætholm 1,4190 Munke Bjergby,575.000,03-05-1997,"
Alm. Salg",5.750,4,Villa,100,1898,,Aktuel værdi
Kammergavevej 13,4190 Munke Bjergby,770.000,23-04-1997,"
Alm. Salg",4.350,6,Stuehus,177,1924,,
Tersløsevej 6,4190 Munke Bjergby,1.334.000,22-04-1997,"
Alm. Salg",9.013,5,Stuehus,148,1904,,
Døjringevej 1,4190 Munke Bjergby,170.000,25-03-1997,"
Alm. Salg",1.214,4,Villa,140,1890,,Aktuel værdi
Veddevej 9,4190 Munke Bjergby,1.107.000,03-02-1997,"
Alm. Salg",6.398,4,Stuehus,173,1850,,
Kirkebakkevej 29,4190 Munke Bjergby,550.000,23-10-1996,"
Alm. Salg",3.928,4,Villa,140,1928,,Aktuel værdi
Veddevej 1,4190 Munke Bjergby,395.000,29-08-1996,"
Alm. Salg",4.388,4,Villa,90,1925,,Aktuel værdi
Kammergavevej 9,4190 Munke Bjergby,495.000,19-08-1996,"
Alm. Salg",3.132,6,Villa,158,1924,,Aktuel værdi
Atterupvej 4,4190 Munke Bjergby,808.000,08-07-1996,"
Alm. Salg",5.146,3,Villa,157,1910,,Aktuel værdi
Østervej 17,4190 Munke Bjergby,575.000,30-06-1996,"
Alm. Salg",5.180,6,Villa,111,1954,,Aktuel værdi
Krogen 9,4190 Munke Bjergby,500.000,20-06-1996,"
Alm. Salg",2.564,5,Villa,195,1908,,Aktuel værdi
Kirkebakkevej 9,4190 Munke Bjergby,553.000,03-06-1996,"
Alm. Salg",6.144,5,Stuehus,90,1953,,
Kirkebakkevej 5,4190 Munke Bjergby,430.000,02-06-1996,"
Alm. Salg",2.866,9,Villa,150,1930,,Aktuel værdi
Nordskovvej 1,4190 Munke Bjergby,240.885,09-05-1996,"
Fam. Salg",1.720,5,Villa,140,1921,,Aktuel værdi
Munke Bjergbyvej 25,4190 Munke Bjergby,670.000,06-05-1996,"
Alm. Salg",2.913,7,Villa,230,1949,,Aktuel værdi
Kirkebakkevej 1,4190 Munke Bjergby,581.000,18-04-1996,"
Alm. Salg",2.371,8,Villa,245,1929,,Aktuel værdi
Krogen 6,4190 Munke Bjergby,790.000,15-04-1996,"
Alm. Salg",5.724,6,Villa,138,1750,,Aktuel værdi
Munke Bjergbyvej 20,4190 Munke Bjergby,596.666,30-03-1996,"
Alm. Salg",4.773,4,Villa,125,1777,,Aktuel værdi
Kammergavevej 10,4190 Munke Bjergby,850.000,11-03-1996,"
Alm. Salg",4.594,4,Villa,185,1924,,Aktuel værdi
Østervej 15,4190 Munke Bjergby,443.500,13-02-1996,"
Alm. Salg",2.321,7,Villa,191,1953,,Aktuel værdi
Kammergave Mark 1,4190 Munke Bjergby,425.000,16-01-1996,"
Alm. Salg",2.414,6,Villa,176,1924,,Aktuel værdi
Veddevej 15,4190 Munke Bjergby,381.392,02-12-1995,"
Alm. Salg",2.911,5,Villa,131,1960,,Aktuel værdi
Veddevej 18,4190 Munke Bjergby,641.700,27-11-1995,"
Alm. Salg",4.974,5,Villa,129,1877,,Aktuel værdi
Kirkebakkevej 23,4190 Munke Bjergby,426.460,05-10-1995,"
Alm. Salg",3.305,4,Villa,129,1923,,Aktuel værdi
Maglesøvej 9,4190 Munke Bjergby,4.900.000,24-02-1995,"
Alm. Salg",18.148,9,Stuehus,270,1907,,
Nordrupvej 11,4190 Munke Bjergby,650.000,07-02-1995,"
Alm. Salg",3.233,5,Stuehus,201,1870,,
Skætholm 13,4190 Munke Bjergby,1.052.680,09-11-1994,"
Alm. Salg",9.153,4,Villa,115,1897,,Aktuel værdi
Kirkebakkevej 3,4190 Munke Bjergby,2.050.000,09-06-1994,"
Alm. Salg",6.721,9,Stuehus,305,1875,,
Dybendalvej 6,4190 Munke Bjergby,1.983.425,01-04-1994,"
Andet",21.795,4,Stuehus,91,1890,,
Tersløsevej 11,4190 Munke Bjergby,595.000,28-10-1993,"
Alm. Salg",3.789,3,Villa,157,1900,,Aktuel værdi
Østervej 3A,4190 Munke Bjergby,452.807,28-08-1993,"
Alm. Salg",1.871,8,Villa,242,1967,,Aktuel værdi
Kirkebakkevej 44,4190 Munke Bjergby,450.410,08-06-1993,"
Alm. Salg",2.982,4,Villa,151,1932,,Aktuel værdi
Kirkebakkevej 48,4190 Munke Bjergby,1.000.000,11-03-1993,"
Alm. Salg",10.204,5,Stuehus,98,1890,,
Nordskovvej 9,4190 Munke Bjergby,174.382,24-11-1992,"
Alm. Salg",-,6,Villa,188,1900,,Aktuel værdi
Sangdrosselvej 11,4190 Munke Bjergby,170.000,28-09-1992,"
Alm. Salg",2.698,2,Sommerhus,63,1969,,Aktuel værdi
Munke Bjergbyvej 11,4190 Munke Bjergby,325.000,10-08-1992,"
Alm. Salg",2.754,7,Villa,118,1900,,Aktuel værdi
Kammergavevej 19,4190 Munke Bjergby,611.250,20-04-1992,"
Alm. Salg",2.778,6,Villa,220,1924,,Aktuel værdi
Vinkelstræde 1,4190 Munke Bjergby,330.000,10-02-1992,"
Alm. Salg",3.750,2,Villa,88,1928,,Aktuel værdi
