address,zip_code,price,sell_date,sell_type,price_per_sq_m,no_rooms,housing_type,size_in_sq_m,year_of_construction,price_change_in_pct
Vejsgårdparken 78B,4241 Vemmelev,1.700.000,25-05-2017,"
Alm. Salg",13.709,5,Rækkehus,124,2009,-3 %,Aktuel værdi
Ormeslevvej 10,4241 Vemmelev,898.000,15-05-2017,"
Alm. Salg",8.090,3,Villa,111,1940,0 %,Aktuel værdi
Vejsgårdparken 60B,4241 Vemmelev,1.350.000,03-05-2017,"
Alm. Salg",13.106,4,Rækkehus,103,2006,-3 %,Aktuel værdi
Irisvej 7,4241 Vemmelev,1.225.000,26-04-2017,"
Alm. Salg",9.722,5,Villa,126,1969,-10 %,Aktuel værdi
Forlevvej 1,4241 Vemmelev,1.450.000,18-04-2017,"
Alm. Salg",9.477,4,Villa,153,1920,-3 %,Aktuel værdi
Slagelse Landevej 115,4241 Vemmelev,675.000,11-03-2017,"
Alm. Salg",4.720,4,Villa,143,1959,-9 %,Aktuel værdi
Lyshøjvej 10,4241 Vemmelev,1.095.000,13-02-2017,"
Alm. Salg",9.358,4,Villa,117,1967,0 %,Aktuel værdi
Tingvej 26,4241 Vemmelev,1.475.000,09-02-2017,"
Alm. Salg",5.566,8,Villa,265,1939,-8 %,Aktuel værdi
Bakkevej 4B,4241 Vemmelev,600.000,20-01-2017,"
Alm. Salg",8.450,3,Rækkehus,71,1981,,Aktuel værdi
Vejsgårdparken 9,4241 Vemmelev,2.275.000,13-01-2017,"
Alm. Salg",10.937,6,Villa,208,2008,-4 %,Aktuel værdi
Vejsgårdtoften 66,4241 Vemmelev,2.598.000,04-01-2017,"
Alm. Salg",14.513,5,Villa,179,2009,0 %,Aktuel værdi
Rugvænget 33,4241 Vemmelev,1.360.000,04-01-2017,"
Alm. Salg",9.251,3,Villa,147,1971,-3 %,Aktuel værdi
Hemmeshøjvej 77,4241 Vemmelev,1.370.000,15-12-2016,"
Alm. Salg",12.685,4,Villa,108,1920,6 %,Aktuel værdi
Bakkevej 12,4241 Vemmelev,1.350.000,14-12-2016,"
Alm. Salg",9.375,3,Villa,144,1965,0 %,Aktuel værdi
Birkholm 3,4241 Vemmelev,900.000,29-11-2016,"
Alm. Salg",5.421,5,Villa,166,1934,-25 %,Aktuel værdi
Forlevvej 5,4241 Vemmelev,750.000,17-11-2016,"
Alm. Salg",5.319,3,Villa,141,1964,-16 %,Aktuel værdi
Ormeslevvej 14,4241 Vemmelev,3.800.000,12-11-2016,"
Alm. Salg",11.875,9,Stuehus,320,1921,-2 %,
Enghavevej 142,4241 Vemmelev,800.000,09-11-2016,"
Alm. Salg",6.451,4,Villa,124,1978,-20 %,Aktuel værdi
Bag Volden 2,4241 Vemmelev,700.000,07-11-2016,"
Alm. Salg",3.684,7,Villa,190,1934,-3 %,Aktuel værdi
Lille Strandvej 4,4241 Vemmelev,272.500,01-11-2016,"
Fam. Salg",2.595,4,Villa,105,1947,,Aktuel værdi
Stationsvej 91,4241 Vemmelev,2.195.000,01-11-2016,"
Alm. Salg",12.911,5,Villa,170,2004,0 %,Aktuel værdi
Bøgeparken 9,4241 Vemmelev,1.420.000,25-10-2016,"
Alm. Salg",9.659,4,Villa,147,1971,-2 %,Aktuel værdi
Hemmeshøjvej 9,4241 Vemmelev,235.000,24-10-2016,"
Alm. Salg",3.133,3,Villa,75,1900,-20 %,Aktuel værdi
Studevej 26,4241 Vemmelev,950.000,20-10-2016,"
Fam. Salg",7.851,5,Villa,121,1949,,Aktuel værdi
Enghavevej 58,4241 Vemmelev,1.575.000,11-10-2016,"
Alm. Salg",14.318,4,Villa,110,1986,0 %,Aktuel værdi
Ydunvej 12,4241 Vemmelev,2.075.000,05-10-2016,"
Alm. Salg",9.880,6,Stuehus,210,1900,-3 %,
Borgergade 97,4241 Vemmelev,1.050.000,03-10-2016,"
Alm. Salg",8.076,4,Villa,130,1977,,Aktuel værdi
Vejsgårdparken 70A,4241 Vemmelev,1.150.000,22-09-2016,"
Alm. Salg",14.197,3,Rækkehus,81,2009,-4 %,Aktuel værdi
Vejsgårdparken 80B,4241 Vemmelev,1.180.000,16-09-2016,"
Alm. Salg",14.567,3,Rækkehus,81,2009,-2 %,Aktuel værdi
Stationsvej 65,4241 Vemmelev,1.100.000,09-09-2016,"
Alm. Salg",7.913,4,Villa,139,1935,-4 %,Aktuel værdi
Stationsvej 50,4241 Vemmelev,925.000,05-09-2016,"
Alm. Salg",8.409,4,Villa,110,1932,-5 %,Aktuel værdi
Stationsvej 4,4241 Vemmelev,457.500,29-07-2016,"
Andet",3.877,5,Villa,118,1910,,Aktuel værdi
Hulhøjvej 7,4241 Vemmelev,800.000,20-07-2016,"
Alm. Salg",5.333,5,Villa,150,1960,-5 %,Aktuel værdi
Kirkevej 13,4241 Vemmelev,800.000,15-07-2016,"
Alm. Salg",5.298,5,Rækkehus,151,1827,-11 %,Aktuel værdi
Vejsgårdparken 8,4241 Vemmelev,2.145.000,12-07-2016,"
Alm. Salg",15.105,5,Villa,142,2006,0 %,Aktuel værdi
Hemmeshøjvej 55,4241 Vemmelev,600.000,11-07-2016,"
Alm. Salg",7.142,3,Villa,84,1962,,Aktuel værdi
Skolevej 6,4241 Vemmelev,750.000,01-07-2016,"
Alm. Salg",6.302,3,Villa,119,1967,-6 %,Aktuel værdi
Fruegade 5A,4241 Vemmelev,1.100.000,20-06-2016,"
Alm. Salg",6.748,4,Villa,163,1968,-8 %,Aktuel værdi
Poppelvej 4,4241 Vemmelev,1.098.000,17-06-2016,"
Alm. Salg",7.842,5,Villa,140,1973,0 %,Aktuel værdi
Bakkevej 28,4241 Vemmelev,1.675.000,16-05-2016,"
Alm. Salg",14.823,5,Villa,113,1965,,Aktuel værdi
Hemmeshøjvej 53,4241 Vemmelev,1.375.000,13-05-2016,"
Alm. Salg",5.978,7,Villa,230,1956,-8 %,Aktuel værdi
Fruegade 3L,4241 Vemmelev,800.000,06-05-2016,"
Alm. Salg",9.756,3,Rækkehus,82,1987,-5 %,Aktuel værdi
Enghavevej 183,4241 Vemmelev,841.486,04-05-2016,"
Alm. Salg",5.499,5,Villa,153,2004,,Aktuel værdi
Vejsgårdparken 42,4241 Vemmelev,2.499.000,26-04-2016,"
Alm. Salg",13.655,5,Villa,183,2006,-2 %,Aktuel værdi
Søhusevej 2,4241 Vemmelev,2.750.000,21-04-2016,"
Alm. Salg",13.546,5,Stuehus,203,1827,-5 %,
Vejlagervej 7A,4241 Vemmelev,1.133.000,20-04-2016,"
Fam. Salg",5.665,5,Stuehus,200,2016,,
Enghavevej 122,4241 Vemmelev,1.232.500,18-04-2016,"
Fam. Salg",10.185,5,Villa,121,1982,,Aktuel værdi
Brovej 23,4241 Vemmelev,1.000.000,15-04-2016,"
Alm. Salg",3.937,9,Villa,254,1865,-9 %,Aktuel værdi
Stationsvej 33,4241 Vemmelev,1.200.000,15-04-2016,"
Alm. Salg",7.894,5,Villa,152,1972,-4 %,Aktuel værdi
Kirkevej 8D,4241 Vemmelev,785.000,17-03-2016,"
Alm. Salg",13.083,2,Rækkehus,60,1976,0 %,Aktuel værdi
Vejsgårdtoften 28,4241 Vemmelev,1.800.000,09-03-2016,"
Alm. Salg",12.857,5,Villa,140,2011,0 %,Aktuel værdi
Vejsgårdtoften 56,4241 Vemmelev,1.134.500,01-03-2016,"
Alm. Salg",6.834,5,Villa,166,2009,,Aktuel værdi
Skolevej 4,4241 Vemmelev,1.025.000,23-02-2016,"
Alm. Salg",7.884,4,Villa,130,1968,-5 %,Aktuel værdi
Lyshøjvej 8,4241 Vemmelev,1.565.000,19-02-2016,"
Alm. Salg",6.575,7,Villa,238,1923,-2 %,Aktuel værdi
Vejsgårdparken 25,4241 Vemmelev,2.250.000,13-02-2016,"
Alm. Salg",13.313,5,Villa,169,2005,-10 %,Aktuel værdi
Vejsgårdparken 24,4241 Vemmelev,2.560.000,13-02-2016,"
Alm. Salg",13.617,4,Villa,188,2008,,Aktuel værdi
Stationsvej 26L,4241 Vemmelev,1.045.000,05-02-2016,"
Alm. Salg",11.000,4,Rækkehus,95,1983,0 %,Aktuel værdi
Vejsgårdparken 84B,4241 Vemmelev,1.250.000,26-01-2016,"
Alm. Salg",13.586,3,Rækkehus,92,2008,,Aktuel værdi
Enghavevej 177,4241 Vemmelev,1.955.000,05-01-2016,"
Alm. Salg",12.694,6,Villa,154,2001,-2 %,Aktuel værdi
Snerlevej 8,4241 Vemmelev,744.090,22-12-2015,"
Fam. Salg",5.353,5,Villa,139,1971,,Aktuel værdi
Mosevej 5,4241 Vemmelev,1.300.000,10-12-2015,"
Andet",6.435,6,Villa,202,1877,,Aktuel værdi
Hemmeshøjvej 35,4241 Vemmelev,330.000,07-12-2015,"
Fam. Salg",3.367,3,Villa,98,1850,,Aktuel værdi
Kirkevej 7C,4241 Vemmelev,860.000,04-12-2015,"
Alm. Salg",11.944,3,Rækkehus,72,2008,-4 %,Aktuel værdi
Borgergade 27,4241 Vemmelev,930.000,13-11-2015,"
Alm. Salg",6.283,5,Villa,148,1949,-7 %,Aktuel værdi
Præstevænget 7,4241 Vemmelev,1.260.000,05-11-2015,"
Alm. Salg",8.811,4,Villa,143,1970,-3 %,Aktuel værdi
Stationsvej 6,4241 Vemmelev,666.565,29-10-2015,"
Fam. Salg",4.628,6,Villa,144,1900,-36 %,Aktuel værdi
Vejsager 35,4241 Vemmelev,1.675.000,27-10-2015,"
Alm. Salg",11.472,5,Villa,146,1979,-1 %,Aktuel værdi
Fruegade 4,4241 Vemmelev,1.030.000,27-10-2015,"
Alm. Salg",10.618,4,Villa,97,1900,-6 %,Aktuel værdi
Kirkevej 12,4241 Vemmelev,1.700.000,19-10-2015,"
Alm. Salg",6.513,8,Villa,261,1940,-5 %,Aktuel værdi
Stationsvej 11E,4241 Vemmelev,445.000,12-10-2015,"
Alm. Salg",7.542,2,Rækkehus,59,1976,,Aktuel værdi
Mærskvejen 1,4241 Vemmelev,1.623.000,07-10-2015,"
Alm. Salg",7.245,6,Villa,224,1885,-4 %,Aktuel værdi
Vejsgårdtoften 12,4241 Vemmelev,2.425.000,30-09-2015,"
Alm. Salg",15.645,4,Villa,155,2010,-1 %,Aktuel værdi
Vibevej 6,4241 Vemmelev,1.145.000,25-09-2015,"
Alm. Salg",11.009,4,Villa,104,1968,0 %,Aktuel værdi
Rugvænget 10,4241 Vemmelev,780.000,11-09-2015,"
Alm. Salg",10.540,3,Villa,74,1950,-2 %,Aktuel værdi
Enghavevej 112,4241 Vemmelev,2.130.000,05-09-2015,"
Alm. Salg",12.171,7,Villa,175,1987,-5 %,Aktuel værdi
Enghavevej 162,4241 Vemmelev,1.250.000,21-08-2015,"
Alm. Salg",10.080,4,Villa,124,1979,-7 %,Aktuel værdi
Bakkevej 38,4241 Vemmelev,2.050.000,18-08-2015,"
Alm. Salg",7.536,6,Villa,272,1977,-7 %,Aktuel værdi
Kirkevej 8B,4241 Vemmelev,550.000,18-08-2015,"
Alm. Salg",9.166,2,Rækkehus,60,1976,-19 %,Aktuel værdi
Strædet 3B,4241 Vemmelev,843.219,17-08-2015,"
Fam. Salg",4.437,6,Villa,190,2003,,Aktuel værdi
Bøgeparken 3,4241 Vemmelev,1.298.000,14-07-2015,"
Alm. Salg",9.614,4,Villa,135,1969,0 %,Aktuel værdi
Brovej 9,4241 Vemmelev,1.698.000,26-06-2015,"
Alm. Salg",7.683,6,Stuehus,221,1877,0 %,
Præstevænget 3,4241 Vemmelev,750.000,17-06-2015,"
Fam. Salg",5.474,5,Villa,137,1969,,Aktuel værdi
Irisvej 9,4241 Vemmelev,1.130.000,03-06-2015,"
Alm. Salg",9.112,4,Villa,124,1969,-2 %,Aktuel værdi
Syrenvej 10,4241 Vemmelev,995.000,18-05-2015,"
Alm. Salg",9.045,3,Villa,110,1966,-5 %,Aktuel værdi
Stationsvej 55,4241 Vemmelev,1.200.000,10-05-2015,"
Alm. Salg",9.160,5,Villa,131,1915,-6 %,Aktuel værdi
Ormeslevvej 33,4241 Vemmelev,10.001,29-04-2015,"
Auktion",142,3,Villa,70,1900,,Aktuel værdi
Vejsgårdparken 19,4241 Vemmelev,1.853.000,21-04-2015,"
Alm. Salg",10.773,5,Villa,172,2005,-2 %,Aktuel værdi
Bakkevej 2E,4241 Vemmelev,650.000,16-04-2015,"
Alm. Salg",8.024,3,Rækkehus,81,1984,-6 %,Aktuel værdi
Irisvej 3,4241 Vemmelev,766.500,15-04-2015,"
Alm. Salg",6.334,3,Villa,121,1971,,Aktuel værdi
Fruegade 3N,4241 Vemmelev,700.000,26-03-2015,"
Alm. Salg",8.536,3,Rækkehus,82,1987,-8 %,Aktuel værdi
Lindevej 2,4241 Vemmelev,1.745.000,25-03-2015,"
Alm. Salg",9.232,5,Villa,189,1968,,Aktuel værdi
Stationsvej 26B,4241 Vemmelev,745.000,25-03-2015,"
Alm. Salg",13.545,2,Rækkehus,55,1983,,Aktuel værdi
Vejsgårdparken 86B,4241 Vemmelev,1.125.000,20-03-2015,"
Alm. Salg",12.228,3,Rækkehus,92,2006,-2 %,Aktuel værdi
Vejsgårdtoften 80,4241 Vemmelev,1.875.000,16-03-2015,"
Alm. Salg",14.097,6,Villa,133,2007,-4 %,Aktuel værdi
Enghavevej 132,4241 Vemmelev,641.021,15-03-2015,"
Fam. Salg",4.217,4,Villa,152,1979,,Aktuel værdi
Vejsgårdparken 10,4241 Vemmelev,2.880.000,24-02-2015,"
Alm. Salg",14.257,5,Villa,202,2008,-4 %,Aktuel værdi
Fruegade 3C,4241 Vemmelev,735.000,23-02-2015,"
Alm. Salg",11.307,2,Rækkehus,65,1986,-6 %,Aktuel værdi
Tingvej 16,4241 Vemmelev,550.000,10-02-2015,"
Alm. Salg",3.928,5,Villa,140,1920,-12 %,Aktuel værdi
Søhusevej 9,4241 Vemmelev,353.576,26-01-2015,"
Andet",5.892,3,Villa,60,1900,,Aktuel værdi
Enghavevej 85,4241 Vemmelev,840.000,29-12-2014,"
Alm. Salg",6.461,3,Villa,130,1976,-6 %,Aktuel værdi
Vejsgårdparken 23,4241 Vemmelev,1.085.500,23-12-2014,"
Fam. Salg",7.753,6,Villa,140,2006,,Aktuel værdi
Enghavevej 203,4241 Vemmelev,1.975.000,23-12-2014,"
Alm. Salg",12.824,5,Villa,154,2002,-3 %,Aktuel værdi
Bakkevej 26,4241 Vemmelev,350.000,22-12-2014,"
Alm. Salg",2.892,4,Villa,121,1969,,Aktuel værdi
Mærskvejen 15,4241 Vemmelev,1.100.000,18-12-2014,"
Alm. Salg",5.555,5,Villa,198,1900,-4 %,Aktuel værdi
Kirkevej 10A,4241 Vemmelev,1.349.394,16-12-2014,"
Alm. Salg",6.161,7,Villa,219,1922,,Aktuel værdi
Enghavevej 185,4241 Vemmelev,1.800.000,01-12-2014,"
Fam. Salg",11.464,5,Villa,157,2006,,Aktuel værdi
Kirkevej 20,4241 Vemmelev,1.042.000,29-11-2014,"
Alm. Salg",7.718,6,Villa,135,1950,-5 %,Aktuel værdi
Stationsvej 67,4241 Vemmelev,1.225.000,27-11-2014,"
Alm. Salg",9.280,4,Villa,132,1935,-5 %,Aktuel værdi
Rosenvej 11,4241 Vemmelev,1.270.000,10-11-2014,"
Alm. Salg",6.105,6,Villa,208,1970,-2 %,Aktuel værdi
Gammellongvej 12,4241 Vemmelev,600.000,06-11-2014,"
Alm. Salg",1.578,12,Villa,380,1875,,Aktuel værdi
Hemmeshøjvej 32,4241 Vemmelev,433.000,28-10-2014,"
Alm. Salg",3.382,3,Villa,128,1880,,Aktuel værdi
Borgergade 65,4241 Vemmelev,1.075.000,20-10-2014,"
Alm. Salg",8.958,4,Villa,120,1976,-2 %,Aktuel værdi
Kirkevej 8A,4241 Vemmelev,550.000,16-10-2014,"
Alm. Salg",9.166,2,Rækkehus,60,1976,-8 %,Aktuel værdi
Stationsvej 32B,4241 Vemmelev,1.450.000,07-10-2014,"
Alm. Salg",10.583,4,Villa,137,1978,0 %,Aktuel værdi
Borgergade 18,4241 Vemmelev,1.425.000,26-09-2014,"
Alm. Salg",9.437,4,Villa,151,1962,0 %,Aktuel værdi
Snerlevej 25,4241 Vemmelev,1.450.000,13-09-2014,"
Alm. Salg",6.250,6,Villa,232,1969,-8 %,Aktuel værdi
Kirkevej 5A,4241 Vemmelev,945.000,11-09-2014,"
Alm. Salg",11.250,3,Rækkehus,84,2008,-5 %,Aktuel værdi
Industrikrogen 1,4241 Vemmelev,2.600.000,05-09-2014,"
Alm. Salg",18.978,5,Villa,137,2008,,Aktuel værdi
Vandværksvej 13,4241 Vemmelev,300.000,25-08-2014,"
Alm. Salg",3.125,2,Villa,96,1900,,Aktuel værdi
Snerlevej 14,4241 Vemmelev,1.500.000,20-08-2014,"
Alm. Salg",7.653,7,Villa,196,1970,-9 %,Aktuel værdi
Lyshøjvej 16,4241 Vemmelev,870.000,19-08-2014,"
Alm. Salg",6.850,4,Villa,127,1973,-13 %,Aktuel værdi
Enghavevej 160,4241 Vemmelev,1.300.000,10-08-2014,"
Alm. Salg",9.420,5,Villa,138,1979,-4 %,Aktuel værdi
Brovej 14,4241 Vemmelev,695.000,30-07-2014,"
Auktion",4.964,5,Villa,140,1883,,Aktuel værdi
Hemmeshøjvej 6,4241 Vemmelev,233.545,21-07-2014,"
Alm. Salg",1.276,3,Stuehus,183,1901,,
Slagelse Landevej 160,4241 Vemmelev,575.000,17-07-2014,"
Alm. Salg",5.582,3,Villa,103,1949,,Aktuel værdi
Bagervænget 9,4241 Vemmelev,807.500,07-07-2014,"
Fam. Salg",7.546,4,Rækkehus,107,1967,,Aktuel værdi
Hemmeshøjvej 15,4241 Vemmelev,1.650.000,20-06-2014,"
Alm. Salg",10.927,6,Villa,151,1890,-3 %,Aktuel værdi
Hemmeshøjvej 37,4241 Vemmelev,870.000,13-06-2014,"
Alm. Salg",9.456,4,Stuehus,92,1910,,
Brovej 1,4241 Vemmelev,1.500.000,11-06-2014,"
Alm. Salg",6.072,6,Villa,247,1900,-12 %,Aktuel værdi
Smedevej 3,4241 Vemmelev,1.375.000,28-05-2014,"
Alm. Salg",9.290,5,Villa,148,1972,0 %,Aktuel værdi
Ormeslevvej 7,4241 Vemmelev,500.000,27-05-2014,"
Alm. Salg",3.846,2,Villa,130,1930,-16 %,Aktuel værdi
Skolevej 7,4241 Vemmelev,709.016,15-05-2014,"
Andet",3.874,5,Villa,183,1973,,Aktuel værdi
Ormeslevvej 8,4241 Vemmelev,625.000,13-05-2014,"
Alm. Salg",3.810,6,Villa,164,1975,-2 %,Aktuel værdi
Enghavevej 147,4241 Vemmelev,775.000,30-04-2014,"
Fam. Salg",6.623,4,Villa,117,1998,,Aktuel værdi
Vejsgårdparken 34,4241 Vemmelev,250.000,25-04-2014,"
Andet",1.724,5,Villa,145,2008,,Aktuel værdi
Fruegade 14,4241 Vemmelev,1.395.000,17-04-2014,"
Alm. Salg",10.730,5,Villa,130,1989,0 %,Aktuel værdi
Vejsgårdparken 27,4241 Vemmelev,1.995.000,13-04-2014,"
Alm. Salg",14.250,6,Villa,140,2006,-5 %,Aktuel værdi
Bag Volden 4,4241 Vemmelev,665.000,25-03-2014,"
Alm. Salg",6.785,3,Villa,98,1899,-4 %,Aktuel værdi
Vejsgårdparken 15,4241 Vemmelev,1.086.542,04-03-2014,"
Alm. Salg",5.748,8,Villa,189,2005,-43 %,Aktuel værdi
Lyshøjvej 14,4241 Vemmelev,690.000,24-02-2014,"
Alm. Salg",5.433,3,Villa,127,1973,-13 %,Aktuel værdi
Enghavevej 44,4241 Vemmelev,1.575.000,21-02-2014,"
Alm. Salg",10.500,5,Villa,150,1987,-1 %,Aktuel værdi
Enghavevej 219,4241 Vemmelev,2.275.000,20-02-2014,"
Alm. Salg",14.772,5,Villa,154,2000,-9 %,Aktuel værdi
Vejsgårdparken 88A,4241 Vemmelev,1.150.000,17-02-2014,"
Alm. Salg",11.165,4,Rækkehus,103,2006,-4 %,Aktuel værdi
Hulhøjvej 2C,4241 Vemmelev,545.000,06-02-2014,"
Alm. Salg",7.364,3,Rækkehus,74,1985,0 %,Aktuel værdi
Vejsgårdparken 30,4241 Vemmelev,2.645.000,01-02-2014,"
Alm. Salg",17.175,5,Villa,154,2007,0 %,Aktuel værdi
Vejsgårdparken 94A,4241 Vemmelev,1.075.000,29-01-2014,"
Alm. Salg",13.271,3,Rækkehus,81,2006,-9 %,Aktuel værdi
Tingvej 11,4241 Vemmelev,425.000,27-01-2014,"
Alm. Salg",4.009,4,Villa,106,1777,-11 %,Aktuel værdi
Tingvej 30,4241 Vemmelev,625.000,15-01-2014,"
Fam. Salg",5.165,4,Villa,121,1885,,Aktuel værdi
Vejsgårdparken 7,4241 Vemmelev,1.700.000,10-01-2014,"
Alm. Salg",9.941,5,Villa,171,2007,-3 %,Aktuel værdi
Stationsvej 7,4241 Vemmelev,695.000,16-12-2013,"
Alm. Salg",7.554,3,Villa,92,1942,0 %,Aktuel værdi
Snerlevej 3,4241 Vemmelev,742.500,11-12-2013,"
Fam. Salg",4.640,6,Villa,160,1969,,Aktuel værdi
Borgergade 33,4241 Vemmelev,850.000,08-12-2013,"
Alm. Salg",7.083,4,Villa,120,1976,-11 %,Aktuel værdi
Vejsgårdparken 98A,4241 Vemmelev,1.065.000,04-12-2013,"
Alm. Salg",13.148,3,Rækkehus,81,2006,-3 %,Aktuel værdi
Lyshøjvej 24,4241 Vemmelev,1.150.000,18-11-2013,"
Alm. Salg",9.583,4,Villa,120,1967,-14 %,Aktuel værdi
Enghavevej 32,4241 Vemmelev,795.000,18-11-2013,"
Alm. Salg",6.794,4,Villa,117,1976,0 %,Aktuel værdi
Birkevej 2,4241 Vemmelev,650.897,11-11-2013,"
Andet",2.689,8,Villa,242,1965,,Aktuel værdi
Enghavevej 197,4241 Vemmelev,2.120.000,18-10-2013,"
Alm. Salg",15.251,5,Villa,139,2002,-4 %,Aktuel værdi
Kirkevej 14,4241 Vemmelev,775.000,17-10-2013,"
Alm. Salg",8.908,4,Villa,87,1960,-13 %,Aktuel værdi
Bagervænget 7,4241 Vemmelev,1.050.000,04-10-2013,"
Alm. Salg",8.467,5,Rækkehus,124,1967,-4 %,Aktuel værdi
Vejsgårdparken 41,4241 Vemmelev,1.500.000,02-10-2013,"
Alm. Salg",10.714,5,Villa,140,2004,-9 %,Aktuel værdi
Ormeslevvej 26,4241 Vemmelev,67.000,03-09-2013,"
Auktion",779,4,Villa,86,1927,,Aktuel værdi
Kirkevej 3,4241 Vemmelev,625.000,08-08-2013,"
Alm. Salg",4.595,5,Villa,136,1827,-10 %,Aktuel værdi
Lyshøjvej 3,4241 Vemmelev,531.000,07-08-2013,"
Auktion",3.277,7,Villa,162,1903,-41 %,Aktuel værdi
Hemmeshøjvej 75,4241 Vemmelev,432.200,31-07-2013,"
Alm. Salg",5.084,2,Villa,85,1883,-27 %,Aktuel værdi
Bøgeparken 22,4241 Vemmelev,1.395.000,05-07-2013,"
Alm. Salg",9.755,5,Villa,143,1974,,Aktuel værdi
Enghavevej 205,4241 Vemmelev,1.850.000,05-07-2013,"
Alm. Salg",12.333,5,Villa,150,2004,-4 %,Aktuel værdi
Enghavevej 126,4241 Vemmelev,850.000,03-07-2013,"
Alm. Salg",8.252,5,Villa,103,1982,-10 %,Aktuel værdi
Præstevænget 17,4241 Vemmelev,700.000,24-06-2013,"
Alm. Salg",4.320,5,Villa,162,1970,-12 %,Aktuel værdi
Stationsvej 16,4241 Vemmelev,860.000,29-05-2013,"
Alm. Salg",8.775,3,Stuehus,98,1850,-14 %,
Bagervænget 4,4241 Vemmelev,785.000,27-05-2013,"
Alm. Salg",4.485,5,Villa,175,1964,-13 %,Aktuel værdi
Ormeslevvej 22,4241 Vemmelev,1.498.000,25-04-2013,"
Alm. Salg",8.097,6,Villa,185,1912,0 %,Aktuel værdi
Smedevej 1L,4241 Vemmelev,745.000,14-04-2013,"
Alm. Salg",12.416,2,Rækkehus,60,1982,0 %,Aktuel værdi
Rosenvej 4,4241 Vemmelev,1.550.000,20-03-2013,"
Alm. Salg",7.380,5,Villa,210,1971,-14 %,Aktuel værdi
Vejsgårdparken 14,4241 Vemmelev,2.350.000,06-03-2013,"
Auktion",13.055,6,Villa,180,2006,,Aktuel værdi
Vejsgårdparken 22,4241 Vemmelev,250.000,31-01-2013,"
Andet",2.155,4,Villa,116,2005,,Aktuel værdi
Lille Strandvej 14,4241 Vemmelev,650.000,22-01-2013,"
Alm. Salg",4.609,4,Villa,141,1900,0 %,Aktuel værdi
Vejsgårdparken 44,4241 Vemmelev,1.900.000,18-01-2013,"
Alm. Salg",14.285,6,Villa,133,2007,-4 %,Aktuel værdi
Bøgeparken 10,4241 Vemmelev,1.295.000,17-01-2013,"
Alm. Salg",9.961,4,Villa,130,1971,-7 %,Aktuel værdi
Vejsgårdparken 68B,4241 Vemmelev,1.200.000,16-01-2013,"
Alm. Salg",11.650,4,Rækkehus,103,2009,4 %,Aktuel værdi
Vejlagervej 1,4241 Vemmelev,358.000,20-12-2012,"
Alm. Salg",2.934,4,Stuehus,122,1880,,
Forlevvej 7,4241 Vemmelev,350.485,20-12-2012,"
Alm. Salg",1.969,5,Stuehus,178,1890,,
Forlevvej 10,4241 Vemmelev,708.485,20-12-2012,"
Alm. Salg",4.267,4,Stuehus,166,1978,,
Slagelse Landevej 120,4241 Vemmelev,675.000,07-11-2012,"
Alm. Salg",5.000,4,Villa,135,1936,-15 %,Aktuel værdi
Kirkevej 10D,4241 Vemmelev,950.000,25-10-2012,"
Alm. Salg",7.786,4,Villa,122,1965,-5 %,Aktuel værdi
Vibevej 1,4241 Vemmelev,675.000,10-10-2012,"
Alm. Salg",6.750,4,Villa,100,1962,-15 %,Aktuel værdi
Ormeslevvej 17,4241 Vemmelev,948.000,25-09-2012,"
Alm. Salg",4.836,6,Villa,196,1930,-5 %,Aktuel værdi
Præstevænget 2,4241 Vemmelev,910.000,20-09-2012,"
Alm. Salg",6.740,4,Villa,135,1968,-9 %,Aktuel værdi
Stationsvej 41,4241 Vemmelev,835.000,18-09-2012,"
Alm. Salg",8.608,4,Villa,97,1936,4 %,Aktuel værdi
Stationsvej 39,4241 Vemmelev,947.578,13-09-2012,"
Alm. Salg",8.030,4,Villa,118,1951,-31 %,Aktuel værdi
Vejsgårdtoften 8,4241 Vemmelev,160.000,12-09-2012,"
Alm. Salg",1.126,5,Villa,142,2013,7 %,Aktuel værdi
Irisvej 8,4241 Vemmelev,800.000,10-09-2012,"
Auktion",4.301,5,Villa,186,1969,,Aktuel værdi
Borgergade 2,4241 Vemmelev,430.000,03-09-2012,"
Auktion",3.495,5,Villa,123,1942,,Aktuel værdi
Stationsvej 26C,4241 Vemmelev,275.000,28-08-2012,"
Alm. Salg",5.000,2,Rækkehus,55,1983,-35 %,Aktuel værdi
Bøgeparken 38,4241 Vemmelev,628.097,28-07-2012,"
Alm. Salg",4.618,5,Villa,136,1970,,Aktuel værdi
Enghavevej 169,4241 Vemmelev,1.700.000,17-07-2012,"
Alm. Salg",11.805,5,Villa,144,1998,-8 %,Aktuel værdi
Borgergade 28A,4241 Vemmelev,1.015.000,13-07-2012,"
Alm. Salg",12.530,3,Rækkehus,81,2008,-5 %,Aktuel værdi
Stationsvej 26G,4241 Vemmelev,1.050.000,06-07-2012,"
Alm. Salg",11.052,4,Rækkehus,95,1983,-4 %,Aktuel værdi
Hemmeshøjvej 8,4241 Vemmelev,2.000.000,04-07-2012,"
Alm. Salg",13.698,5,Stuehus,146,1954,,
Hulhøjvej 2B,4241 Vemmelev,475.000,25-06-2012,"
Alm. Salg",6.418,3,Rækkehus,74,1984,-10 %,Aktuel værdi
Birkemose 1A,4241 Vemmelev,480.000,22-06-2012,"
Alm. Salg",2.077,6,Villa,231,1900,,Aktuel værdi
Ormeslevvej 13,4241 Vemmelev,500.000,12-06-2012,"
Alm. Salg",4.629,3,Villa,108,1966,-21 %,Aktuel værdi
Studevej 4,4241 Vemmelev,530.222,07-06-2012,"
Alm. Salg",4.418,4,Villa,120,1963,,Aktuel værdi
Vejsgårdparken 104B,4241 Vemmelev,900.000,18-05-2012,"
Fam. Salg",11.111,2,Rækkehus,81,2008,,Aktuel værdi
Studevej 1,4241 Vemmelev,1.150.000,16-05-2012,"
Auktion",8.214,4,Villa,140,1912,,Aktuel værdi
Slagelse Landevej 101,4241 Vemmelev,1.826.749,14-05-2012,"
Fam. Salg",8.265,4,Stuehus,221,2000,,
Mærskvejen 4,4241 Vemmelev,16.000,07-05-2012,"
Auktion",168,2,Villa,95,1890,-97 %,Aktuel værdi
Lyshøjvej 22,4241 Vemmelev,925.000,30-04-2012,"
Alm. Salg",6.607,5,Villa,140,1970,-7 %,Aktuel værdi
Lyshøjvej 9,4241 Vemmelev,850.000,25-04-2012,"
Alm. Salg",7.456,5,Villa,114,1909,-5 %,Aktuel værdi
Slagelse Landevej 137,4241 Vemmelev,2.100.000,25-04-2012,"
Alm. Salg",11.111,4,Stuehus,189,1907,,
Stationsvej 2D,4241 Vemmelev,1.700.000,24-04-2012,"
Auktion",18.478,3,Lejlighed,92,1936,,Aktuel værdi
Stude Enghave 5,4241 Vemmelev,400.000,22-04-2012,"
Alm. Salg",2.564,5,Villa,156,1967,,Aktuel værdi
Fruegade 3F,4241 Vemmelev,1.075.000,10-04-2012,"
Fam. Salg",13.109,3,Rækkehus,82,1987,,Aktuel værdi
Enghavevej 92,4241 Vemmelev,930.000,04-04-2012,"
Alm. Salg",-,5,Villa,121,1981,-11 %,Aktuel værdi
Hulhøjvej 12,4241 Vemmelev,450.000,08-03-2012,"
Auktion",4.500,3,Villa,100,1940,,Aktuel værdi
Vejsgårdtoften 6,4241 Vemmelev,195.000,25-01-2012,"
Alm. Salg",733,9,Villa,266,2013,0 %,Aktuel værdi
Rugvænget 13,4241 Vemmelev,551.000,18-01-2012,"
Auktion",2.687,6,Villa,205,1977,,Aktuel værdi
Bakkevej 16,4241 Vemmelev,935.000,27-12-2011,"
Alm. Salg",9.077,4,Villa,103,1965,-6 %,Aktuel værdi
Fruegade 3D,4241 Vemmelev,525.000,23-12-2011,"
Alm. Salg",8.333,2,Rækkehus,63,1987,-12 %,Aktuel værdi
Vejsgårdtoften 86,4241 Vemmelev,1.700.000,22-12-2011,"
Alm. Salg",9.139,6,Villa,186,2010,-15 %,Aktuel værdi
Vejsgårdtoften 4,4241 Vemmelev,237.460,21-12-2011,"
Alm. Salg",1.978,4,Villa,120,2012,22 %,Aktuel værdi
Kirkevej 10C,4241 Vemmelev,1.450.000,20-12-2011,"
Alm. Salg",14.948,4,Rækkehus,97,2009,,Aktuel værdi
Borgergade 9B,4241 Vemmelev,1.800.000,20-12-2011,"
Alm. Salg",12.413,4,Lejlighed,145,1958,,Aktuel værdi
Borgergade 26,4241 Vemmelev,1.225.000,17-12-2011,"
Alm. Salg",8.876,7,Villa,138,1907,-4 %,Aktuel værdi
Studevej 15,4241 Vemmelev,185.000,14-12-2011,"
Auktion",1.045,7,Villa,177,1981,,Aktuel værdi
Studevej 28,4241 Vemmelev,17.700.000,29-11-2011,"
Fam. Salg",71.659,9,Stuehus,247,1885,,
Vejsgårdparken 62B,4241 Vemmelev,625.500,29-11-2011,"
Andet",6.072,4,Rækkehus,103,2007,-60 %,Aktuel værdi
Hemmeshøjvej 22,4241 Vemmelev,126.040,10-11-2011,"
Alm. Salg",787,6,Villa,160,1923,,Aktuel værdi
Vejsgårdparken 76B,4241 Vemmelev,10.079.630,08-11-2011,"
Alm. Salg",97.860,5,Rækkehus,103,2009,,Aktuel værdi
Vejsgårdparken 66A,4241 Vemmelev,10.079.630,08-11-2011,"
Alm. Salg",97.860,3,Rækkehus,103,2009,,Aktuel værdi
Vejsgårdparken 68A,4241 Vemmelev,10.079.630,08-11-2011,"
Alm. Salg",97.860,3,Rækkehus,103,2009,,Aktuel værdi
Vejsgårdparken 72B,4241 Vemmelev,10.079.630,08-11-2011,"
Alm. Salg",97.860,5,Rækkehus,103,2009,,Aktuel værdi
Vejsgårdparken 70B,4241 Vemmelev,10.079.630,08-11-2011,"
Alm. Salg",81.287,5,Rækkehus,124,2009,,Aktuel værdi
Vejsgårdparken 72A,4241 Vemmelev,10.079.630,08-11-2011,"
Alm. Salg",109.561,3,Rækkehus,92,2009,,Aktuel værdi
Vejsgårdparken 76A,4241 Vemmelev,10.079.630,08-11-2011,"
Alm. Salg",109.561,3,Rækkehus,92,2009,,Aktuel værdi
Vejsgårdparken 74A,4241 Vemmelev,10.079.630,08-11-2011,"
Alm. Salg",124.439,3,Rækkehus,81,2009,,Aktuel værdi
Vejsgårdparken 74B,4241 Vemmelev,10.079.630,08-11-2011,"
Alm. Salg",81.287,5,Rækkehus,124,2009,,Aktuel værdi
Hemmeshøjvej 49,4241 Vemmelev,170.000,02-11-2011,"
Fam. Salg",1.700,4,Villa,100,1877,,Aktuel værdi
Bakkevej 30,4241 Vemmelev,1.068.000,26-10-2011,"
Fam. Salg",-,6,Villa,154,1967,,Aktuel værdi
Vejsgårdparken 11,4241 Vemmelev,1.650.000,20-10-2011,"
Andet",-,6,Villa,171,2003,,Aktuel værdi
Lyshøjvej 26,4241 Vemmelev,11.874.000,16-10-2011,"
Fam. Salg",35.339,9,Stuehus,336,1861,,
Vejsgårdparken 94B,4241 Vemmelev,1.050.000,04-10-2011,"
Auktion",10.194,4,Rækkehus,103,2006,,Aktuel værdi
Strædet 8,4241 Vemmelev,250.000,22-09-2011,"
Auktion",2.688,2,Villa,93,1800,,Aktuel værdi
Vejsgårdtoften 50,4241 Vemmelev,837.500,02-08-2011,"
Fam. Salg",6.203,6,Villa,135,2007,,Aktuel værdi
Vejsgårdtoften 62,4241 Vemmelev,1.885.000,07-07-2011,"
Alm. Salg",13.464,5,Villa,140,2009,,Aktuel værdi
Stationsvej 11D,4241 Vemmelev,650.000,07-07-2011,"
Alm. Salg",10.655,2,Rækkehus,61,1976,-14 %,Aktuel værdi
Ydunvej 18,4241 Vemmelev,2.325.000,27-06-2011,"
Alm. Salg",17.613,8,Stuehus,132,1920,,
Birkemose 1B,4241 Vemmelev,1.520.000,14-06-2011,"
Alm. Salg",9.743,8,Villa,156,1960,-10 %,Aktuel værdi
Vejsgårdtoften 54,4241 Vemmelev,1.730.000,31-05-2011,"
Alm. Salg",12.357,5,Villa,140,2010,-8 %,Aktuel værdi
Borgergade 34,4241 Vemmelev,595.000,15-05-2011,"
Alm. Salg",5.409,3,Villa,110,1900,0 %,Aktuel værdi
Elmevej 2,4241 Vemmelev,1.300.000,18-04-2011,"
Alm. Salg",8.024,5,Villa,162,1967,-4 %,Aktuel værdi
Kirkevej 5C,4241 Vemmelev,1.300.000,15-04-2011,"
Alm. Salg",9.090,7,Villa,143,1927,,Aktuel værdi
Kirkevej 7A,4241 Vemmelev,1.200.000,15-04-2011,"
Alm. Salg",14.285,3,Rækkehus,84,2008,,Aktuel værdi
Hulhøjvej 2A,4241 Vemmelev,900.000,18-03-2011,"
Alm. Salg",9.782,4,Rækkehus,92,1985,-14 %,Aktuel værdi
Slagelse Landevej 150,4241 Vemmelev,483.320,09-03-2011,"
Andet",4.095,5,Stuehus,118,1936,,
Bakkevej 36,4241 Vemmelev,1.800.000,01-03-2011,"
Alm. Salg",13.533,4,Villa,133,1980,,Aktuel værdi
Smedevej 16,4241 Vemmelev,1.800.000,18-02-2011,"
Alm. Salg",7.627,7,Villa,236,1976,-3 %,Aktuel værdi
Birkholm 4,4241 Vemmelev,1.700.000,04-02-2011,"
Alm. Salg",11.486,6,Stuehus,148,1918,-15 %,
Bøgeparken 20,4241 Vemmelev,600.000,18-01-2011,"
Fam. Salg",2.912,9,Villa,206,1972,,Aktuel værdi
Strædet 2,4241 Vemmelev,875.000,18-01-2011,"
Alm. Salg",8.413,4,Villa,104,1900,-2 %,Aktuel værdi
Stationsvej 63,4241 Vemmelev,734.000,06-01-2011,"
Andet",3.163,8,Villa,232,1944,,Aktuel værdi
Vejsgårdtoften 32,4241 Vemmelev,1.885.000,03-01-2011,"
Alm. Salg",13.464,5,Villa,140,2010,0 %,Aktuel værdi
Borgergade 73,4241 Vemmelev,650.000,22-12-2010,"
Alm. Salg",5.416,4,Villa,120,1976,,Aktuel værdi
Lyshøjvej 1,4241 Vemmelev,549.920,01-12-2010,"
Alm. Salg",4.073,6,Villa,135,1900,,Aktuel værdi
Borgergade 32,4241 Vemmelev,750.000,10-11-2010,"
Auktion",5.172,6,Villa,145,1930,-46 %,Aktuel værdi
Stationsvej 27,4241 Vemmelev,640.000,29-10-2010,"
Alm. Salg",7.619,3,Villa,84,1953,-9 %,Aktuel værdi
Studevej 19,4241 Vemmelev,590.470,19-10-2010,"
Fam. Salg",5.319,7,Villa,111,1900,,Aktuel værdi
Smedevej 25,4241 Vemmelev,833.000,23-09-2010,"
Fam. Salg",8.500,3,Villa,98,1951,,Aktuel værdi
Stationsvej 46,4241 Vemmelev,732.000,21-08-2010,"
Alm. Salg",6.535,5,Villa,112,1937,,Aktuel værdi
Tingvej 4,4241 Vemmelev,1.875.000,20-08-2010,"
Alm. Salg",12.096,5,Villa,155,1877,,Aktuel værdi
Vejsgårdparken 106A,4241 Vemmelev,1.540.000,19-08-2010,"
Alm. Salg",14.951,4,Rækkehus,103,2008,-2 %,Aktuel værdi
Bøgeparken 31,4241 Vemmelev,1.875.000,16-08-2010,"
Alm. Salg",15.625,4,Villa,120,1975,0 %,Aktuel værdi
Akacievej 9,4241 Vemmelev,780.000,10-08-2010,"
Andet",5.652,4,Villa,138,1969,,Aktuel værdi
Vandværksvej 3,4241 Vemmelev,1.025.000,09-08-2010,"
Alm. Salg",9.579,4,Villa,107,1965,-2 %,Aktuel værdi
Vejsgårdparken 53,4241 Vemmelev,2.200.000,09-08-2010,"
Alm. Salg",12.716,5,Villa,173,2004,-8 %,Aktuel værdi
Rugvænget 9,4241 Vemmelev,1.300.000,22-07-2010,"
Alm. Salg",8.965,5,Villa,145,1976,-7 %,Aktuel værdi
Borgergade 25,4241 Vemmelev,645.000,22-07-2010,"
Alm. Salg",8.835,3,Villa,73,1961,-6 %,Aktuel værdi
Gammellongvej 6,4241 Vemmelev,850.000,21-07-2010,"
Alm. Salg",4.941,6,Villa,172,1949,-13 %,Aktuel værdi
Irisvej 2,4241 Vemmelev,1.300.000,11-07-2010,"
Alm. Salg",10.483,4,Villa,124,1967,-6 %,Aktuel værdi
Borgergade 8,4241 Vemmelev,550.000,05-07-2010,"
Auktion",6.790,3,Villa,81,1932,,Aktuel værdi
Præstevænget 11,4241 Vemmelev,1.120.000,05-07-2010,"
Alm. Salg",8.115,4,Villa,138,1971,-6 %,Aktuel værdi
Slagelse Landevej 117,4241 Vemmelev,3.385.000,24-06-2010,"
Fam. Salg",14.104,9,Villa,240,1914,,Aktuel værdi
Rugvænget 35,4241 Vemmelev,577.975,22-06-2010,"
Fam. Salg",4.661,4,Villa,124,1971,,Aktuel værdi
Vandværksvej 15,4241 Vemmelev,2.300.000,21-06-2010,"
Alm. Salg",17.037,5,Stuehus,135,1912,-5 %,
Ormeslevvej 3A,4241 Vemmelev,825.000,13-06-2010,"
Alm. Salg",6.932,4,Villa,119,1934,-3 %,Aktuel værdi
Studevej 25,4241 Vemmelev,2.245.000,10-06-2010,"
Alm. Salg",16.035,5,Stuehus,140,1969,-18 %,
Vejsgårdparken 46,4241 Vemmelev,1.900.000,16-05-2010,"
Alm. Salg",16.101,5,Villa,118,2006,-5 %,Aktuel værdi
Tingvej 36,4241 Vemmelev,350.000,06-05-2010,"
Auktion",3.271,5,Villa,107,1935,,Aktuel værdi
Vejsgårdparken 29,4241 Vemmelev,1.176.595,21-04-2010,"
Fam. Salg",-,4,Villa,130,2005,,Aktuel værdi
Vejsgårdparken 92B,4241 Vemmelev,1.325.000,18-04-2010,"
Alm. Salg",12.864,4,Rækkehus,103,2006,-5 %,Aktuel værdi
Tingvej 14,4241 Vemmelev,8.928.450,16-04-2010,"
Alm. Salg",44.642,7,Stuehus,200,1933,,
Stude Enghave 9,4241 Vemmelev,2.125.000,16-04-2010,"
Alm. Salg",9.929,6,Villa,214,1958,-7 %,Aktuel værdi
Bakkevej 4A,4241 Vemmelev,860.000,15-04-2010,"
Alm. Salg",9.347,3,Rækkehus,92,1981,,Aktuel værdi
Tingvej 8,4241 Vemmelev,700.000,08-04-2010,"
Alm. Salg",5.384,2,Stuehus,130,1848,,
Fruegade 10,4241 Vemmelev,487.500,07-04-2010,"
Fam. Salg",4.062,5,Villa,120,1916,,Aktuel værdi
Borgergade 139,4241 Vemmelev,750.000,25-03-2010,"
Alm. Salg",5.769,4,Villa,130,1977,,Aktuel værdi
Ormeslevvej 20,4241 Vemmelev,2.600.000,16-03-2010,"
Alm. Salg",11.111,6,Stuehus,234,1900,,
Ormeslevvej 18,4241 Vemmelev,1.900.000,24-02-2010,"
Alm. Salg",12.925,3,Villa,147,1900,-5 %,Aktuel værdi
Bøgeparken 15,4241 Vemmelev,1.350.000,24-02-2010,"
Auktion",7.219,6,Villa,187,1972,-3 %,Aktuel værdi
Borgergade 24,4241 Vemmelev,1.375.000,04-02-2010,"
Alm. Salg",7.124,6,Villa,193,1900,-1 %,Aktuel værdi
Borgergade 77,4241 Vemmelev,1.750.000,04-02-2010,"
Alm. Salg",8.750,7,Villa,200,1974,-9 %,Aktuel værdi
Hulhøjvej 11,4241 Vemmelev,1.275.000,03-02-2010,"
Alm. Salg",9.732,5,Villa,131,1948,-2 %,Aktuel værdi
Kirkevej 6,4241 Vemmelev,837.530,25-01-2010,"
Fam. Salg",5.982,6,Villa,140,1929,,Aktuel værdi
Tingvej 9,4241 Vemmelev,2.075.000,13-01-2010,"
Alm. Salg",9.834,9,Villa,211,1921,-10 %,Aktuel værdi
Hemmeshøjvej 65,4241 Vemmelev,231.250,08-01-2010,"
Alm. Salg",1.014,4,Stuehus,228,1927,,
Enghavevej 171,4241 Vemmelev,2.100.000,19-12-2009,"
Alm. Salg",13.548,5,Villa,155,2001,-12 %,Aktuel værdi
Stationsvej 26F,4241 Vemmelev,950.000,19-12-2009,"
Alm. Salg",10.000,4,Rækkehus,95,1983,-13 %,Aktuel værdi
Hemmeshøjvej 24,4241 Vemmelev,975.000,10-11-2009,"
Alm. Salg",5.873,7,Villa,166,1901,,Aktuel værdi
Hemmeshøjvej 20,4241 Vemmelev,1.275.000,26-10-2009,"
Alm. Salg",12.750,5,Villa,100,1900,0 %,Aktuel værdi
Fruegade 3E,4241 Vemmelev,750.000,29-09-2009,"
Alm. Salg",11.904,2,Rækkehus,63,1987,-12 %,Aktuel værdi
Enghavevej 128,4241 Vemmelev,906.500,23-09-2009,"
Alm. Salg",6.815,5,Villa,133,1989,,Aktuel værdi
Smedevej 1C,4241 Vemmelev,710.000,25-08-2009,"
Alm. Salg",13.921,2,Rækkehus,51,1975,-5 %,Aktuel værdi
Forlevvej 6,4241 Vemmelev,2.675.000,21-08-2009,"
Alm. Salg",-,7,Stuehus,230,1900,,
Smedevej 17,4241 Vemmelev,980.000,03-08-2009,"
Alm. Salg",7.538,4,Villa,130,1964,-15 %,Aktuel værdi
Stationsvej 77,4241 Vemmelev,1.010.000,23-07-2009,"
Alm. Salg",9.619,4,Villa,105,1958,-3 %,Aktuel værdi
Smedevej 23,4241 Vemmelev,417.411,15-07-2009,"
Alm. Salg",4.853,3,Villa,86,1950,,Aktuel værdi
Stationsvej 2B,4241 Vemmelev,1.200.000,11-07-2009,"
Alm. Salg",8.633,4,Lejlighed,139,1936,-4 %,Aktuel værdi
Gadekærsvej 11,4241 Vemmelev,1.200.000,09-07-2009,"
Alm. Salg",6.703,6,Villa,179,1852,-11 %,Aktuel værdi
Kirkevej 5B,4241 Vemmelev,1.175.000,06-07-2009,"
Alm. Salg",13.988,3,Rækkehus,84,2008,-8 %,Aktuel værdi
Smedevej 2,4241 Vemmelev,821.500,01-07-2009,"
Fam. Salg",5.440,4,Villa,151,1935,,Aktuel værdi
Bakkevej 1C,4241 Vemmelev,825.000,01-06-2009,"
Andet",7.500,4,Rækkehus,110,2005,,Aktuel værdi
Kirkevej 10B,4241 Vemmelev,1.650.000,18-05-2009,"
Alm. Salg",12.132,6,Rækkehus,136,2009,,Aktuel værdi
Slagelse Landevej 143,4241 Vemmelev,300.000,05-05-2009,"
Auktion",2.608,4,Villa,115,1900,,Aktuel værdi
Vejsgårdparken 98B,4241 Vemmelev,815.000,29-04-2009,"
Alm. Salg",7.912,4,Rækkehus,103,2006,,Aktuel værdi
Vejsgårdtoften 36,4241 Vemmelev,2.450.000,27-04-2009,"
Alm. Salg",12.436,5,Villa,197,2008,-9 %,Aktuel værdi
Vejsgårdtoften 24,4241 Vemmelev,635.605,20-04-2009,"
Alm. Salg",3.398,7,Villa,187,2010,,Aktuel værdi
Brovej 38,4241 Vemmelev,1.000.000,13-04-2009,"
Alm. Salg",8.547,4,Villa,117,1931,-9 %,Aktuel værdi
Ormeslevvej 4,4241 Vemmelev,998.000,13-03-2009,"
Alm. Salg",5.870,6,Villa,170,1900,-20 %,Aktuel værdi
Borgergade 6,4241 Vemmelev,1.670.000,23-02-2009,"
Alm. Salg",12.651,4,Villa,132,1972,-1 %,Aktuel værdi
Borgergade 119,4241 Vemmelev,665.931,20-02-2009,"
Andet",5.327,5,Villa,125,1977,-56 %,Aktuel værdi
Vejsgårdparken 38,4241 Vemmelev,2.300.000,27-01-2009,"
Alm. Salg",14.838,5,Villa,155,2006,-11 %,Aktuel værdi
Borgergade 137,4241 Vemmelev,1.500.000,12-01-2009,"
Alm. Salg",11.194,4,Villa,134,1977,-12 %,Aktuel værdi
Søhusevej 6,4241 Vemmelev,1.995.000,09-01-2009,"
Alm. Salg",9.454,5,Villa,211,1900,0 %,Aktuel værdi
Fruegade 3B,4241 Vemmelev,1.630.000,27-12-2008,"
Alm. Salg",13.931,3,Villa,117,1919,10 %,Aktuel værdi
Enghavevej 37,4241 Vemmelev,1.575.000,13-12-2008,"
Alm. Salg",10.862,3,Villa,145,1975,-4 %,Aktuel værdi
Søhusevej 11,4241 Vemmelev,1.150.000,11-12-2008,"
Alm. Salg",10.952,4,Villa,105,1963,,Aktuel værdi
Vejlagervej 4,4241 Vemmelev,1.700.000,02-12-2008,"
Alm. Salg",11.111,8,Villa,153,1957,,Aktuel værdi
Stationsvej 53,4241 Vemmelev,691.516,27-11-2008,"
Andet",6.402,4,Villa,108,1920,,Aktuel værdi
Akacievej 7,4241 Vemmelev,1.305.000,19-11-2008,"
Alm. Salg",10.524,4,Villa,124,1969,-6 %,Aktuel værdi
Borgergade 28B,4241 Vemmelev,1.545.000,03-11-2008,"
Alm. Salg",19.074,3,Rækkehus,81,2008,29 %,Aktuel værdi
Hulhøjvej 2D,4241 Vemmelev,1.173.000,02-11-2008,"
Alm. Salg",12.750,4,Rækkehus,92,1985,-2 %,Aktuel værdi
Borgergade 75,4241 Vemmelev,2.140.000,23-10-2008,"
Alm. Salg",12.441,6,Villa,172,1976,-6 %,Aktuel værdi
Hemmeshøjvej 63,4241 Vemmelev,1.295.000,06-10-2008,"
Alm. Salg",13.350,2,Villa,97,1947,0 %,Aktuel værdi
Gadekærsvej 5,4241 Vemmelev,400.000,22-09-2008,"
Andet",3.053,4,Villa,131,1910,,Aktuel værdi
Smedevej 1K,4241 Vemmelev,1.050.000,22-09-2008,"
Alm. Salg",17.500,2,Rækkehus,60,1982,-2 %,Aktuel værdi
Fruegade 3K,4241 Vemmelev,1.029.000,19-09-2008,"
Fam. Salg",12.548,3,Rækkehus,82,1987,-14 %,Aktuel værdi
Hulhøjvej 13,4241 Vemmelev,772.170,05-09-2008,"
Andet",7.019,3,Villa,110,1947,,Aktuel værdi
Smedevej 1D,4241 Vemmelev,819.542,29-08-2008,"
Alm. Salg",15.176,2,Rækkehus,54,1975,3 %,Aktuel værdi
Enghavevej 209,4241 Vemmelev,500.000,28-08-2008,"
Alm. Salg",3.424,5,Villa,146,2000,,Aktuel værdi
Bakkevej 4D,4241 Vemmelev,925.000,23-08-2008,"
Alm. Salg",13.028,3,Rækkehus,71,1981,-7 %,Aktuel værdi
Stationsvej 11H,4241 Vemmelev,890.000,15-08-2008,"
Alm. Salg",14.590,2,Rækkehus,61,1976,-5 %,Aktuel værdi
Vejsgårdparken 82A,4241 Vemmelev,1.600.000,06-08-2008,"
Alm. Salg",17.391,3,Rækkehus,92,2008,0 %,Aktuel værdi
Vandværksvej 5,4241 Vemmelev,1.434.000,26-07-2008,"
Alm. Salg",11.950,5,Villa,120,1965,1 %,Aktuel værdi
Borgergade 19,4241 Vemmelev,1.225.000,14-07-2008,"
Alm. Salg",-,4,Villa,112,1953,-5 %,Aktuel værdi
Syrenvej 8,4241 Vemmelev,1.320.000,05-05-2008,"
Alm. Salg",10.153,4,Villa,130,1966,-4 %,Aktuel værdi
Snerlevej 15,4241 Vemmelev,1.350.000,29-04-2008,"
Alm. Salg",11.250,4,Villa,120,1969,-7 %,Aktuel værdi
Tinghusvej 70,4241 Vemmelev,2.650.000,25-04-2008,"
Alm. Salg",-,8,Villa,248,1890,,Aktuel værdi
Vejsgårdtoften 26,4241 Vemmelev,477.645,21-04-2008,"
Alm. Salg",2.400,6,Villa,199,2010,,Aktuel værdi
Ormeslevvej 34,4241 Vemmelev,1.880.000,01-04-2008,"
Fam. Salg",7.343,10,Stuehus,256,1877,,
Enghavevej 86,4241 Vemmelev,2.265.000,27-03-2008,"
Alm. Salg",11.102,7,Villa,204,1980,,Aktuel værdi
Slagelse Landevej 116,4241 Vemmelev,2.350.000,24-03-2008,"
Alm. Salg",17.028,5,Villa,138,1920,-10 %,Aktuel værdi
Kirkevej 7D,4241 Vemmelev,1.160.000,12-03-2008,"
Alm. Salg",16.111,3,Rækkehus,72,2008,,Aktuel værdi
Kirkevej 7B,4241 Vemmelev,1.278.000,12-03-2008,"
Alm. Salg",17.750,3,Rækkehus,72,2008,,Aktuel værdi
Vejsgårdtoften 64,4241 Vemmelev,2.150.000,12-03-2008,"
Alm. Salg",15.357,5,Villa,140,2008,,Aktuel værdi
Kirkevej 7E,4241 Vemmelev,1.488.000,11-03-2008,"
Alm. Salg",17.714,3,Rækkehus,84,2008,,Aktuel værdi
Vejsgårdparken 60A,4241 Vemmelev,1.325.000,09-03-2008,"
Alm. Salg",16.358,3,Rækkehus,81,2007,0 %,Aktuel værdi
Vejsgårdparken 80A,4241 Vemmelev,1.675.000,03-03-2008,"
Alm. Salg",16.262,4,Rækkehus,103,2009,,Aktuel værdi
Tingvej 28,4241 Vemmelev,1.620.000,23-02-2008,"
Alm. Salg",12.857,3,Villa,126,1931,-7 %,Aktuel værdi
Vejsgårdparken 84A,4241 Vemmelev,1.525.000,05-02-2008,"
Alm. Salg",16.576,3,Rækkehus,92,2008,,Aktuel værdi
Vejsgårdparken 96A,4241 Vemmelev,1.500.000,01-02-2008,"
Alm. Salg",14.563,4,Rækkehus,103,2008,,Aktuel værdi
Stationsvej 59,4241 Vemmelev,1.365.000,26-01-2008,"
Alm. Salg",13.252,3,Villa,103,1927,,Aktuel værdi
Kirkevej 22,4241 Vemmelev,900.000,11-01-2008,"
Fam. Salg",6.716,5,Villa,134,1948,,Aktuel værdi
Vejsgårdparken 102B,4241 Vemmelev,1.525.000,21-12-2007,"
Alm. Salg",16.576,3,Rækkehus,92,2008,,Aktuel værdi
Fruegade 3G,4241 Vemmelev,950.000,10-12-2007,"
Fam. Salg",14.615,2,Rækkehus,65,1987,,Aktuel værdi
Vejsgårdparken 78A,4241 Vemmelev,1.365.000,05-12-2007,"
Alm. Salg",16.851,3,Rækkehus,81,2009,,Aktuel værdi
Enghavevej 36B,4241 Vemmelev,1.770.000,30-11-2007,"
Alm. Salg",13.208,5,Villa,134,1980,,Aktuel værdi
Slagelse Landevej 131,4241 Vemmelev,2.500.000,29-11-2007,"
Alm. Salg",14.705,5,Stuehus,170,1945,,
Smedevej 1B,4241 Vemmelev,965.000,26-11-2007,"
Alm. Salg",18.207,2,Rækkehus,53,1975,-7 %,Aktuel værdi
Smedevej 10B,4241 Vemmelev,1.850.000,06-11-2007,"
Alm. Salg",9.068,6,Villa,204,1976,-2 %,Aktuel værdi
Vejsgårdparken 82B,4241 Vemmelev,1.550.000,02-11-2007,"
Alm. Salg",16.847,3,Rækkehus,92,2008,,Aktuel værdi
Gadekærsvej 17,4241 Vemmelev,995.000,01-11-2007,"
Alm. Salg",11.569,4,Villa,86,1917,0 %,Aktuel værdi
Skolevej 10,4241 Vemmelev,1.745.000,10-10-2007,"
Alm. Salg",13.423,4,Villa,130,1972,,Aktuel værdi
Gadekærsvej 13,4241 Vemmelev,1.000.000,22-09-2007,"
Alm. Salg",4.926,7,Villa,203,1870,,Aktuel værdi
Bagervænget 1,4241 Vemmelev,1.749.000,17-09-2007,"
Alm. Salg",10.410,3,Villa,168,1959,,Aktuel værdi
Gammellongvej 2,4241 Vemmelev,1.512.500,17-09-2007,"
Alm. Salg",7.168,6,Villa,211,1933,-4 %,Aktuel værdi
Lyshøjvej 6,4241 Vemmelev,1.537.500,13-09-2007,"
Alm. Salg",9.044,7,Villa,170,1917,-4 %,Aktuel værdi
Slagelse Landevej 156,4241 Vemmelev,2.350.000,11-09-2007,"
Alm. Salg",17.028,6,Stuehus,138,1880,,
Hulhøjvej 4,4241 Vemmelev,1.000.000,06-09-2007,"
Alm. Salg",6.896,4,Villa,145,1959,-5 %,Aktuel værdi
Ormeslevvej 28,4241 Vemmelev,820.780,01-09-2007,"
Andet",4.637,4,Stuehus,177,1903,,
Bakkevej 2B,4241 Vemmelev,1.025.000,31-08-2007,"
Alm. Salg",12.654,3,Rækkehus,81,1983,-6 %,Aktuel værdi
Bildsøvej 230,4241 Vemmelev,2.300.000,29-08-2007,"
Alm. Salg",14.110,5,Stuehus,163,1880,-6 %,
Vejsgårdtoften 14,4241 Vemmelev,530.005,29-08-2007,"
Alm. Salg",3.251,5,Villa,163,2008,,Aktuel værdi
Borgergade 23,4241 Vemmelev,1.950.000,27-08-2007,"
Alm. Salg",8.227,7,Villa,237,1927,,Aktuel værdi
Enghavevej 24,4241 Vemmelev,2.095.000,27-08-2007,"
Alm. Salg",12.323,6,Villa,170,1977,0 %,Aktuel værdi
Lyshøjvej 20,4241 Vemmelev,1.290.000,21-08-2007,"
Alm. Salg",11.517,5,Villa,112,1938,,Aktuel værdi
Lille Strandvej 8,4241 Vemmelev,1.700.000,20-08-2007,"
Alm. Salg",10.759,5,Villa,158,1905,,Aktuel værdi
Enghavevej 35,4241 Vemmelev,1.750.000,17-08-2007,"
Alm. Salg",13.059,6,Villa,134,1975,,Aktuel værdi
Engstien 4,4241 Vemmelev,673.492,14-08-2007,"
Fam. Salg",6.872,4,Stuehus,98,1896,,
Vejsgårdtoften 76,4241 Vemmelev,583.685,06-08-2007,"
Alm. Salg",3.943,6,Villa,148,2009,,Aktuel værdi
Vejsager 13,4241 Vemmelev,1.500.000,31-07-2007,"
Alm. Salg",13.513,4,Villa,111,1979,,Aktuel værdi
Borgergade 141,4241 Vemmelev,1.685.000,30-07-2007,"
Alm. Salg",9.853,7,Villa,171,1978,,Aktuel værdi
Bag Volden 10,4241 Vemmelev,1.350.000,20-07-2007,"
Alm. Salg",7.941,4,Stuehus,170,1900,-50 %,
Slagelse Landevej 139,4241 Vemmelev,2.298.000,19-07-2007,"
Alm. Salg",10.942,6,Stuehus,210,1877,,
Tingvej 12,4241 Vemmelev,2.100.000,15-07-2007,"
Alm. Salg",11.666,5,Stuehus,180,1930,-7 %,
Bakkevej 1H,4241 Vemmelev,1.315.000,03-07-2007,"
Alm. Salg",16.437,2,Rækkehus,80,2005,,Aktuel værdi
Vejsgårdparken 104A,4241 Vemmelev,1.649.000,02-07-2007,"
Alm. Salg",16.009,4,Rækkehus,103,2008,,Aktuel værdi
Vejsgårdparken 102A,4241 Vemmelev,1.525.000,02-07-2007,"
Alm. Salg",16.576,3,Rækkehus,92,2008,,Aktuel værdi
Birkevej 4,4241 Vemmelev,500.000,02-07-2007,"
Fam. Salg",4.347,4,Villa,115,1966,,Aktuel værdi
Brovej 30,4241 Vemmelev,905.000,25-06-2007,"
Alm. Salg",10.055,3,Villa,90,1900,,Aktuel værdi
Kirkevej 8E,4241 Vemmelev,845.000,23-06-2007,"
Alm. Salg",14.083,2,Rækkehus,60,1976,,Aktuel værdi
Fruegade 3A,4241 Vemmelev,500.000,12-06-2007,"
Alm. Salg",12.195,1,Villa,41,1950,-8 %,Aktuel værdi
Enghavevej 154,4241 Vemmelev,1.695.000,11-06-2007,"
Alm. Salg",13.893,4,Villa,122,1978,,Aktuel værdi
Slagelse Landevej 158,4241 Vemmelev,143.396,04-06-2007,"
Alm. Salg",1.103,4,Stuehus,130,1966,,
Vejsgårdtoften 16,4241 Vemmelev,519.445,01-06-2007,"
Alm. Salg",3.206,5,Villa,162,2008,,Aktuel værdi
Præstemarksvej 11,4241 Vemmelev,2.725.000,25-05-2007,"
Alm. Salg",12.111,7,Villa,225,1877,0 %,Aktuel værdi
Hulhøjvej 16,4241 Vemmelev,2.000.000,15-05-2007,"
Alm. Salg",8.928,6,Villa,224,1893,,Aktuel værdi
Kirkevej 8F,4241 Vemmelev,840.000,15-05-2007,"
Alm. Salg",14.000,2,Rækkehus,60,1976,,Aktuel værdi
Enghavevej 110,4241 Vemmelev,1.530.000,07-05-2007,"
Alm. Salg",13.539,5,Villa,113,1980,,Aktuel værdi
Ormeslevvej 2,4241 Vemmelev,1.250.000,03-05-2007,"
Alm. Salg",8.865,4,Villa,141,1964,-4 %,Aktuel værdi
Akacievej 14,4241 Vemmelev,1.750.000,03-05-2007,"
Alm. Salg",11.290,5,Villa,155,1972,,Aktuel værdi
Vejsgårdparken 106B,4241 Vemmelev,1.335.000,02-05-2007,"
Alm. Salg",16.481,3,Rækkehus,81,2008,,Aktuel værdi
Vejsgårdparken 100B,4241 Vemmelev,1.649.000,30-04-2007,"
Alm. Salg",16.009,4,Rækkehus,103,2008,,Aktuel værdi
Hemmeshøjvej 39,4241 Vemmelev,2.500.000,23-04-2007,"
Alm. Salg",14.705,6,Villa,170,1877,,Aktuel værdi
Vejsager 7,4241 Vemmelev,1.975.000,20-04-2007,"
Alm. Salg",12.267,6,Villa,161,1979,,Aktuel værdi
Hemmeshøjvej 61,4241 Vemmelev,1.450.000,16-04-2007,"
Alm. Salg",12.831,4,Villa,113,1900,,Aktuel værdi
Enghavevej 82,4241 Vemmelev,1.650.000,04-04-2007,"
Alm. Salg",13.865,4,Villa,119,1982,-6 %,Aktuel værdi
Stationsvej 15,4241 Vemmelev,1.525.000,30-03-2007,"
Alm. Salg",13.863,4,Villa,110,1924,-3 %,Aktuel værdi
Vejsgårdparken 100A,4241 Vemmelev,1.335.000,30-03-2007,"
Alm. Salg",16.481,3,Rækkehus,81,2008,,Aktuel værdi
Elmevej 4,4241 Vemmelev,1.400.000,28-03-2007,"
Alm. Salg",14.285,4,Villa,98,1966,-2 %,Aktuel værdi
Vejsgårdparken 96B,4241 Vemmelev,850.788,27-03-2007,"
Alm. Salg",9.247,3,Rækkehus,92,2006,,Aktuel værdi
Stationsvej 28,4241 Vemmelev,10.000.000,20-03-2007,"
Alm. Salg",42.918,6,Stuehus,233,1900,,
Bakkevej 11,4241 Vemmelev,1.675.000,14-03-2007,"
Alm. Salg",13.958,4,Villa,120,1966,,Aktuel værdi
Vejsgårdtoften 20,4241 Vemmelev,510.645,12-03-2007,"
Alm. Salg",3.647,5,Villa,140,2010,,Aktuel værdi
Vejsgårdtoften 34,4241 Vemmelev,507.565,12-03-2007,"
Alm. Salg",3.625,5,Villa,140,2010,,Aktuel værdi
Birkevej 6,4241 Vemmelev,1.500.000,06-03-2007,"
Alm. Salg",14.018,3,Villa,107,1967,0 %,Aktuel værdi
Vejsgårdtoften 78,4241 Vemmelev,397.760,05-03-2007,"
Alm. Salg",2.705,5,Villa,147,2007,,Aktuel værdi
Lille Strandvej 16,4241 Vemmelev,670.000,02-03-2007,"
Alm. Salg",9.305,2,Villa,72,1975,,Aktuel værdi
Bakkevej 10,4241 Vemmelev,2.300.000,28-02-2007,"
Alm. Salg",13.294,6,Villa,173,1967,-2 %,Aktuel værdi
Enghavevej 80,4241 Vemmelev,1.650.000,25-02-2007,"
Alm. Salg",10.784,6,Villa,153,1982,,Aktuel værdi
Rugvænget 29,4241 Vemmelev,1.535.000,25-02-2007,"
Alm. Salg",9.654,5,Villa,159,1975,,Aktuel værdi
Enghavevej 36A,4241 Vemmelev,1.775.000,20-02-2007,"
Alm. Salg",11.833,4,Villa,150,1979,-6 %,Aktuel værdi
Bakkevej 14,4241 Vemmelev,1.475.000,31-01-2007,"
Alm. Salg",15.691,4,Villa,94,1964,0 %,Aktuel værdi
Snerlevej 12,4241 Vemmelev,848.715,22-01-2007,"
Andet",5.547,5,Villa,153,1970,,Aktuel værdi
Enghavevej 159,4241 Vemmelev,1.275.000,22-01-2007,"
Alm. Salg",6.538,4,Villa,195,1901,,Aktuel værdi
Enghavevej 30,4241 Vemmelev,1.885.000,22-01-2007,"
Alm. Salg",8.195,5,Villa,230,1977,,Aktuel værdi
Slagelse Landevej 180,4241 Vemmelev,830.000,16-12-2006,"
Alm. Salg",9.222,2,Villa,90,1877,,Aktuel værdi
Hemmeshøjvej 5,4241 Vemmelev,1.080.000,11-12-2006,"
Alm. Salg",11.250,5,Stuehus,96,1887,,
Vejsgårdtoften 18,4241 Vemmelev,670.610,10-12-2006,"
Alm. Salg",2.661,7,Villa,252,2009,,Aktuel værdi
Ormeslevvej 3B,4241 Vemmelev,4.700.000,06-12-2006,"
Alm. Salg",25.683,6,Villa,183,1920,,Aktuel værdi
Tingvej 7,4241 Vemmelev,650.000,06-12-2006,"
Alm. Salg",3.714,6,Stuehus,175,1928,,
Vejsgårdtoften 22,4241 Vemmelev,514.410,23-11-2006,"
Alm. Salg",3.429,6,Villa,150,2007,,Aktuel værdi
Vejsgårdtoften 60,4241 Vemmelev,486.099,22-11-2006,"
Alm. Salg",2.982,5,Villa,163,2007,,Aktuel værdi
Smedevej 1M,4241 Vemmelev,930.000,04-11-2006,"
Alm. Salg",15.000,2,Rækkehus,62,1982,,Aktuel værdi
Smedevej 1A,4241 Vemmelev,795.000,02-11-2006,"
Alm. Salg",15.288,2,Rækkehus,52,1975,,Aktuel værdi
Vejsgårdtoften 82,4241 Vemmelev,602.850,25-10-2006,"
Alm. Salg",3.189,6,Villa,189,2010,,Aktuel værdi
Vejsgårdtoften 72,4241 Vemmelev,531.570,25-10-2006,"
Alm. Salg",3.343,5,Villa,159,2009,,Aktuel værdi
Stationsvej 26H,4241 Vemmelev,1.198.000,24-10-2006,"
Alm. Salg",12.610,4,Rækkehus,95,1983,,Aktuel værdi
Vejsgårdtoften 30,4241 Vemmelev,502.970,16-10-2006,"
Alm. Salg",3.287,5,Villa,153,2007,,Aktuel værdi
Mærskvejen 2,4241 Vemmelev,1.479.170,12-10-2006,"
Fam. Salg",15.408,4,Stuehus,96,1896,,
Vejsgårdtoften 74,4241 Vemmelev,546.970,09-10-2006,"
Alm. Salg",4.021,5,Villa,136,2007,,Aktuel værdi
Lyshøjvej 12,4241 Vemmelev,2.155.000,05-10-2006,"
Alm. Salg",13.993,5,Villa,154,1999,,Aktuel værdi
Vejsgårdparken 64B,4241 Vemmelev,1.335.000,29-09-2006,"
Alm. Salg",16.481,3,Rækkehus,81,2008,,Aktuel værdi
Vejsgårdparken 62A,4241 Vemmelev,1.649.000,29-09-2006,"
Alm. Salg",16.009,4,Rækkehus,103,2007,,Aktuel værdi
Fruegade 3M,4241 Vemmelev,950.000,25-09-2006,"
Alm. Salg",14.615,2,Rækkehus,65,1987,,Aktuel værdi
Fruegade 13,4241 Vemmelev,1.335.000,19-09-2006,"
Alm. Salg",10.269,4,Villa,130,1918,,Aktuel værdi
Bøgeparken 32,4241 Vemmelev,614.272,15-09-2006,"
Andet",4.725,4,Villa,130,1976,,Aktuel værdi
Stationsvej 89,4241 Vemmelev,1.050.000,13-09-2006,"
Alm. Salg",9.545,5,Villa,110,1930,,Aktuel værdi
Vejsgårdparken 52,4241 Vemmelev,2.057.207,05-09-2006,"
Alm. Salg",14.694,5,Villa,140,2007,,Aktuel værdi
Stationsvej 37,4241 Vemmelev,1.785.000,28-08-2006,"
Alm. Salg",14.631,4,Villa,122,1943,,Aktuel værdi
Akacievej 11,4241 Vemmelev,1.535.000,24-08-2006,"
Alm. Salg",10.442,5,Villa,147,1969,,Aktuel værdi
Vejsgårdparken 50,4241 Vemmelev,1.982.018,22-08-2006,"
Alm. Salg",14.157,5,Villa,140,2006,,Aktuel værdi
Vejsgårdtoften 2,4241 Vemmelev,487.130,18-08-2006,"
Alm. Salg",2.591,6,Villa,188,2008,,Aktuel værdi
Hemmeshøjvej 21,4241 Vemmelev,1.550.000,10-08-2006,"
Alm. Salg",12.301,4,Stuehus,126,1981,,
Fruegade 3H,4241 Vemmelev,1.150.000,04-08-2006,"
Alm. Salg",13.529,3,Rækkehus,85,1987,,Aktuel værdi
Vejsgårdparken 86A,4241 Vemmelev,1.398.000,17-07-2006,"
Alm. Salg",15.195,3,Rækkehus,92,2006,,Aktuel værdi
Vejsgårdtoften 48,4241 Vemmelev,475.250,05-07-2006,"
Alm. Salg",2.555,5,Villa,186,2007,,Aktuel værdi
Vejsgårdtoften 46,4241 Vemmelev,465.130,04-07-2006,"
Alm. Salg",2.853,5,Villa,163,2008,,Aktuel værdi
Vejsgårdparken 92A,4241 Vemmelev,1.498.000,03-07-2006,"
Alm. Salg",14.543,4,Rækkehus,103,2006,,Aktuel værdi
Enghavevej 18,4241 Vemmelev,1.495.000,03-07-2006,"
Alm. Salg",13.114,4,Villa,114,1976,,Aktuel værdi
Vejsgårdtoften 44,4241 Vemmelev,352.000,01-07-2006,"
Alm. Salg",2.816,4,Villa,125,2008,,Aktuel værdi
Rugvænget 23,4241 Vemmelev,1.750.000,19-06-2006,"
Alm. Salg",10.479,5,Villa,167,1975,,Aktuel værdi
Vejsgårdtoften 58,4241 Vemmelev,502.970,16-06-2006,"
Alm. Salg",3.203,4,Villa,157,2009,,Aktuel værdi
Vejsgårdtoften 52,4241 Vemmelev,457.210,12-06-2006,"
Alm. Salg",3.687,5,Villa,124,2009,,Aktuel værdi
Vejsgårdtoften 38,4241 Vemmelev,459.410,12-06-2006,"
Alm. Salg",3.281,5,Villa,140,2009,,Aktuel værdi
Vejsgårdtoften 40,4241 Vemmelev,459.410,12-06-2006,"
Alm. Salg",3.281,5,Villa,140,2009,,Aktuel værdi
Vejsgårdtoften 42,4241 Vemmelev,458.530,12-06-2006,"
Alm. Salg",3.275,5,Villa,140,2009,,Aktuel værdi
Snerlevej 27,4241 Vemmelev,1.665.000,10-06-2006,"
Alm. Salg",11.892,4,Villa,140,1970,,Aktuel værdi
Slagelse Landevej 112,4241 Vemmelev,1.045.000,08-06-2006,"
Alm. Salg",9.587,3,Villa,109,1944,,Aktuel værdi
Ormeslevvej 51,4241 Vemmelev,1.625.000,05-06-2006,"
Alm. Salg",14.772,4,Stuehus,110,1927,,
Ydunvej 8,4241 Vemmelev,1.995.000,05-06-2006,"
Alm. Salg",11.271,4,Villa,177,1904,,Aktuel værdi
Gadekærsvej 7,4241 Vemmelev,1.000.000,01-06-2006,"
Alm. Salg",9.433,3,Villa,106,1951,,Aktuel værdi
Vandværksvej 2,4241 Vemmelev,4.900.000,29-05-2006,"
Alm. Salg",20.940,7,Stuehus,234,1900,,
Vejsgårdtoften 84,4241 Vemmelev,544.330,29-05-2006,"
Alm. Salg",2.336,8,Villa,233,2008,,Aktuel værdi
Slagelse Landevej 184,4241 Vemmelev,1.495.000,22-05-2006,"
Alm. Salg",11.156,5,Villa,134,1900,,Aktuel værdi
Vejsgårdtoften 68,4241 Vemmelev,475.050,22-05-2006,"
Alm. Salg",3.654,4,Villa,130,2009,,Aktuel værdi
Kirkevej 8G,4241 Vemmelev,695.000,19-05-2006,"
Alm. Salg",11.583,2,Rækkehus,60,1976,,Aktuel værdi
Hulhøjvej 15,4241 Vemmelev,1.305.000,09-05-2006,"
Alm. Salg",10.275,4,Villa,127,1942,,Aktuel værdi
Præstevænget 5,4241 Vemmelev,1.535.000,08-05-2006,"
Alm. Salg",11.807,5,Villa,130,1969,,Aktuel værdi
Stationsvej 20,4241 Vemmelev,1.100.000,04-05-2006,"
Alm. Salg",8.593,4,Villa,128,1852,,Aktuel værdi
Hemmeshøjvej 17,4241 Vemmelev,1.630.000,13-04-2006,"
Alm. Salg",7.990,5,Villa,204,1900,,Aktuel værdi
Vejsgårdparken 90B,4241 Vemmelev,1.285.000,03-04-2006,"
Alm. Salg",13.967,3,Rækkehus,92,2006,,Aktuel værdi
Kirkevej 8C,4241 Vemmelev,750.000,28-03-2006,"
Alm. Salg",12.500,2,Rækkehus,60,1976,,Aktuel værdi
Bøgeparken 23,4241 Vemmelev,1.300.000,17-03-2006,"
Alm. Salg",8.441,5,Villa,154,1974,,Aktuel værdi
Vejsgårdparken 90A,4241 Vemmelev,1.390.000,06-03-2006,"
Alm. Salg",13.495,4,Rækkehus,103,2006,,Aktuel værdi
Enghavevej 118,4241 Vemmelev,952.200,01-03-2006,"
Andet",4.512,5,Villa,211,1981,,Aktuel værdi
Borgergade 20A,4241 Vemmelev,1.485.000,16-02-2006,"
Alm. Salg",9.966,5,Villa,149,1968,,Aktuel værdi
Rosenvej 12,4241 Vemmelev,1.600.000,08-02-2006,"
Alm. Salg",10.526,4,Villa,152,1968,,Aktuel værdi
Vejsager 5,4241 Vemmelev,1.675.000,19-01-2006,"
Alm. Salg",12.137,5,Villa,138,1979,,Aktuel værdi
Hemmeshøjvej 29,4241 Vemmelev,1.895.000,18-01-2006,"
Alm. Salg",12.633,3,Villa,150,1910,,Aktuel værdi
Vejsgårdparken 88B,4241 Vemmelev,1.390.000,16-01-2006,"
Alm. Salg",13.495,4,Rækkehus,103,2006,,Aktuel værdi
Bakkevej 1G,4241 Vemmelev,1.195.000,05-01-2006,"
Alm. Salg",12.989,3,Rækkehus,92,2005,,Aktuel værdi
Stationsvej 85,4241 Vemmelev,595.000,22-12-2005,"
Alm. Salg",6.134,3,Villa,97,1928,,Aktuel værdi
Vejsgårdparken 40,4241 Vemmelev,1.969.050,21-12-2005,"
Alm. Salg",14.064,5,Villa,140,2006,,Aktuel værdi
Smedevej 21,4241 Vemmelev,1.260.000,19-12-2005,"
Alm. Salg",11.250,3,Villa,112,1962,,Aktuel værdi
Skolevej 12,4241 Vemmelev,682.883,17-12-2005,"
Andet",5.252,5,Villa,130,1969,,Aktuel værdi
"Kirkevej 11, 1",4241 Vemmelev,265.000,09-12-2005,"
Alm. Salg",2.548,2,Lejlighed,104,1877,,Aktuel værdi
Vejsgårdparken 32,4241 Vemmelev,295.000,24-11-2005,"
Alm. Salg",1.787,6,Villa,165,2006,,Aktuel værdi
Slagelse Landevej 186,4241 Vemmelev,695.275,23-11-2005,"
Alm. Salg",4.828,5,Stuehus,144,1900,,
Præstemarksvej 5,4241 Vemmelev,1.900.000,18-11-2005,"
Alm. Salg",12.258,5,Stuehus,155,1933,,
Enghavevej 130,4241 Vemmelev,1.585.000,09-11-2005,"
Alm. Salg",12.286,6,Villa,129,1979,,Aktuel værdi
Bakkevej 20,4241 Vemmelev,1.495.000,02-11-2005,"
Alm. Salg",9.966,5,Villa,150,1964,,Aktuel værdi
Bøgeparken 35,4241 Vemmelev,770.000,17-10-2005,"
Alm. Salg",4.610,5,Villa,167,1973,,Aktuel værdi
Skolevej 1,4241 Vemmelev,1.498.000,14-10-2005,"
Alm. Salg",8.511,5,Villa,176,1968,,Aktuel værdi
Smedevej 4,4241 Vemmelev,1.045.000,10-10-2005,"
Alm. Salg",8.164,4,Villa,128,1962,,Aktuel værdi
Borgergade 105,4241 Vemmelev,1.895.000,30-09-2005,"
Alm. Salg",10.412,5,Villa,182,1978,,Aktuel værdi
Vejsgårdparken 3,4241 Vemmelev,250.000,21-09-2005,"
Alm. Salg",1.736,5,Villa,144,2006,,Aktuel værdi
Bakkevej 2A,4241 Vemmelev,1.125.000,20-09-2005,"
Alm. Salg",11.363,4,Rækkehus,99,1983,,Aktuel værdi
Enghavevej 116,4241 Vemmelev,1.200.000,12-09-2005,"
Alm. Salg",9.160,4,Villa,131,1980,,Aktuel værdi
Hemmeshøjvej 36,4241 Vemmelev,995.000,08-09-2005,"
Alm. Salg",-,4,Villa,110,1949,,Aktuel værdi
Bakkevej 4E,4241 Vemmelev,1.050.000,20-08-2005,"
Alm. Salg",11.413,3,Rækkehus,92,1981,,Aktuel værdi
Slagelse Landevej 122,4241 Vemmelev,1.365.000,17-08-2005,"
Alm. Salg",9.100,6,Villa,150,1939,,Aktuel værdi
Borgergade 22C,4241 Vemmelev,1.398.000,13-08-2005,"
Alm. Salg",8.629,4,Villa,162,1973,,Aktuel værdi
Studevej 29,4241 Vemmelev,600.000,05-08-2005,"
Alm. Salg",4.761,4,Villa,126,1922,,Aktuel værdi
Bakkevej 1F,4241 Vemmelev,1.045.000,29-07-2005,"
Alm. Salg",13.062,2,Rækkehus,80,2005,,Aktuel værdi
Enghavevej 175,4241 Vemmelev,2.180.000,27-07-2005,"
Alm. Salg",13.292,6,Villa,164,2000,,Aktuel værdi
Snerlevej 13,4241 Vemmelev,1.395.000,16-07-2005,"
Alm. Salg",8.254,4,Villa,169,1970,,Aktuel værdi
Snerlevej 5,4241 Vemmelev,1.895.000,23-06-2005,"
Alm. Salg",11.993,6,Villa,158,1970,,Aktuel værdi
Stationsvej 61,4241 Vemmelev,1.555.000,22-06-2005,"
Alm. Salg",11.350,5,Villa,137,1930,,Aktuel værdi
Bakkevej 1A,4241 Vemmelev,1.431.000,21-06-2005,"
Alm. Salg",13.009,4,Rækkehus,110,2005,,Aktuel værdi
Vejsgårdparken 48,4241 Vemmelev,295.000,20-06-2005,"
Alm. Salg",2.122,5,Villa,139,2006,,Aktuel værdi
Stationsvej 26E,4241 Vemmelev,615.000,17-06-2005,"
Alm. Salg",11.181,2,Rækkehus,55,1983,,Aktuel værdi
Bakkevej 1B,4241 Vemmelev,1.243.000,07-06-2005,"
Alm. Salg",13.510,3,Rækkehus,92,2005,,Aktuel værdi
Ormeslevvej 45,4241 Vemmelev,2.495.000,04-06-2005,"
Alm. Salg",16.414,5,Villa,152,1902,,Aktuel værdi
Brovej 12,4241 Vemmelev,835.000,01-06-2005,"
Alm. Salg",8.106,3,Villa,103,1897,,Aktuel værdi
Vejsgårdparken 18,4241 Vemmelev,295.000,30-05-2005,"
Alm. Salg",2.107,5,Villa,140,2005,,Aktuel værdi
Lyshøjvej 7,4241 Vemmelev,895.000,30-05-2005,"
Alm. Salg",8.861,3,Villa,101,1900,,Aktuel værdi
Vejsgårdparken 54,4241 Vemmelev,295.000,29-05-2005,"
Alm. Salg",1.666,4,Villa,177,2006,,Aktuel værdi
Vejsgårdparken 6,4241 Vemmelev,295.000,23-05-2005,"
Alm. Salg",2.107,5,Villa,140,2006,,Aktuel værdi
Engstien 5,4241 Vemmelev,380.000,20-05-2005,"
Alm. Salg",7.037,3,Villa,54,1877,,Aktuel værdi
Vejsgårdparken 12,4241 Vemmelev,300.700,16-05-2005,"
Alm. Salg",1.927,6,Villa,156,2005,,Aktuel værdi
Stationsvej 8,4241 Vemmelev,1.450.000,13-05-2005,"
Alm. Salg",9.602,7,Villa,151,1963,,Aktuel værdi
Enghavevej 42,4241 Vemmelev,725.282,09-05-2005,"
Fam. Salg",4.771,4,Villa,152,1980,,Aktuel værdi
Bakkevej 1D,4241 Vemmelev,1.195.000,03-05-2005,"
Alm. Salg",12.989,3,Rækkehus,92,2005,,Aktuel værdi
Bakkevej 1E,4241 Vemmelev,1.195.000,03-05-2005,"
Alm. Salg",12.989,3,Rækkehus,92,2005,,Aktuel værdi
Kirkevej 1,4241 Vemmelev,505.500,25-04-2005,"
Alm. Salg",3.026,5,Villa,167,1908,,Aktuel værdi
Vejsgårdparken 39,4241 Vemmelev,1.625.000,14-04-2005,"
Alm. Salg",11.607,5,Villa,140,2005,,Aktuel værdi
Vejsgårdparken 26,4241 Vemmelev,295.000,12-04-2005,"
Alm. Salg",2.322,4,Villa,127,2006,,Aktuel værdi
Vejsager 9,4241 Vemmelev,1.295.000,11-04-2005,"
Alm. Salg",11.359,5,Villa,114,1979,,Aktuel værdi
Vejsgårdparken 36,4241 Vemmelev,295.000,11-04-2005,"
Alm. Salg",1.798,5,Villa,164,2006,,Aktuel værdi
Borgergade 13,4241 Vemmelev,1.200.000,09-04-2005,"
Alm. Salg",5.020,16,Erhverv,239,1943,,Aktuel værdi
Vejsgårdparken 28,4241 Vemmelev,295.000,08-04-2005,"
Alm. Salg",2.107,5,Villa,140,2006,,Aktuel værdi
Vejsgårdparken 5,4241 Vemmelev,250.000,05-04-2005,"
Alm. Salg",1.461,5,Villa,171,2006,,Aktuel værdi
Vejsgårdparken 33,4241 Vemmelev,1.998.000,29-03-2005,"
Alm. Salg",14.478,5,Villa,138,2003,,Aktuel værdi
Vejsgårdparken 47,4241 Vemmelev,1.982.285,29-03-2005,"
Alm. Salg",13.484,5,Villa,147,2007,,Aktuel værdi
Rugvænget 41,4241 Vemmelev,1.350.000,19-03-2005,"
Alm. Salg",9.926,4,Villa,136,1970,,Aktuel værdi
Enghavevej 134,4241 Vemmelev,1.417.017,09-03-2005,"
Alm. Salg",8.143,5,Villa,174,1979,,Aktuel værdi
Præstevænget 15,4241 Vemmelev,1.395.000,06-03-2005,"
Alm. Salg",7.342,7,Villa,190,1969,,Aktuel værdi
Tingvej 24,4241 Vemmelev,437.264,24-02-2005,"
Andet",3.215,5,Villa,136,1920,,Aktuel værdi
Rosenvej 2,4241 Vemmelev,1.650.000,04-02-2005,"
Alm. Salg",7.857,6,Villa,210,1968,,Aktuel værdi
Ormeslevvej 43,4241 Vemmelev,1.324.021,31-01-2005,"
Alm. Salg",8.073,6,Stuehus,164,1953,,
Vejsgårdparken 49,4241 Vemmelev,1.606.075,18-01-2005,"
Alm. Salg",11.471,6,Villa,140,2005,,Aktuel værdi
Enghavevej 199,4241 Vemmelev,180.000,18-01-2005,"
Alm. Salg",1.417,4,Villa,127,2006,,Aktuel værdi
Enghavevej 163,4241 Vemmelev,2.150.000,03-01-2005,"
Alm. Salg",13.870,5,Villa,155,1999,,Aktuel værdi
Vejsgårdparken 20,4241 Vemmelev,330.000,10-12-2004,"
Alm. Salg",1.609,6,Villa,205,2005,,Aktuel værdi
Vejsgårdparken 16,4241 Vemmelev,295.000,10-12-2004,"
Alm. Salg",1.979,6,Villa,149,2006,,Aktuel værdi
Vejsgårdparken 45,4241 Vemmelev,1.598.260,08-12-2004,"
Alm. Salg",11.416,5,Villa,140,2005,,Aktuel værdi
Vejsgårdparken 17,4241 Vemmelev,250.000,06-12-2004,"
Alm. Salg",1.552,7,Villa,161,2006,,Aktuel værdi
Vejsgårdparken 35,4241 Vemmelev,1.565.000,06-12-2004,"
Alm. Salg",11.178,5,Villa,140,2005,,Aktuel værdi
Hemmeshøjvej 71,4241 Vemmelev,527.384,06-12-2004,"
Andet",4.253,4,Villa,124,1959,,Aktuel værdi
Brovej 44,4241 Vemmelev,775.000,12-11-2004,"
Alm. Salg",4.967,5,Villa,156,1890,,Aktuel værdi
Vejsager 39,4241 Vemmelev,1.230.000,29-10-2004,"
Alm. Salg",10.081,4,Villa,122,1979,,Aktuel værdi
Hulhøjvej 21,4241 Vemmelev,1.220.000,27-10-2004,"
Alm. Salg",9.037,5,Villa,135,1935,,Aktuel værdi
Irisvej 1,4241 Vemmelev,1.098.000,26-10-2004,"
Alm. Salg",8.133,4,Villa,135,1971,,Aktuel værdi
Stationsvej 115,4241 Vemmelev,1.370.000,22-10-2004,"
Alm. Salg",9.072,5,Villa,151,1934,,Aktuel værdi
Slagelse Landevej 135A,4241 Vemmelev,800.000,21-10-2004,"
Fam. Salg",8.247,4,Villa,97,1969,,Aktuel værdi
Vejsgårdparken 21,4241 Vemmelev,250.000,11-10-2004,"
Alm. Salg",1.908,6,Villa,131,2005,,Aktuel værdi
Tingvej 21,4241 Vemmelev,895.000,11-10-2004,"
Alm. Salg",8.523,4,Villa,105,1952,,Aktuel værdi
Studevej 13,4241 Vemmelev,602.026,06-10-2004,"
Alm. Salg",-,4,Villa,111,1930,,Aktuel værdi
Mærskvejen 5,4241 Vemmelev,695.000,30-09-2004,"
Alm. Salg",3.390,7,Villa,205,1850,,Aktuel værdi
Stationsvej 11F,4241 Vemmelev,830.000,16-07-2004,"
Alm. Salg",14.067,2,Rækkehus,59,1976,,Aktuel værdi
Gammellongvej 4,4241 Vemmelev,1.050.000,12-07-2004,"
Alm. Salg",9.722,2,Villa,108,1910,,Aktuel værdi
Hemmeshøjvej 19,4241 Vemmelev,1.360.000,11-07-2004,"
Alm. Salg",5.483,6,Villa,248,1927,,Aktuel værdi
Stationsvej 11G,4241 Vemmelev,830.000,02-07-2004,"
Alm. Salg",14.067,2,Rækkehus,59,1976,,Aktuel værdi
Hemmeshøjvej 26B,4241 Vemmelev,100.000,26-06-2004,"
Alm. Salg",581,8,Villa,172,2011,,Aktuel værdi
Slagelse Landevej 135B,4241 Vemmelev,6.763.978,18-06-2004,"
Alm. Salg",21.337,8,Stuehus,317,1967,,
Bøgeparken 6,4241 Vemmelev,1.425.000,02-06-2004,"
Alm. Salg",8.236,4,Villa,173,1971,,Aktuel værdi
Slagelse Landevej 105,4241 Vemmelev,975.000,28-05-2004,"
Alm. Salg",7.862,4,Villa,124,1967,,Aktuel værdi
Vejsgårdparken 13,4241 Vemmelev,250.000,25-05-2004,"
Alm. Salg",1.436,5,Villa,174,2005,,Aktuel værdi
Hemmeshøjvej 28,4241 Vemmelev,4.065.000,03-05-2004,"
Fam. Salg",17.151,7,Stuehus,237,1900,,
Vibevej 8,4241 Vemmelev,700.000,29-04-2004,"
Alm. Salg",6.194,4,Villa,113,1974,,Aktuel værdi
Smedevej 1E,4241 Vemmelev,590.000,16-04-2004,"
Alm. Salg",10.727,2,Rækkehus,55,1975,,Aktuel værdi
Bøgeparken 16,4241 Vemmelev,1.270.000,16-04-2004,"
Alm. Salg",6.719,6,Villa,189,1972,,Aktuel værdi
Tingvej 2,4241 Vemmelev,1.795.000,12-04-2004,"
Alm. Salg",13.496,6,Villa,133,1950,,Aktuel værdi
Snerlevej 6,4241 Vemmelev,1.335.000,10-04-2004,"
Alm. Salg",7.899,4,Villa,169,1969,,Aktuel værdi
Stationsvej 31,4241 Vemmelev,1.025.000,30-03-2004,"
Alm. Salg",7.321,4,Villa,140,1963,,Aktuel værdi
Vejsager 25,4241 Vemmelev,1.395.000,08-03-2004,"
Alm. Salg",7.420,6,Villa,188,1979,,Aktuel værdi
Borgergade 5,4241 Vemmelev,975.150,28-02-2004,"
Alm. Salg",8.406,3,Villa,116,1951,,Aktuel værdi
Engstien 3,4241 Vemmelev,2.000.000,25-02-2004,"
Alm. Salg",11.494,6,Villa,174,1934,,Aktuel værdi
Brovej 7,4241 Vemmelev,1.800.000,11-12-2003,"
Alm. Salg",13.235,4,Stuehus,136,1960,,
Smedevej 6A,4241 Vemmelev,1.275.000,05-12-2003,"
Alm. Salg",8.173,5,Villa,156,1979,,Aktuel værdi
Enghavevej 167,4241 Vemmelev,1.600.000,02-12-2003,"
Alm. Salg",9.248,5,Villa,173,1987,,Aktuel værdi
Vejsager 1,4241 Vemmelev,1.200.000,01-12-2003,"
Alm. Salg",10.619,3,Villa,113,1980,,Aktuel værdi
Lyshøjvej 15,4241 Vemmelev,998.000,28-10-2003,"
Alm. Salg",11.088,3,Villa,90,1888,,Aktuel værdi
Ydunvej 2,4241 Vemmelev,1.225.000,16-10-2003,"
Alm. Salg",6.064,5,Villa,202,1904,,Aktuel værdi
Hulhøjvej 23,4241 Vemmelev,436.084,16-10-2003,"
Alm. Salg",3.488,5,Villa,125,1947,,Aktuel værdi
Studevej 21,4241 Vemmelev,995.000,13-10-2003,"
Alm. Salg",5.467,7,Stuehus,182,1920,,
Bakkevej 18,4241 Vemmelev,950.000,23-09-2003,"
Alm. Salg",6.375,5,Villa,149,1965,,Aktuel værdi
Borgergade 135,4241 Vemmelev,725.000,15-09-2003,"
Fam. Salg",-,5,Villa,149,1978,,Aktuel værdi
Tingvej 3,4241 Vemmelev,1.258.350,09-09-2003,"
Alm. Salg",8.066,3,Villa,156,1817,,Aktuel værdi
Rosenvej 7,4241 Vemmelev,512.500,04-09-2003,"
Alm. Salg",3.416,5,Villa,150,1969,,Aktuel værdi
Strædet 4,4241 Vemmelev,625.000,28-08-2003,"
Alm. Salg",7.183,3,Villa,87,1868,,Aktuel værdi
Slagelse Landevej 170,4241 Vemmelev,850.000,15-08-2003,"
Alm. Salg",3.455,8,Villa,246,1850,,Aktuel værdi
Hulhøjvej 9,4241 Vemmelev,485.000,28-07-2003,"
Alm. Salg",6.830,3,Villa,71,1948,,Aktuel værdi
Irisvej 6,4241 Vemmelev,525.000,30-06-2003,"
Alm. Salg",4.069,2,Villa,129,1970,,Aktuel værdi
Vejsgårdparken 37,4241 Vemmelev,1.651.000,29-06-2003,"
Alm. Salg",8.735,6,Villa,189,2004,,Aktuel værdi
Vejlagervej 11,4241 Vemmelev,1.545.193,23-06-2003,"
Alm. Salg",25.753,2,Stuehus,60,1910,,
Enghavevej 54,4241 Vemmelev,1.021.334,16-06-2003,"
Alm. Salg",9.915,2,Villa,103,1986,,Aktuel værdi
Lindevej 7,4241 Vemmelev,659.492,16-06-2003,"
Alm. Salg",5.785,3,Villa,114,1964,,Aktuel værdi
Bakkevej 4C,4241 Vemmelev,795.000,09-06-2003,"
Alm. Salg",11.197,3,Rækkehus,71,1981,,Aktuel værdi
Gadekærsvej 2,4241 Vemmelev,750.000,30-05-2003,"
Alm. Salg",7.142,4,Villa,105,1782,,Aktuel værdi
Enghavevej 46,4241 Vemmelev,1.317.000,22-05-2003,"
Alm. Salg",8.496,4,Villa,155,1983,,Aktuel værdi
Søhusevej 4,4241 Vemmelev,2.400.000,14-05-2003,"
Alm. Salg",15.189,5,Stuehus,158,1930,,
Enghavevej 74,4241 Vemmelev,1.150.000,08-05-2003,"
Alm. Salg",8.394,5,Villa,137,1987,,Aktuel værdi
Enghavevej 193,4241 Vemmelev,1.370.217,02-05-2003,"
Alm. Salg",10.001,4,Villa,137,2003,,Aktuel værdi
Enghavevej 213,4241 Vemmelev,1.375.000,30-04-2003,"
Alm. Salg",10.036,5,Villa,137,2003,,Aktuel værdi
Vejlagervej 5,4241 Vemmelev,1.050.000,28-04-2003,"
Alm. Salg",12.500,4,Stuehus,84,1922,,
Fruegade 15,4241 Vemmelev,1.090.000,28-04-2003,"
Alm. Salg",8.515,4,Villa,128,1967,,Aktuel værdi
Enghavevej 191,4241 Vemmelev,1.267.000,25-04-2003,"
Alm. Salg",9.821,4,Villa,129,2002,,Aktuel værdi
Bakkevej 5,4241 Vemmelev,1.100.000,23-04-2003,"
Alm. Salg",6.043,4,Villa,182,1967,,Aktuel værdi
Enghavevej 34,4241 Vemmelev,1.250.000,22-04-2003,"
Alm. Salg",6.443,6,Villa,194,1980,,Aktuel værdi
Fruegade 7,4241 Vemmelev,995.000,06-04-2003,"
Alm. Salg",7.056,4,Villa,141,1772,,Aktuel værdi
Vejsgårdparken 51,4241 Vemmelev,250.000,28-03-2003,"
Alm. Salg",1.689,5,Villa,148,2004,,Aktuel værdi
Strædet 3A,4241 Vemmelev,1.316.870,28-03-2003,"
Alm. Salg",10.973,2,Villa,120,1992,,Aktuel værdi
Studevej 24,4241 Vemmelev,304.000,28-02-2003,"
Alm. Salg",3.268,4,Stuehus,93,1899,,
Hemmeshøjvej 1,4241 Vemmelev,447.500,25-02-2003,"
Fam. Salg",-,10,Villa,228,1900,,Aktuel værdi
Rugvænget 11,4241 Vemmelev,900.000,30-01-2003,"
Alm. Salg",8.333,3,Villa,108,1976,,Aktuel værdi
Vejsgårdparken 43,4241 Vemmelev,255.000,14-01-2003,"
Alm. Salg",1.770,5,Villa,144,2004,,Aktuel værdi
Enghavevej 187,4241 Vemmelev,1.230.000,13-01-2003,"
Alm. Salg",9.534,4,Villa,129,2001,,Aktuel værdi
Fruegade 8,4241 Vemmelev,600.000,13-01-2003,"
Fam. Salg",6.666,4,Villa,90,1877,,Aktuel værdi
Tinghusvej 80,4241 Vemmelev,425.000,06-01-2003,"
Andet",6.538,3,Stuehus,65,1900,,
Vandværksvej 4,4241 Vemmelev,624.526,08-12-2002,"
Alm. Salg",4.135,5,Stuehus,151,1931,,
Enghavevej 98,4241 Vemmelev,800.000,27-11-2002,"
Alm. Salg",5.194,5,Villa,154,1986,,Aktuel værdi
Præstevænget 8,4241 Vemmelev,1.100.000,12-11-2002,"
Alm. Salg",6.432,5,Villa,171,1971,,Aktuel værdi
Hemmeshøjvej 13,4241 Vemmelev,1.275.000,29-10-2002,"
Alm. Salg",9.172,6,Villa,139,1950,,Aktuel værdi
Enghavevej 215,4241 Vemmelev,1.365.052,03-10-2002,"
Alm. Salg",9.963,5,Villa,137,2002,,Aktuel værdi
Tingvej 10,4241 Vemmelev,1.850.000,13-09-2002,"
Alm. Salg",10.220,4,Stuehus,181,2003,,
Borgergade 7,4241 Vemmelev,1.126.336,09-09-2002,"
Alm. Salg",4.834,7,Villa,233,1900,,Aktuel værdi
Poppelvej 6,4241 Vemmelev,930.000,09-09-2002,"
Alm. Salg",7.099,5,Villa,131,1966,,Aktuel værdi
Ormeslevvej 41,4241 Vemmelev,600.000,30-08-2002,"
Alm. Salg",3.260,9,Villa,184,1902,,Aktuel værdi
Vejsager 19,4241 Vemmelev,1.000.000,28-08-2002,"
Alm. Salg",8.196,3,Villa,122,1979,,Aktuel værdi
Ormeslevvej 31A,4241 Vemmelev,975.000,15-08-2002,"
Alm. Salg",8.262,5,Villa,118,1877,,Aktuel værdi
Bag Volden 6,4241 Vemmelev,495.000,05-08-2002,"
Alm. Salg",6.346,4,Villa,78,1906,,Aktuel værdi
Enghavevej 189,4241 Vemmelev,1.378.300,28-06-2002,"
Alm. Salg",10.060,4,Villa,137,2003,,Aktuel værdi
Slagelse Landevej 110,4241 Vemmelev,2.460.000,24-06-2002,"
Alm. Salg",8.482,6,Stuehus,290,1850,,
Ormeslevvej 23,4241 Vemmelev,973.992,13-06-2002,"
Alm. Salg",9.102,4,Villa,107,1937,,Aktuel værdi
Vandværksvej 1,4241 Vemmelev,1.363.765,30-05-2002,"
Alm. Salg",8.265,8,Villa,165,1964,,Aktuel værdi
Fruegade 5,4241 Vemmelev,874.000,23-05-2002,"
Alm. Salg",-,5,Villa,180,1920,,Aktuel værdi
Elmevej 7,4241 Vemmelev,845.000,11-05-2002,"
Alm. Salg",-,5,Villa,165,1967,,Aktuel værdi
Enghavevej 48,4241 Vemmelev,1.250.000,28-04-2002,"
Alm. Salg",9.328,5,Villa,134,1988,,Aktuel værdi
Enghavevej 150,4241 Vemmelev,1.330.000,15-04-2002,"
Alm. Salg",8.364,5,Villa,159,1979,,Aktuel værdi
Brovej 36,4241 Vemmelev,750.000,09-04-2002,"
Alm. Salg",8.333,3,Villa,90,1930,,Aktuel værdi
Rugvænget 7,4241 Vemmelev,600.000,15-03-2002,"
Alm. Salg",5.263,4,Villa,114,1975,,Aktuel værdi
Bakkevej 32,4241 Vemmelev,849.000,25-02-2002,"
Alm. Salg",8.405,4,Villa,101,1968,,Aktuel værdi
Præstevænget 12,4241 Vemmelev,298.503,18-02-2002,"
Fam. Salg",2.313,6,Villa,129,1969,,Aktuel værdi
Slagelse Landevej 103,4241 Vemmelev,1.000.000,14-01-2002,"
Alm. Salg",7.692,6,Villa,130,1935,,Aktuel værdi
Hemmeshøjvej 14,4241 Vemmelev,1.317.500,15-12-2001,"
Fam. Salg",13.582,3,Stuehus,97,1900,,
Ormeslevvej 6,4241 Vemmelev,580.017,06-12-2001,"
Alm. Salg",5.979,3,Villa,97,1943,,Aktuel værdi
Stationsvej 93,4241 Vemmelev,670.621,03-12-2001,"
Alm. Salg",-,2,Villa,135,1961,,Aktuel værdi
Rugvænget 43,4241 Vemmelev,1.325.000,29-10-2001,"
Alm. Salg",9.201,6,Villa,144,1971,,Aktuel værdi
Ydunvej 5,4241 Vemmelev,1.200.000,29-10-2001,"
Fam. Salg",9.756,6,Stuehus,123,1936,,
Kirkevej 24,4241 Vemmelev,835.000,12-10-2001,"
Alm. Salg",-,7,Villa,189,1964,,Aktuel værdi
Irisvej 12,4241 Vemmelev,925.000,05-10-2001,"
Alm. Salg",7.708,4,Villa,120,1970,,Aktuel værdi
Strædet 7,4241 Vemmelev,1.850.000,28-09-2001,"
Alm. Salg",8.851,8,Villa,209,2000,,Aktuel værdi
Vandværksvej 9,4241 Vemmelev,1.025.000,19-09-2001,"
Alm. Salg",7.020,4,Villa,146,1968,,Aktuel værdi
Ormeslevvej 49,4241 Vemmelev,1.265.000,18-09-2001,"
Alm. Salg",7.713,9,Villa,164,1877,,Aktuel værdi
Enghavevej 195,4241 Vemmelev,150.000,17-09-2001,"
Alm. Salg",1.304,4,Villa,115,2003,,Aktuel værdi
Bag Volden 7,4241 Vemmelev,720.000,21-08-2001,"
Alm. Salg",-,6,Villa,169,1912,,Aktuel værdi
Bakkevej 13,4241 Vemmelev,755.000,28-06-2001,"
Alm. Salg",7.704,3,Villa,98,1966,,Aktuel værdi
Enghavevej 181,4241 Vemmelev,1.377.041,27-06-2001,"
Alm. Salg",8.052,6,Villa,171,2002,,Aktuel værdi
Stationsvej 81,4241 Vemmelev,885.000,18-06-2001,"
Alm. Salg",7.695,3,Villa,115,1937,,Aktuel værdi
Stationsvej 26K,4241 Vemmelev,725.000,15-06-2001,"
Alm. Salg",7.631,4,Rækkehus,95,1983,,Aktuel værdi
Vejsager 21,4241 Vemmelev,1.278.426,11-06-2001,"
Alm. Salg",-,5,Villa,165,1980,,Aktuel værdi
Vejlagervej 19,4241 Vemmelev,448.968,30-05-2001,"
Alm. Salg",3.535,5,Stuehus,127,1932,,
Brovej 42,4241 Vemmelev,1.240.000,28-05-2001,"
Fam. Salg",8.493,6,Stuehus,146,1933,,
Enghavevej 201,4241 Vemmelev,150.000,09-05-2001,"
Alm. Salg",728,5,Villa,206,2002,,Aktuel værdi
Bagervænget 3,4241 Vemmelev,917.366,21-04-2001,"
Alm. Salg",5.880,5,Villa,156,1962,,Aktuel værdi
Enghavevej 173,4241 Vemmelev,150.000,19-02-2001,"
Alm. Salg",1.145,5,Villa,131,2002,,Aktuel værdi
Vibevej 5,4241 Vemmelev,280.000,19-02-2001,"
Andet",2.857,4,Villa,98,1965,,Aktuel værdi
Irisvej 11,4241 Vemmelev,1.055.000,06-02-2001,"
Alm. Salg",7.644,4,Villa,138,1970,,Aktuel værdi
Smedevej 5,4241 Vemmelev,1.225.000,03-02-2001,"
Alm. Salg",8.006,7,Villa,153,1974,,Aktuel værdi
Stationsvej 48,4241 Vemmelev,842.002,25-01-2001,"
Alm. Salg",4.839,6,Villa,174,1932,,Aktuel værdi
Hemmeshøjvej 43,4241 Vemmelev,462.789,08-01-2001,"
Auktion",1.836,5,Villa,252,1910,,Aktuel værdi
Enghavevej 179,4241 Vemmelev,1.226.900,12-12-2000,"
Alm. Salg",-,6,Villa,178,2001,,Aktuel værdi
Ormeslevvej 23A,4241 Vemmelev,975.000,22-11-2000,"
Alm. Salg",6.018,5,Villa,162,1973,,Aktuel værdi
Bøgeparken 39,4241 Vemmelev,920.000,06-11-2000,"
Alm. Salg",7.360,4,Villa,125,1947,,Aktuel værdi
Stationsvej 101,4241 Vemmelev,871.000,22-10-2000,"
Alm. Salg",5.443,5,Stuehus,160,1954,,
Slagelse Landevej 146,4241 Vemmelev,1.832.626,16-10-2000,"
Alm. Salg",6.615,7,Stuehus,277,1877,,
Hemmeshøjvej 18,4241 Vemmelev,1.325.000,11-10-2000,"
Alm. Salg",5.321,7,Stuehus,249,1914,,
Smedevej 10A,4241 Vemmelev,825.000,09-10-2000,"
Alm. Salg",6.653,4,Villa,124,1975,,Aktuel værdi
Enghavevej 217,4241 Vemmelev,166.500,20-09-2000,"
Alm. Salg",1.081,5,Villa,154,2001,,Aktuel værdi
Møllesøvej 8,4241 Vemmelev,876.648,18-09-2000,"
Alm. Salg",5.805,5,Stuehus,151,1950,,
Enghavevej 207,4241 Vemmelev,150.000,03-07-2000,"
Alm. Salg",1.056,4,Villa,142,2001,,Aktuel værdi
Enghavevej 62,4241 Vemmelev,1.146.700,26-06-2000,"
Alm. Salg",8.687,4,Villa,132,1980,,Aktuel værdi
Enghavevej 211,4241 Vemmelev,1.160.000,26-06-2000,"
Alm. Salg",8.992,4,Villa,129,2000,,Aktuel værdi
Ormeslevvej 32,4241 Vemmelev,1.717.770,18-06-2000,"
Alm. Salg",15.068,4,Stuehus,114,1877,,
Slagelse Landevej 176,4241 Vemmelev,1.250.000,12-06-2000,"
Fam. Salg",5.841,8,Stuehus,214,1912,,
Ormeslevvej 5,4241 Vemmelev,575.000,12-04-2000,"
Alm. Salg",5.989,4,Villa,96,1900,,Aktuel værdi
Enghavevej 221,4241 Vemmelev,1.105.000,11-04-2000,"
Alm. Salg",8.565,4,Villa,129,2000,,Aktuel værdi
Smedevej 1G,4241 Vemmelev,272.593,04-04-2000,"
Auktion",5.344,2,Rækkehus,51,1975,,Aktuel værdi
Rugvænget 31,4241 Vemmelev,850.000,03-04-2000,"
Alm. Salg",6.538,4,Villa,130,1970,,Aktuel værdi
Studevej 27,4241 Vemmelev,840.690,21-03-2000,"
Alm. Salg",4.224,6,Villa,199,1877,,Aktuel værdi
Smedevej 11,4241 Vemmelev,998.000,28-02-2000,"
Alm. Salg",6.276,4,Villa,159,1971,,Aktuel værdi
Ormeslevvej 38,4241 Vemmelev,680.000,21-02-2000,"
Fam. Salg",3.400,6,Stuehus,200,1912,,
Snerlevej 4,4241 Vemmelev,1.041.000,29-12-1999,"
Alm. Salg",7.543,4,Villa,138,1969,,Aktuel værdi
Lille Strandvej 1,4241 Vemmelev,426.418,01-12-1999,"
Alm. Salg",-,6,Villa,213,1950,,Aktuel værdi
Søhusevej 1,4241 Vemmelev,1.600.000,22-11-1999,"
Alm. Salg",7.373,7,Villa,217,1800,,Aktuel værdi
Hemmeshøjvej 4,4241 Vemmelev,838.000,09-11-1999,"
Alm. Salg",6.704,5,Stuehus,125,1934,,
Hemmeshøjvej 27,4241 Vemmelev,945.000,13-10-1999,"
Alm. Salg",6.217,5,Villa,152,1959,,Aktuel værdi
Tinghusvej 90,4241 Vemmelev,850.000,27-09-1999,"
Fam. Salg",5.279,5,Stuehus,161,2015,,
Ormeslevvej 39,4241 Vemmelev,949.999,20-09-1999,"
Alm. Salg",7.916,3,Stuehus,120,1930,,
Tingvej 13,4241 Vemmelev,120.000,16-09-1999,"
Alm. Salg",2.448,2,Villa,49,1777,,Aktuel værdi
Smedevej 1F,4241 Vemmelev,325.000,07-09-1999,"
Alm. Salg",6.770,2,Rækkehus,48,1975,,Aktuel værdi
Bag Volden 12,4241 Vemmelev,711.000,30-08-1999,"
Alm. Salg",5.598,4,Villa,127,1915,,Aktuel værdi
Enghavevej 40,4241 Vemmelev,1.054.000,28-07-1999,"
Alm. Salg",8.783,4,Villa,120,1976,,Aktuel værdi
Tingvej 17,4241 Vemmelev,500.000,26-07-1999,"
Alm. Salg",5.050,3,Villa,99,1900,,Aktuel værdi
Rugvænget 17,4241 Vemmelev,1.034.169,17-05-1999,"
Alm. Salg",6.267,5,Villa,165,1976,,Aktuel værdi
Borgergade 10,4241 Vemmelev,450.072,12-05-1999,"
Alm. Salg",6.618,4,Villa,68,1938,,Aktuel værdi
Enghavevej 90,4241 Vemmelev,885.000,08-05-1999,"
Alm. Salg",8.271,4,Villa,107,1987,,Aktuel værdi
Brovej 5,4241 Vemmelev,1.021.000,26-04-1999,"
Fam. Salg",-,5,Stuehus,203,1941,,
Slagelse Landevej 182,4241 Vemmelev,733.000,16-04-1999,"
Alm. Salg",6.663,6,Villa,110,1936,,Aktuel værdi
Tingvej 32,4241 Vemmelev,1.090.000,27-03-1999,"
Alm. Salg",5.023,6,Villa,217,1876,,Aktuel værdi
Studevej 9,4241 Vemmelev,638.200,11-03-1999,"
Alm. Salg",4.985,5,Villa,128,1900,,Aktuel værdi
Stationsvej 44,4241 Vemmelev,659.880,15-02-1999,"
Alm. Salg",5.738,4,Villa,115,1942,,Aktuel værdi
Borgergade 115,4241 Vemmelev,755.000,02-02-1999,"
Alm. Salg",4.870,7,Villa,155,1977,,Aktuel værdi
Rugvænget 15,4241 Vemmelev,781.000,20-01-1999,"
Alm. Salg",4.704,5,Villa,166,1978,,Aktuel værdi
Mærskvejen 12,4241 Vemmelev,570.000,05-01-1999,"
Alm. Salg",-,6,Villa,148,1900,,Aktuel værdi
Møllesøvej 6,4241 Vemmelev,1.195.862,13-10-1998,"
Fam. Salg",7.765,6,Stuehus,154,2009,,
Ydunvej 6,4241 Vemmelev,839.580,07-10-1998,"
Alm. Salg",3.455,5,Villa,243,1904,,Aktuel værdi
Bøgeparken 25B,4241 Vemmelev,604.810,21-09-1998,"
Alm. Salg",6.171,3,Rækkehus,98,1988,,Aktuel værdi
Mærskvejen 7,4241 Vemmelev,2.057.893,07-09-1998,"
Alm. Salg",8.794,8,Stuehus,234,1977,,
Præstemarksvej 6,4241 Vemmelev,402.184,27-08-1998,"
Fam. Salg",2.561,5,Stuehus,157,1933,,
Fruegade 2,4241 Vemmelev,574.000,25-07-1998,"
Alm. Salg",5.979,3,Villa,96,1900,,Aktuel værdi
Ormeslevvej 29,4241 Vemmelev,1.414.000,01-07-1998,"
Alm. Salg",7.602,6,Villa,186,1929,,Aktuel værdi
Hemmeshøjvej 7,4241 Vemmelev,605.000,01-07-1998,"
Alm. Salg",5.041,4,Villa,120,1947,,Aktuel værdi
Enghavevej 28,4241 Vemmelev,1.116.000,01-07-1998,"
Alm. Salg",6.763,5,Villa,165,1979,,Aktuel værdi
Bag Volden 5,4241 Vemmelev,606.000,29-06-1998,"
Alm. Salg",5.509,4,Villa,110,1906,,Aktuel værdi
Præstemarksvej 1,4241 Vemmelev,1.200.000,22-06-1998,"
Alm. Salg",-,7,Stuehus,188,1933,,
Rosenvej 9,4241 Vemmelev,850.000,15-06-1998,"
Alm. Salg",6.967,4,Villa,122,1969,,Aktuel værdi
Borgergade 71,4241 Vemmelev,1.100.000,12-05-1998,"
Alm. Salg",5.945,7,Villa,185,1974,,Aktuel værdi
Gadekærsvej 19,4241 Vemmelev,519.454,11-05-1998,"
Alm. Salg",4.809,5,Villa,108,1973,,Aktuel værdi
Hulhøjvej 17,4241 Vemmelev,531.555,07-05-1998,"
Alm. Salg",-,4,Villa,171,1947,,Aktuel værdi
Enghavevej 155,4241 Vemmelev,140.000,28-04-1998,"
Alm. Salg",732,5,Villa,191,1999,,Aktuel værdi
Fruegade 11,4241 Vemmelev,165.000,13-04-1998,"
Alm. Salg",1.012,6,Villa,163,1777,,Aktuel værdi
Bagervænget 6,4241 Vemmelev,584.000,25-03-1998,"
Alm. Salg",6.020,3,Villa,97,1960,,Aktuel værdi
Gadekærsvej 9,4241 Vemmelev,547.000,09-03-1998,"
Alm. Salg",-,7,Villa,146,1965,,Aktuel værdi
Syrenvej 1,4241 Vemmelev,748.000,02-03-1998,"
Alm. Salg",5.709,5,Villa,131,1964,,Aktuel værdi
Stationsvej 32A,4241 Vemmelev,760.240,02-03-1998,"
Alm. Salg",5.549,4,Villa,137,1978,,Aktuel værdi
Hulhøjvej 1,4241 Vemmelev,558.000,20-02-1998,"
Alm. Salg",-,5,Villa,148,1942,,Aktuel værdi
Vejlagervej 21,4241 Vemmelev,1.000.000,02-02-1998,"
Alm. Salg",10.416,4,Stuehus,96,1916,,
Studevej 17,4241 Vemmelev,1.400.000,20-01-1998,"
Alm. Salg",8.235,8,Stuehus,170,1920,,
Vandværksvej 7,4241 Vemmelev,795.000,12-01-1998,"
Alm. Salg",6.625,4,Villa,120,1968,,Aktuel værdi
Mærskvejen 6,4241 Vemmelev,1.350.000,12-01-1998,"
Alm. Salg",9.121,6,Stuehus,148,1897,,
Kirkevej 16,4241 Vemmelev,721.000,09-01-1998,"
Alm. Salg",6.866,3,Villa,105,1946,,Aktuel værdi
Hemmeshøjvej 12,4241 Vemmelev,685.000,05-01-1998,"
Alm. Salg",4.756,4,Stuehus,144,1900,,
Vejsager 45,4241 Vemmelev,829.500,24-11-1997,"
Alm. Salg",6.970,4,Villa,119,1980,,Aktuel værdi
Borgergade 12,4241 Vemmelev,525.880,10-11-1997,"
Alm. Salg",7.967,2,Villa,66,1938,,Aktuel værdi
Slagelse Landevej 124,4241 Vemmelev,374.000,07-11-1997,"
Alm. Salg",4.065,4,Villa,92,1930,,Aktuel værdi
Mosevej 3,4241 Vemmelev,350.000,06-11-1997,"
Alm. Salg",3.431,3,Villa,102,1948,,Aktuel værdi
Hemmeshøjvej 26A,4241 Vemmelev,1.095.064,09-10-1997,"
Alm. Salg",3.308,13,Villa,331,1924,,Aktuel værdi
Bakkevej 2D,4241 Vemmelev,586.000,06-10-1997,"
Alm. Salg",7.234,3,Rækkehus,81,1983,,Aktuel værdi
Mosevej 1,4241 Vemmelev,1.120.000,22-09-1997,"
Alm. Salg",6.787,5,Villa,165,1978,,Aktuel værdi
Ydunvej 14,4241 Vemmelev,711.000,15-09-1997,"
Alm. Salg",4.740,5,Villa,150,1968,,Aktuel værdi
Enghavevej 149,4241 Vemmelev,80.250,08-09-1997,"
Alm. Salg",448,5,Villa,179,1999,,Aktuel værdi
Enghavevej 16,4241 Vemmelev,891.550,08-09-1997,"
Alm. Salg",-,6,Villa,159,1976,,Aktuel værdi
Enghavevej 95,4241 Vemmelev,743.500,01-09-1997,"
Alm. Salg",5.995,5,Villa,124,1977,,Aktuel værdi
Enghavevej 151,4241 Vemmelev,85.800,01-09-1997,"
Alm. Salg",498,5,Villa,172,1998,,Aktuel værdi
Enghavevej 153,4241 Vemmelev,95.800,18-08-1997,"
Alm. Salg",570,5,Villa,168,1998,,Aktuel værdi
Bøgeparken 33,4241 Vemmelev,944.000,11-08-1997,"
Alm. Salg",6.051,4,Villa,156,1974,,Aktuel værdi
Vibevej 2,4241 Vemmelev,500.000,31-07-1997,"
Alm. Salg",-,8,Villa,180,1964,,Aktuel værdi
Lyshøjvej 18,4241 Vemmelev,550.000,29-07-1997,"
Alm. Salg",4.700,4,Villa,117,1966,,Aktuel værdi
Enghavevej 14,4241 Vemmelev,817.500,21-07-1997,"
Alm. Salg",6.337,4,Villa,129,1976,,Aktuel værdi
Ydunvej 3,4241 Vemmelev,1.665.000,04-07-1997,"
Alm. Salg",12.518,6,Stuehus,133,1800,,
Kirkevej 4,4241 Vemmelev,570.000,01-07-1997,"
Fam. Salg",4.913,4,Villa,116,1925,,Aktuel værdi
Bakkevej 15,4241 Vemmelev,905.000,27-06-1997,"
Alm. Salg",5.801,5,Villa,156,1970,,Aktuel værdi
Bøgeparken 2,4241 Vemmelev,798.181,09-06-1997,"
Alm. Salg",5.429,6,Villa,147,1969,,Aktuel værdi
Stationsvej 97,4241 Vemmelev,596.000,23-05-1997,"
Alm. Salg",4.656,4,Villa,128,1958,,Aktuel værdi
Slagelse Landevej 133,4241 Vemmelev,460.000,23-05-1997,"
Alm. Salg",-,7,Stuehus,159,1914,,
Hemmeshøjvej 8A,4241 Vemmelev,303.746,15-05-1997,"
Fam. Salg",-,6,Stuehus,244,1925,,
Hemmeshøjvej 16,4241 Vemmelev,597.983,12-05-1997,"
Alm. Salg",4.635,4,Villa,129,1800,,Aktuel værdi
Hemmeshøjvej 73,4241 Vemmelev,369.000,12-05-1997,"
Alm. Salg",4.146,3,Villa,89,1933,,Aktuel værdi
Enghavevej 138,4241 Vemmelev,782.760,10-04-1997,"
Alm. Salg",6.806,4,Villa,115,1979,,Aktuel værdi
Hulhøjvej 6,4241 Vemmelev,1.190.000,26-03-1997,"
Alm. Salg",6.959,5,Stuehus,171,1981,,
Slagelse Landevej 118,4241 Vemmelev,863.315,15-03-1997,"
Alm. Salg",6.851,5,Villa,126,1937,,Aktuel værdi
Præstemarksvej 2,4241 Vemmelev,488.000,11-03-1997,"
Alm. Salg",6.100,2,Stuehus,80,1933,,
Enghavevej 84,4241 Vemmelev,883.080,21-02-1997,"
Alm. Salg",7.298,4,Villa,121,1981,,Aktuel værdi
Stationsvej 60,4241 Vemmelev,737.568,17-02-1997,"
Alm. Salg",4.497,6,Villa,164,1777,,Aktuel værdi
Bildsøvej 231,4241 Vemmelev,636.000,10-02-1997,"
Alm. Salg",6.115,4,Villa,104,1929,,Aktuel værdi
Ydunvej 10,4241 Vemmelev,875.000,20-12-1996,"
Alm. Salg",-,7,Stuehus,186,1880,,
Bøgeparken 5,4241 Vemmelev,633.240,17-12-1996,"
Alm. Salg",-,5,Villa,143,1969,,Aktuel værdi
Ormeslevvej 9,4241 Vemmelev,320.000,08-12-1996,"
Alm. Salg",3.950,3,Villa,81,1877,,Aktuel værdi
Hulhøjvej 14,4241 Vemmelev,954.000,19-11-1996,"
Alm. Salg",4.793,7,Villa,199,1900,,Aktuel værdi
Rugvænget 21,4241 Vemmelev,975.000,06-11-1996,"
Alm. Salg",5.270,5,Villa,185,1976,,Aktuel værdi
Enghavevej 165,4241 Vemmelev,870.000,15-10-1996,"
Alm. Salg",7.073,5,Villa,123,1989,,Aktuel værdi
Hulhøjvej 10,4241 Vemmelev,110.064,20-09-1996,"
Alm. Salg",1.222,4,Villa,90,1950,,Aktuel værdi
Stationsvej 13,4241 Vemmelev,413.362,19-09-1996,"
Alm. Salg",2.567,6,Villa,161,1928,,Aktuel værdi
Stude Enghave 3,4241 Vemmelev,59.000,09-09-1996,"
Alm. Salg",655,2,Villa,90,1934,,Aktuel værdi
Slagelse Landevej 129,4241 Vemmelev,452.000,07-09-1996,"
Alm. Salg",4.264,3,Villa,106,1945,,Aktuel værdi
Bag Volden 1,4241 Vemmelev,554.000,02-09-1996,"
Alm. Salg",3.985,4,Villa,139,1900,,Aktuel værdi
Enghavevej 89,4241 Vemmelev,721.000,29-08-1996,"
Alm. Salg",6.801,4,Villa,106,1976,,Aktuel værdi
Borgergade 101,4241 Vemmelev,285.267,29-08-1996,"
Fam. Salg",2.524,4,Villa,113,1978,,Aktuel værdi
Ormeslevvej 11,4241 Vemmelev,460.000,26-07-1996,"
Alm. Salg",4.509,2,Villa,102,1928,,Aktuel værdi
Ormeslevvej 37,4241 Vemmelev,1.000.000,28-06-1996,"
Alm. Salg",6.250,6,Stuehus,160,1927,,
Skolevej 3,4241 Vemmelev,905.000,18-06-1996,"
Alm. Salg",4.525,7,Villa,200,1971,,Aktuel værdi
Tingvej 15,4241 Vemmelev,1.182.000,17-05-1996,"
Alm. Salg",5.276,6,Villa,224,1867,,Aktuel værdi
Borgergade 123,4241 Vemmelev,771.000,13-05-1996,"
Alm. Salg",5.627,5,Villa,137,1977,,Aktuel værdi
Stationsvej 2C,4241 Vemmelev,463.789,24-04-1996,"
Alm. Salg",3.461,3,Lejlighed,134,1936,,Aktuel værdi
Gl Stationsplads 1,4241 Vemmelev,400.000,11-04-1996,"
Alm. Salg",3.278,4,Villa,122,1947,,Aktuel værdi
Forlevvej 12,4241 Vemmelev,1.200.000,29-03-1996,"
Alm. Salg",5.333,10,Stuehus,225,1916,,
Stationsvej 24,4241 Vemmelev,392.525,29-01-1996,"
Alm. Salg",5.607,4,Villa,70,1777,,Aktuel værdi
Fruegade 17,4241 Vemmelev,814.000,26-01-1996,"
Alm. Salg",4.933,4,Villa,165,1962,,Aktuel værdi
Borgergade 69,4241 Vemmelev,859.265,15-01-1996,"
Alm. Salg",4.296,7,Villa,200,1976,,Aktuel værdi
Poppelvej 3,4241 Vemmelev,762.000,28-12-1995,"
Alm. Salg",4.590,5,Villa,166,1971,,Aktuel værdi
Hemmeshøjvej 57,4241 Vemmelev,650.000,14-12-1995,"
Alm. Salg",4.642,4,Villa,140,1919,,Aktuel værdi
Studevej 20,4241 Vemmelev,650.000,13-12-1995,"
Alm. Salg",4.304,3,Villa,151,1850,,Aktuel værdi
Stationsvej 23,4241 Vemmelev,362.440,25-11-1995,"
Alm. Salg",2.665,7,Villa,136,1910,,Aktuel værdi
Enghavevej 64,4241 Vemmelev,751.200,17-11-1995,"
Alm. Salg",5.404,4,Villa,139,1981,,Aktuel værdi
Smedevej 15,4241 Vemmelev,535.000,06-11-1995,"
Alm. Salg",3.590,5,Villa,149,1963,,Aktuel værdi
Slagelse Landevej 109,4241 Vemmelev,1.000.000,10-10-1995,"
Alm. Salg",-,8,Stuehus,246,1870,,
Stationsvej 21,4241 Vemmelev,515.000,26-09-1995,"
Alm. Salg",5.049,5,Villa,102,1961,,Aktuel værdi
Lille Strandvej 3,4241 Vemmelev,546.400,13-09-1995,"
Alm. Salg",4.967,7,Villa,110,1948,,Aktuel værdi
Slagelse Landevej 132,4241 Vemmelev,2.700.000,27-07-1995,"
Alm. Salg",10.384,10,Stuehus,260,1912,,
Vejsager 23,4241 Vemmelev,602.000,29-06-1995,"
Alm. Salg",4.300,6,Villa,140,1979,,Aktuel værdi
Stationsvej 22,4241 Vemmelev,455.000,19-06-1995,"
Alm. Salg",3.554,3,Villa,128,1942,,Aktuel værdi
Borgergade 111,4241 Vemmelev,579.200,14-05-1995,"
Alm. Salg",4.950,4,Villa,117,1977,,Aktuel værdi
Stationsvej 12,4241 Vemmelev,549.500,09-05-1995,"
Alm. Salg",5.387,3,Villa,102,1948,,Aktuel værdi
Borgergade 95,4241 Vemmelev,695.000,01-05-1995,"
Alm. Salg",4.826,5,Villa,144,1978,,Aktuel værdi
Stationsvej 51,4241 Vemmelev,316.000,26-04-1995,"
Alm. Salg",2.655,4,Villa,119,1914,,Aktuel værdi
Bakkevej 24,4241 Vemmelev,590.000,21-04-1995,"
Alm. Salg",5.000,4,Villa,118,1969,,Aktuel værdi
Rugvænget 19,4241 Vemmelev,552.500,27-03-1995,"
Fam. Salg",-,4,Villa,184,1977,,Aktuel værdi
Stationsvej 29,4241 Vemmelev,154.759,27-02-1995,"
Fam. Salg",-,4,Villa,110,1945,,Aktuel værdi
Hemmeshøjvej 3,4241 Vemmelev,370.000,30-01-1995,"
Alm. Salg",1.822,6,Villa,203,2005,,Aktuel værdi
Stationsvej 57,4241 Vemmelev,577.000,27-01-1995,"
Alm. Salg",4.579,3,Villa,126,1940,,Aktuel værdi
Kirkevej 18,4241 Vemmelev,85.998,23-01-1995,"
Alm. Salg",859,4,Villa,100,1947,,Aktuel værdi
Hemmeshøjvej 23,4241 Vemmelev,460.000,21-12-1994,"
Alm. Salg",3.680,5,Stuehus,125,1800,,
Møllesøvej 3,4241 Vemmelev,225.000,14-11-1994,"
Fam. Salg",-,3,Villa,148,1958,,Aktuel værdi
Syrenvej 3,4241 Vemmelev,665.000,14-11-1994,"
Alm. Salg",4.889,5,Villa,136,1968,,Aktuel værdi
Kirkevej 2C,4241 Vemmelev,356.430,14-11-1994,"
Fam. Salg",-,5,Villa,168,1877,,Aktuel værdi
Bagervænget 2,4241 Vemmelev,480.000,07-11-1994,"
Alm. Salg",2.681,7,Villa,179,1963,,Aktuel værdi
Bakkevej 3,4241 Vemmelev,475.000,06-11-1994,"
Alm. Salg",4.523,5,Villa,105,1964,,Aktuel værdi
Stationsvej 14,4241 Vemmelev,344.000,26-07-1994,"
Alm. Salg",-,6,Villa,135,1945,,Aktuel værdi
Bøgeparken 13,4241 Vemmelev,830.000,25-07-1994,"
Alm. Salg",4.068,6,Villa,204,1970,,Aktuel værdi
Snerlevej 21,4241 Vemmelev,484.400,24-06-1994,"
Alm. Salg",3.484,4,Villa,139,1972,,Aktuel værdi
Tinghusvej 74,4241 Vemmelev,471.822,29-05-1994,"
Alm. Salg",-,7,Villa,206,1890,,Aktuel værdi
Enghavevej 26,4241 Vemmelev,972.000,27-05-1994,"
Alm. Salg",5.142,3,Villa,189,1977,,Aktuel værdi
Enghavevej 97,4241 Vemmelev,880.000,26-05-1994,"
Alm. Salg",4.705,6,Villa,187,1977,,Aktuel værdi
Enghavevej 94,4241 Vemmelev,568.000,28-03-1994,"
Alm. Salg",5.117,4,Villa,111,1981,,Aktuel værdi
Rosenvej 20,4241 Vemmelev,522.000,01-03-1994,"
Alm. Salg",-,5,Villa,161,1969,,Aktuel værdi
Enghavevej 140,4241 Vemmelev,640.000,28-02-1994,"
Alm. Salg",-,7,Villa,176,1979,,Aktuel værdi
Bakkevej 9,4241 Vemmelev,555.000,24-02-1994,"
Alm. Salg",3.724,5,Villa,149,1966,,Aktuel værdi
Møllesøvej 5,4241 Vemmelev,1.600.000,22-02-1994,"
Alm. Salg",6.584,7,Stuehus,243,1900,,
Præstemarksvej 10,4241 Vemmelev,595.645,17-02-1994,"
Alm. Salg",-,7,Villa,193,1870,,Aktuel værdi
Smedevej 13,4241 Vemmelev,672.000,10-02-1994,"
Alm. Salg",4.540,5,Villa,148,1974,,Aktuel værdi
Enghavevej 102,4241 Vemmelev,675.000,07-01-1994,"
Alm. Salg",-,6,Villa,169,1981,,Aktuel værdi
Slagelse Landevej 126,4241 Vemmelev,595.000,21-12-1993,"
Alm. Salg",-,5,Villa,158,1930,,Aktuel værdi
Vejlagervej 2,4241 Vemmelev,64.000,13-12-1993,"
Alm. Salg",257,5,Stuehus,249,1880,,
Rugvænget 27,4241 Vemmelev,645.000,29-11-1993,"
Alm. Salg",3.981,4,Villa,162,1975,,Aktuel værdi
Smedevej 6B,4241 Vemmelev,645.000,26-11-1993,"
Alm. Salg",5.039,3,Villa,128,1979,,Aktuel værdi
Vejsager 43,4241 Vemmelev,827.902,17-11-1993,"
Alm. Salg",-,6,Villa,200,1978,,Aktuel værdi
Gl Stationsplads 5,4241 Vemmelev,400.000,29-10-1993,"
Fam. Salg",1.818,4,Villa,220,1870,,Aktuel værdi
Enghavevej 106,4241 Vemmelev,1.135.000,07-10-1993,"
Alm. Salg",5.591,7,Villa,203,1987,,Aktuel værdi
Gadekærsvej 3,4241 Vemmelev,355.000,12-08-1993,"
Alm. Salg",2.218,6,Villa,160,1887,,Aktuel værdi
Kirkevej 15,4241 Vemmelev,360.000,27-06-1993,"
Alm. Salg",-,5,Rækkehus,125,1827,,Aktuel værdi
Smedevej 20,4241 Vemmelev,810.000,19-06-1993,"
Alm. Salg",5.912,4,Villa,137,1989,,Aktuel værdi
Smedevej 19,4241 Vemmelev,590.000,31-05-1993,"
Alm. Salg",-,5,Villa,146,1970,,Aktuel værdi
Hemmeshøjvej 45,4241 Vemmelev,1.840.000,24-05-1993,"
Alm. Salg",11.794,5,Stuehus,156,1890,,
Ydunvej 7,4241 Vemmelev,750.000,21-05-1993,"
Alm. Salg",4.213,6,Villa,178,1941,,Aktuel værdi
Stationsvej 26D,4241 Vemmelev,154.302,09-05-1993,"
Andet",2.805,2,Rækkehus,55,1983,,Aktuel værdi
Rugvænget 6,4241 Vemmelev,590.000,23-04-1993,"
Alm. Salg",4.402,3,Villa,134,1973,,Aktuel værdi
Bakkevej 34,4241 Vemmelev,565.000,07-04-1993,"
Alm. Salg",3.138,4,Villa,180,1971,,Aktuel værdi
Stationsvej 40,4241 Vemmelev,465.000,26-02-1993,"
Alm. Salg",3.661,4,Villa,127,1930,,Aktuel værdi
Enghavevej 52,4241 Vemmelev,661.000,11-02-1993,"
Alm. Salg",4.932,4,Villa,134,1980,,Aktuel værdi
Tingvej 19,4241 Vemmelev,251.127,14-01-1993,"
Alm. Salg",-,7,Stuehus,146,1880,,
Slagelse Landevej 188,4241 Vemmelev,125.000,25-11-1992,"
Alm. Salg",1.562,4,Villa,80,1877,,Aktuel værdi
Studevej 14,4241 Vemmelev,730.000,14-09-1992,"
Fam. Salg",4.219,7,Stuehus,173,1985,,
Borgergade 87,4241 Vemmelev,580.000,28-07-1992,"
Fam. Salg",4.833,4,Villa,120,1975,,Aktuel værdi
Tingvej 1,4241 Vemmelev,9.600,27-07-1992,"
Alm. Salg",56,5,Villa,170,1980,,Aktuel værdi
Ormeslevvej 15,4241 Vemmelev,272.000,06-07-1992,"
Auktion",2.014,4,Villa,135,1940,,Aktuel værdi
Forlevvej 4,4241 Vemmelev,416.000,06-07-1992,"
Auktion",2.476,4,Villa,168,1900,,Aktuel værdi
Stationsvej 30,4241 Vemmelev,710.000,10-06-1992,"
Fam. Salg",4.930,6,Villa,144,1949,,Aktuel værdi
Stationsvej 18,4241 Vemmelev,929.198,30-04-1992,"
Alm. Salg",4.262,7,Villa,218,1932,,Aktuel værdi
Vandværksvej 17,4241 Vemmelev,536.000,24-04-1992,"
Fam. Salg",-,6,Stuehus,160,1912,,
Skolevej 8,4241 Vemmelev,485.000,09-04-1992,"
Alm. Salg",3.619,4,Villa,134,1971,,Aktuel værdi
Bøgeparken 17,4241 Vemmelev,495.000,03-04-1992,"
Alm. Salg",3.390,5,Villa,146,1972,,Aktuel værdi
Enghavevej 39,4241 Vemmelev,848.000,16-03-1992,"
Alm. Salg",6.838,4,Villa,124,1987,,Aktuel værdi
Borgergade 85,4241 Vemmelev,675.000,05-03-1992,"
Fam. Salg",5.625,3,Villa,120,1976,,Aktuel værdi
Enghavevej 70,4241 Vemmelev,695.000,25-02-1992,"
Alm. Salg",6.205,4,Villa,112,1988,,Aktuel værdi
Tangerbjergvej 1,4241 Vemmelev,1.110.000,13-02-1992,"
Alm. Salg",-,7,Stuehus,227,1929,,
Snerlevej 10,4241 Vemmelev,925.000,19-01-1992,"
Fam. Salg",5.285,4,Villa,175,1968,,Aktuel værdi
Borgergade 93,4241 Vemmelev,775.000,18-01-1992,"
Fam. Salg",5.132,5,Villa,151,1977,,Aktuel værdi
