address,zip_code,price,sell_date,sell_type,price_per_sq_m,no_rooms,housing_type,size_in_sq_m,year_of_construction,price_change_in_pct
Tronagervej 36,4242 Boeslunde,1.500.000,11-03-2017,"
Fam. Salg",9.259,7,Stuehus,162,1896,,
Gryderupvej 182,4242 Boeslunde,2.278.110,28-02-2017,"
Alm. Salg",14.510,6,Stuehus,157,1875,,
Borgbjergvej 2,4242 Boeslunde,798.000,03-01-2017,"
Alm. Salg",6.595,4,Villa,121,1912,0 %,Aktuel værdi
Slagelse Landevej 170,4242 Boeslunde,3.965.000,23-12-2016,"
Alm. Salg",20.868,6,Stuehus,190,1870,,
Erdrupvej 2,4242 Boeslunde,1.100.000,16-12-2016,"
Alm. Salg",14.864,2,Villa,74,1880,,Aktuel værdi
Møllegårdsvej 15A,4242 Boeslunde,680.000,05-12-2016,"
Fam. Salg",8.192,3,Rækkehus,83,1989,,Aktuel værdi
Møllegårdsvej 11A,4242 Boeslunde,825.000,22-11-2016,"
Fam. Salg",9.939,3,Rækkehus,83,1989,,Aktuel værdi
Sønderupvej 49,4242 Boeslunde,1.145.000,28-10-2016,"
Alm. Salg",10.409,5,Villa,110,1915,0 %,Aktuel værdi
Rennebjergvej 115,4242 Boeslunde,500.000,20-10-2016,"
Alm. Salg",5.555,4,Villa,90,1850,0 %,Aktuel værdi
Pederstræde 6,4242 Boeslunde,995.000,01-10-2016,"
Alm. Salg",5.236,6,Villa,190,1877,-17 %,Aktuel værdi
Hovstien 18,4242 Boeslunde,900.000,19-09-2016,"
Alm. Salg",7.086,3,Villa,127,1979,-5 %,Aktuel værdi
Sønderupvej 57,4242 Boeslunde,1.150.000,01-09-2016,"
Alm. Salg",9.200,5,Villa,125,1959,-4 %,Aktuel værdi
Kærebjergvej 17,4242 Boeslunde,1.035.000,09-08-2016,"
Alm. Salg",9.409,4,Villa,110,1966,,Aktuel værdi
Grønhøjvej 45,4242 Boeslunde,2.198.000,01-08-2016,"
Alm. Salg",6.977,10,Villa,315,1880,0 %,Aktuel værdi
Mosevænget 6,4242 Boeslunde,1.950.000,09-07-2016,"
Alm. Salg",12.111,6,Villa,161,2008,-2 %,Aktuel værdi
Rennebjergvej 120,4242 Boeslunde,150.000,28-06-2016,"
Alm. Salg",1.171,6,Stuehus,128,1908,,
Boeslunde Byvej 133,4242 Boeslunde,1.140.000,10-05-2016,"
Alm. Salg",6.909,6,Villa,165,1900,-5 %,Aktuel værdi
Gammelgårdsvej 11,4242 Boeslunde,510.598,26-04-2016,"
Andet",3.726,4,Villa,137,1979,-49 %,Aktuel værdi
Erdrupvej 1C,4242 Boeslunde,575.000,14-03-2016,"
Alm. Salg",4.563,5,Villa,126,1983,,Aktuel værdi
Gammelgårdsvej 24,4242 Boeslunde,764.000,24-02-2016,"
Auktion",6.366,4,Villa,120,1978,,Aktuel værdi
Gryderupvej 91,4242 Boeslunde,680.500,18-02-2016,"
Fam. Salg",5.234,5,Villa,130,1770,,Aktuel værdi
Gryderupvej 125,4242 Boeslunde,1.995.000,01-12-2015,"
Alm. Salg",10.901,5,Stuehus,183,1899,,
Kærebjergvej 4,4242 Boeslunde,593.392,30-11-2015,"
Alm. Salg",5.028,4,Villa,118,1966,,Aktuel værdi
Tronagervej 66,4242 Boeslunde,225.000,19-11-2015,"
Alm. Salg",3.461,5,Villa,65,1790,-8 %,Aktuel værdi
Gryderupvej 187,4242 Boeslunde,375.000,11-10-2015,"
Alm. Salg",3.676,5,Villa,102,1800,-5 %,Aktuel værdi
Sønderupvej 18,4242 Boeslunde,475.000,25-09-2015,"
Andet",4.166,5,Villa,114,1937,,Aktuel værdi
Sønderupvej 43,4242 Boeslunde,981.773,25-09-2015,"
Alm. Salg",5.674,5,Villa,173,1929,,Aktuel værdi
Gryderupvej 213,4242 Boeslunde,1.000.000,08-09-2015,"
Alm. Salg",4.830,7,Stuehus,207,1912,,
Baunehøjvej 6,4242 Boeslunde,445.961,02-09-2015,"
Alm. Salg",3.430,3,Stuehus,130,1907,,
Neble Lyngvej 25,4242 Boeslunde,230.100,28-07-2015,"
Alm. Salg",1.534,5,Stuehus,150,1966,,
Møllegårdsvej 17B,4242 Boeslunde,700.000,25-07-2015,"
Alm. Salg",8.433,3,Rækkehus,83,1989,,Aktuel værdi
Neble Lyngvej 40,4242 Boeslunde,650.000,20-07-2015,"
Alm. Salg",4.012,5,Villa,162,1896,-10 %,Aktuel værdi
Gammelgårdsvej 12,4242 Boeslunde,700.000,16-07-2015,"
Alm. Salg",6.306,4,Villa,111,1979,-12 %,Aktuel værdi
Møllegårdsvej 19,4242 Boeslunde,962.500,23-06-2015,"
Alm. Salg",7.578,4,Villa,127,1988,-4 %,Aktuel værdi
Slagelse Landevej 146,4242 Boeslunde,600.000,14-04-2015,"
Auktion",2.542,7,Stuehus,236,1890,-54 %,
Erdrupvej 4,4242 Boeslunde,695.000,11-04-2015,"
Alm. Salg",7.722,4,Villa,90,1910,0 %,Aktuel værdi
Mosevænget 4,4242 Boeslunde,700.000,25-02-2015,"
Alm. Salg",5.384,5,Villa,130,2007,,Aktuel værdi
Elmegårdsvej 20,4242 Boeslunde,1.238.750,13-02-2015,"
Alm. Salg",7.329,6,Villa,169,1977,-17 %,Aktuel værdi
Møllegårdsvej 1,4242 Boeslunde,925.000,19-12-2014,"
Alm. Salg",7.459,5,Villa,124,1987,-7 %,Aktuel værdi
Elmegårdsvej 2,4242 Boeslunde,575.000,01-12-2014,"
Fam. Salg",4.227,5,Villa,136,1973,,Aktuel værdi
Skælskør Landevej 106,4242 Boeslunde,49.840,19-08-2014,"
Alm. Salg",348,5,Stuehus,143,1850,,
Hovstien 4,4242 Boeslunde,621.500,02-07-2014,"
Andet",3.433,5,Villa,181,1968,,Aktuel værdi
Gryderupvej 200,4242 Boeslunde,615.870,24-06-2014,"
Alm. Salg",7.161,5,Villa,86,1888,,Aktuel værdi
Møllegårdsvej 22,4242 Boeslunde,960.000,03-03-2014,"
Alm. Salg",9.504,4,Villa,101,1992,-4 %,Aktuel værdi
Mosevænget 18,4242 Boeslunde,1.750.000,23-01-2014,"
Alm. Salg",10.233,5,Villa,171,2007,-8 %,Aktuel værdi
Boeslunde Byvej 114,4242 Boeslunde,325.000,08-01-2014,"
Auktion",3.350,5,Villa,97,1830,,Aktuel værdi
Sønderupvej 10,4242 Boeslunde,270.961,29-11-2013,"
Fam. Salg",2.296,6,Villa,118,1836,,Aktuel værdi
Korsør Landevej 606,4242 Boeslunde,779.639,26-11-2013,"
Fam. Salg",3.609,7,Stuehus,216,1982,-55 %,
Boeslunde Byvej 125,4242 Boeslunde,75.000,04-11-2013,"
Andet",483,7,Villa,155,1876,,Aktuel værdi
Gryderupvej 228,4242 Boeslunde,645.000,04-09-2013,"
Alm. Salg",5.375,4,Stuehus,120,1900,-19 %,
Slagelse Landevej 154,4242 Boeslunde,725.000,14-08-2013,"
Alm. Salg",7.474,3,Villa,97,1900,-8 %,Aktuel værdi
Mosevænget 22,4242 Boeslunde,283.147,24-06-2013,"
Alm. Salg",1.415,5,Villa,200,2015,0 %,Aktuel værdi
Møllegårdsvej 3A,4242 Boeslunde,700.000,12-06-2013,"
Alm. Salg",8.433,3,Rækkehus,83,1989,,Aktuel værdi
Skælskør Landevej 100,4242 Boeslunde,200.000,06-06-2013,"
Alm. Salg",1.680,4,Villa,119,1973,-32 %,Aktuel værdi
Gryderupvej 169,4242 Boeslunde,2.700.000,21-01-2013,"
Alm. Salg",16.875,4,Stuehus,160,1900,,
Boeslunde Byvej 180,4242 Boeslunde,578.023,09-10-2012,"
Alm. Salg",4.128,4,Villa,140,1924,,Aktuel værdi
Gammelgårdsvej 16,4242 Boeslunde,880.000,23-09-2012,"
Alm. Salg",6.285,5,Villa,140,1979,-7 %,Aktuel værdi
Gammelgårdsvej 8,4242 Boeslunde,950.000,10-06-2012,"
Alm. Salg",6.643,5,Villa,143,1979,-12 %,Aktuel værdi
Kærebjergvej 1,4242 Boeslunde,895.000,22-05-2012,"
Alm. Salg",7.991,4,Villa,112,1967,0 %,Aktuel værdi
Gryderupvej 194,4242 Boeslunde,1.600.000,02-04-2012,"
Fam. Salg",10.000,7,Villa,160,1933,,Aktuel værdi
Kærebjergvej 6,4242 Boeslunde,850.000,29-02-2012,"
Alm. Salg",5.743,5,Villa,148,1967,-15 %,Aktuel værdi
Møllegårdsvej 5A,4242 Boeslunde,780.000,23-02-2012,"
Alm. Salg",9.397,3,Rækkehus,83,1989,-7 %,Aktuel værdi
Elmegårdsvej 7,4242 Boeslunde,850.000,13-01-2012,"
Alm. Salg",6.343,4,Villa,134,1973,-22 %,Aktuel værdi
Neblevej 10,4242 Boeslunde,1.050.816,08-12-2011,"
Alm. Salg",3.514,8,Stuehus,299,1904,,
Grønhøjvej 19,4242 Boeslunde,1.550.000,30-11-2011,"
Auktion",8.757,4,Villa,177,1907,,Aktuel værdi
Erdrupvej 12,4242 Boeslunde,1.000.000,04-11-2011,"
Alm. Salg",9.259,5,Villa,108,1924,,Aktuel værdi
Gammelgårdsvej 20,4242 Boeslunde,605.000,07-09-2011,"
Auktion",3.711,6,Villa,163,1979,,Aktuel værdi
Baunehøjvej 2,4242 Boeslunde,127.513,01-09-2011,"
Alm. Salg",531,8,Stuehus,240,1906,,
Kokkegården 1,4242 Boeslunde,1.172.470,31-08-2011,"
Fam. Salg",6.777,5,Villa,173,2003,,Aktuel værdi
Sønderupvej 30,4242 Boeslunde,160.000,18-08-2011,"
Auktion",1.860,4,Rækkehus,86,1900,,Aktuel værdi
Kærebjergvej 15,4242 Boeslunde,1.065.000,10-05-2011,"
Alm. Salg",9.181,5,Villa,116,1970,0 %,Aktuel værdi
Erdrupvej 15,4242 Boeslunde,560.076,15-04-2011,"
Andet",4.211,5,Villa,133,1943,,Aktuel værdi
Elmegårdsvej 6,4242 Boeslunde,1.315.000,14-04-2011,"
Alm. Salg",7.514,6,Villa,175,1973,-6 %,Aktuel værdi
Gryderupvej 207,4242 Boeslunde,1.085.000,07-04-2011,"
Auktion",8.097,5,Villa,134,1890,,Aktuel værdi
Møllegårdsvej 24,4242 Boeslunde,619.500,29-03-2011,"
Fam. Salg",5.386,4,Villa,115,1982,,Aktuel værdi
Baunehøjvej 18,4242 Boeslunde,600.000,27-03-2011,"
Alm. Salg",4.615,7,Stuehus,130,1700,-82 %,
Møllegårdsvej 13B,4242 Boeslunde,800.000,14-01-2011,"
Alm. Salg",9.638,3,Rækkehus,83,1989,-5 %,Aktuel værdi
Korsør Landevej 620,4242 Boeslunde,1.871.000,07-10-2010,"
Alm. Salg",17.009,5,Stuehus,110,1940,,
Rennebjergvej 129,4242 Boeslunde,1.300.000,04-10-2010,"
Alm. Salg",6.190,6,Villa,210,1848,-7 %,Aktuel værdi
Erdrupvej 1B,4242 Boeslunde,1.050.000,28-09-2010,"
Alm. Salg",8.076,4,Villa,130,1980,-4 %,Aktuel værdi
Borgbjergvej 4,4242 Boeslunde,324.500,22-09-2010,"
Fam. Salg",4.160,3,Villa,78,1850,,Aktuel værdi
Boeslunde Byvej 178,4242 Boeslunde,775.000,08-09-2010,"
Alm. Salg",5.166,4,Villa,150,1925,-3 %,Aktuel værdi
Boeslunde Byvej 167,4242 Boeslunde,1.295.000,27-08-2010,"
Alm. Salg",10.277,6,Villa,126,1949,0 %,Aktuel værdi
Rennebjergvej 160,4242 Boeslunde,225.000,24-05-2010,"
Alm. Salg",1.551,4,Stuehus,145,1875,,
Korsør Landevej 555,4242 Boeslunde,775.000,16-05-2010,"
Alm. Salg",6.300,5,Villa,123,1830,0 %,Aktuel værdi
Sønderupvej 51,4242 Boeslunde,1.180.000,12-05-2010,"
Alm. Salg",8.428,4,Villa,140,1933,-7 %,Aktuel værdi
Mosevænget 16,4242 Boeslunde,1.900.000,10-05-2010,"
Alm. Salg",10.674,5,Villa,178,2001,,Aktuel værdi
Sønderupvej 125,4242 Boeslunde,1.795.000,02-04-2010,"
Alm. Salg",12.379,7,Stuehus,145,1935,0 %,
Kærebjergvej 23,4242 Boeslunde,1.295.000,26-02-2010,"
Alm. Salg",11.990,4,Villa,108,1966,0 %,Aktuel værdi
Mosevænget 24,4242 Boeslunde,500.000,30-01-2010,"
Alm. Salg",2.906,4,Villa,172,2010,,Aktuel værdi
Sønderupvej 1,4242 Boeslunde,502.375,01-10-2009,"
Alm. Salg",5.980,3,Villa,84,1907,,Aktuel værdi
Sønderupvej 28,4242 Boeslunde,447.500,16-09-2009,"
Alm. Salg",6.884,3,Rækkehus,65,1870,,Aktuel værdi
Boeslunde Byvej 174,4242 Boeslunde,1.835.000,17-06-2009,"
Alm. Salg",11.327,6,Villa,162,1955,-3 %,Aktuel værdi
Boeslunde Byvej 138,4242 Boeslunde,1.350.000,17-04-2009,"
Alm. Salg",12.162,4,Villa,111,1990,-10 %,Aktuel værdi
Boeslunde Byvej 149,4242 Boeslunde,1.000.000,28-03-2009,"
Alm. Salg",4.405,7,Villa,227,1920,,Aktuel værdi
Neblevej 18,4242 Boeslunde,995.000,09-01-2009,"
Alm. Salg",9.950,4,Villa,100,1910,0 %,Aktuel værdi
Slagelse Landevej 141,4242 Boeslunde,5.375.000,04-01-2009,"
Alm. Salg",29.054,7,Stuehus,185,1872,,
Hovstien 28,4242 Boeslunde,1.795.000,16-12-2008,"
Alm. Salg",14.593,4,Villa,123,2000,0 %,Aktuel værdi
Borgbjergvej 10,4242 Boeslunde,1.145.000,10-07-2008,"
Alm. Salg",12.052,3,Villa,95,1880,-4 %,Aktuel værdi
Neblevej 98,4242 Boeslunde,760.000,07-07-2008,"
Alm. Salg",10.133,4,Villa,75,1800,-3 %,Aktuel værdi
Rennebjergvej 137,4242 Boeslunde,86.000,30-06-2008,"
Alm. Salg",1.102,3,Villa,78,1850,,Aktuel værdi
Sønderupvej 53,4242 Boeslunde,935.000,21-06-2008,"
Alm. Salg",9.946,4,Villa,94,1934,-6 %,Aktuel værdi
Slagelse Landevej 130,4242 Boeslunde,1.470.000,20-06-2008,"
Alm. Salg",14.700,6,Villa,100,1954,,Aktuel værdi
Slagelse Landevej 156,4242 Boeslunde,950.000,09-06-2008,"
Alm. Salg",10.106,3,Villa,94,1900,-5 %,Aktuel værdi
Neblevej 17,4242 Boeslunde,1.750.000,06-06-2008,"
Alm. Salg",12.500,5,Villa,140,1936,,Aktuel værdi
Gryderupvej 135,4242 Boeslunde,1.495.000,26-05-2008,"
Alm. Salg",9.707,4,Villa,154,1880,0 %,Aktuel værdi
Boeslunde Byvej 176,4242 Boeslunde,1.545.000,23-05-2008,"
Alm. Salg",10.032,6,Villa,154,1949,-3 %,Aktuel værdi
Hovstien 20,4242 Boeslunde,1.585.000,23-05-2008,"
Alm. Salg",11.083,5,Villa,143,1979,-4 %,Aktuel værdi
Boeslunde Byvej 154,4242 Boeslunde,1.615.000,21-05-2008,"
Alm. Salg",8.922,7,Villa,181,1930,-5 %,Aktuel værdi
Kærebjergvej 18,4242 Boeslunde,1.475.000,28-04-2008,"
Andet",11.706,4,Villa,126,1972,-1 %,Aktuel værdi
Møllegårdsvej 9B,4242 Boeslunde,1.050.000,25-04-2008,"
Alm. Salg",12.650,3,Rækkehus,83,1989,,Aktuel værdi
Boeslunde Byvej 170,4242 Boeslunde,250.000,23-04-2008,"
Fam. Salg",2.551,4,Rækkehus,98,2009,,Aktuel værdi
Gryderupvej 223,4242 Boeslunde,1.475.000,13-04-2008,"
Alm. Salg",10.925,4,Villa,135,1987,-8 %,Aktuel værdi
Møllegårdsvej 11B,4242 Boeslunde,995.000,28-02-2008,"
Alm. Salg",11.987,3,Rækkehus,83,1989,0 %,Aktuel værdi
Neblevej 16B,4242 Boeslunde,845.000,25-02-2008,"
Alm. Salg",8.622,4,Villa,98,1880,,Aktuel værdi
Borgbjergvej 3,4242 Boeslunde,2.595.000,28-01-2008,"
Alm. Salg",17.896,4,Stuehus,145,1962,,
Boeslunde Byvej 165,4242 Boeslunde,1.135.000,29-12-2007,"
Alm. Salg",7.721,5,Villa,147,1950,-11 %,Aktuel værdi
Sønderupvej 14,4242 Boeslunde,821.890,29-08-2007,"
Alm. Salg",5.870,5,Villa,140,1919,,Aktuel værdi
Grønhøjvej 49,4242 Boeslunde,1.600.000,15-08-2007,"
Alm. Salg",8.602,8,Villa,186,1976,,Aktuel værdi
Slagelse Landevej 220,4242 Boeslunde,4.145.000,27-06-2007,"
Alm. Salg",14.493,10,Stuehus,286,1870,,
Sønderupvej 41,4242 Boeslunde,1.195.000,25-06-2007,"
Alm. Salg",12.989,4,Villa,92,1890,0 %,Aktuel værdi
Slagelse Landevej 122,4242 Boeslunde,1.685.000,19-06-2007,"
Alm. Salg",15.601,4,Villa,108,1965,,Aktuel værdi
Hovstien 1,4242 Boeslunde,1.775.000,18-05-2007,"
Alm. Salg",13.246,5,Villa,134,1962,,Aktuel værdi
Hovstien 10,4242 Boeslunde,1.750.000,07-05-2007,"
Alm. Salg",11.146,5,Villa,157,1973,-8 %,Aktuel værdi
Gryderupvej 178,4242 Boeslunde,1.995.000,06-05-2007,"
Alm. Salg",11.400,6,Villa,175,1937,,Aktuel værdi
Boeslunde Byvej 142,4242 Boeslunde,2.695.000,20-03-2007,"
Alm. Salg",14.411,7,Villa,187,1930,,Aktuel værdi
Sønderupvej 40,4242 Boeslunde,1.480.000,16-03-2007,"
Alm. Salg",12.982,4,Villa,114,1960,,Aktuel værdi
Korsør Landevej 541,4242 Boeslunde,5.865.000,06-02-2007,"
Fam. Salg",28.609,7,Stuehus,205,1862,,
Korsør Landevej 530,4242 Boeslunde,2.935.000,06-02-2007,"
Fam. Salg",22.576,5,Stuehus,130,1930,,
Gryderupvej 191,4242 Boeslunde,895.000,01-02-2007,"
Alm. Salg",9.835,2,Villa,91,1900,0 %,Aktuel værdi
Elmegårdsvej 3,4242 Boeslunde,1.030.000,09-01-2007,"
Alm. Salg",7.304,5,Villa,141,1972,,Aktuel værdi
Boeslunde Byvej 120,4242 Boeslunde,1.125.000,13-12-2006,"
Alm. Salg",11.479,4,Villa,98,1896,,Aktuel værdi
Møllegårdsvej 9A,4242 Boeslunde,925.000,06-12-2006,"
Alm. Salg",11.144,3,Rækkehus,83,1989,,Aktuel værdi
Boeslunde Byvej 182,4242 Boeslunde,595.000,06-12-2006,"
Fam. Salg",4.473,4,Villa,133,1912,,Aktuel værdi
Grønhøjvej 20,4242 Boeslunde,200.000,04-12-2006,"
Alm. Salg",1.398,5,Stuehus,143,1907,,
Gerdrupvej 261,4242 Boeslunde,7.650.000,21-11-2006,"
Alm. Salg",30.357,8,Stuehus,252,1919,,
Slagelse Landevej 126,4242 Boeslunde,1.200.000,06-09-2006,"
Alm. Salg",8.571,4,Villa,140,1880,,Aktuel værdi
Boeslunde Byvej 131,4242 Boeslunde,1.209.833,22-08-2006,"
Alm. Salg",10.998,5,Villa,110,1893,,Aktuel værdi
Gammelgårdsvej 22,4242 Boeslunde,1.390.000,21-08-2006,"
Alm. Salg",7.637,6,Villa,182,1979,,Aktuel værdi
Boeslunde Byvej 65,4242 Boeslunde,1.100.000,21-07-2006,"
Alm. Salg",8.029,3,Villa,137,1939,,Aktuel værdi
Hovstien 2A,4242 Boeslunde,1.525.000,06-07-2006,"
Alm. Salg",15.561,3,Rækkehus,98,2006,,Aktuel værdi
Hovstien 2B,4242 Boeslunde,1.600.000,06-07-2006,"
Alm. Salg",16.326,3,Rækkehus,98,2006,,Aktuel værdi
Kærebjergvej 25,4242 Boeslunde,1.500.000,03-07-2006,"
Alm. Salg",13.043,4,Villa,115,1966,,Aktuel værdi
Gryderupvej 155,4242 Boeslunde,800.425,20-06-2006,"
Alm. Salg",5.002,5,Stuehus,160,1979,,
Boeslunde Byvej 157A,4242 Boeslunde,1.280.000,29-05-2006,"
Alm. Salg",7.191,6,Villa,178,1820,,Aktuel værdi
Mosevænget 8,4242 Boeslunde,277.219,01-05-2006,"
Alm. Salg",2.116,3,Villa,131,2010,,Aktuel værdi
Boeslunde Byvej 164,4242 Boeslunde,785.000,28-04-2006,"
Alm. Salg",9.235,3,Villa,85,1957,,Aktuel værdi
Erdrupvej 11C,4242 Boeslunde,1.100.000,11-04-2006,"
Alm. Salg",10.679,2,Villa,103,1990,,Aktuel værdi
Boeslunde Byvej 126,4242 Boeslunde,1.195.000,21-03-2006,"
Alm. Salg",6.947,4,Villa,172,1895,,Aktuel værdi
Baunehøjvej 4,4242 Boeslunde,1.000.000,20-03-2006,"
Alm. Salg",9.345,3,Stuehus,107,1931,,
Boeslunde Byvej 156,4242 Boeslunde,1.625.000,11-03-2006,"
Alm. Salg",10.979,5,Villa,148,1932,,Aktuel værdi
Boeslunde Byvej 117,4242 Boeslunde,1.270.000,31-01-2006,"
Alm. Salg",10.854,4,Villa,117,1935,,Aktuel værdi
Gryderupvej 218,4242 Boeslunde,525.000,31-01-2006,"
Alm. Salg",4.375,3,Villa,120,1885,,Aktuel værdi
Gryderupvej 201,4242 Boeslunde,791.000,16-01-2006,"
Alm. Salg",7.000,5,Villa,113,1920,,Aktuel værdi
Erdrup Enghave 2,4242 Boeslunde,5.200.000,02-12-2005,"
Alm. Salg",32.098,4,Stuehus,162,1909,,
Boeslunde Byvej 171,4242 Boeslunde,1.675.000,10-11-2005,"
Alm. Salg",9.682,4,Villa,173,1800,,Aktuel værdi
Baunehøjvej 16,4242 Boeslunde,3.200.000,27-10-2005,"
Alm. Salg",11.594,5,Stuehus,276,1926,,
Hovstien 12,4242 Boeslunde,1.485.000,13-09-2005,"
Alm. Salg",8.735,5,Villa,170,1973,,Aktuel værdi
Boeslunde Byvej 129,4242 Boeslunde,842.773,27-06-2005,"
Alm. Salg",4.321,4,Villa,195,1895,,Aktuel værdi
Elmegårdsvej 12,4242 Boeslunde,1.195.000,02-06-2005,"
Alm. Salg",8.786,5,Villa,136,1973,,Aktuel værdi
Kærebjergvej 14,4242 Boeslunde,1.375.000,23-05-2005,"
Alm. Salg",8.283,6,Villa,166,1971,,Aktuel værdi
Mosevænget 20,4242 Boeslunde,1.850.000,30-03-2005,"
Alm. Salg",-,8,Villa,251,2003,,Aktuel værdi
Erdrupvej 101,4242 Boeslunde,2.804.000,10-02-2005,"
Fam. Salg",23.366,6,Stuehus,120,1933,,
Slagelse Landevej 115,4242 Boeslunde,1.675.000,27-01-2005,"
Alm. Salg",6.417,6,Villa,261,1920,,Aktuel værdi
Gryderupvej 198,4242 Boeslunde,850.000,26-01-2005,"
Alm. Salg",7.589,3,Villa,112,1941,,Aktuel værdi
Tronagervej 5,4242 Boeslunde,1.450.000,26-01-2005,"
Alm. Salg",6.444,10,Stuehus,225,1892,,
Rennebjergvej 135,4242 Boeslunde,1.200.000,17-01-2005,"
Alm. Salg",9.160,3,Stuehus,131,1937,,
Erdrupvej 1A,4242 Boeslunde,1.000.000,10-01-2005,"
Alm. Salg",7.692,4,Villa,130,1981,,Aktuel værdi
Korsør Landevej 515,4242 Boeslunde,1.672.000,31-12-2004,"
Fam. Salg",5.908,10,Villa,283,1980,,Aktuel værdi
Boeslunde Byvej 186,4242 Boeslunde,680.000,20-11-2004,"
Alm. Salg",5.440,5,Villa,125,1875,,Aktuel værdi
Hovstien 3,4242 Boeslunde,1.080.000,15-11-2004,"
Alm. Salg",8.120,5,Villa,133,1965,,Aktuel værdi
Elmegårdsvej 11,4242 Boeslunde,1.155.000,11-11-2004,"
Alm. Salg",7.965,5,Villa,145,1973,,Aktuel værdi
Baunehøjvej 8,4242 Boeslunde,675.000,29-10-2004,"
Alm. Salg",9.375,3,Villa,72,1966,,Aktuel værdi
Boeslunde Byvej 143A,4242 Boeslunde,1.025.000,25-09-2004,"
Alm. Salg",8.134,4,Villa,126,1900,,Aktuel værdi
Grønhøjvej 10,4242 Boeslunde,1.245.000,10-08-2004,"
Alm. Salg",5.790,5,Stuehus,215,1880,,
Erdrupvej 40,4242 Boeslunde,910.000,31-05-2004,"
Alm. Salg",4.252,7,Stuehus,214,1930,,
Erdrupvej 10,4242 Boeslunde,975.000,17-05-2004,"
Alm. Salg",7.014,4,Villa,139,1923,,Aktuel værdi
Neblevej 1,4242 Boeslunde,725.000,17-05-2004,"
Fam. Salg",6.144,6,Villa,118,1928,,Aktuel værdi
Neblevej 19,4242 Boeslunde,825.000,17-05-2004,"
Fam. Salg",4.483,7,Villa,184,1974,,Aktuel værdi
Erdrupvej 25,4242 Boeslunde,1.740.000,14-05-2004,"
Alm. Salg",-,12,Stuehus,245,1929,,
Gammelgårdsvej 2,4242 Boeslunde,1.198.000,03-05-2004,"
Alm. Salg",7.260,5,Villa,165,1979,,Aktuel værdi
Gammelgårdsvej 5,4242 Boeslunde,1.155.647,22-04-2004,"
Alm. Salg",8.081,4,Villa,143,1979,,Aktuel værdi
Korsør Landevej 220,4242 Boeslunde,1.650.000,02-04-2004,"
Alm. Salg",8.461,7,Stuehus,195,1880,,
Boeslunde Byvej 173,4242 Boeslunde,651.343,22-03-2004,"
Andet",2.795,10,Villa,233,1955,,Aktuel værdi
Neblevej 11A,4242 Boeslunde,1.099.000,13-01-2004,"
Alm. Salg",8.021,4,Villa,137,1983,,Aktuel værdi
Boeslunde Byvej 61,4242 Boeslunde,900.000,16-12-2003,"
Alm. Salg",3.829,7,Villa,235,1908,,Aktuel værdi
Hovstien 14,4242 Boeslunde,1.138.000,11-11-2003,"
Alm. Salg",7.848,5,Villa,145,1980,,Aktuel værdi
Erdrupvej 11A,4242 Boeslunde,1.115.000,03-10-2003,"
Alm. Salg",5.412,5,Villa,206,1926,,Aktuel værdi
Gryderupvej 176,4242 Boeslunde,650.000,21-08-2003,"
Alm. Salg",4.814,5,Villa,135,1952,,Aktuel værdi
Kærebjergvej 24,4242 Boeslunde,875.000,11-08-2003,"
Alm. Salg",6.782,4,Villa,129,1968,,Aktuel værdi
Boeslunde Byvej 112,4242 Boeslunde,816.951,03-07-2003,"
Alm. Salg",8.336,3,Villa,98,1886,,Aktuel værdi
Gryderupvej 204,4242 Boeslunde,1.145.000,21-06-2003,"
Alm. Salg",6.981,5,Villa,164,1880,,Aktuel værdi
Boeslunde Byvej 141,4242 Boeslunde,800.000,20-06-2003,"
Alm. Salg",4.040,8,Villa,198,1900,,Aktuel værdi
Rennebjergvej 182,4242 Boeslunde,900.000,19-05-2003,"
Fam. Salg",4.500,7,Villa,200,1930,,Aktuel værdi
Boeslunde Byvej 184,4242 Boeslunde,825.000,11-05-2003,"
Alm. Salg",5.536,5,Villa,149,1898,,Aktuel værdi
Kærebjergvej 7,4242 Boeslunde,1.170.000,06-05-2003,"
Alm. Salg",7.905,3,Villa,148,1970,,Aktuel værdi
Sønderupvej 50,4242 Boeslunde,650.000,02-05-2003,"
Alm. Salg",4.482,5,Villa,145,1878,,Aktuel værdi
Sønderupvej 4,4242 Boeslunde,950.000,03-04-2003,"
Alm. Salg",8.558,5,Villa,111,1934,,Aktuel værdi
Elmegårdsvej 19,4242 Boeslunde,1.295.000,20-01-2003,"
Alm. Salg",5.730,8,Villa,226,1977,,Aktuel værdi
Erdrupvej 9,4242 Boeslunde,510.000,26-11-2002,"
Alm. Salg",4.047,5,Villa,126,1930,,Aktuel værdi
Slagelse Landevej 138,4242 Boeslunde,935.000,22-11-2002,"
Alm. Salg",-,7,Villa,249,1925,,Aktuel værdi
Boeslunde Byvej 151,4242 Boeslunde,616.006,23-10-2002,"
Alm. Salg",4.000,5,Villa,154,1922,,Aktuel værdi
Boeslunde Byvej 158,4242 Boeslunde,795.000,09-09-2002,"
Alm. Salg",6.913,3,Villa,115,1930,,Aktuel værdi
Rennebjergvej 101,4242 Boeslunde,950.000,29-08-2002,"
Alm. Salg",4.634,8,Villa,205,1800,,Aktuel værdi
Sønderupvej 22,4242 Boeslunde,752.094,11-07-2002,"
Alm. Salg",7.674,3,Villa,98,1870,,Aktuel værdi
Sønderupvej 35,4242 Boeslunde,560.000,10-06-2002,"
Alm. Salg",5.490,3,Villa,102,1882,,Aktuel værdi
Boeslunde Byvej 118,4242 Boeslunde,2.925.000,10-05-2002,"
Alm. Salg",9.750,8,Villa,300,1892,,Aktuel værdi
Gammelgårdsvej 18,4242 Boeslunde,960.000,11-02-2002,"
Alm. Salg",6.760,5,Villa,142,1980,,Aktuel værdi
Boeslunde Byvej 135A,4242 Boeslunde,500.000,12-01-2002,"
Alm. Salg",4.098,5,Villa,122,1935,,Aktuel værdi
Gammelgårdsvej 7,4242 Boeslunde,900.000,07-01-2002,"
Fam. Salg",7.627,4,Villa,118,1978,,Aktuel værdi
Neblevej 11D,4242 Boeslunde,456.250,01-11-2001,"
Fam. Salg",3.168,5,Villa,144,1985,,Aktuel værdi
Gryderupvej 120,4242 Boeslunde,700.000,29-10-2001,"
Alm. Salg",2.904,5,Stuehus,241,1900,,
Tinghusvej 20,4242 Boeslunde,1.046.000,22-10-2001,"
Alm. Salg",5.419,4,Villa,193,1926,,Aktuel værdi
Sønderupvej 61,4242 Boeslunde,1.150.000,12-10-2001,"
Alm. Salg",7.931,4,Villa,145,1954,,Aktuel værdi
Gryderupvej 102,4242 Boeslunde,427.942,10-09-2001,"
Alm. Salg",3.890,4,Villa,110,1905,,Aktuel værdi
Tronagervej 25,4242 Boeslunde,5.446.146,31-08-2001,"
Fam. Salg",29.923,7,Stuehus,182,1960,,
Erdrupvej 13,4242 Boeslunde,480.000,30-07-2001,"
Alm. Salg",8.000,2,Villa,60,1933,,Aktuel værdi
Neblevej 15,4242 Boeslunde,940.000,30-07-2001,"
Alm. Salg",6.573,5,Villa,143,1850,,Aktuel værdi
Neblevej 55,4242 Boeslunde,1.600.000,25-06-2001,"
Alm. Salg",7.174,5,Stuehus,223,1913,,
Tronagervej 60,4242 Boeslunde,735.510,14-06-2001,"
Alm. Salg",4.745,7,Stuehus,155,1941,,
Erdrupvej 18,4242 Boeslunde,195.000,02-06-2001,"
Alm. Salg",1.026,5,Villa,190,2008,,Aktuel værdi
Møllegårdsvej 3B,4242 Boeslunde,644.962,22-05-2001,"
Alm. Salg",7.770,3,Rækkehus,83,1989,,Aktuel værdi
Gryderupvej 181,4242 Boeslunde,960.000,02-05-2001,"
Alm. Salg",5.783,6,Villa,166,1923,,Aktuel værdi
Korsør Landevej 544,4242 Boeslunde,600.000,30-04-2001,"
Alm. Salg",6.976,4,Villa,86,1950,,Aktuel værdi
Sønderupvej 16,4242 Boeslunde,637.500,26-04-2001,"
Fam. Salg",2.221,5,Villa,287,1937,,Aktuel værdi
Mosevænget 12,4242 Boeslunde,259.000,06-03-2001,"
Alm. Salg",1.523,5,Villa,170,2002,,Aktuel værdi
Møllegårdsvej 7A,4242 Boeslunde,601.403,08-01-2001,"
Alm. Salg",7.245,3,Rækkehus,83,1989,,Aktuel værdi
Baunehøjvej 10,4242 Boeslunde,2.465.776,04-01-2001,"
Alm. Salg",12.842,5,Stuehus,192,1938,,
Neblevej 14B,4242 Boeslunde,795.000,30-11-2000,"
Alm. Salg",6.625,4,Villa,120,1989,,Aktuel værdi
Borgbjergvej 8,4242 Boeslunde,685.000,29-11-2000,"
Alm. Salg",5.111,4,Villa,134,1900,,Aktuel værdi
Kokkegården 7,4242 Boeslunde,210.000,16-11-2000,"
Alm. Salg",2.164,4,Villa,97,2001,,Aktuel værdi
Hovstien 32,4242 Boeslunde,1.064.835,11-10-2000,"
Alm. Salg",8.518,4,Villa,125,2000,,Aktuel værdi
Tinghusvej 50,4242 Boeslunde,305.000,15-09-2000,"
Alm. Salg",2.046,5,Villa,149,1914,,Aktuel værdi
Slagelse Landevej 145,4242 Boeslunde,678.940,07-08-2000,"
Alm. Salg",4.526,6,Villa,150,1926,,Aktuel værdi
Sønderupvej 63,4242 Boeslunde,628.851,10-07-2000,"
Alm. Salg",6.483,5,Villa,97,1950,,Aktuel værdi
Sønderupvej 101,4242 Boeslunde,3.450.000,02-07-2000,"
Alm. Salg",16.273,10,Stuehus,212,1914,,
Boeslunde Byvej 143B,4242 Boeslunde,560.000,07-06-2000,"
Alm. Salg",5.384,4,Villa,104,1900,,Aktuel værdi
Slagelse Landevej 190,4242 Boeslunde,1.100.000,30-05-2000,"
Alm. Salg",5.164,8,Stuehus,213,1885,,
Gammelgårdsvej 1,4242 Boeslunde,883.783,30-05-2000,"
Alm. Salg",5.489,5,Villa,161,1980,,Aktuel værdi
Slagelse Landevej 124B,4242 Boeslunde,1.274.999,26-05-2000,"
Alm. Salg",5.717,4,Villa,223,1979,,Aktuel værdi
Kærebjergvej 9,4242 Boeslunde,630.000,10-04-2000,"
Alm. Salg",6.057,4,Villa,104,1967,,Aktuel værdi
Gammelgårdsvej 19,4242 Boeslunde,988.819,15-03-2000,"
Alm. Salg",5.070,5,Villa,195,1980,,Aktuel værdi
Elmegårdsvej 18,4242 Boeslunde,561.000,29-02-2000,"
Fam. Salg",4.218,5,Villa,133,1975,,Aktuel værdi
Elmegårdsvej 8,4242 Boeslunde,690.000,09-02-2000,"
Alm. Salg",5.564,4,Villa,124,1973,,Aktuel værdi
Baunehøjvej 12B,4242 Boeslunde,998.585,03-02-2000,"
Alm. Salg",5.200,6,Stuehus,192,2011,,
Elmegårdsvej 10,4242 Boeslunde,890.010,28-12-1999,"
Alm. Salg",5.144,4,Villa,173,1972,,Aktuel værdi
Atterupvej 25,4242 Boeslunde,300.000,13-12-1999,"
Fam. Salg",-,5,Villa,213,1923,,Aktuel værdi
Gammelgårdsvej 3,4242 Boeslunde,930.260,07-12-1999,"
Alm. Salg",6.644,5,Villa,140,1979,,Aktuel værdi
Neblevej 25,4242 Boeslunde,563.958,26-11-1999,"
Alm. Salg",2.563,6,Villa,220,1935,,Aktuel værdi
Boeslunde Byvej 161,4242 Boeslunde,860.000,27-09-1999,"
Alm. Salg",5.695,3,Villa,151,1947,,Aktuel værdi
Møllegårdsvej 5B,4242 Boeslunde,548.940,24-09-1999,"
Alm. Salg",6.613,3,Rækkehus,83,1989,,Aktuel værdi
Slagelse Landevej 134,4242 Boeslunde,644.761,01-03-1999,"
Alm. Salg",4.884,5,Villa,132,1966,,Aktuel værdi
Hovstien 30,4242 Boeslunde,75.000,15-02-1999,"
Alm. Salg",471,6,Villa,159,2000,,Aktuel værdi
Pederstræde 1,4242 Boeslunde,92.731,18-01-1999,"
Alm. Salg",1.783,2,Villa,52,1850,,Aktuel værdi
Kokkegården 4,4242 Boeslunde,104.123,15-01-1999,"
Alm. Salg",-,6,Villa,218,1999,,Aktuel værdi
Kokkegården 2,4242 Boeslunde,121.073,15-01-1999,"
Alm. Salg",712,6,Villa,170,2009,,Aktuel værdi
Elmegårdsvej 21,4242 Boeslunde,872.000,09-12-1998,"
Alm. Salg",6.184,6,Villa,141,1976,,Aktuel værdi
Atterupvej 11,4242 Boeslunde,1.102.240,12-11-1998,"
Alm. Salg",-,7,Stuehus,174,1923,,
Skælskør Landevej 104,4242 Boeslunde,1.671.446,03-11-1998,"
Alm. Salg",-,9,Stuehus,242,1880,,
Boeslunde Byvej 140,4242 Boeslunde,445.000,02-11-1998,"
Alm. Salg",3.272,5,Villa,136,1904,,Aktuel værdi
Sønderupvej 47,4242 Boeslunde,225.000,26-08-1998,"
Alm. Salg",1.339,5,Villa,168,1930,,Aktuel værdi
Kærebjergvej 27,4242 Boeslunde,518.000,27-07-1998,"
Alm. Salg",4.352,4,Villa,119,1966,,Aktuel værdi
Slagelse Landevej 152,4242 Boeslunde,401.518,20-07-1998,"
Alm. Salg",2.996,6,Villa,134,1920,,Aktuel værdi
Gammelgårdsvej 14,4242 Boeslunde,727.000,02-03-1998,"
Alm. Salg",5.549,5,Villa,131,1979,,Aktuel værdi
Tinghusvej 25,4242 Boeslunde,337.500,14-01-1998,"
Alm. Salg",1.371,6,Stuehus,246,1920,,
Slagelse Landevej 124A,4242 Boeslunde,5.749.999,20-10-1997,"
Alm. Salg",21.217,7,Stuehus,271,1992,,
Møllegårdsvej 13A,4242 Boeslunde,520.000,26-09-1997,"
Alm. Salg",6.265,3,Rækkehus,83,1989,,Aktuel værdi
Slagelse Landevej 239,4242 Boeslunde,325.000,29-06-1997,"
Alm. Salg",2.981,4,Stuehus,109,1939,,
Boeslunde Byvej 152,4242 Boeslunde,783.058,07-06-1997,"
Alm. Salg",7.118,7,Villa,110,1929,,Aktuel værdi
Hovstien 26,4242 Boeslunde,845.000,07-06-1997,"
Alm. Salg",4.121,5,Villa,205,1979,,Aktuel værdi
Grønhøjvej 14,4242 Boeslunde,306.745,21-05-1997,"
Alm. Salg",1.704,4,Villa,180,1908,,Aktuel værdi
Boeslunde Byvej 127,4242 Boeslunde,660.000,15-05-1997,"
Alm. Salg",5.739,6,Villa,115,1896,,Aktuel værdi
Sønderupvej 80,4242 Boeslunde,512.125,28-03-1997,"
Alm. Salg",2.438,7,Stuehus,210,1935,,
Kærebjergvej 22,4242 Boeslunde,556.000,17-03-1997,"
Alm. Salg",5.148,4,Villa,108,1964,,Aktuel værdi
Boeslunde Byvej 132,4242 Boeslunde,498.507,24-02-1997,"
Alm. Salg",2.582,6,Villa,193,1900,,Aktuel værdi
Boeslunde Byvej 134,4242 Boeslunde,433.000,30-09-1996,"
Alm. Salg",4.920,3,Villa,88,1958,,Aktuel værdi
Sønderupvej 6,4242 Boeslunde,445.000,21-09-1996,"
Alm. Salg",3.371,5,Villa,132,1907,,Aktuel værdi
Boeslunde Byvej 133C,4242 Boeslunde,740.000,30-08-1996,"
Alm. Salg",5.781,4,Villa,128,1985,,Aktuel værdi
Gammelgårdsvej 15,4242 Boeslunde,566.000,05-07-1996,"
Alm. Salg",4.353,4,Villa,130,1980,,Aktuel værdi
Kærebjergvej 21,4242 Boeslunde,370.000,23-05-1996,"
Alm. Salg",3.425,4,Villa,108,1965,,Aktuel værdi
Grønhøjvej 25,4242 Boeslunde,479.000,19-04-1996,"
Alm. Salg",2.521,5,Villa,190,1900,,Aktuel værdi
Møllegårdsvej 15B,4242 Boeslunde,377.000,11-01-1996,"
Alm. Salg",4.542,3,Rækkehus,83,1989,,Aktuel værdi
Sønderupvej 33,4242 Boeslunde,603.991,18-12-1995,"
Alm. Salg",3.774,6,Villa,160,1900,,Aktuel værdi
Møllegårdsvej 7B,4242 Boeslunde,441.000,08-12-1995,"
Alm. Salg",5.313,3,Rækkehus,83,1989,,Aktuel værdi
Tinghusvej 30,4242 Boeslunde,330.000,25-08-1995,"
Alm. Salg",3.000,6,Stuehus,110,1880,,
Elmegårdsvej 14,4242 Boeslunde,700.000,26-06-1995,"
Fam. Salg",3.553,5,Villa,197,1972,,Aktuel værdi
Boeslunde Byvej 189A,4242 Boeslunde,876.000,22-06-1995,"
Alm. Salg",3.020,4,Villa,290,1942,,Aktuel værdi
Erdrupvej 6,4242 Boeslunde,215.000,19-06-1995,"
Alm. Salg",1.387,7,Villa,155,1900,,Aktuel værdi
Slagelse Landevej 151,4242 Boeslunde,185.000,06-06-1995,"
Alm. Salg",2.055,3,Villa,90,1920,,Aktuel værdi
Grønhøjvej 54,4242 Boeslunde,664.000,11-05-1995,"
Alm. Salg",3.550,6,Villa,187,1984,,Aktuel værdi
Gammelgårdsvej 4,4242 Boeslunde,597.000,05-05-1995,"
Alm. Salg",3.901,4,Villa,153,1979,,Aktuel værdi
Slagelse Landevej 161,4242 Boeslunde,1.850.000,29-04-1995,"
Fam. Salg",9.946,7,Stuehus,186,1850,,
Gryderupvej 209,4242 Boeslunde,360.000,12-12-1994,"
Alm. Salg",2.105,7,Villa,171,1950,,Aktuel værdi
Gammelgårdsvej 6,4242 Boeslunde,577.769,02-11-1994,"
Alm. Salg",5.205,4,Villa,111,1979,,Aktuel værdi
Gammelgårdsvej 13,4242 Boeslunde,730.000,06-10-1994,"
Alm. Salg",4.244,7,Villa,172,1980,,Aktuel værdi
Møllegårdsvej 17A,4242 Boeslunde,346.529,25-05-1994,"
Alm. Salg",4.175,3,Rækkehus,83,1989,,Aktuel værdi
Skælskør Landevej 105,4242 Boeslunde,1.955.000,08-10-1993,"
Fam. Salg",10.861,5,Stuehus,180,1877,,
Pederstræde 5,4242 Boeslunde,511.000,20-09-1993,"
Alm. Salg",4.645,4,Stuehus,110,1939,,
Boeslunde Byvej 64,4242 Boeslunde,200.000,13-09-1993,"
Alm. Salg",985,7,Villa,203,1931,,Aktuel værdi
Elmegårdsvej 17,4242 Boeslunde,440.000,02-09-1993,"
Alm. Salg",3.142,6,Villa,140,1972,,Aktuel værdi
Gryderupvej 199,4242 Boeslunde,350.000,23-08-1993,"
Alm. Salg",3.888,3,Villa,90,1880,,Aktuel værdi
Erdrupvej 16,4242 Boeslunde,340.000,26-07-1993,"
Alm. Salg",4.657,3,Villa,73,1930,,Aktuel værdi
Slagelse Landevej 231,4242 Boeslunde,61.697,01-07-1993,"
Fam. Salg",514,5,Villa,120,1820,,Aktuel værdi
Gryderupvej 195,4242 Boeslunde,540.000,25-02-1993,"
Alm. Salg",3.600,4,Villa,150,1880,,Aktuel værdi
Boeslunde Byvej 136,4242 Boeslunde,580.000,22-07-1992,"
Alm. Salg",2.914,4,Villa,199,1890,,Aktuel værdi
Sønderupvej 59,4242 Boeslunde,146.056,30-06-1992,"
Alm. Salg",-,5,Villa,165,1946,,Aktuel værdi
Gryderupvej 151,4242 Boeslunde,395.000,18-04-1992,"
Alm. Salg",2.468,5,Villa,160,1880,,Aktuel værdi
Gryderupvej 109,4242 Boeslunde,530.000,16-03-1992,"
Alm. Salg",2.181,7,Stuehus,243,1929,,
Kærebjergvej 3,4242 Boeslunde,435.000,26-02-1992,"
Alm. Salg",4.887,3,Villa,89,1967,,Aktuel værdi
Baunehøjvej 5,4242 Boeslunde,355.000,25-02-1992,"
Alm. Salg",-,8,Villa,200,1777,,Aktuel værdi
Boeslunde Byvej 188,4242 Boeslunde,800.800,10-02-1992,"
Alm. Salg",4.064,8,Villa,197,1933,,Aktuel værdi
