address,zip_code,price,sell_date,sell_type,price_per_sq_m,no_rooms,housing_type,size_in_sq_m,year_of_construction,price_change_in_pct
Tystrupvej 23,4250 Fuglebjerg,2.763.963,21-04-2017,"
Alm. Salg",11.711,6,Villa,236,1976,,Aktuel værdi
Røgeskovvej 3,4250 Fuglebjerg,2.310.895,04-04-2017,"
Alm. Salg",21.008,4,Stuehus,110,1860,,
Rejnstrupvej 1,4250 Fuglebjerg,899.008,29-03-2017,"
Andet",3.699,7,Stuehus,243,1800,,
Glentevænget 7,4250 Fuglebjerg,1.135.000,25-03-2017,"
Alm. Salg",9.956,4,Villa,114,1977,-3 %,Aktuel værdi
Kærsangervej 3,4250 Fuglebjerg,653.236,20-03-2017,"
Alm. Salg",4.474,4,Villa,146,1973,,Aktuel værdi
Kirkestræde 8,4250 Fuglebjerg,985.000,17-03-2017,"
Alm. Salg",9.949,3,Villa,99,1959,-1 %,Aktuel værdi
Sneslevvej 13,4250 Fuglebjerg,598.000,06-03-2017,"
Alm. Salg",6.361,3,Villa,94,1775,0 %,Aktuel værdi
Mågevej 11,4250 Fuglebjerg,1.060.000,28-02-2017,"
Alm. Salg",9.217,4,Villa,115,1977,-2 %,Aktuel værdi
Grængebjergvej 12,4250 Fuglebjerg,1.995.000,20-02-2017,"
Alm. Salg",8.312,9,Villa,240,1877,0 %,Aktuel værdi
Slagelsevej 5,4250 Fuglebjerg,350.000,20-02-2017,"
Alm. Salg",3.240,4,Villa,108,1880,-11 %,Aktuel værdi
Margrethevej 17,4250 Fuglebjerg,1.100.000,17-02-2017,"
Alm. Salg",6.666,4,Villa,165,1967,-6 %,Aktuel værdi
Kirkevej 14,4250 Fuglebjerg,913.622,02-02-2017,"
Alm. Salg",7.808,5,Villa,117,1968,,Aktuel værdi
Dalsgårdsvej 19,4250 Fuglebjerg,2.445.000,26-01-2017,"
Alm. Salg",11.372,6,Villa,215,2006,-2 %,Aktuel værdi
Krummerupvej 50,4250 Fuglebjerg,927.725,24-01-2017,"
Alm. Salg",8.835,3,Villa,105,1880,,Aktuel værdi
Korsørvej 30,4250 Fuglebjerg,876.500,23-01-2017,"
Andet",3.506,9,Villa,250,1930,-41 %,Aktuel værdi
Krogvej 1,4250 Fuglebjerg,2.500.000,20-01-2017,"
Alm. Salg",9.960,5,Stuehus,251,1877,-12 %,
Haldagermaglevej 16A,4250 Fuglebjerg,1.300.000,13-01-2017,"
Alm. Salg",11.016,4,Villa,118,1977,-3 %,Aktuel værdi
Rugkrogvej 12,4250 Fuglebjerg,5.200.000,05-01-2017,"
Alm. Salg",24.186,5,Stuehus,215,1855,1 %,
Rosenvænget 2,4250 Fuglebjerg,449.000,27-12-2016,"
Fam. Salg",3.507,5,Villa,128,1969,,Aktuel værdi
Erik Bøghs Vej 9,4250 Fuglebjerg,875.000,14-12-2016,"
Alm. Salg",7.954,3,Villa,110,1962,-5 %,Aktuel værdi
Parkvej 6,4250 Fuglebjerg,1.450.000,12-12-2016,"
Alm. Salg",12.288,7,Villa,118,1941,-3 %,Aktuel værdi
Dalsgårdsvej 62,4250 Fuglebjerg,1.135.000,12-12-2016,"
Alm. Salg",8.224,4,Villa,138,1986,-9 %,Aktuel værdi
Rødkælkevej 9,4250 Fuglebjerg,621.000,30-11-2016,"
Fam. Salg",3.089,4,Villa,201,1976,,Aktuel værdi
Dalsgårdsvej 70,4250 Fuglebjerg,1.050.000,23-11-2016,"
Alm. Salg",8.823,4,Villa,119,1987,,Aktuel værdi
Lærkevej 16,4250 Fuglebjerg,1.075.000,21-11-2016,"
Alm. Salg",7.214,5,Villa,149,1973,0 %,Aktuel værdi
Margrethevej 28,4250 Fuglebjerg,625.000,14-11-2016,"
Alm. Salg",6.578,3,Villa,95,1966,-10 %,Aktuel værdi
Margrethevej 16,4250 Fuglebjerg,750.000,12-11-2016,"
Alm. Salg",3.947,7,Villa,190,1965,-14 %,Aktuel værdi
Stjernelunden 7,4250 Fuglebjerg,2.195.000,09-11-2016,"
Andet",13.980,5,Villa,157,2011,,Aktuel værdi
Sneslevvej 17,4250 Fuglebjerg,1.050.000,21-10-2016,"
Alm. Salg",6.140,5,Villa,171,1907,-4 %,Aktuel værdi
Benediktevej 2,4250 Fuglebjerg,825.000,04-10-2016,"
Alm. Salg",5.892,3,Villa,140,1970,-6 %,Aktuel værdi
Tystrupvej 31,4250 Fuglebjerg,995.000,03-10-2016,"
Alm. Salg",9.950,3,Villa,100,1959,0 %,Aktuel værdi
Lærkevej 19,4250 Fuglebjerg,1.257.500,30-09-2016,"
Alm. Salg",10.141,4,Villa,124,1972,-7 %,Aktuel værdi
Sneslevvej 83,4250 Fuglebjerg,365.000,21-09-2016,"
Alm. Salg",1.520,5,Villa,240,1870,-8 %,Aktuel værdi
Dalsgårdsvej 133,4250 Fuglebjerg,1.700.000,04-09-2016,"
Alm. Salg",10.000,5,Villa,170,2008,,Aktuel værdi
Falkevej 1,4250 Fuglebjerg,1.700.000,04-09-2016,"
Alm. Salg",9.289,4,Villa,183,1989,,Aktuel værdi
Stjernelunden 1,4250 Fuglebjerg,1.545.000,30-08-2016,"
Alm. Salg",13.093,4,Villa,118,2005,0 %,Aktuel værdi
Sandvedvej 57,4250 Fuglebjerg,1.125.000,30-08-2016,"
Alm. Salg",9.146,4,Villa,123,1878,-6 %,Aktuel værdi
Dalsgårdsvej 1,4250 Fuglebjerg,1.020.000,25-08-2016,"
Alm. Salg",7.285,4,Villa,140,1979,-11 %,Aktuel værdi
Nortvedvej 1,4250 Fuglebjerg,1.295.000,25-08-2016,"
Alm. Salg",7.993,7,Villa,162,1913,0 %,Aktuel værdi
Dyres Kvarter 43,4250 Fuglebjerg,1.300.000,24-08-2016,"
Alm. Salg",8.024,4,Villa,162,2009,-4 %,Aktuel værdi
Dalsgårdsvej 54,4250 Fuglebjerg,650.000,23-08-2016,"
Alm. Salg",6.435,3,Rækkehus,101,1980,-5 %,Aktuel værdi
Sorøvej 43,4250 Fuglebjerg,745.000,17-08-2016,"
Alm. Salg",7.680,4,Villa,97,1878,0 %,Aktuel værdi
Fasanvej 1,4250 Fuglebjerg,1.500.000,10-07-2016,"
Alm. Salg",10.416,5,Villa,144,1975,-3 %,Aktuel værdi
Indre Krummerupvej 34,4250 Fuglebjerg,2.004.000,06-07-2016,"
Alm. Salg",10.547,6,Villa,190,1970,-2 %,Aktuel værdi
Sorøvej 36,4250 Fuglebjerg,1.943.250,30-06-2016,"
Fam. Salg",11.566,7,Stuehus,168,1880,,
Sandvedvej 9,4250 Fuglebjerg,400.000,29-06-2016,"
Alm. Salg",8.000,7,Engroshandel,50,1903,,Aktuel værdi
Rugkrogvej 8,4250 Fuglebjerg,1.100.000,24-06-2016,"
Alm. Salg",5.612,6,Villa,196,1920,,Aktuel værdi
Dalsgårdsvej 12,4250 Fuglebjerg,1.200.000,21-06-2016,"
Alm. Salg",7.453,5,Villa,161,1981,-7 %,Aktuel værdi
Haldager Mark Vej 6,4250 Fuglebjerg,1.100.000,15-06-2016,"
Alm. Salg",8.461,6,Stuehus,130,1964,,
Sorøvej 16,4250 Fuglebjerg,270.000,14-06-2016,"
Alm. Salg",3.857,3,Villa,70,1890,-8 %,Aktuel værdi
Sneslevvej 38,4250 Fuglebjerg,1.075.000,10-06-2016,"
Alm. Salg",6.891,6,Villa,156,1890,0 %,Aktuel værdi
Erik Bøghs Vej 21,4250 Fuglebjerg,830.000,07-06-2016,"
Alm. Salg",6.859,4,Villa,121,1963,-7 %,Aktuel værdi
Kirkestræde 14,4250 Fuglebjerg,475.000,07-06-2016,"
Auktion",5.219,2,Villa,91,1880,,Aktuel værdi
Anne Marie Vej 4,4250 Fuglebjerg,1.245.000,17-05-2016,"
Alm. Salg",6.073,5,Villa,205,1965,0 %,Aktuel værdi
Fuglebjerglundvej 22,4250 Fuglebjerg,300.000,13-05-2016,"
Alm. Salg",2.654,5,Villa,113,1828,9 %,Aktuel værdi
Vibevej 4,4250 Fuglebjerg,1.150.000,06-05-2016,"
Alm. Salg",8.394,5,Villa,137,1973,-4 %,Aktuel værdi
Tystrupvej 46,4250 Fuglebjerg,5.505.000,25-04-2016,"
Alm. Salg",20.388,6,Stuehus,270,1912,,
Svalevej 5,4250 Fuglebjerg,1.150.000,21-04-2016,"
Alm. Salg",8.333,5,Villa,138,1974,-7 %,Aktuel værdi
Benediktevej 28,4250 Fuglebjerg,1.112.500,21-04-2016,"
Alm. Salg",8.003,6,Villa,139,1968,-7 %,Aktuel værdi
Haldagermaglevej 2,4250 Fuglebjerg,2.275.000,20-04-2016,"
Alm. Salg",10.201,7,Villa,223,1800,-8 %,Aktuel værdi
Sneslevvej 24,4250 Fuglebjerg,435.000,14-04-2016,"
Alm. Salg",7.016,1,Villa,62,1930,-12 %,Aktuel værdi
Korsørvej 34,4250 Fuglebjerg,1.370.000,13-04-2016,"
Alm. Salg",8.404,6,Villa,163,1920,-8 %,Aktuel værdi
Haldagermaglevej 13,4250 Fuglebjerg,800.000,13-04-2016,"
Alm. Salg",5.555,6,Stuehus,144,1908,,
"Sorøvej 9C, 1. TV",4250 Fuglebjerg,200.000,18-03-2016,"
Alm. Salg",2.739,2,Lejlighed,73,1900,,Aktuel værdi
Dalsgårdsvej 52,4250 Fuglebjerg,725.000,15-03-2016,"
Alm. Salg",7.250,3,Rækkehus,100,1980,0 %,Aktuel værdi
Lærkevej 13,4250 Fuglebjerg,1.195.000,04-03-2016,"
Alm. Salg",8.535,4,Villa,140,1973,-8 %,Aktuel værdi
Korsørvej 31B,4250 Fuglebjerg,1.125.000,24-02-2016,"
Alm. Salg",12.500,3,Dobbelthus,90,2003,-1 %,Aktuel værdi
Kællerødvej 4,4250 Fuglebjerg,1.300.000,23-02-2016,"
Fam. Salg",8.496,8,Villa,153,1928,,Aktuel værdi
Spurvevej 6,4250 Fuglebjerg,1.300.000,15-02-2016,"
Alm. Salg",7.784,6,Villa,167,1978,-7 %,Aktuel værdi
Dyres Kvarter 39,4250 Fuglebjerg,450.000,05-02-2016,"
Alm. Salg",2.459,5,Villa,183,2017,-9 %,Aktuel værdi
Korsørvej 42,4250 Fuglebjerg,595.000,03-02-2016,"
Alm. Salg",4.685,5,Villa,127,1931,0 %,Aktuel værdi
Mågevej 36,4250 Fuglebjerg,745.000,29-01-2016,"
Alm. Salg",6.313,4,Villa,118,1980,0 %,Aktuel værdi
Sandvedvej 17,4250 Fuglebjerg,300.000,28-01-2016,"
Alm. Salg",2.752,4,Villa,109,1800,-13 %,Aktuel værdi
Flemstoftevej 3,4250 Fuglebjerg,6.282.500,27-01-2016,"
Alm. Salg",36.526,6,Stuehus,172,1929,,
Parkvej 5,4250 Fuglebjerg,427.600,19-01-2016,"
Auktion",3.032,6,Villa,141,1945,-38 %,Aktuel værdi
Rugkrogvej 2,4250 Fuglebjerg,55.001,19-01-2016,"
Auktion",733,4,Villa,75,1800,-78 %,Aktuel værdi
Margrethevej 7,4250 Fuglebjerg,975.000,15-01-2016,"
Alm. Salg",9.750,4,Villa,100,1967,-2 %,Aktuel værdi
Fredensvej 2,4250 Fuglebjerg,595.000,15-01-2016,"
Alm. Salg",6.263,4,Villa,95,1957,8 %,Aktuel værdi
Krummerupvej 46,4250 Fuglebjerg,400.000,13-01-2016,"
Auktion",2.352,5,Villa,170,1858,-50 %,Aktuel værdi
Højbjergvej 26,4250 Fuglebjerg,2.200.000,11-01-2016,"
Alm. Salg",13.095,4,Stuehus,168,1973,-4 %,
Næblerødvej 24,4250 Fuglebjerg,9.780.500,07-01-2016,"
Alm. Salg",30.468,12,Stuehus,321,1911,,
Dalsgårdsvej 42,4250 Fuglebjerg,542.500,22-12-2015,"
Andet",3.902,5,Villa,139,1981,,Aktuel værdi
Haldager Mark Vej 21,4250 Fuglebjerg,1.100.000,09-12-2015,"
Alm. Salg",8.800,6,Villa,125,1900,-12 %,Aktuel værdi
Sorøvej 19,4250 Fuglebjerg,600.000,26-11-2015,"
Andet",5.357,5,Villa,112,1914,,Aktuel værdi
Sorøvej 21,4250 Fuglebjerg,1.150.000,26-11-2015,"
Andet",11.386,5,Villa,101,1912,,Aktuel værdi
Lærkevej 1,4250 Fuglebjerg,1.429.000,18-11-2015,"
Alm. Salg",8.308,4,Villa,172,1971,-1 %,Aktuel værdi
Næblerødvej 12,4250 Fuglebjerg,1.595.000,16-11-2015,"
Alm. Salg",9.785,6,Villa,163,1912,0 %,Aktuel værdi
Højbjergvej 7,4250 Fuglebjerg,4.000.000,15-11-2015,"
Alm. Salg",18.604,7,Villa,215,1800,60 %,Aktuel værdi
Bendslevvej 51,4250 Fuglebjerg,75.000,11-11-2015,"
Auktion",833,2,Villa,90,1778,,Aktuel værdi
Fredensvej 18,4250 Fuglebjerg,1.000.000,04-11-2015,"
Alm. Salg",8.333,5,Villa,120,1949,,Aktuel værdi
Lærkevej 27,4250 Fuglebjerg,575.000,23-10-2015,"
Alm. Salg",4.166,5,Villa,138,1973,,Aktuel værdi
Sandvedvej 18,4250 Fuglebjerg,250.000,21-10-2015,"
Alm. Salg",2.380,5,Villa,105,1913,-50 %,Aktuel værdi
Bendslevvej 22,4250 Fuglebjerg,825.000,13-10-2015,"
Alm. Salg",4.940,5,Villa,167,1877,-8 %,Aktuel værdi
Dalsgårdsvej 74,4250 Fuglebjerg,920.000,06-10-2015,"
Alm. Salg",6.917,4,Villa,133,1981,-7 %,Aktuel værdi
Korsørvej 31E,4250 Fuglebjerg,890.000,05-10-2015,"
Alm. Salg",9.780,3,Dobbelthus,91,2002,-4 %,Aktuel værdi
Højbjergvej 22,4250 Fuglebjerg,753.670,01-10-2015,"
Andet",9.420,4,Stuehus,80,1902,,
Rolighedsvej 11,4250 Fuglebjerg,691.050,30-09-2015,"
Andet",5.081,4,Villa,136,1972,,Aktuel værdi
Skælskørvej 55,4250 Fuglebjerg,375.000,29-09-2015,"
Alm. Salg",3.378,5,Villa,111,1935,-5 %,Aktuel værdi
Krummerupvej 37,4250 Fuglebjerg,595.000,23-09-2015,"
Auktion",5.721,4,Villa,104,1920,,Aktuel værdi
Drosselvænget 9,4250 Fuglebjerg,850.000,22-09-2015,"
Alm. Salg",3.413,8,Villa,249,1974,-15 %,Aktuel værdi
Benediktevej 9,4250 Fuglebjerg,725.000,16-09-2015,"
Alm. Salg",7.712,4,Villa,94,1972,-6 %,Aktuel værdi
Benediktevej 25,4250 Fuglebjerg,725.000,09-09-2015,"
Auktion",7.712,4,Villa,94,1969,,Aktuel værdi
Højbjergvej 12,4250 Fuglebjerg,3.500.000,03-08-2015,"
Alm. Salg",20.000,5,Stuehus,175,1877,-5 %,
Rødkælkevej 5,4250 Fuglebjerg,685.000,29-07-2015,"
Alm. Salg",5.956,4,Villa,115,1974,-8 %,Aktuel værdi
Sneslevvej 44,4250 Fuglebjerg,350.000,20-07-2015,"
Alm. Salg",2.755,5,Villa,127,1905,-29 %,Aktuel værdi
Nyvej 9,4250 Fuglebjerg,760.710,19-07-2015,"
Fam. Salg",8.452,4,Villa,90,1950,,Aktuel værdi
Erik Bøghs Vej 14,4250 Fuglebjerg,1.295.000,15-07-2015,"
Alm. Salg",10.360,6,Villa,125,1960,0 %,Aktuel værdi
Svalevej 6,4250 Fuglebjerg,700.000,10-07-2015,"
Alm. Salg",6.086,4,Villa,115,1973,-17 %,Aktuel værdi
Dalsgårdsvej 24A,4250 Fuglebjerg,700.000,10-07-2015,"
Alm. Salg",9.210,3,Rækkehus,76,1984,-12 %,Aktuel værdi
Hindholmvej 17B,4250 Fuglebjerg,1.200.000,08-07-2015,"
Alm. Salg",10.909,3,Villa,110,1993,-7 %,Aktuel værdi
Tværvej 3,4250 Fuglebjerg,575.000,03-07-2015,"
Alm. Salg",5.043,3,Villa,114,1828,0 %,Aktuel værdi
Vådagervej 15,4250 Fuglebjerg,500.000,23-06-2015,"
Alm. Salg",4.901,3,Villa,102,1900,,Aktuel værdi
Krummerupvej 38,4250 Fuglebjerg,654.000,22-06-2015,"
Andet",5.839,3,Villa,112,1938,,Aktuel værdi
Krummerupvej 31,4250 Fuglebjerg,798.500,15-06-2015,"
Fam. Salg",3.412,6,Stuehus,234,1877,,
Vådagervej 11,4250 Fuglebjerg,350.000,19-05-2015,"
Auktion",7.777,2,Villa,45,1877,,Aktuel værdi
Lindekrogvej 1,4250 Fuglebjerg,499.260,19-05-2015,"
Auktion",3.962,4,Villa,126,1865,,Aktuel værdi
Margrethevej 23,4250 Fuglebjerg,600.000,19-05-2015,"
Alm. Salg",4.838,4,Villa,124,1966,-14 %,Aktuel værdi
Lærkevej 15,4250 Fuglebjerg,1.195.000,19-05-2015,"
Alm. Salg",8.851,5,Villa,135,1974,-4 %,Aktuel værdi
Sneslevvej 29,4250 Fuglebjerg,425.872,18-05-2015,"
Fam. Salg",2.534,7,Villa,168,1924,,Aktuel værdi
Svalevænget 1,4250 Fuglebjerg,650.000,13-05-2015,"
Alm. Salg",5.371,4,Villa,121,1972,-17 %,Aktuel værdi
Tystrupvej 30,4250 Fuglebjerg,585.000,27-04-2015,"
Fam. Salg",5.850,3,Villa,100,1944,6 %,Aktuel værdi
Sneslevvej 18,4250 Fuglebjerg,355.000,21-04-2015,"
Alm. Salg",3.446,3,Villa,103,1900,-11 %,Aktuel værdi
Sandvedvej 61,4250 Fuglebjerg,728.000,20-04-2015,"
Alm. Salg",3.339,7,Villa,218,1944,,Aktuel værdi
Rejnstrupvej 15,4250 Fuglebjerg,5.992.500,18-04-2015,"
Fam. Salg",22.613,10,Stuehus,265,1858,,
Sneslevvej 4,4250 Fuglebjerg,1.645.000,17-04-2015,"
Alm. Salg",6.450,7,Villa,255,1914,0 %,Aktuel værdi
Næblerødvej 16,4250 Fuglebjerg,1.195.000,16-04-2015,"
Alm. Salg",4.361,6,Villa,274,1867,0 %,Aktuel værdi
Næstved Landevej 14,4250 Fuglebjerg,1.050.000,03-04-2015,"
Alm. Salg",7.664,5,Villa,137,1909,-4 %,Aktuel værdi
Korsørvej 29,4250 Fuglebjerg,375.000,31-03-2015,"
Andet",3.504,7,Engroshandel,107,1932,,Aktuel værdi
Sorøvej 5,4250 Fuglebjerg,270.000,17-03-2015,"
Auktion",1.888,6,Villa,143,1931,,Aktuel værdi
Margrethevej 13,4250 Fuglebjerg,895.000,15-03-2015,"
Alm. Salg",6.392,4,Villa,140,1970,-10 %,Aktuel værdi
Slagelsevej 6,4250 Fuglebjerg,1.220.000,10-03-2015,"
Alm. Salg",6.815,4,Villa,179,1827,-6 %,Aktuel værdi
Storgårdsvej 2A,4250 Fuglebjerg,1.025.000,18-02-2015,"
Alm. Salg",7.592,5,Villa,135,1877,,Aktuel værdi
Brunemosevej 1,4250 Fuglebjerg,572.500,14-01-2015,"
Alm. Salg",4.472,4,Villa,128,1966,-4 %,Aktuel værdi
Solvænget 3,4250 Fuglebjerg,550.000,05-01-2015,"
Alm. Salg",7.236,3,Villa,76,1960,-5 %,Aktuel værdi
Rolighedsvej 7,4250 Fuglebjerg,520.000,17-12-2014,"
Alm. Salg",5.360,3,Villa,97,1953,-5 %,Aktuel værdi
Spurvevej 24,4250 Fuglebjerg,750.000,09-12-2014,"
Alm. Salg",6.250,4,Villa,120,1977,-16 %,Aktuel værdi
Næblerødvej 22,4250 Fuglebjerg,700.000,02-12-2014,"
Auktion",5.882,5,Villa,119,1878,,Aktuel værdi
Tystrupvej 55,4250 Fuglebjerg,810.000,05-11-2014,"
Alm. Salg",9.310,3,Villa,87,1964,,Aktuel værdi
Vibevej 6,4250 Fuglebjerg,1.250.000,15-10-2014,"
Alm. Salg",9.328,5,Villa,134,1973,-10 %,Aktuel værdi
Dalsgårdsvej 32,4250 Fuglebjerg,605.000,08-10-2014,"
Alm. Salg",6.505,4,Dobbelthus,93,1980,-10 %,Aktuel værdi
Glentevænget 13,4250 Fuglebjerg,995.000,02-10-2014,"
Alm. Salg",8.652,3,Villa,115,1975,0 %,Aktuel værdi
Lærkevej 43,4250 Fuglebjerg,1.080.000,30-09-2014,"
Alm. Salg",5.454,7,Villa,198,1972,-10 %,Aktuel værdi
Tværvej 12,4250 Fuglebjerg,400.000,25-09-2014,"
Alm. Salg",1.913,5,Villa,209,1877,-11 %,Aktuel værdi
Dyres Kvarter 1B,4250 Fuglebjerg,1.725.000,12-09-2014,"
Fam. Salg",10.518,5,Villa,164,2008,,Aktuel værdi
Haldagermaglevej 26,4250 Fuglebjerg,895.000,12-09-2014,"
Alm. Salg",6.679,6,Villa,134,1875,0 %,Aktuel værdi
Haldagerlillevej 9,4250 Fuglebjerg,1.224.362,08-09-2014,"
Andet",5.668,8,Villa,216,1870,-18 %,Aktuel værdi
Tystrupvej 1,4250 Fuglebjerg,2.295.000,08-09-2014,"
Alm. Salg",9.216,8,Villa,249,1917,-8 %,Aktuel værdi
Bendslevvej 16,4250 Fuglebjerg,2.450.000,24-08-2014,"
Alm. Salg",12.373,4,Villa,198,1864,-6 %,Aktuel værdi
Lærkevej 31,4250 Fuglebjerg,725.000,18-08-2014,"
Andet",5.178,4,Villa,140,1973,-14 %,Aktuel værdi
Korsørvej 31,4250 Fuglebjerg,760.000,13-08-2014,"
Alm. Salg",5.066,6,Villa,150,1967,-13 %,Aktuel værdi
Tystrupvej 39,4250 Fuglebjerg,550.000,08-08-2014,"
Alm. Salg",10.576,3,Villa,52,1922,-13 %,Aktuel værdi
Rugkrogvej 27,4250 Fuglebjerg,650.000,01-08-2014,"
Alm. Salg",4.482,5,Villa,145,1950,-18 %,Aktuel værdi
Fuglebjergvej 5,4250 Fuglebjerg,940.796,29-07-2014,"
Fam. Salg",4.355,5,Villa,216,1850,,Aktuel værdi
Sandvedvej 25C,4250 Fuglebjerg,700.000,03-07-2014,"
Alm. Salg",1.876,11,Villa,373,1971,,Aktuel værdi
Ravnebjergvej 3,4250 Fuglebjerg,650.000,19-06-2014,"
Alm. Salg",5.803,4,Villa,112,1895,-13 %,Aktuel værdi
Dalsgårdsvej 49,4250 Fuglebjerg,1.600.000,21-05-2014,"
Alm. Salg",10.457,5,Villa,153,1999,-3 %,Aktuel værdi
Hestehavevej 4,4250 Fuglebjerg,960.000,06-05-2014,"
Alm. Salg",6.575,4,Villa,146,1826,-17 %,Aktuel værdi
Bendslevvej 24,4250 Fuglebjerg,875.000,06-05-2014,"
Auktion",5.573,4,Villa,157,1850,,Aktuel værdi
Skælskørvej 104,4250 Fuglebjerg,774.008,17-04-2014,"
Andet",5.776,5,Villa,134,1930,,Aktuel værdi
Svalevænget 3,4250 Fuglebjerg,975.000,16-04-2014,"
Alm. Salg",6.055,5,Villa,161,1972,-11 %,Aktuel værdi
Lærkevej 41,4250 Fuglebjerg,975.000,04-04-2014,"
Alm. Salg",6.818,4,Villa,143,1973,-8 %,Aktuel værdi
Krummerupvej 52,4250 Fuglebjerg,1.318.000,27-03-2014,"
Alm. Salg",7.241,7,Villa,182,1878,-6 %,Aktuel værdi
Grængebjergvej 6,4250 Fuglebjerg,725.000,19-03-2014,"
Alm. Salg",7.967,3,Villa,91,2000,-9 %,Aktuel værdi
Dyres Kvarter 23,4250 Fuglebjerg,1.900.000,20-02-2014,"
Alm. Salg",12.751,3,Villa,149,2008,-9 %,Aktuel værdi
Virkelystvej 3,4250 Fuglebjerg,65.000,17-02-2014,"
Alm. Salg",1.048,3,Villa,62,1877,,Aktuel værdi
Dalsgårdsvej 143,4250 Fuglebjerg,1.100.000,14-01-2014,"
Auktion",6.250,4,Villa,176,2006,,Aktuel værdi
Spurvevej 2,4250 Fuglebjerg,650.000,07-01-2014,"
Alm. Salg",3.823,5,Villa,170,1978,-13 %,Aktuel værdi
Haldager Mark Vej 32,4250 Fuglebjerg,363.000,07-01-2014,"
Auktion",3.129,5,Villa,116,1827,-64 %,Aktuel værdi
Parkvej 4,4250 Fuglebjerg,856.500,01-01-2014,"
Alm. Salg",5.190,6,Villa,165,1951,,Aktuel værdi
Fuglebjerglundvej 9,4250 Fuglebjerg,160.000,12-12-2013,"
Alm. Salg",1.290,6,Villa,124,1915,-36 %,Aktuel værdi
Erik Bøghs Vej 3,4250 Fuglebjerg,245.000,15-11-2013,"
Alm. Salg",2.450,3,Villa,100,1957,,Aktuel værdi
Næstved Landevej 1,4250 Fuglebjerg,5.475.000,29-10-2013,"
Alm. Salg",32.205,7,Stuehus,170,1877,,
Mågevej 48,4250 Fuglebjerg,600.000,24-10-2013,"
Alm. Salg",3.157,5,Villa,190,1976,-20 %,Aktuel værdi
Krummerupvej 45,4250 Fuglebjerg,1.365.000,23-10-2013,"
Alm. Salg",8.425,5,Villa,162,1722,-2 %,Aktuel værdi
Fuglebjerglundvej 5,4250 Fuglebjerg,1.200.000,16-10-2013,"
Alm. Salg",11.009,3,Villa,109,1900,,Aktuel værdi
Palmevængevej 27,4250 Fuglebjerg,1.175.000,30-09-2013,"
Alm. Salg",7.781,4,Villa,151,1933,-9 %,Aktuel værdi
Skælskørvej 106,4250 Fuglebjerg,664.845,27-09-2013,"
Alm. Salg",5.682,3,Villa,117,1777,,Aktuel værdi
Næblerødvej 6,4250 Fuglebjerg,535.000,24-09-2013,"
Auktion",4.147,6,Villa,129,1936,,Aktuel værdi
Fredensvej 1,4250 Fuglebjerg,430.000,18-09-2013,"
Alm. Salg",4.095,4,Villa,105,1954,-35 %,Aktuel værdi
Rugkrogvej 13,4250 Fuglebjerg,7.500.000,10-09-2013,"
Alm. Salg",46.875,7,Stuehus,160,1907,,
Tystrupvej 33,4250 Fuglebjerg,2.995.000,09-09-2013,"
Alm. Salg",21.091,6,Stuehus,142,1856,0 %,
Nyvej 1,4250 Fuglebjerg,900.000,20-08-2013,"
Alm. Salg",7.086,4,Villa,127,1927,-5 %,Aktuel værdi
Højbjergvej 10A,4250 Fuglebjerg,15.890.000,17-08-2013,"
Alm. Salg",66.485,7,Stuehus,239,1877,,
Højbjergvej 16,4250 Fuglebjerg,2.810.000,17-08-2013,"
Alm. Salg",16.529,6,Stuehus,170,1902,,
Glentevænget 5,4250 Fuglebjerg,595.000,12-08-2013,"
Alm. Salg",6.071,4,Villa,98,1977,0 %,Aktuel værdi
Dyres Kvarter 51,4250 Fuglebjerg,832.000,07-08-2013,"
Auktion",5.135,5,Villa,162,2009,,Aktuel værdi
Sneslevvej 27,4250 Fuglebjerg,775.000,18-07-2013,"
Alm. Salg",4.585,4,Villa,169,1900,-11 %,Aktuel værdi
Mågevej 46,4250 Fuglebjerg,675.000,11-07-2013,"
Alm. Salg",7.031,4,Rækkehus,96,1977,-7 %,Aktuel værdi
Storgårdsvej 1,4250 Fuglebjerg,985.000,06-07-2013,"
Alm. Salg",7.035,4,Villa,140,2001,-10 %,Aktuel værdi
Dalsgårdsvej 23,4250 Fuglebjerg,500.000,01-07-2013,"
Alm. Salg",5.376,4,Rækkehus,93,1980,-41 %,Aktuel værdi
Svalevej 11,4250 Fuglebjerg,1.275.000,15-06-2013,"
Alm. Salg",8.614,5,Villa,148,1973,-4 %,Aktuel værdi
Grængebjergvej 7,4250 Fuglebjerg,603.745,24-05-2013,"
Alm. Salg",5.204,3,Villa,116,1948,,Aktuel værdi
Erik Bøghs Vej 26,4250 Fuglebjerg,650.000,22-05-2013,"
Alm. Salg",-,5,Villa,177,1962,-4 %,Aktuel værdi
Rejnstrupvej 18,4250 Fuglebjerg,311.272,16-05-2013,"
Alm. Salg",2.779,4,Villa,112,1700,,Aktuel værdi
Palmevængevej 2,4250 Fuglebjerg,63.900,24-04-2013,"
Auktion",575,4,Villa,111,1728,,Aktuel værdi
Virkelystvej 12,4250 Fuglebjerg,800.000,19-04-2013,"
Alm. Salg",6.896,5,Stuehus,116,1870,-20 %,
Flemstoftevej 23,4250 Fuglebjerg,1.525.000,18-04-2013,"
Alm. Salg",7.741,6,Stuehus,197,1875,-4 %,
Sorøvej 33,4250 Fuglebjerg,395.000,15-04-2013,"
Alm. Salg",2.821,8,Stuehus,140,1925,,
Næblerødvej 32,4250 Fuglebjerg,2.700.000,20-03-2013,"
Alm. Salg",-,7,Villa,236,1916,4 %,Aktuel værdi
Falkevænget 6A,4250 Fuglebjerg,1.358.000,19-03-2013,"
Auktion",8.230,5,Villa,165,2004,,Aktuel værdi
Haldagerlillevej 7D,4250 Fuglebjerg,155.000,11-03-2013,"
Fam. Salg",1.091,5,Villa,142,2004,,Aktuel værdi
Røgeskovvej 2,4250 Fuglebjerg,1.450.000,06-03-2013,"
Alm. Salg",7.397,6,Villa,196,1875,-3 %,Aktuel værdi
Benediktevej 23,4250 Fuglebjerg,925.000,02-03-2013,"
Alm. Salg",6.045,5,Villa,153,1970,-7 %,Aktuel værdi
Ingridvej 23,4250 Fuglebjerg,750.000,15-02-2013,"
Alm. Salg",6.000,4,Villa,125,1970,-6 %,Aktuel værdi
Drosselvænget 1,4250 Fuglebjerg,1.170.000,09-01-2013,"
Alm. Salg",7.959,4,Villa,147,1972,-2 %,Aktuel værdi
Fuglebjerglundvej 20,4250 Fuglebjerg,3.450.000,14-12-2012,"
Andet",34.500,4,Villa,100,1961,,Aktuel værdi
Flemstoftevej 13,4250 Fuglebjerg,60.000,05-12-2012,"
Auktion",800,3,Villa,75,1890,,Aktuel værdi
Tystrupvej 28,4250 Fuglebjerg,248.900,28-11-2012,"
Auktion",2.370,4,Villa,105,1800,,Aktuel værdi
Øllemosevej 6,4250 Fuglebjerg,994.000,26-11-2012,"
Auktion",5.150,4,Stuehus,193,1996,,
Korsørvej 35,4250 Fuglebjerg,425.000,14-11-2012,"
Auktion",3.695,4,Villa,115,1925,,Aktuel værdi
Vådagervej 6,4250 Fuglebjerg,977.300,13-11-2012,"
Auktion",2.486,10,Villa,393,1858,,Aktuel værdi
Lundevej 14,4250 Fuglebjerg,1.100.000,17-10-2012,"
Alm. Salg",9.243,6,Villa,119,1905,-20 %,Aktuel værdi
Sorøvej 48,4250 Fuglebjerg,1.225.000,05-10-2012,"
Alm. Salg",-,9,Villa,233,1902,-9 %,Aktuel værdi
Tystrupvej 25,4250 Fuglebjerg,420.000,27-09-2012,"
Alm. Salg",6.363,2,Villa,66,1901,,Aktuel værdi
Haldagermaglevej 20,4250 Fuglebjerg,498.000,20-09-2012,"
Andet",5.354,3,Villa,93,1978,,Aktuel værdi
Parkvej 7,4250 Fuglebjerg,700.000,18-09-2012,"
Alm. Salg",7.692,5,Villa,91,1953,-7 %,Aktuel værdi
Rugkrogvej 5,4250 Fuglebjerg,450.000,18-09-2012,"
Alm. Salg",3.358,5,Villa,134,1924,-24 %,Aktuel værdi
Fuglebjerglundvej 12,4250 Fuglebjerg,680.000,03-09-2012,"
Alm. Salg",6.476,4,Villa,105,1908,,Aktuel værdi
Tystrupvej 29,4250 Fuglebjerg,2.775.000,27-08-2012,"
Alm. Salg",17.675,6,Villa,157,1935,-7 %,Aktuel værdi
Tystrupvej 14,4250 Fuglebjerg,725.000,17-08-2012,"
Alm. Salg",12.083,2,Sommerhus,60,1854,0 %,Aktuel værdi
Haldagerlillevej 3,4250 Fuglebjerg,750.000,01-08-2012,"
Alm. Salg",4.746,4,Villa,158,1790,-32 %,Aktuel værdi
Storgårdsvej 14,4250 Fuglebjerg,65.000,30-07-2012,"
Alm. Salg",2.166,2,Villa,30,1850,,Aktuel værdi
Grængebjergvej 17,4250 Fuglebjerg,100.000,24-07-2012,"
Auktion",632,5,Villa,158,1800,-84 %,Aktuel værdi
Benediktevej 26,4250 Fuglebjerg,1.050.000,10-07-2012,"
Alm. Salg",8.536,4,Villa,123,1969,,Aktuel værdi
Tystrupvej 50,4250 Fuglebjerg,950.000,05-07-2012,"
Fam. Salg",6.643,3,Villa,143,1925,,Aktuel værdi
Haldager Mark Vej 12,4250 Fuglebjerg,1.200.000,25-06-2012,"
Fam. Salg",10.810,5,Stuehus,111,1877,,
Dalsgårdsvej 28,4250 Fuglebjerg,472.000,11-06-2012,"
Fam. Salg",5.075,4,Dobbelthus,93,1980,,Aktuel værdi
Næblerødvej 3,4250 Fuglebjerg,700.000,07-06-2012,"
Auktion",6.666,4,Villa,105,1800,,Aktuel værdi
Tranevej 4,4250 Fuglebjerg,250.000,22-05-2012,"
Fam. Salg",2.192,4,Villa,114,1978,,Aktuel værdi
Ydre Korsørvej 51,4250 Fuglebjerg,1.450.000,21-05-2012,"
Alm. Salg",10.740,4,Stuehus,135,1877,-14 %,
Duevænget 3,4250 Fuglebjerg,1.002.000,11-05-2012,"
Alm. Salg",7.648,6,Villa,131,1973,-8 %,Aktuel værdi
Haldagerlillevej 4,4250 Fuglebjerg,1.145.000,30-04-2012,"
Alm. Salg",9.956,3,Villa,115,1966,-8 %,Aktuel værdi
Højbjergvej 2,4250 Fuglebjerg,625.000,12-04-2012,"
Auktion",2.626,8,Villa,238,1862,,Aktuel værdi
Mågevej 42,4250 Fuglebjerg,600.000,11-04-2012,"
Auktion",6.250,4,Rækkehus,96,1977,,Aktuel værdi
Fuglebjergvej 11,4250 Fuglebjerg,572.331,02-04-2012,"
Auktion",5.020,4,Villa,114,1900,,Aktuel værdi
Fredensvej 13,4250 Fuglebjerg,695.000,26-03-2012,"
Alm. Salg",7.988,3,Villa,87,1953,0 %,Aktuel værdi
Solsortevej 1,4250 Fuglebjerg,1.035.000,22-03-2012,"
Alm. Salg",8.846,4,Villa,117,1978,-13 %,Aktuel værdi
Haldagerlillevej 5,4250 Fuglebjerg,450.000,02-03-2012,"
Alm. Salg",3.913,5,Villa,115,1877,-9 %,Aktuel værdi
Flemstoftevej 25,4250 Fuglebjerg,880.000,29-02-2012,"
Alm. Salg",10.602,4,Villa,83,1900,-6 %,Aktuel værdi
Dalsgårdsvej 21,4250 Fuglebjerg,815.000,27-02-2012,"
Alm. Salg",8.763,4,Dobbelthus,93,1980,-4 %,Aktuel værdi
Lærkevej 11,4250 Fuglebjerg,1.100.000,20-02-2012,"
Alm. Salg",6.790,6,Villa,162,1974,-26 %,Aktuel værdi
Sorøvej 50,4250 Fuglebjerg,1.100.000,09-02-2012,"
Alm. Salg",11.000,3,Stuehus,100,1827,-8 %,
Bendslevvej 55,4250 Fuglebjerg,1.490.000,10-01-2012,"
Alm. Salg",6.834,6,Villa,218,1877,-4 %,Aktuel værdi
Nortvedvej 6,4250 Fuglebjerg,650.000,11-12-2011,"
Alm. Salg",2.901,4,Villa,224,1678,-73 %,Aktuel værdi
Svalevej 9,4250 Fuglebjerg,995.000,30-11-2011,"
Auktion",6.067,5,Villa,164,1974,,Aktuel værdi
Dalsgårdsvej 72,4250 Fuglebjerg,1.075.000,24-11-2011,"
Alm. Salg",8.333,4,Villa,129,1986,-9 %,Aktuel værdi
Bakkevej 1,4250 Fuglebjerg,875.000,21-11-2011,"
Alm. Salg",7.812,4,Villa,112,1966,-12 %,Aktuel værdi
Haldager Mark Vej 9,4250 Fuglebjerg,1.970.000,20-11-2011,"
Alm. Salg",6.816,5,Villa,289,1827,-1 %,Aktuel værdi
Vibevænget 11,4250 Fuglebjerg,1.650.000,11-11-2011,"
Alm. Salg",6.903,6,Villa,239,1974,-8 %,Aktuel værdi
Nyvej 14,4250 Fuglebjerg,945.000,19-10-2011,"
Alm. Salg",10.271,4,Villa,92,1946,-17 %,Aktuel værdi
Parkvej 1,4250 Fuglebjerg,1.600.000,09-10-2011,"
Alm. Salg",12.698,7,Villa,126,1946,-11 %,Aktuel værdi
Lærkevej 8,4250 Fuglebjerg,990.000,22-09-2011,"
Alm. Salg",7.920,4,Villa,125,1972,-10 %,Aktuel værdi
Lindekrogvej 17,4250 Fuglebjerg,1.975.000,15-09-2011,"
Alm. Salg",24.085,3,Villa,82,1904,,Aktuel værdi
Krogvej 3,4250 Fuglebjerg,2.000.000,26-08-2011,"
Alm. Salg",22.222,4,Stuehus,90,1840,,
Mågevej 22,4250 Fuglebjerg,945.000,20-07-2011,"
Alm. Salg",9.843,4,Rækkehus,96,1977,0 %,Aktuel værdi
Haldagerlillevej 6,4250 Fuglebjerg,450.000,18-07-2011,"
Alm. Salg",5.625,3,Villa,80,1884,-24 %,Aktuel værdi
"Sorøvej 9D, ST. TV",4250 Fuglebjerg,1.080.000,07-07-2011,"
Andet",10.909,3,Lejlighed,99,1900,,Aktuel værdi
Bendslevvej 32,4250 Fuglebjerg,1.050.000,30-06-2011,"
Fam. Salg",7.241,4,Villa,145,1932,,Aktuel værdi
Vådagervej 7,4250 Fuglebjerg,1.450.000,29-06-2011,"
Alm. Salg",6.444,7,Stuehus,225,1927,-3 %,
Korsørvej 11,4250 Fuglebjerg,325.000,28-06-2011,"
Alm. Salg",3.186,3,Villa,102,1900,-16 %,Aktuel værdi
Korsørvej 24,4250 Fuglebjerg,475.000,23-06-2011,"
Alm. Salg",3.800,5,Villa,125,1907,,Aktuel værdi
Sneslevvej 42,4250 Fuglebjerg,1.250.000,09-06-2011,"
Alm. Salg",8.333,4,Villa,150,1827,,Aktuel værdi
Haldagermaglevej 22,4250 Fuglebjerg,750.000,06-06-2011,"
Alm. Salg",5.000,5,Villa,150,1878,0 %,Aktuel værdi
Højbjergvej 6,4250 Fuglebjerg,1.650.000,01-06-2011,"
Alm. Salg",6.420,7,Villa,257,1800,,Aktuel værdi
Indre Krummerupvej 8,4250 Fuglebjerg,590.976,01-06-2011,"
Fam. Salg",4.690,4,Villa,126,1900,,Aktuel værdi
Tystrupvej 3,4250 Fuglebjerg,727.379,19-05-2011,"
Andet",7.422,4,Villa,98,1931,,Aktuel værdi
Erik Bøghs Vej 16,4250 Fuglebjerg,892.500,30-04-2011,"
Fam. Salg",9.201,3,Villa,97,1961,,Aktuel værdi
Hindholmvej 17,4250 Fuglebjerg,1.220.000,28-04-2011,"
Alm. Salg",6.853,6,Villa,178,1972,-2 %,Aktuel værdi
Lærkevej 6,4250 Fuglebjerg,1.080.000,10-04-2011,"
Alm. Salg",9.391,4,Villa,115,1973,-2 %,Aktuel værdi
Virkelystvej 6,4250 Fuglebjerg,815.000,31-03-2011,"
Auktion",7.912,5,Villa,103,1800,-8 %,Aktuel værdi
Sneslevvej 56,4250 Fuglebjerg,7.050.000,29-03-2011,"
Auktion",44.062,4,Stuehus,160,1927,,
Benediktevej 4,4250 Fuglebjerg,1.105.000,28-03-2011,"
Alm. Salg",8.185,4,Villa,135,1968,,Aktuel værdi
Fredensvej 8,4250 Fuglebjerg,1.498.000,25-03-2011,"
Alm. Salg",8.415,5,Villa,178,1947,0 %,Aktuel værdi
Hestehavevej 2,4250 Fuglebjerg,1.750.000,18-03-2011,"
Fam. Salg",7.954,5,Stuehus,220,2002,,
Ingridvej 15,4250 Fuglebjerg,835.000,15-03-2011,"
Alm. Salg",7.660,4,Villa,109,1970,-5 %,Aktuel værdi
Bendslevvej 46,4250 Fuglebjerg,800.000,11-03-2011,"
Alm. Salg",5.063,6,Villa,158,1984,-14 %,Aktuel værdi
Indre Krummerupvej 26,4250 Fuglebjerg,545.000,01-03-2011,"
Auktion",4.192,5,Villa,130,1933,,Aktuel værdi
Solvænget 8,4250 Fuglebjerg,700.000,18-02-2011,"
Alm. Salg",9.459,3,Villa,74,1961,-12 %,Aktuel værdi
Hindholmvej 2,4250 Fuglebjerg,1.550.000,15-02-2011,"
Alm. Salg",5.762,7,Villa,269,1878,-3 %,Aktuel værdi
Indre Krummerupvej 1,4250 Fuglebjerg,1.700.000,04-02-2011,"
Alm. Salg",4.569,14,Villa,372,1864,,Aktuel værdi
Sneslevvej 59,4250 Fuglebjerg,1.200.000,03-02-2011,"
Alm. Salg",9.375,4,Villa,128,1900,,Aktuel værdi
Flemstoftevej 1,4250 Fuglebjerg,1.200.000,02-02-2011,"
Alm. Salg",9.230,5,Stuehus,130,2013,-35 %,
Korsørvej 19,4250 Fuglebjerg,950.000,13-01-2011,"
Auktion",4.656,8,Villa,204,1913,,Aktuel værdi
Palmevængevej 23,4250 Fuglebjerg,3.450.000,12-12-2010,"
Alm. Salg",19.166,4,Stuehus,180,1917,-7 %,
Haldagermaglevej 17,4250 Fuglebjerg,875.000,26-11-2010,"
Alm. Salg",5.993,5,Villa,146,1900,0 %,Aktuel værdi
Lystager Torp Vej 2,4250 Fuglebjerg,955.000,09-11-2010,"
Alm. Salg",11.790,3,Villa,81,1928,-4 %,Aktuel værdi
Fredensvej 7,4250 Fuglebjerg,1.025.000,25-10-2010,"
Alm. Salg",9.579,4,Villa,107,1960,-6 %,Aktuel værdi
Indre Krummerupvej 23,4250 Fuglebjerg,1.550.000,20-10-2010,"
Alm. Salg",9.171,7,Villa,169,1979,-6 %,Aktuel værdi
Rolighedsvej 20,4250 Fuglebjerg,100.000,15-10-2010,"
Alm. Salg",787,4,Villa,127,2012,,Aktuel værdi
Fredensvej 6,4250 Fuglebjerg,1.225.000,05-10-2010,"
Alm. Salg",10.040,4,Villa,122,1948,-2 %,Aktuel værdi
Dalsgårdsvej 58,4250 Fuglebjerg,845.000,28-09-2010,"
Alm. Salg",8.450,3,Rækkehus,100,1980,-11 %,Aktuel værdi
Dalsgårdsvej 2,4250 Fuglebjerg,870.000,27-09-2010,"
Alm. Salg",8.613,4,Dobbelthus,101,1980,-3 %,Aktuel værdi
Korsørvej 31D,4250 Fuglebjerg,1.400.000,24-09-2010,"
Alm. Salg",15.384,3,Dobbelthus,91,2002,,Aktuel værdi
Skælskørvej 75,4250 Fuglebjerg,2.775.000,23-09-2010,"
Alm. Salg",13.669,8,Stuehus,203,1866,-3 %,
Dalsgårdsvej 51,4250 Fuglebjerg,1.575.000,22-09-2010,"
Alm. Salg",11.842,4,Villa,133,1999,-4 %,Aktuel værdi
Bakkegårdsvej 5,4250 Fuglebjerg,690.000,20-09-2010,"
Alm. Salg",8.846,2,Villa,78,1924,-37 %,Aktuel værdi
Sorøvej 26,4250 Fuglebjerg,300.000,02-09-2010,"
Auktion",1.630,6,Villa,184,1914,,Aktuel værdi
Gunderslevlillevej 1,4250 Fuglebjerg,1.350.000,31-08-2010,"
Alm. Salg",9.060,5,Villa,149,1919,-7 %,Aktuel værdi
Lærkevej 33,4250 Fuglebjerg,1.295.000,22-08-2010,"
Alm. Salg",8.248,5,Villa,157,1974,0 %,Aktuel værdi
Vibevej 8,4250 Fuglebjerg,1.150.000,04-08-2010,"
Alm. Salg",6.927,5,Villa,166,1974,-8 %,Aktuel værdi
Tystrupvej 36B,4250 Fuglebjerg,2.300.000,26-07-2010,"
Alm. Salg",11.794,3,Villa,195,1980,-6 %,Aktuel værdi
Svalevej 13,4250 Fuglebjerg,1.050.000,22-07-2010,"
Alm. Salg",9.130,3,Villa,115,1973,-4 %,Aktuel værdi
Spurvevej 12B,4250 Fuglebjerg,875.000,20-07-2010,"
Alm. Salg",8.663,3,Dobbelthus,101,1978,-2 %,Aktuel værdi
Fladholtevej 11,4250 Fuglebjerg,6.950.000,08-07-2010,"
Alm. Salg",73.936,4,Stuehus,94,1800,,
Tystrupvej 51,4250 Fuglebjerg,1.400.000,07-07-2010,"
Alm. Salg",10.852,4,Villa,129,1925,,Aktuel værdi
Fuglebjerglundvej 13,4250 Fuglebjerg,1.950.000,05-07-2010,"
Alm. Salg",14.028,5,Villa,139,1924,-2 %,Aktuel værdi
Haldager Mark Vej 20,4250 Fuglebjerg,60.000,14-06-2010,"
Alm. Salg",500,4,Stuehus,120,1932,,
Flemstoftevej 8,4250 Fuglebjerg,264.840,04-06-2010,"
Alm. Salg",4.012,4,Villa,66,1915,,Aktuel værdi
Stjernelunden 3,4250 Fuglebjerg,883.951,01-06-2010,"
Alm. Salg",6.852,4,Villa,129,2005,,Aktuel værdi
Bendslevvej 44,4250 Fuglebjerg,500.000,31-05-2010,"
Alm. Salg",2.173,7,Villa,230,1800,-5 %,Aktuel værdi
Hindholmvej 1,4250 Fuglebjerg,500.000,27-05-2010,"
Andet",2.976,5,Villa,168,1927,,Aktuel værdi
Lærkevænget 3,4250 Fuglebjerg,1.150.000,21-05-2010,"
Alm. Salg",9.200,4,Villa,125,1973,-11 %,Aktuel værdi
Solvænget 5,4250 Fuglebjerg,925.000,18-05-2010,"
Alm. Salg",8.409,4,Villa,110,1966,-7 %,Aktuel værdi
Sorøvej 7,4250 Fuglebjerg,530.000,17-05-2010,"
Alm. Salg",-,6,Villa,173,1927,,Aktuel værdi
Sneslevvej 60,4250 Fuglebjerg,1.800.000,12-05-2010,"
Alm. Salg",13.533,5,Villa,133,1877,-10 %,Aktuel værdi
Margrethevej 18,4250 Fuglebjerg,905.000,10-05-2010,"
Alm. Salg",7.605,4,Villa,119,1966,,Aktuel værdi
Virkelystvej 4,4250 Fuglebjerg,887.500,10-05-2010,"
Alm. Salg",7.274,4,Villa,122,1870,,Aktuel værdi
Lærkevænget 7,4250 Fuglebjerg,1.275.000,03-05-2010,"
Alm. Salg",8.854,4,Villa,144,1973,-5 %,Aktuel værdi
Haldager Mark Vej 14,4250 Fuglebjerg,1.100.000,24-04-2010,"
Alm. Salg",8.870,4,Villa,124,1967,-4 %,Aktuel værdi
Erik Bøghs Vej 12,4250 Fuglebjerg,800.000,08-04-2010,"
Alm. Salg",8.000,4,Villa,100,1962,-9 %,Aktuel værdi
Lundevej 4,4250 Fuglebjerg,850.000,04-04-2010,"
Alm. Salg",6.538,8,Villa,130,1955,,Aktuel værdi
Svalevænget 13,4250 Fuglebjerg,950.000,30-03-2010,"
Alm. Salg",7.916,5,Villa,120,1973,-17 %,Aktuel værdi
Ydre Korsørvej 9,4250 Fuglebjerg,396.000,17-03-2010,"
Alm. Salg",2.506,5,Stuehus,158,1877,,
Svalevej 4,4250 Fuglebjerg,597.153,16-03-2010,"
Andet",5.192,4,Villa,115,1973,,Aktuel værdi
Sorøvej 3,4250 Fuglebjerg,1.325.000,12-03-2010,"
Alm. Salg",11.324,6,Detailhandel,117,1945,,Aktuel værdi
Tystrupvej 38,4250 Fuglebjerg,2.499.222,08-03-2010,"
Alm. Salg",11.257,10,Stuehus,222,1842,,
Mågevej 44,4250 Fuglebjerg,995.000,04-03-2010,"
Alm. Salg",10.364,4,Rækkehus,96,1977,-3 %,Aktuel værdi
Haldagermaglevej 22A,4250 Fuglebjerg,639.553,23-02-2010,"
Alm. Salg",5.419,4,Villa,118,1977,,Aktuel værdi
Anne Marie Vej 3,4250 Fuglebjerg,750.000,18-02-2010,"
Alm. Salg",5.434,4,Villa,138,1968,-37 %,Aktuel værdi
Skælskørvej 68,4250 Fuglebjerg,650.000,01-02-2010,"
Alm. Salg",4.642,6,Villa,140,1915,,Aktuel værdi
Flemstoftevej 12,4250 Fuglebjerg,900.000,12-01-2010,"
Auktion",8.108,4,Villa,111,1890,,Aktuel værdi
Sandvedvej 43,4250 Fuglebjerg,850.000,26-11-2009,"
Alm. Salg",6.800,4,Villa,125,1927,,Aktuel værdi
Fuglebjerglundvej 27,4250 Fuglebjerg,1.125.000,02-11-2009,"
Alm. Salg",5.461,5,Villa,206,1852,-5 %,Aktuel værdi
Lærkevej 4,4250 Fuglebjerg,1.415.000,15-10-2009,"
Alm. Salg",-,4,Villa,154,1971,-10 %,Aktuel værdi
Fredensvej 14,4250 Fuglebjerg,1.175.000,06-10-2009,"
Alm. Salg",11.084,4,Villa,106,1948,,Aktuel værdi
Fredensvej 10,4250 Fuglebjerg,1.250.000,05-10-2009,"
Alm. Salg",16.025,3,Villa,78,1953,0 %,Aktuel værdi
Storgårdsvej 2B,4250 Fuglebjerg,475.000,24-09-2009,"
Alm. Salg",2.486,5,Villa,191,2015,,Aktuel værdi
Skælskørvej 71,4250 Fuglebjerg,1.573.889,09-07-2009,"
Alm. Salg",12.491,3,Villa,126,1927,-17 %,Aktuel værdi
Kirkevej 7,4250 Fuglebjerg,810.500,01-07-2009,"
Andet",4.712,6,Villa,172,1970,,Aktuel værdi
Haldager Mark Vej 26,4250 Fuglebjerg,410.850,26-06-2009,"
Alm. Salg",2.232,9,Stuehus,184,1923,,
Sorøvej 45,4250 Fuglebjerg,85.655,22-06-2009,"
Auktion",1.142,4,Villa,75,1853,,Aktuel værdi
Erik Bøghs Vej 11,4250 Fuglebjerg,1.270.000,09-06-2009,"
Alm. Salg",9.338,5,Villa,136,1961,-8 %,Aktuel værdi
Tværvej 11,4250 Fuglebjerg,1.300.000,04-06-2009,"
Alm. Salg",9.285,5,Villa,140,1918,-7 %,Aktuel værdi
Tystrupvej 18,4250 Fuglebjerg,1.250.000,01-06-2009,"
Alm. Salg",13.020,3,Villa,96,1886,0 %,Aktuel værdi
Sorøvej 47,4250 Fuglebjerg,1.420.000,29-05-2009,"
Auktion",9.281,7,Stuehus,153,1895,,
Spurvevej 34,4250 Fuglebjerg,750.000,27-05-2009,"
Andet",4.360,5,Villa,172,1975,,Aktuel værdi
Ingridvej 25,4250 Fuglebjerg,1.540.000,11-05-2009,"
Alm. Salg",7.738,6,Villa,199,1971,-8 %,Aktuel værdi
Krummerupvej 35,4250 Fuglebjerg,1.450.000,03-04-2009,"
Alm. Salg",12.083,4,Villa,120,1901,-6 %,Aktuel værdi
Sandvedvej 27,4250 Fuglebjerg,815.000,31-03-2009,"
Alm. Salg",5.433,4,Villa,150,1909,-7 %,Aktuel værdi
Indre Krummerupvej 11,4250 Fuglebjerg,1.200.000,27-03-2009,"
Auktion",11.538,6,Villa,104,1922,-39 %,Aktuel værdi
Dalsgårdsvej 47,4250 Fuglebjerg,1.995.000,26-02-2009,"
Alm. Salg",12.239,5,Villa,163,1999,0 %,Aktuel værdi
Rejnstrupvej 17,4250 Fuglebjerg,510.000,21-02-2009,"
Fam. Salg",8.500,2,Engroshandel,60,1850,,Aktuel værdi
Dalsgårdsvej 68,4250 Fuglebjerg,1.125.000,18-02-2009,"
Alm. Salg",8.522,5,Villa,132,1980,-12 %,Aktuel værdi
Tystrupvej 45,4250 Fuglebjerg,2.499.222,27-01-2009,"
Alm. Salg",9.878,9,Stuehus,253,1903,-63 %,
Lærkevænget 5,4250 Fuglebjerg,780.000,16-12-2008,"
Alm. Salg",7.500,3,Villa,104,1972,,Aktuel værdi
Krummerupvej 40,4250 Fuglebjerg,1.900.000,08-12-2008,"
Alm. Salg",12.025,5,Villa,158,1928,-2 %,Aktuel værdi
Dyres Kvarter 47,4250 Fuglebjerg,435.000,23-10-2008,"
Alm. Salg",2.753,3,Villa,158,2010,,Aktuel værdi
Dalsgårdsvej 76,4250 Fuglebjerg,1.305.536,08-10-2008,"
Andet",10.444,5,Villa,125,1980,,Aktuel værdi
Solvænget 4,4250 Fuglebjerg,800.000,03-10-2008,"
Alm. Salg",10.958,3,Villa,73,1961,,Aktuel værdi
Drosselvænget 13,4250 Fuglebjerg,1.795.000,30-08-2008,"
Alm. Salg",10.945,7,Villa,164,1972,-5 %,Aktuel værdi
Sneslevvej 57,4250 Fuglebjerg,900.000,21-08-2008,"
Alm. Salg",15.000,3,Villa,60,1876,-5 %,Aktuel værdi
Falkevænget 1,4250 Fuglebjerg,1.900.000,08-08-2008,"
Alm. Salg",9.595,6,Villa,198,1977,-4 %,Aktuel værdi
Gunderslevlillevej 2,4250 Fuglebjerg,850.000,18-07-2008,"
Fam. Salg",4.066,3,Villa,209,1890,,Aktuel værdi
Sorøvej 40,4250 Fuglebjerg,975.000,10-07-2008,"
Alm. Salg",9.948,4,Villa,98,1878,-4 %,Aktuel værdi
Slagelsevej 16,4250 Fuglebjerg,690.000,09-07-2008,"
Fam. Salg",9.857,2,Villa,70,1920,,Aktuel værdi
Dalsgårdsvej 4,4250 Fuglebjerg,1.180.000,29-06-2008,"
Alm. Salg",11.683,4,Rækkehus,101,1980,,Aktuel værdi
Benediktevej 7,4250 Fuglebjerg,540.280,29-06-2008,"
Andet",4.823,4,Villa,112,1969,,Aktuel værdi
Overdrevsvej 7,4250 Fuglebjerg,866.700,26-06-2008,"
Andet",7.471,5,Stuehus,116,1890,,
Erik Bøghs Vej 15,4250 Fuglebjerg,1.100.000,24-06-2008,"
Alm. Salg",10.000,4,Villa,110,1965,-12 %,Aktuel værdi
Lindekrogvej 1A,4250 Fuglebjerg,1.150.000,04-06-2008,"
Alm. Salg",14.556,3,Villa,79,1952,,
Tranevænget 7,4250 Fuglebjerg,1.695.000,02-06-2008,"
Alm. Salg",13.139,4,Villa,129,1977,0 %,Aktuel værdi
Sneslevvej 12,4250 Fuglebjerg,995.000,27-05-2008,"
Alm. Salg",8.432,5,Villa,118,1905,0 %,Aktuel værdi
Haldagermaglevej 27,4250 Fuglebjerg,4.900.000,15-05-2008,"
Alm. Salg",50.000,5,Villa,98,1900,,Aktuel værdi
Indre Krummerupvej 5,4250 Fuglebjerg,1.650.000,09-05-2008,"
Alm. Salg",12.313,6,Villa,134,1960,-3 %,Aktuel værdi
Duevænget 7,4250 Fuglebjerg,1.375.000,06-05-2008,"
Alm. Salg",11.458,4,Villa,120,1973,-5 %,Aktuel værdi
Sandvedvej 33,4250 Fuglebjerg,1.000.000,10-04-2008,"
Alm. Salg",10.000,4,Villa,100,1909,,Aktuel værdi
Hindholmvej 7,4250 Fuglebjerg,875.000,10-04-2008,"
Alm. Salg",7.056,5,Villa,124,1963,0 %,Aktuel værdi
Krummerupvej 59,4250 Fuglebjerg,1.525.000,03-04-2008,"
Alm. Salg",8.615,4,Villa,177,1925,-3 %,Aktuel værdi
Røgeskovvej 4,4250 Fuglebjerg,4.002.894,31-03-2008,"
Alm. Salg",21.520,7,Stuehus,186,1961,,
Margrethevej 8,4250 Fuglebjerg,1.150.000,25-03-2008,"
Alm. Salg",9.829,3,Villa,117,1968,-6 %,Aktuel værdi
Lystager Torp Vej 4,4250 Fuglebjerg,1.045.000,18-03-2008,"
Alm. Salg",7.464,4,Villa,140,1950,-5 %,Aktuel værdi
Lærkevej 21,4250 Fuglebjerg,1.845.000,27-02-2008,"
Alm. Salg",10.423,6,Villa,177,1972,0 %,Aktuel værdi
Sandvedvej 14,4250 Fuglebjerg,1.395.000,26-02-2008,"
Alm. Salg",12.025,4,Villa,116,1930,0 %,Aktuel værdi
Skælskørvej 57,4250 Fuglebjerg,3.000.000,20-02-2008,"
Alm. Salg",16.949,8,Villa,177,1927,,Aktuel værdi
Dalsgårdsvej 31,4250 Fuglebjerg,1.875.000,16-02-2008,"
Alm. Salg",15.000,4,Villa,125,1998,,Aktuel værdi
Vådagervej 13,4250 Fuglebjerg,200.000,15-02-2008,"
Alm. Salg",1.739,5,Stuehus,115,1837,,
Dalsgårdsvej 139,4250 Fuglebjerg,2.200.000,11-02-2008,"
Alm. Salg",14.285,6,Villa,154,2006,-1 %,Aktuel værdi
Kærsangervej 7,4250 Fuglebjerg,1.610.000,05-02-2008,"
Alm. Salg",9.147,5,Villa,176,1977,-2 %,Aktuel værdi
Sorøvej 41,4250 Fuglebjerg,679.000,03-02-2008,"
Alm. Salg",8.934,4,Villa,76,1878,9 %,Aktuel værdi
Bendslevvej 42,4250 Fuglebjerg,7.500.000,31-01-2008,"
Alm. Salg",42.857,5,Villa,175,1873,,Aktuel værdi
Næstved Landevej 12,4250 Fuglebjerg,1.585.000,29-01-2008,"
Alm. Salg",11.402,5,Villa,139,1912,0 %,Aktuel værdi
Sorøvej 15,4250 Fuglebjerg,935.000,29-01-2008,"
Alm. Salg",8.990,3,Villa,104,1906,-6 %,Aktuel værdi
Dyres Kvarter 5,4250 Fuglebjerg,1.795.000,24-01-2008,"
Alm. Salg",16.933,3,Rækkehus,106,2008,,Aktuel værdi
Dyres Kvarter 15,4250 Fuglebjerg,1.817.500,18-01-2008,"
Alm. Salg",17.146,3,Rækkehus,106,2007,,Aktuel værdi
Dalsgårdsvej 45,4250 Fuglebjerg,2.000.000,16-01-2008,"
Alm. Salg",10.416,7,Villa,192,1999,-11 %,Aktuel værdi
Lindekrogvej 3A,4250 Fuglebjerg,2.565.000,14-01-2008,"
Alm. Salg",17.812,3,Villa,144,2004,-5 %,Aktuel værdi
Fuglebjerglundvej 8,4250 Fuglebjerg,1.830.000,23-12-2007,"
Alm. Salg",11.226,4,Villa,163,1969,-2 %,Aktuel værdi
Rolighedsvej 2,4250 Fuglebjerg,969.000,13-12-2007,"
Alm. Salg",11.400,3,Villa,85,1800,-3 %,Aktuel værdi
Korsørvej 23,4250 Fuglebjerg,1.595.000,06-12-2007,"
Alm. Salg",15.047,5,Villa,106,1915,,Aktuel værdi
Dalsgårdsvej 137,4250 Fuglebjerg,2.250.000,03-12-2007,"
Alm. Salg",15.100,4,Villa,149,2008,0 %,Aktuel værdi
Indre Krummerupvej 3,4250 Fuglebjerg,425.000,22-11-2007,"
Fam. Salg",2.053,16,Engroshandel,207,1870,,Aktuel værdi
Dyres Kvarter 3,4250 Fuglebjerg,1.795.000,22-11-2007,"
Alm. Salg",16.933,4,Rækkehus,106,2008,,Aktuel værdi
Vådagervej 17,4250 Fuglebjerg,580.000,19-11-2007,"
Alm. Salg",10.943,2,Villa,53,1936,0 %,Aktuel værdi
Erik Bøghs Vej 23,4250 Fuglebjerg,571.550,13-11-2007,"
Fam. Salg",3.861,5,Villa,148,1964,,Aktuel værdi
Dalsgårdsvej 26,4250 Fuglebjerg,1.025.000,12-11-2007,"
Fam. Salg",11.021,4,Rækkehus,93,1980,,Aktuel værdi
Glentevænget 11,4250 Fuglebjerg,1.395.000,07-11-2007,"
Alm. Salg",10.813,4,Villa,129,1979,0 %,Aktuel værdi
Ydre Korsørvej 52,4250 Fuglebjerg,425.000,06-11-2007,"
Fam. Salg",3.219,5,Villa,132,1827,,Aktuel værdi
Næblerødvej 7,4250 Fuglebjerg,1.300.000,24-10-2007,"
Alm. Salg",10.833,5,Villa,120,1930,-4 %,Aktuel værdi
Erik Bøghs Vej 5,4250 Fuglebjerg,600.000,15-10-2007,"
Alm. Salg",5.504,4,Villa,109,1959,,Aktuel værdi
Sneslevvej 64,4250 Fuglebjerg,2.800.000,05-10-2007,"
Alm. Salg",16.374,5,Villa,171,1870,-5 %,Aktuel værdi
Erik Bøghs Vej 22,4250 Fuglebjerg,1.625.000,02-10-2007,"
Alm. Salg",13.000,5,Villa,125,1960,0 %,Aktuel værdi
Dyres Kvarter 9,4250 Fuglebjerg,1.735.000,25-09-2007,"
Alm. Salg",16.367,3,Rækkehus,106,2007,,Aktuel værdi
Korsørvej 6,4250 Fuglebjerg,950.000,22-09-2007,"
Fam. Salg",3.830,9,Villa,248,1915,,Aktuel værdi
Svalevej 3,4250 Fuglebjerg,1.595.000,04-09-2007,"
Alm. Salg",11.902,5,Villa,134,1973,,Aktuel værdi
Haldagerlillevej 7B,4250 Fuglebjerg,405.000,22-08-2007,"
Alm. Salg",2.596,5,Villa,156,2009,,Aktuel værdi
Dyres Kvarter 31,4250 Fuglebjerg,540.000,27-07-2007,"
Alm. Salg",3.253,5,Villa,166,2009,,Aktuel værdi
Drosselvænget 11,4250 Fuglebjerg,1.600.000,24-07-2007,"
Alm. Salg",9.302,5,Villa,172,1973,-9 %,Aktuel værdi
Nortvedvej 11,4250 Fuglebjerg,1.550.000,18-07-2007,"
Alm. Salg",8.563,5,Villa,181,1800,,Aktuel værdi
Sorøvej 29A,4250 Fuglebjerg,1.050.000,15-07-2007,"
Alm. Salg",15.909,3,Villa,66,1956,,Aktuel værdi
Nyvej 10,4250 Fuglebjerg,1.400.000,15-07-2007,"
Alm. Salg",12.727,4,Villa,110,1945,,Aktuel værdi
Svalevej 14,4250 Fuglebjerg,1.735.000,06-07-2007,"
Alm. Salg",9.179,4,Villa,189,1973,-3 %,Aktuel værdi
Bendslevvej 34,4250 Fuglebjerg,1.495.000,27-06-2007,"
Alm. Salg",7.868,6,Villa,190,1900,,Aktuel værdi
Fuglebjerglundvej 15,4250 Fuglebjerg,1.685.000,21-06-2007,"
Alm. Salg",11.783,5,Villa,143,1900,-4 %,Aktuel værdi
Sorøvej 9F,4250 Fuglebjerg,825.000,06-06-2007,"
Alm. Salg",9.593,3,Dobbelthus,86,1982,,Aktuel værdi
Dyres Kvarter 7,4250 Fuglebjerg,1.766.200,23-05-2007,"
Alm. Salg",16.662,3,Rækkehus,106,2007,,Aktuel værdi
Benediktevej 8,4250 Fuglebjerg,1.515.000,02-05-2007,"
Alm. Salg",12.120,5,Villa,125,1968,,Aktuel værdi
Øllemosevej 10,4250 Fuglebjerg,2.250.000,27-04-2007,"
Alm. Salg",11.842,5,Villa,190,1828,-4 %,Aktuel værdi
Sandvedvej 39,4250 Fuglebjerg,2.345.000,26-04-2007,"
Alm. Salg",23.928,4,Stuehus,98,1850,,
Bendslevvej 43,4250 Fuglebjerg,400.000,26-04-2007,"
Alm. Salg",5.479,2,Villa,73,1898,-32 %,Aktuel værdi
Dyres Kvarter 13,4250 Fuglebjerg,1.727.400,04-04-2007,"
Alm. Salg",16.296,3,Rækkehus,106,2007,,Aktuel værdi
Dyres Kvarter 21,4250 Fuglebjerg,450.000,26-03-2007,"
Alm. Salg",2.542,6,Villa,177,2009,0 %,Aktuel værdi
Rolighedsvej 9,4250 Fuglebjerg,1.295.000,20-03-2007,"
Alm. Salg",11.666,5,Villa,111,1959,0 %,Aktuel værdi
Spurvevej 10,4250 Fuglebjerg,1.200.000,19-03-2007,"
Fam. Salg",8.571,4,Villa,140,1979,,Aktuel værdi
Sneslevvej 37,4250 Fuglebjerg,3.966.000,28-02-2007,"
Fam. Salg",22.662,6,Stuehus,175,1800,,
"Korsørvej 17, 1",4250 Fuglebjerg,1.735.000,27-02-2007,"
Alm. Salg",13.661,3,Lejlighed,127,1913,12 %,Aktuel værdi
Rugkrogvej 7,4250 Fuglebjerg,1.100.000,15-02-2007,"
Fam. Salg",8.208,5,Villa,134,1912,,Aktuel værdi
"Sorøvej 9B, 1. TH",4250 Fuglebjerg,695.000,12-02-2007,"
Alm. Salg",9.652,2,Lejlighed,72,1900,,Aktuel værdi
Haldager Mark Vej 13,4250 Fuglebjerg,1.085.705,07-02-2007,"
Fam. Salg",9.279,3,Villa,117,1930,,Aktuel værdi
Skælskørvej 100,4250 Fuglebjerg,4.500.000,04-02-2007,"
Alm. Salg",29.220,6,Stuehus,154,1860,-16 %,
Sneslevvej 28,4250 Fuglebjerg,1.079.000,04-02-2007,"
Alm. Salg",12.261,3,Villa,88,1923,,Aktuel værdi
Spurvevej 12A,4250 Fuglebjerg,1.200.000,02-02-2007,"
Alm. Salg",11.881,4,Dobbelthus,101,1978,-5 %,Aktuel værdi
Nyvej 12,4250 Fuglebjerg,1.800.000,25-01-2007,"
Alm. Salg",10.465,6,Villa,172,1971,,Aktuel værdi
Haldagermaglevej 15,4250 Fuglebjerg,1.275.000,15-01-2007,"
Alm. Salg",11.184,4,Villa,114,1966,0 %,Aktuel værdi
Lindekrogvej 18,4250 Fuglebjerg,1.250.000,08-01-2007,"
Alm. Salg",10.775,5,Villa,116,1945,-14 %,Aktuel værdi
Dyres Kvarter 17,4250 Fuglebjerg,1.729.100,04-01-2007,"
Alm. Salg",16.312,3,Rækkehus,106,2007,,Aktuel værdi
Næblerødvej 14,4250 Fuglebjerg,1.450.000,21-12-2006,"
Alm. Salg",11.240,5,Villa,129,1935,,Aktuel værdi
Nyvej 5,4250 Fuglebjerg,562.500,01-12-2006,"
Alm. Salg",7.705,3,Villa,73,1930,,Aktuel værdi
Mågevej 32,4250 Fuglebjerg,1.428.000,28-11-2006,"
Alm. Salg",12.526,4,Villa,114,1978,,Aktuel værdi
Lindekrogvej 6,4250 Fuglebjerg,1.100.000,24-11-2006,"
Fam. Salg",11.702,2,Villa,94,1952,,Aktuel værdi
Sorøvej 14,4250 Fuglebjerg,1.825.000,24-11-2006,"
Alm. Salg",8.449,7,Villa,216,1883,,Aktuel værdi
Dyres Kvarter 11,4250 Fuglebjerg,1.695.000,17-11-2006,"
Alm. Salg",15.990,3,Rækkehus,106,2007,,Aktuel værdi
Dyres Kvarter 33,4250 Fuglebjerg,445.000,01-11-2006,"
Alm. Salg",2.060,6,Villa,216,2007,,Aktuel værdi
Dyres Kvarter 19,4250 Fuglebjerg,440.000,01-11-2006,"
Alm. Salg",2.699,4,Villa,163,2007,,Aktuel værdi
Dyres Kvarter 25,4250 Fuglebjerg,425.000,01-11-2006,"
Alm. Salg",3.269,4,Villa,130,2007,,Aktuel værdi
Dyres Kvarter 37,4250 Fuglebjerg,405.000,01-11-2006,"
Alm. Salg",2.484,5,Villa,163,2009,,Aktuel værdi
Dyres Kvarter 49,4250 Fuglebjerg,425.000,01-11-2006,"
Alm. Salg",2.560,6,Villa,166,2007,,Aktuel værdi
Dyres Kvarter 35,4250 Fuglebjerg,405.000,01-11-2006,"
Alm. Salg",2.736,5,Villa,148,2007,,Aktuel værdi
Dyres Kvarter 45,4250 Fuglebjerg,395.000,01-11-2006,"
Alm. Salg",2.992,3,Villa,132,2007,,Aktuel værdi
Dyres Kvarter 29,4250 Fuglebjerg,445.000,01-11-2006,"
Alm. Salg",2.696,5,Villa,165,2007,,Aktuel værdi
Dyres Kvarter 1A,4250 Fuglebjerg,1.650.000,21-10-2006,"
Alm. Salg",10.377,6,Villa,159,1800,,Aktuel værdi
Spurvevej 16,4250 Fuglebjerg,1.600.000,13-10-2006,"
Alm. Salg",10.457,7,Villa,153,1978,,Aktuel værdi
Parkvej 9,4250 Fuglebjerg,1.145.000,19-09-2006,"
Alm. Salg",10.043,4,Villa,114,1963,,Aktuel værdi
Dalsgårdsvej 30,4250 Fuglebjerg,1.035.000,15-09-2006,"
Alm. Salg",11.129,3,Rækkehus,93,1980,,Aktuel værdi
Svalevej 1,4250 Fuglebjerg,1.475.000,08-09-2006,"
Alm. Salg",8.240,7,Villa,179,1973,,Aktuel værdi
Ingridvej 17,4250 Fuglebjerg,1.590.000,04-09-2006,"
Alm. Salg",10.890,5,Villa,146,1972,,Aktuel værdi
Tystrupvej 40,4250 Fuglebjerg,1.150.000,29-08-2006,"
Alm. Salg",13.855,3,Villa,83,1890,,Aktuel værdi
Haldagermaglevej 25,4250 Fuglebjerg,2.350.000,23-08-2006,"
Alm. Salg",11.989,6,Stuehus,196,1908,,
Haldagermaglevej 7,4250 Fuglebjerg,6.500.000,09-08-2006,"
Alm. Salg",38.235,6,Stuehus,170,1860,,
Bakkegårdsvej 7,4250 Fuglebjerg,1.415.000,09-08-2006,"
Alm. Salg",13.101,4,Villa,108,1922,,Aktuel værdi
Korsørvej 40,4250 Fuglebjerg,1.575.000,04-08-2006,"
Alm. Salg",10.227,4,Villa,154,1930,,Aktuel værdi
Sandvedvej 51,4250 Fuglebjerg,1.195.000,03-08-2006,"
Alm. Salg",6.159,8,Villa,194,1932,,Aktuel værdi
Haldager Mark Vej 11,4250 Fuglebjerg,1.300.000,02-08-2006,"
Alm. Salg",11.711,4,Villa,111,1878,,Aktuel værdi
Lærkevej 39,4250 Fuglebjerg,1.180.000,28-07-2006,"
Alm. Salg",10.535,3,Villa,112,1972,,Aktuel værdi
Sneslevvej 31,4250 Fuglebjerg,1.095.000,25-07-2006,"
Alm. Salg",8.488,4,Villa,129,1933,,Aktuel værdi
Dalsgårdsvej 38,4250 Fuglebjerg,1.225.000,18-07-2006,"
Alm. Salg",11.036,4,Villa,111,1979,,Aktuel værdi
Palmevængevej 16,4250 Fuglebjerg,1.445.000,16-07-2006,"
Alm. Salg",10.321,5,Villa,140,1850,,Aktuel værdi
Lærkevænget 1,4250 Fuglebjerg,1.200.000,13-07-2006,"
Alm. Salg",10.000,4,Villa,120,1973,,Aktuel værdi
Sneslevvej 53,4250 Fuglebjerg,1.620.000,10-07-2006,"
Alm. Salg",10.125,4,Villa,160,1870,,Aktuel værdi
Skælskørvej 53,4250 Fuglebjerg,750.000,04-07-2006,"
Alm. Salg",8.333,3,Villa,90,1953,,Aktuel værdi
Sneslevvej 33,4250 Fuglebjerg,1.875.000,15-06-2006,"
Alm. Salg",10.416,5,Villa,180,1833,,Aktuel værdi
Sneslevvej 58,4250 Fuglebjerg,706.250,12-06-2006,"
Alm. Salg",4.586,6,Villa,154,1827,,Aktuel værdi
Kirkestræde 12,4250 Fuglebjerg,910.000,08-06-2006,"
Alm. Salg",12.465,3,Villa,73,1962,,Aktuel værdi
Fredensvej 11,4250 Fuglebjerg,1.950.000,29-05-2006,"
Alm. Salg",10.156,8,Villa,192,1947,,Aktuel værdi
Haldagermaglevej 12,4250 Fuglebjerg,1.795.000,21-05-2006,"
Alm. Salg",25.642,20,Industri o.l.,70,1877,,Aktuel værdi
Korsørvej 22,4250 Fuglebjerg,1.075.000,13-05-2006,"
Alm. Salg",10.750,4,Villa,100,1915,,Aktuel værdi
Flemstoftevej 6,4250 Fuglebjerg,1.075.000,11-05-2006,"
Alm. Salg",9.110,4,Villa,118,1878,,Aktuel værdi
Rejnstrupvej 14,4250 Fuglebjerg,1.152.900,04-05-2006,"
Andet",4.764,10,Stuehus,242,1848,,
Kirkevej 6,4250 Fuglebjerg,1.500.000,25-04-2006,"
Alm. Salg",11.450,4,Villa,131,1972,,Aktuel værdi
Stjernelunden 8,4250 Fuglebjerg,295.000,20-04-2006,"
Alm. Salg",2.269,4,Villa,130,2008,,Aktuel værdi
Margrethevej 26,4250 Fuglebjerg,1.550.000,20-04-2006,"
Alm. Salg",11.071,4,Villa,140,1965,,Aktuel værdi
Tranevænget 13,4250 Fuglebjerg,1.174.563,20-04-2006,"
Fam. Salg",8.573,6,Villa,137,1976,,Aktuel værdi
Bakkegårdsvej 3,4250 Fuglebjerg,2.500.000,14-04-2006,"
Alm. Salg",24.509,8,Villa,102,1724,,Aktuel værdi
Dalsgårdsvej 153,4250 Fuglebjerg,1.475.000,12-04-2006,"
Alm. Salg",14.047,3,Dobbelthus,105,2006,,Aktuel værdi
Vibevej 7,4250 Fuglebjerg,1.350.000,06-04-2006,"
Alm. Salg",11.637,4,Villa,116,1974,,Aktuel værdi
Sneslevvej 2,4250 Fuglebjerg,1.250.000,06-04-2006,"
Alm. Salg",3.687,7,Villa,339,1885,,Aktuel værdi
Flemstoftevej 5,4250 Fuglebjerg,2.220.000,04-04-2006,"
Alm. Salg",5.606,11,Villa,396,1878,,Aktuel værdi
Erik Bøghs Vej 25,4250 Fuglebjerg,1.375.000,25-03-2006,"
Alm. Salg",11.752,4,Villa,117,1966,,Aktuel værdi
Stjernelunden 4,4250 Fuglebjerg,1.825.000,20-03-2006,"
Alm. Salg",13.825,4,Villa,132,2002,,Aktuel værdi
Tystrupvej 36,4250 Fuglebjerg,1.310.000,08-03-2006,"
Fam. Salg",6.517,6,Villa,201,1857,,Aktuel værdi
Rugkrogvej 10,4250 Fuglebjerg,2.425.000,06-03-2006,"
Alm. Salg",11.123,7,Villa,218,1863,,Aktuel værdi
Solsortevej 2,4250 Fuglebjerg,1.495.000,01-03-2006,"
Alm. Salg",11.240,4,Villa,133,1978,,Aktuel værdi
Langebjergvej 16,4250 Fuglebjerg,816.000,28-02-2006,"
Fam. Salg",6.000,5,Stuehus,136,1977,,
Falkevænget 3,4250 Fuglebjerg,1.650.000,27-02-2006,"
Alm. Salg",8.291,6,Villa,199,1979,,Aktuel værdi
Haldagermaglevej 19,4250 Fuglebjerg,1.800.000,07-02-2006,"
Alm. Salg",10.714,6,Villa,168,1906,,Aktuel værdi
Langebjergvej 10,4250 Fuglebjerg,2.050.000,05-01-2006,"
Alm. Salg",9.715,6,Villa,211,1775,,Aktuel værdi
Indre Krummerupvej 30,4250 Fuglebjerg,2.850.000,04-01-2006,"
Alm. Salg",11.680,8,Villa,244,1968,,Aktuel værdi
Grængebjergvej 13,4250 Fuglebjerg,695.000,29-12-2005,"
Alm. Salg",-,4,Villa,141,1900,,Aktuel værdi
Anne Marie Vej 25,4250 Fuglebjerg,688.500,22-12-2005,"
Fam. Salg",6.557,3,Villa,105,1972,,Aktuel værdi
Sandvedvej 36,4250 Fuglebjerg,1.670.000,16-12-2005,"
Alm. Salg",7.990,7,Villa,209,1867,,Aktuel værdi
Lindekrogvej 4,4250 Fuglebjerg,1.201.000,13-12-2005,"
Alm. Salg",12.776,3,Villa,94,1939,,Aktuel værdi
Dalsgårdsvej 155,4250 Fuglebjerg,1.420.000,16-11-2005,"
Alm. Salg",13.523,4,Dobbelthus,105,2006,,Aktuel værdi
Sneslevvej 43,4250 Fuglebjerg,391.000,14-11-2005,"
Fam. Salg",4.768,2,Villa,82,1897,,Aktuel værdi
Næblerødvej 2,4250 Fuglebjerg,1.452.213,04-11-2005,"
Alm. Salg",9.369,3,Villa,155,1878,,Aktuel værdi
Margrethevej 30,4250 Fuglebjerg,815.000,27-10-2005,"
Fam. Salg",6.269,3,Villa,130,1967,,Aktuel værdi
Svalevænget 11,4250 Fuglebjerg,1.360.000,27-10-2005,"
Alm. Salg",9.066,5,Villa,150,1973,,Aktuel værdi
Sneslevvej 46,4250 Fuglebjerg,995.000,25-10-2005,"
Alm. Salg",10.585,5,Villa,94,1906,,Aktuel værdi
Dalsgårdsvej 43,4250 Fuglebjerg,1.700.000,17-10-2005,"
Alm. Salg",13.385,3,Villa,127,1999,,Aktuel værdi
Bendslevvej 40,4250 Fuglebjerg,780.000,13-10-2005,"
Alm. Salg",5.270,5,Villa,148,1800,,Aktuel værdi
Rugkrogvej 29,4250 Fuglebjerg,835.000,12-10-2005,"
Alm. Salg",9.488,3,Villa,88,1963,,Aktuel værdi
Dalsgårdsvej 135,4250 Fuglebjerg,309.000,12-10-2005,"
Alm. Salg",2.073,5,Villa,149,2006,,Aktuel værdi
Stjernelunden 13,4250 Fuglebjerg,320.000,03-10-2005,"
Alm. Salg",2.461,4,Villa,130,2006,,Aktuel værdi
Rugkrogvej 3,4250 Fuglebjerg,1.495.000,01-10-2005,"
Alm. Salg",8.081,7,Villa,185,1878,,Aktuel værdi
Røgeskovvej 1,4250 Fuglebjerg,310.100,23-09-2005,"
Fam. Salg",1.987,5,Stuehus,156,1880,,
Mågevej 5,4250 Fuglebjerg,1.320.000,23-09-2005,"
Alm. Salg",11.578,4,Villa,114,1978,,Aktuel værdi
Haldagermaglevej 5,4250 Fuglebjerg,2.125.000,20-09-2005,"
Fam. Salg",13.980,5,Stuehus,152,1885,,
Lærkevej 2,4250 Fuglebjerg,1.125.000,08-09-2005,"
Alm. Salg",6.656,5,Villa,169,1972,,Aktuel værdi
Virkelystvej 16,4250 Fuglebjerg,1.400.000,30-08-2005,"
Alm. Salg",6.965,7,Stuehus,201,1885,,
Bendslevvej 49,4250 Fuglebjerg,444.500,29-08-2005,"
Alm. Salg",3.244,5,Villa,137,1900,,Aktuel værdi
Palmevængevej 1,4250 Fuglebjerg,1.550.000,11-08-2005,"
Alm. Salg",8.659,4,Villa,179,1922,,Aktuel værdi
Solvænget 6,4250 Fuglebjerg,750.000,09-08-2005,"
Alm. Salg",-,7,Villa,150,1962,,Aktuel værdi
Fuglebjergvej 9,4250 Fuglebjerg,700.000,24-07-2005,"
Fam. Salg",5.343,6,Villa,131,1954,,Aktuel værdi
Tystrupvej 16,4250 Fuglebjerg,1.100.000,24-07-2005,"
Fam. Salg",7.189,4,Villa,153,1954,,Aktuel værdi
Dalsgårdsvej 147,4250 Fuglebjerg,250.425,18-07-2005,"
Alm. Salg",1.636,5,Villa,153,2006,,Aktuel værdi
Rejnstrupvej 16,4250 Fuglebjerg,945.000,17-07-2005,"
Alm. Salg",6.428,5,Villa,147,1968,,Aktuel værdi
Haldager Mark Vej 5,4250 Fuglebjerg,155.000,16-07-2005,"
Alm. Salg",1.371,5,Stuehus,113,1900,,
Skælskørvej 72,4250 Fuglebjerg,550.000,14-07-2005,"
Alm. Salg",-,6,Villa,173,1928,,Aktuel værdi
Hørhavevej 5,4250 Fuglebjerg,3.407.000,13-07-2005,"
Alm. Salg",-,5,Stuehus,236,1800,,
Næstvedvej 7,4250 Fuglebjerg,1.600.000,01-07-2005,"
Alm. Salg",4.040,17,Villa,396,1840,,Aktuel værdi
Haldager Mark Vej 15,4250 Fuglebjerg,825.000,30-06-2005,"
Alm. Salg",5.061,4,Villa,163,1876,,Aktuel værdi
Dalsgårdsvej 41,4250 Fuglebjerg,1.750.000,30-06-2005,"
Alm. Salg",10.670,6,Villa,164,1998,,Aktuel værdi
Lundevej 7,4250 Fuglebjerg,975.000,27-06-2005,"
Alm. Salg",5.270,6,Villa,185,1887,,Aktuel værdi
Næblerødvej 5,4250 Fuglebjerg,1.745.000,20-06-2005,"
Alm. Salg",7.270,5,Villa,240,1976,,Aktuel værdi
Tystrupvej 37,4250 Fuglebjerg,1.895.000,14-06-2005,"
Alm. Salg",13.439,6,Villa,141,1932,,Aktuel værdi
Sorøvej 6,4250 Fuglebjerg,735.000,14-06-2005,"
Alm. Salg",8.448,5,Villa,87,1923,,Aktuel værdi
Benediktevej 12,4250 Fuglebjerg,1.295.000,13-06-2005,"
Alm. Salg",9.250,4,Villa,140,1969,,Aktuel værdi
Mågevej 13,4250 Fuglebjerg,1.145.000,06-06-2005,"
Alm. Salg",9.956,3,Villa,115,1977,,Aktuel værdi
Dalsgårdsvej 66,4250 Fuglebjerg,1.350.000,28-05-2005,"
Alm. Salg",10.800,5,Villa,125,1980,,Aktuel værdi
Indre Krummerupvej 7,4250 Fuglebjerg,970.000,26-05-2005,"
Alm. Salg",8.220,5,Villa,118,1922,,Aktuel værdi
Anne Marie Vej 21,4250 Fuglebjerg,975.000,21-05-2005,"
Alm. Salg",9.375,3,Villa,104,1972,,Aktuel værdi
Rødkælkevej 1,4250 Fuglebjerg,1.175.000,20-05-2005,"
Alm. Salg",7.629,6,Villa,154,1973,,Aktuel værdi
Skælskørvej 61,4250 Fuglebjerg,700.000,02-05-2005,"
Auktion",2.592,9,Villa,270,1870,,Aktuel værdi
Kirkevej 12,4250 Fuglebjerg,1.230.000,26-04-2005,"
Alm. Salg",7.735,4,Villa,159,1969,,Aktuel værdi
Skælskørvej 80,4250 Fuglebjerg,795.000,20-04-2005,"
Alm. Salg",9.352,3,Villa,85,1901,,Aktuel værdi
Haldager Mark Vej 2,4250 Fuglebjerg,2.030.000,12-04-2005,"
Alm. Salg",6.424,9,Stuehus,316,1853,,
Dalsgårdsvej 24B,4250 Fuglebjerg,815.000,12-04-2005,"
Alm. Salg",10.723,3,Dobbelthus,76,1984,,Aktuel værdi
Dalsgårdsvej 131A,4250 Fuglebjerg,244.000,07-04-2005,"
Alm. Salg",3.050,3,Dobbelthus,80,2005,,Aktuel værdi
Virkelystvej 10,4250 Fuglebjerg,1.171.408,04-04-2005,"
Alm. Salg",8.488,4,Stuehus,138,1935,,
Ydre Korsørvej 19,4250 Fuglebjerg,731.000,28-03-2005,"
Fam. Salg",9.746,2,Stuehus,75,1857,,
Næstvedvej 13,4250 Fuglebjerg,1.094.064,21-03-2005,"
Alm. Salg",8.104,4,Villa,135,1860,,Aktuel værdi
Sneslevvej 81,4250 Fuglebjerg,330.000,16-03-2005,"
Alm. Salg",1.641,4,Villa,201,2015,,Aktuel værdi
Vådagervej 2,4250 Fuglebjerg,625.000,11-03-2005,"
Alm. Salg",8.445,4,Villa,74,1958,,Aktuel værdi
Stjernelunden 9,4250 Fuglebjerg,244.492,04-03-2005,"
Alm. Salg",1.880,5,Villa,130,2005,,Aktuel værdi
Solvænget 1,4250 Fuglebjerg,735.000,02-03-2005,"
Alm. Salg",9.800,3,Villa,75,1962,,Aktuel værdi
Haldagerlillevej 15,4250 Fuglebjerg,6.500.000,27-02-2005,"
Alm. Salg",46.099,6,Stuehus,141,1877,,
Kællerødvej 11,4250 Fuglebjerg,31.000,17-02-2005,"
Fam. Salg",155,4,Villa,200,2005,,Aktuel værdi
Dalsgårdsvej 35,4250 Fuglebjerg,104.000,07-02-2005,"
Alm. Salg",896,4,Villa,116,2006,,Aktuel værdi
Krummerupvej 57,4250 Fuglebjerg,81.250,07-02-2005,"
Alm. Salg",527,7,Stuehus,154,1888,,
Kærsangervej 1,4250 Fuglebjerg,592.500,04-02-2005,"
Fam. Salg",4.232,5,Villa,140,1974,,Aktuel værdi
Storgårdsvej 4,4250 Fuglebjerg,355.000,28-01-2005,"
Fam. Salg",-,5,Villa,153,1965,,Aktuel værdi
Bakkevej 4,4250 Fuglebjerg,1.575.000,27-01-2005,"
Alm. Salg",5.015,7,Stuehus,314,1901,,
Skælskørvej 63,4250 Fuglebjerg,810.000,26-01-2005,"
Alm. Salg",6.230,4,Villa,130,1916,,Aktuel værdi
Ydre Korsørvej 17,4250 Fuglebjerg,895.000,20-01-2005,"
Alm. Salg",13.560,2,Villa,66,2002,,Aktuel værdi
Sneslevvej 23,4250 Fuglebjerg,795.000,17-01-2005,"
Alm. Salg",7.871,5,Villa,101,1900,,Aktuel værdi
Rejnstrupvej 10,4250 Fuglebjerg,1.325.000,09-01-2005,"
Alm. Salg",11.134,3,Villa,119,1906,,Aktuel værdi
Krummerupvej 39,4250 Fuglebjerg,2.775.000,15-12-2004,"
Alm. Salg",11.100,7,Stuehus,250,2002,,
Korsørvej 45,4250 Fuglebjerg,2.850.000,14-12-2004,"
Alm. Salg",10.961,8,Stuehus,260,1926,,
Vibevænget 7,4250 Fuglebjerg,1.275.000,12-12-2004,"
Alm. Salg",9.375,4,Villa,136,1973,,Aktuel værdi
Falkevænget 8,4250 Fuglebjerg,1.575.000,10-12-2004,"
Alm. Salg",10.031,5,Villa,157,1987,,Aktuel værdi
Virkelystvej 14,4250 Fuglebjerg,790.000,01-12-2004,"
Alm. Salg",8.061,3,Stuehus,98,1897,,
Dalsgårdsvej 53,4250 Fuglebjerg,1.770.000,30-11-2004,"
Alm. Salg",10.290,6,Villa,172,2000,,Aktuel værdi
Tværvej 10,4250 Fuglebjerg,1.160.000,30-11-2004,"
Alm. Salg",8.656,4,Villa,134,1923,,Aktuel værdi
Korsørvej 37,4250 Fuglebjerg,1.045.000,29-11-2004,"
Alm. Salg",8.708,5,Villa,120,1931,,Aktuel værdi
Langebjergvej 5,4250 Fuglebjerg,1.050.000,28-11-2004,"
Alm. Salg",3.476,8,Stuehus,302,1855,,
Tystrupvej 79,4250 Fuglebjerg,241.000,19-11-2004,"
Fam. Salg",4.228,2,Villa,57,1777,,Aktuel værdi
Stjernelunden 11,4250 Fuglebjerg,1.800.000,16-11-2004,"
Alm. Salg",12.162,5,Villa,148,2001,,Aktuel værdi
Ingridvej 3,4250 Fuglebjerg,1.157.051,09-11-2004,"
Alm. Salg",10.149,4,Villa,114,1971,,Aktuel værdi
Erik Bøghs Vej 27,4250 Fuglebjerg,825.000,08-11-2004,"
Alm. Salg",6.818,3,Villa,121,1963,,Aktuel værdi
Solsortevej 6,4250 Fuglebjerg,1.295.000,28-10-2004,"
Alm. Salg",9.664,4,Villa,134,1974,,Aktuel værdi
Fuglebjergvej 3,4250 Fuglebjerg,798.000,22-10-2004,"
Alm. Salg",8.226,4,Villa,97,1902,,Aktuel værdi
"Torvet 4, 1",4250 Fuglebjerg,480.000,19-10-2004,"
Alm. Salg",7.058,2,Lejlighed,68,1927,,Aktuel værdi
Sorøvej 46,4250 Fuglebjerg,10.100.000,18-10-2004,"
Alm. Salg",68.243,6,Villa,148,1901,,Aktuel værdi
Skælskørvej 98,4250 Fuglebjerg,1.595.000,14-10-2004,"
Alm. Salg",11.000,6,Villa,145,1910,,Aktuel værdi
Dyndmosevej 2,4250 Fuglebjerg,2.250.000,26-09-2004,"
Alm. Salg",10.321,6,Villa,218,1777,,Aktuel værdi
Stjernelunden 12,4250 Fuglebjerg,289.492,22-09-2004,"
Alm. Salg",1.712,5,Villa,169,2005,,Aktuel værdi
Stjernelunden 2,4250 Fuglebjerg,1.572.198,11-08-2004,"
Alm. Salg",11.910,4,Villa,132,2003,,Aktuel værdi
Lindekrogvej 10,4250 Fuglebjerg,1.093.215,10-08-2004,"
Alm. Salg",11.882,4,Villa,92,1917,,Aktuel værdi
Tystrupvej 15,4250 Fuglebjerg,1.550.000,30-07-2004,"
Alm. Salg",10.544,5,Villa,147,1891,,Aktuel værdi
Sneslevvej 14,4250 Fuglebjerg,3.800.000,23-07-2004,"
Alm. Salg",12.666,12,Stuehus,300,1913,,
Skælskørvej 96,4250 Fuglebjerg,1.150.000,16-07-2004,"
Alm. Salg",9.663,4,Villa,119,1962,,Aktuel værdi
Ingridvej 27,4250 Fuglebjerg,1.150.000,14-07-2004,"
Alm. Salg",7.324,4,Villa,157,1973,,Aktuel værdi
Dalsgårdsvej 55,4250 Fuglebjerg,1.370.000,11-07-2004,"
Alm. Salg",10.960,4,Villa,125,2000,,Aktuel værdi
Næstvedvej 11,4250 Fuglebjerg,725.000,08-07-2004,"
Alm. Salg",6.971,3,Villa,104,1963,,Aktuel værdi
Anne Marie Vej 19,4250 Fuglebjerg,1.200.000,03-07-2004,"
Alm. Salg",8.053,4,Villa,149,1971,,Aktuel værdi
Sorøvej 22A,4250 Fuglebjerg,2.175.000,01-07-2004,"
Alm. Salg",6.861,9,Villa,317,1964,,Aktuel værdi
Mågevej 38,4250 Fuglebjerg,1.170.000,01-06-2004,"
Alm. Salg",-,6,Villa,185,1979,,Aktuel værdi
Dalsgårdsvej 18A,4250 Fuglebjerg,943.552,10-05-2004,"
Alm. Salg",9.072,3,Dobbelthus,104,2004,,Aktuel værdi
Korsørvej 46,4250 Fuglebjerg,995.000,24-04-2004,"
Alm. Salg",7.896,4,Villa,126,1964,,Aktuel værdi
Tranevej 9,4250 Fuglebjerg,998.402,14-04-2004,"
Alm. Salg",8.320,4,Villa,120,1978,,Aktuel værdi
Tystrupvej 45A,4250 Fuglebjerg,850.000,07-04-2004,"
Alm. Salg",2.972,5,Villa,286,2007,,Aktuel værdi
Haldagerlillevej 7A,4250 Fuglebjerg,1.600.000,02-04-2004,"
Alm. Salg",6.837,7,Villa,234,1989,,Aktuel værdi
Næblerødvej 9,4250 Fuglebjerg,853.279,15-03-2004,"
Fam. Salg",3.555,9,Stuehus,240,1969,,
Vibevænget 13,4250 Fuglebjerg,1.036.856,15-03-2004,"
Andet",7.975,4,Villa,130,1976,,Aktuel værdi
Spurvevej 50,4250 Fuglebjerg,985.000,25-02-2004,"
Alm. Salg",7.755,4,Villa,127,1977,,Aktuel værdi
Næblerødvej 13,4250 Fuglebjerg,298.434,23-02-2004,"
Alm. Salg",4.973,2,Villa,60,1828,,Aktuel værdi
Benediktevej 18,4250 Fuglebjerg,1.195.000,18-02-2004,"
Alm. Salg",9.958,4,Villa,120,1969,,Aktuel værdi
Højbjergvej 24,4250 Fuglebjerg,529.017,05-02-2004,"
Alm. Salg",7.779,2,Villa,68,1800,,Aktuel værdi
Tværvej 18,4250 Fuglebjerg,657.397,01-02-2004,"
Fam. Salg",5.618,3,Villa,117,1971,,Aktuel værdi
Tystrupvej 11,4250 Fuglebjerg,175.000,31-01-2004,"
Alm. Salg",1.121,3,Villa,156,1971,,Aktuel værdi
Anne Marie Vej 23,4250 Fuglebjerg,1.075.000,15-01-2004,"
Alm. Salg",7.312,4,Villa,147,1972,,Aktuel værdi
Skælskørvej 79,4250 Fuglebjerg,566.424,13-01-2004,"
Andet",7.080,4,Villa,80,1908,,Aktuel værdi
Sandvedvej 31,4250 Fuglebjerg,679.999,18-12-2003,"
Andet",6.538,4,Villa,104,1967,,Aktuel værdi
Sandvedvej 29,4250 Fuglebjerg,746.347,13-12-2003,"
Alm. Salg",7.774,4,Villa,96,1900,,Aktuel værdi
Dalsgårdsvej 17,4250 Fuglebjerg,1.255.000,09-12-2003,"
Alm. Salg",10.635,4,Villa,118,1995,,Aktuel værdi
Lindekrogvej 20,4250 Fuglebjerg,1.285.000,01-12-2003,"
Andet",10.362,5,Stuehus,124,1880,,
Sorøvej 34A,4250 Fuglebjerg,1.000.000,22-10-2003,"
Alm. Salg",4.651,9,Villa,215,1962,,Aktuel værdi
Skælskørvej 92,4250 Fuglebjerg,695.000,22-09-2003,"
Alm. Salg",-,4,Villa,124,1912,,Aktuel værdi
Haldagerlillevej 2,4250 Fuglebjerg,1.046.420,05-09-2003,"
Alm. Salg",6.228,5,Stuehus,168,1930,,
Margrethevej 11,4250 Fuglebjerg,1.085.000,21-08-2003,"
Alm. Salg",9.041,4,Villa,120,1966,,Aktuel værdi
Sneslevvej 26,4250 Fuglebjerg,700.000,18-08-2003,"
Alm. Salg",5.737,4,Villa,122,1911,,Aktuel værdi
Anne Marie Vej 17,4250 Fuglebjerg,975.000,18-08-2003,"
Alm. Salg",6.964,4,Villa,140,1971,,Aktuel værdi
Rødkælkevej 11,4250 Fuglebjerg,1.015.000,14-08-2003,"
Alm. Salg",7.807,5,Villa,130,1974,,Aktuel værdi
Næstved Landevej 10,4250 Fuglebjerg,709.355,12-08-2003,"
Alm. Salg",8.979,2,Villa,79,1800,,Aktuel værdi
Margrethevej 22,4250 Fuglebjerg,900.000,31-07-2003,"
Alm. Salg",8.181,4,Villa,110,1967,,Aktuel værdi
Haldagermaglevej 29,4250 Fuglebjerg,700.000,23-06-2003,"
Alm. Salg",-,7,Villa,137,1965,,Aktuel værdi
Dalsgårdsvej 18B,4250 Fuglebjerg,37.321,11-06-2003,"
Alm. Salg",358,3,Dobbelthus,104,2004,,Aktuel værdi
Sorøvej 37,4250 Fuglebjerg,1.404.903,09-06-2003,"
Alm. Salg",11.707,3,Stuehus,120,1911,,
Sneslevvej 5,4250 Fuglebjerg,755.000,31-05-2003,"
Alm. Salg",3.973,6,Villa,190,1907,,Aktuel værdi
Næstved Landevej 8,4250 Fuglebjerg,1.248.000,27-05-2003,"
Alm. Salg",6.534,5,Villa,191,1897,,Aktuel værdi
Margrethevej 3,4250 Fuglebjerg,930.000,22-05-2003,"
Alm. Salg",8.691,4,Villa,107,1969,,Aktuel værdi
Ydre Korsørvej 15,4250 Fuglebjerg,600.000,22-05-2003,"
Alm. Salg",5.714,4,Villa,105,1878,,Aktuel værdi
Kællerødvej 2,4250 Fuglebjerg,2.200.000,20-05-2003,"
Alm. Salg",9.482,4,Villa,232,1992,,Aktuel værdi
Krummerupvej 61,4250 Fuglebjerg,1.185.000,18-05-2003,"
Alm. Salg",6.849,4,Villa,173,1905,,Aktuel værdi
Storgårdsvej 5,4250 Fuglebjerg,4.055.000,06-05-2003,"
Fam. Salg",11.519,10,Stuehus,352,1890,,
Krogvej 7,4250 Fuglebjerg,1.650.000,30-04-2003,"
Alm. Salg",8.418,5,Stuehus,196,1860,,
Tystrupvej 36A,4250 Fuglebjerg,1.662.320,24-04-2003,"
Alm. Salg",7.421,6,Villa,224,1978,,Aktuel værdi
Spurvevej 46,4250 Fuglebjerg,892.500,31-03-2003,"
Fam. Salg",5.509,5,Villa,162,1976,,Aktuel værdi
Sneslevvej 45,4250 Fuglebjerg,1.176.000,27-03-2003,"
Alm. Salg",8.977,2,Stuehus,131,1890,,
Palmevængevej 21,4250 Fuglebjerg,650.000,19-03-2003,"
Alm. Salg",3.757,4,Villa,173,1852,,Aktuel værdi
Dalsgårdsvej 10,4250 Fuglebjerg,1.050.000,13-03-2003,"
Alm. Salg",7.777,4,Villa,135,1981,,Aktuel værdi
Bakkegårdsvej 1,4250 Fuglebjerg,1.700.000,21-02-2003,"
Alm. Salg",9.042,7,Villa,188,1870,,Aktuel værdi
Dalsgårdsvej 129,4250 Fuglebjerg,244.175,13-02-2003,"
Alm. Salg",1.585,6,Villa,154,2004,,Aktuel værdi
Rolighedsvej 5,4250 Fuglebjerg,825.000,03-02-2003,"
Alm. Salg",6.875,4,Villa,120,1950,,Aktuel værdi
Parkvej 2,4250 Fuglebjerg,1.500.000,25-01-2003,"
Alm. Salg",8.823,7,Villa,170,1959,,Aktuel værdi
Korsørvej 20,4250 Fuglebjerg,385.000,19-01-2003,"
Alm. Salg",2.851,5,Villa,135,1909,,Aktuel værdi
Skælskørvej 51,4250 Fuglebjerg,666.649,11-01-2003,"
Alm. Salg",6.944,4,Villa,96,1957,,Aktuel værdi
Sneslevvej 41,4250 Fuglebjerg,2.575.000,16-12-2002,"
Alm. Salg",14.548,5,Stuehus,177,1982,,
Korsørvej 4,4250 Fuglebjerg,47.500,08-12-2002,"
Alm. Salg",1.583,4,Villa,30,1850,,Aktuel værdi
Højbjergvej 8,4250 Fuglebjerg,1.600.000,08-12-2002,"
Fam. Salg",8.556,6,Stuehus,187,2011,,
Korsørvej 31A,4250 Fuglebjerg,1.033.500,07-11-2002,"
Alm. Salg",11.483,3,Rækkehus,90,2003,,Aktuel værdi
Lærkevej 35,4250 Fuglebjerg,1.075.000,21-10-2002,"
Alm. Salg",6.803,5,Villa,158,1974,,Aktuel værdi
Palmevængevej 11,4250 Fuglebjerg,1.325.000,28-09-2002,"
Alm. Salg",11.830,5,Stuehus,112,1979,,
Haldagerlillevej 8,4250 Fuglebjerg,1.075.000,24-09-2002,"
Alm. Salg",7.678,7,Villa,140,1928,,Aktuel værdi
Vibevænget 5,4250 Fuglebjerg,790.000,10-09-2002,"
Alm. Salg",7.314,4,Villa,108,1973,,Aktuel værdi
Flemstoftevej 14,4250 Fuglebjerg,271.500,30-08-2002,"
Alm. Salg",1.160,3,Villa,234,1920,,Aktuel værdi
Skælskørvej 102,4250 Fuglebjerg,890.000,26-08-2002,"
Alm. Salg",3.787,7,Villa,235,1930,,Aktuel værdi
Indre Krummerupvej 17,4250 Fuglebjerg,1.075.000,26-08-2002,"
Alm. Salg",5.906,6,Villa,182,1953,,Aktuel værdi
Mågevej 18,4250 Fuglebjerg,822.601,10-08-2002,"
Alm. Salg",8.568,4,Rækkehus,96,1977,,Aktuel værdi
Solsortevej 7,4250 Fuglebjerg,940.000,06-08-2002,"
Alm. Salg",8.173,4,Villa,115,1974,,Aktuel værdi
Palmevængevej 17,4250 Fuglebjerg,1.295.000,01-08-2002,"
Alm. Salg",10.528,4,Stuehus,123,1800,,
Storgårdsvej 3,4250 Fuglebjerg,1.425.125,24-07-2002,"
Alm. Salg",5.545,8,Villa,257,1979,,Aktuel værdi
Tranevej 2,4250 Fuglebjerg,1.050.000,10-07-2002,"
Alm. Salg",7.094,4,Villa,148,1977,,Aktuel værdi
Korsørvej 26,4250 Fuglebjerg,450.000,05-07-2002,"
Alm. Salg",5.625,4,Villa,80,1913,,Aktuel værdi
Anne Marie Vej 29,4250 Fuglebjerg,1.023.696,05-07-2002,"
Alm. Salg",9.140,4,Villa,112,1972,,Aktuel værdi
Hørhavevej 1,4250 Fuglebjerg,3.100.000,10-06-2002,"
Alm. Salg",8.401,7,Stuehus,369,1913,,
Sandvedvej 4,4250 Fuglebjerg,1.300.000,07-05-2002,"
Alm. Salg",13.000,10,Engroshandel,100,1901,,Aktuel værdi
Haldager Mark Vej 34,4250 Fuglebjerg,283.590,30-04-2002,"
Alm. Salg",2.509,3,Stuehus,113,1887,,
Sneslevvej 47,4250 Fuglebjerg,1.090.000,30-04-2002,"
Alm. Salg",5.561,6,Villa,196,1900,,Aktuel værdi
Margrethevej 9,4250 Fuglebjerg,948.184,29-04-2002,"
Alm. Salg",7.836,4,Villa,121,1967,,Aktuel værdi
Bakkevej 3,4250 Fuglebjerg,212.500,17-04-2002,"
Alm. Salg",2.125,4,Villa,100,1800,,Aktuel værdi
Brunemosevej 10,4250 Fuglebjerg,2.175.000,11-04-2002,"
Alm. Salg",9.841,9,Stuehus,221,1903,,
Mågevej 34,4250 Fuglebjerg,1.070.000,09-04-2002,"
Alm. Salg",8.045,4,Villa,133,1979,,Aktuel værdi
Spurvevej 14A,4250 Fuglebjerg,758.049,17-03-2002,"
Alm. Salg",7.505,4,Rækkehus,101,1978,,Aktuel værdi
Rugkrogvej 33,4250 Fuglebjerg,2.431.000,12-03-2002,"
Fam. Salg",18.557,4,Villa,131,1940,,Aktuel værdi
Sneslevvej 55,4250 Fuglebjerg,656.800,06-03-2002,"
Alm. Salg",-,5,Villa,86,1976,,Aktuel værdi
Lindekrogvej 15,4250 Fuglebjerg,1.099.580,15-02-2002,"
Alm. Salg",14.468,3,Stuehus,76,1890,,
Mågevej 20,4250 Fuglebjerg,749.620,18-01-2002,"
Alm. Salg",7.808,4,Rækkehus,96,1977,,Aktuel værdi
Sorøvej 25,4250 Fuglebjerg,714.682,06-01-2002,"
Alm. Salg",7.367,5,Villa,97,1928,,Aktuel værdi
Ingridvej 19,4250 Fuglebjerg,650.000,31-12-2001,"
Fam. Salg",5.462,4,Villa,119,1970,,Aktuel værdi
Haldagermaglevej 31,4250 Fuglebjerg,594.666,25-12-2001,"
Alm. Salg",6.326,2,Villa,94,1917,,Aktuel værdi
Svalevej 19,4250 Fuglebjerg,1.050.000,04-12-2001,"
Alm. Salg",6.176,4,Villa,170,1973,,Aktuel værdi
Fredensvej 9,4250 Fuglebjerg,720.000,30-11-2001,"
Alm. Salg",4.864,6,Villa,148,1950,,Aktuel værdi
Erik Bøghs Vej 6,4250 Fuglebjerg,765.420,14-11-2001,"
Alm. Salg",9.112,3,Villa,84,1959,,Aktuel værdi
Fladholtevej 13,4250 Fuglebjerg,2.400.000,14-11-2001,"
Alm. Salg",17.777,5,Stuehus,135,1897,,
Kællerødvej 10,4250 Fuglebjerg,1.487.500,18-10-2001,"
Alm. Salg",14.583,5,Villa,102,1939,,Aktuel værdi
Højbjergvej 9,4250 Fuglebjerg,1.225.000,07-10-2001,"
Alm. Salg",7.080,4,Villa,173,1800,,Aktuel værdi
Højbjergvej 11,4250 Fuglebjerg,80.000,17-09-2001,"
Alm. Salg",503,5,Villa,159,2003,,Aktuel værdi
Tystrupvej 47,4250 Fuglebjerg,1.500.000,03-09-2001,"
Alm. Salg",7.462,6,Villa,201,1900,,Aktuel værdi
Ydre Korsørvej 5,4250 Fuglebjerg,735.000,03-09-2001,"
Alm. Salg",-,4,Villa,143,1909,,Aktuel værdi
Lundevej 13,4250 Fuglebjerg,850.000,30-07-2001,"
Alm. Salg",-,4,Villa,246,1877,,Aktuel værdi
Dalsgårdsvej 151,4250 Fuglebjerg,248.700,19-07-2001,"
Alm. Salg",1.213,5,Villa,205,2001,,Aktuel værdi
Sandvedvej 45,4250 Fuglebjerg,870.000,17-07-2001,"
Alm. Salg",6.170,3,Villa,141,1958,,Aktuel værdi
Ydre Korsørvej 3,4250 Fuglebjerg,2.761.686,11-07-2001,"
Alm. Salg",26.301,4,Stuehus,105,1905,,
Svalevænget 9,4250 Fuglebjerg,921.627,30-06-2001,"
Alm. Salg",7.616,3,Villa,121,1973,,Aktuel værdi
Sandvedvej 53,4250 Fuglebjerg,3.300.000,20-06-2001,"
Alm. Salg",20.625,6,Stuehus,160,1909,,
Storgårdsvej 6,4250 Fuglebjerg,600.000,19-06-2001,"
Alm. Salg",5.660,3,Stuehus,106,1915,,
Krummerupvej 54,4250 Fuglebjerg,1.022.129,18-06-2001,"
Alm. Salg",-,8,Villa,176,1900,,Aktuel værdi
Grængebjergvej 2,4250 Fuglebjerg,404.100,14-06-2001,"
Andet",2.786,7,Villa,145,1870,,Aktuel værdi
Gunderslevvej 2,4250 Fuglebjerg,1.127.000,29-05-2001,"
Alm. Salg",7.719,5,Stuehus,146,1850,,
Sneslevvej 20,4250 Fuglebjerg,660.270,29-05-2001,"
Alm. Salg",8.253,3,Villa,80,1912,,Aktuel værdi
Bendslevvej 20,4250 Fuglebjerg,499.000,16-05-2001,"
Alm. Salg",6.237,3,Villa,80,1906,,Aktuel værdi
Spurvevej 30,4250 Fuglebjerg,898.000,08-05-2001,"
Alm. Salg",7.877,4,Villa,114,1976,,Aktuel værdi
Haldagermaglevej 18,4250 Fuglebjerg,678.000,28-04-2001,"
Alm. Salg",5.895,5,Villa,115,1880,,Aktuel værdi
Palmevængevej 7,4250 Fuglebjerg,337.101,01-04-2001,"
Alm. Salg",1.883,6,Villa,179,1800,,Aktuel værdi
Langebjergvej 9,4250 Fuglebjerg,3.758.115,30-03-2001,"
Alm. Salg",21.849,6,Stuehus,172,1894,,
Sorøvej 31,4250 Fuglebjerg,1.100.000,30-03-2001,"
Alm. Salg",8.029,4,Stuehus,137,1926,,
Bendslevvej 50,4250 Fuglebjerg,1.265.000,26-03-2001,"
Alm. Salg",11.396,5,Stuehus,111,1941,,
Tystrupvej 20,4250 Fuglebjerg,540.000,26-03-2001,"
Fam. Salg",-,5,Villa,127,1945,,Aktuel værdi
Drosselvænget 5,4250 Fuglebjerg,978.090,24-03-2001,"
Alm. Salg",5.120,7,Villa,191,1974,,Aktuel værdi
Tystrupvej 34,4250 Fuglebjerg,828.646,16-03-2001,"
Alm. Salg",6.138,4,Villa,135,1921,,Aktuel værdi
Kirkevej 8,4250 Fuglebjerg,840.000,07-03-2001,"
Alm. Salg",6.086,4,Villa,138,1967,,Aktuel værdi
Dalsgårdsvej 9,4250 Fuglebjerg,407.955,06-03-2001,"
Fam. Salg",2.487,5,Villa,164,1980,,Aktuel værdi
Tystrupvej 49,4250 Fuglebjerg,1.125.000,20-02-2001,"
Alm. Salg",7.258,5,Villa,155,1916,,Aktuel værdi
Stjernelunden 10,4250 Fuglebjerg,240.000,01-02-2001,"
Alm. Salg",1.548,5,Villa,155,2001,,Aktuel værdi
Palmevængevej 20,4250 Fuglebjerg,906.788,29-01-2001,"
Alm. Salg",9.856,3,Villa,92,1860,,Aktuel værdi
Parkvej 8,4250 Fuglebjerg,684.962,12-12-2000,"
Alm. Salg",9.383,3,Villa,73,1946,,Aktuel værdi
Dalsgårdsvej 22B,4250 Fuglebjerg,723.000,06-12-2000,"
Alm. Salg",8.123,3,Rækkehus,89,1986,,Aktuel værdi
Dalsgårdsvej 37,4250 Fuglebjerg,1.200.000,23-11-2000,"
Alm. Salg",8.333,5,Villa,144,1999,,Aktuel værdi
Dalsgårdsvej 56,4250 Fuglebjerg,665.000,19-11-2000,"
Alm. Salg",6.584,3,Rækkehus,101,1980,,Aktuel værdi
Solsortevej 3,4250 Fuglebjerg,971.000,12-11-2000,"
Alm. Salg",7.585,4,Villa,128,1978,,Aktuel værdi
Flemstoftevej 9,4250 Fuglebjerg,1.100.000,21-10-2000,"
Alm. Salg",5.789,7,Villa,190,1918,,Aktuel værdi
Krummerupvej 47,4250 Fuglebjerg,803.000,10-10-2000,"
Alm. Salg",4.723,8,Villa,170,1906,,Aktuel værdi
Bakkegårdsvej 9,4250 Fuglebjerg,655.619,07-10-2000,"
Alm. Salg",5.906,4,Villa,111,1902,,Aktuel værdi
Svalevej 15,4250 Fuglebjerg,813.624,04-10-2000,"
Alm. Salg",7.899,4,Villa,103,1976,,Aktuel værdi
Fuglebjerglundvej 10,4250 Fuglebjerg,680.600,15-09-2000,"
Alm. Salg",5.867,4,Villa,116,1965,,Aktuel værdi
Slagelsevej 4,4250 Fuglebjerg,1.065.000,06-09-2000,"
Alm. Salg",9.342,4,Stuehus,114,1875,,
Ingridvej 7,4250 Fuglebjerg,785.000,25-08-2000,"
Alm. Salg",7.850,4,Villa,100,1975,,Aktuel værdi
Tranevej 5,4250 Fuglebjerg,1.430.532,20-07-2000,"
Alm. Salg",7.774,5,Villa,184,1976,,Aktuel værdi
Korsørvej 28,4250 Fuglebjerg,743.000,19-07-2000,"
Alm. Salg",5.269,5,Villa,141,1912,,Aktuel værdi
Drosselvænget 7,4250 Fuglebjerg,900.000,13-07-2000,"
Fam. Salg",5.696,4,Villa,158,1973,,Aktuel værdi
Sorøvej 42,4250 Fuglebjerg,290.000,28-06-2000,"
Alm. Salg",2.000,4,Villa,145,1902,,Aktuel værdi
Fuglebjerglundvej 26,4250 Fuglebjerg,174.334,27-06-2000,"
Alm. Salg",1.050,4,Stuehus,166,1852,,
Næstvedvej 8,4250 Fuglebjerg,1.083.000,23-06-2000,"
Alm. Salg",6.603,6,Villa,164,1917,,Aktuel værdi
Rejnstrupvej 22,4250 Fuglebjerg,864.000,19-06-2000,"
Alm. Salg",9.931,2,Villa,87,1922,,Aktuel værdi
Nyvej 3,4250 Fuglebjerg,894.946,02-06-2000,"
Alm. Salg",6.728,5,Villa,133,1928,,Aktuel værdi
Sneslevvej 35,4250 Fuglebjerg,950.000,23-05-2000,"
Alm. Salg",6.985,4,Stuehus,136,1906,,
Stjernelunden 6,4250 Fuglebjerg,245.000,11-05-2000,"
Alm. Salg",1.346,4,Villa,182,2000,,Aktuel værdi
Mågevej 14,4250 Fuglebjerg,367.494,27-04-2000,"
Andet",3.062,4,Villa,120,1978,,Aktuel værdi
Rugkrogvej 14,4250 Fuglebjerg,110.000,11-04-2000,"
Alm. Salg",679,5,Stuehus,162,1907,,
Flemstoftevej 15,4250 Fuglebjerg,813.422,27-03-2000,"
Alm. Salg",5.810,5,Villa,140,1877,,Aktuel værdi
Anne Marie Vej 8,4250 Fuglebjerg,831.000,18-01-2000,"
Alm. Salg",5.503,5,Villa,151,1968,,Aktuel værdi
Fredensvej 4,4250 Fuglebjerg,665.887,12-01-2000,"
Alm. Salg",5.044,5,Villa,132,1965,,Aktuel værdi
Langebjergvej 6,4250 Fuglebjerg,946.000,09-12-1999,"
Alm. Salg",12.613,3,Stuehus,75,1910,,
Margrethevej 21,4250 Fuglebjerg,590.000,23-11-1999,"
Alm. Salg",5.267,4,Villa,112,1966,,Aktuel værdi
Stjernelunden 14,4250 Fuglebjerg,270.000,09-11-1999,"
Alm. Salg",1.636,4,Villa,165,2000,,Aktuel værdi
Grængebjergvej 11,4250 Fuglebjerg,170.000,31-10-1999,"
Alm. Salg",2.236,5,Villa,76,1777,,Aktuel værdi
Lærkevej 3,4250 Fuglebjerg,835.000,27-10-1999,"
Alm. Salg",6.185,5,Villa,135,1972,,Aktuel værdi
Falkevænget 7,4250 Fuglebjerg,939.830,13-10-1999,"
Alm. Salg",8.543,4,Villa,110,1988,,Aktuel værdi
Stjernelunden 5,4250 Fuglebjerg,245.000,05-10-1999,"
Alm. Salg",1.633,4,Villa,150,1999,,Aktuel værdi
Dalsgårdsvej 36,4250 Fuglebjerg,1.162.267,15-09-1999,"
Alm. Salg",8.127,4,Villa,143,1986,,Aktuel værdi
Rugkrogvej 15,4250 Fuglebjerg,550.000,31-08-1999,"
Alm. Salg",3.179,6,Stuehus,173,2009,,
Palmevængevej 5,4250 Fuglebjerg,2.935.000,30-08-1999,"
Fam. Salg",10.951,8,Stuehus,268,1890,,
Sneslevvej 49,4250 Fuglebjerg,1.475.646,17-08-1999,"
Alm. Salg",11.012,5,Stuehus,134,1944,,
Rugkrogvej 19,4250 Fuglebjerg,381.000,02-08-1999,"
Alm. Salg",3.810,3,Villa,100,1840,,Aktuel værdi
Dalsgårdsvej 78,4250 Fuglebjerg,1.100.000,29-07-1999,"
Alm. Salg",6.626,6,Villa,166,1999,,Aktuel værdi
Benediktevej 20,4250 Fuglebjerg,766.000,09-07-1999,"
Alm. Salg",6.547,3,Villa,117,1969,,Aktuel værdi
Lærkevej 17,4250 Fuglebjerg,950.000,18-05-1999,"
Alm. Salg",5.428,5,Villa,175,1973,,Aktuel værdi
Skælskørvej 77,4250 Fuglebjerg,540.000,11-05-1999,"
Alm. Salg",7.714,3,Villa,70,1903,,Aktuel værdi
Fuglebjergvej 13,4250 Fuglebjerg,935.000,30-04-1999,"
Alm. Salg",2.073,12,Villa,451,1935,,Aktuel værdi
Fuglebjerglundvej 24,4250 Fuglebjerg,599.200,29-04-1999,"
Alm. Salg",7.490,4,Villa,80,1888,,Aktuel værdi
Næstvedvej 5,4250 Fuglebjerg,824.000,23-04-1999,"
Alm. Salg",4.454,6,Villa,185,1877,,Aktuel værdi
Haldager Mark Vej 28,4250 Fuglebjerg,899.900,19-04-1999,"
Alm. Salg",11.998,3,Stuehus,75,1935,,
Rugkrogvej 6,4250 Fuglebjerg,564.829,11-04-1999,"
Andet",2.424,6,Stuehus,233,1926,,
Duevænget 9,4250 Fuglebjerg,765.000,04-04-1999,"
Alm. Salg",6.428,4,Villa,119,1973,,Aktuel værdi
Næblerødvej 28,4250 Fuglebjerg,500.000,11-03-1999,"
Fam. Salg",3.125,7,Villa,160,1941,,Aktuel værdi
Højbjergvej 13,4250 Fuglebjerg,833.767,07-03-1999,"
Alm. Salg",3.403,7,Villa,245,1890,,Aktuel værdi
Dalsgårdsvej 20,4250 Fuglebjerg,1.208.320,01-03-1999,"
Alm. Salg",5.646,7,Villa,214,1984,,Aktuel værdi
Hindholmvej 23,4250 Fuglebjerg,3.512.218,04-02-1999,"
Fam. Salg",14.394,8,Stuehus,244,1936,,
Rugkrogvej 9,4250 Fuglebjerg,2.900.000,17-01-1999,"
Alm. Salg",-,10,Stuehus,325,1890,,
Højbjergvej 14,4250 Fuglebjerg,621.314,14-01-1999,"
Alm. Salg",4.970,3,Villa,125,1903,,Aktuel værdi
Lærkevej 10,4250 Fuglebjerg,775.000,11-01-1999,"
Alm. Salg",6.150,4,Villa,126,1974,,Aktuel værdi
Lindekrogvej 8,4250 Fuglebjerg,1.147.500,02-12-1998,"
Fam. Salg",7.650,6,Stuehus,150,1835,,
Parkvej 11,4250 Fuglebjerg,780.485,27-11-1998,"
Alm. Salg",6.294,4,Villa,124,1966,,Aktuel værdi
Fuglebjerglundvej 14,4250 Fuglebjerg,505.447,24-11-1998,"
Fam. Salg",2.888,7,Stuehus,175,1921,,
Erik Bøghs Vej 17,4250 Fuglebjerg,719.551,20-11-1998,"
Alm. Salg",5.451,5,Villa,132,1962,,Aktuel værdi
Dalsgårdsvej 50,4250 Fuglebjerg,1.039.000,11-11-1998,"
Alm. Salg",8.447,4,Villa,123,1998,,Aktuel værdi
Nortvedvej 9,4250 Fuglebjerg,1.820.415,14-10-1998,"
Alm. Salg",17.503,5,Stuehus,104,1903,,
Langebjergvej 12,4250 Fuglebjerg,459.000,02-10-1998,"
Alm. Salg",4.211,3,Villa,109,1878,,Aktuel værdi
Fuglebjerglundvej 19,4250 Fuglebjerg,1.183.000,25-09-1998,"
Alm. Salg",-,6,Stuehus,327,1887,,
Grængebjergvej 10,4250 Fuglebjerg,1.467.090,17-09-1998,"
Fam. Salg",6.112,8,Stuehus,240,2004,,
Fredensvej 16,4250 Fuglebjerg,630.000,14-09-1998,"
Alm. Salg",5.338,4,Villa,118,1954,,Aktuel værdi
Næblerødvej 10,4250 Fuglebjerg,570.000,18-08-1998,"
Fam. Salg",3.725,4,Villa,153,1974,,Aktuel værdi
Næstved Landevej 18,4250 Fuglebjerg,820.000,16-08-1998,"
Alm. Salg",12.238,4,Stuehus,67,1914,,
Rugkrogvej 18,4250 Fuglebjerg,887.000,11-08-1998,"
Alm. Salg",7.516,4,Villa,118,1877,,Aktuel værdi
Tystrupvej 43,4250 Fuglebjerg,1.699.350,11-08-1998,"
Alm. Salg",8.289,6,Villa,205,1890,,Aktuel værdi
Sandvedvej 49,4250 Fuglebjerg,553.000,31-07-1998,"
Alm. Salg",5.027,4,Villa,110,1986,,Aktuel værdi
Indre Krummerupvej 22,4250 Fuglebjerg,506.000,16-07-1998,"
Fam. Salg",4.728,3,Villa,107,1926,,Aktuel værdi
Tranevej 7,4250 Fuglebjerg,810.000,30-06-1998,"
Alm. Salg",5.400,4,Villa,150,1976,,Aktuel værdi
Lindekrogvej 7,4250 Fuglebjerg,1.300.000,29-06-1998,"
Alm. Salg",7.103,5,Stuehus,183,1900,,
Indre Krummerupvej 12,4250 Fuglebjerg,196.810,22-06-1998,"
Fam. Salg",2.659,3,Villa,74,1911,,Aktuel værdi
Sorøvej 52,4250 Fuglebjerg,880.000,22-06-1998,"
Alm. Salg",2.758,9,Villa,319,1857,,Aktuel værdi
Rugkrogvej 17,4250 Fuglebjerg,1.307.568,02-06-1998,"
Alm. Salg",7.558,8,Stuehus,173,1877,,
Slagelsevej 7,4250 Fuglebjerg,325.758,19-05-1998,"
Alm. Salg",3.660,5,Villa,89,1878,,Aktuel værdi
Kildehusvej 2,4250 Fuglebjerg,607.560,18-05-1998,"
Alm. Salg",5.376,2,Villa,113,1900,,Aktuel værdi
Korsørvej 7,4250 Fuglebjerg,225.000,23-04-1998,"
Alm. Salg",882,5,Villa,255,1868,,Aktuel værdi
Anne Marie Vej 1,4250 Fuglebjerg,820.500,10-04-1998,"
Alm. Salg",5.506,4,Villa,149,1965,,Aktuel værdi
Spurvevej 38,4250 Fuglebjerg,759.290,06-04-1998,"
Alm. Salg",5.624,5,Villa,135,1978,,Aktuel værdi
Palmevængevej 18,4250 Fuglebjerg,1.126.432,30-03-1998,"
Alm. Salg",9.386,2,Stuehus,120,1890,,
Fuglebjerglundvej 28,4250 Fuglebjerg,1.183.210,30-03-1998,"
Alm. Salg",13.146,2,Stuehus,90,1800,,
Dalsgårdsvej 6,4250 Fuglebjerg,610.715,27-03-1998,"
Alm. Salg",6.046,4,Dobbelthus,101,1979,,Aktuel værdi
Sneslevvej 51,4250 Fuglebjerg,533.417,13-03-1998,"
Alm. Salg",6.667,2,Villa,80,1900,,Aktuel værdi
Slagelsevej 8,4250 Fuglebjerg,486.220,02-02-1998,"
Alm. Salg",4.502,3,Villa,108,1969,,Aktuel værdi
Grængebjergvej 9,4250 Fuglebjerg,2.561.162,12-01-1998,"
Fam. Salg",12.313,10,Stuehus,208,1810,,
Tværvej 20,4250 Fuglebjerg,357.500,12-01-1998,"
Alm. Salg",3.310,4,Villa,108,1928,,Aktuel værdi
Fuglebjerglundvej 25,4250 Fuglebjerg,375.528,05-01-1998,"
Alm. Salg",2.933,4,Villa,128,1877,,Aktuel værdi
Storgårdsvej 8,4250 Fuglebjerg,637.136,03-11-1997,"
Alm. Salg",-,5,Stuehus,179,1877,,
Haldager Mark Vej 16,4250 Fuglebjerg,600.395,12-10-1997,"
Alm. Salg",6.671,2,Stuehus,90,1827,,
Brunemosevej 12,4250 Fuglebjerg,1.262.000,10-10-1997,"
Alm. Salg",8.089,5,Stuehus,156,1941,,
Nyvej 2,4250 Fuglebjerg,400.000,01-10-1997,"
Alm. Salg",4.444,5,Industri o.l.,90,1928,,Aktuel værdi
Rugkrogvej 25,4250 Fuglebjerg,1.028.015,29-09-1997,"
Alm. Salg",6.506,5,Stuehus,158,1900,,
Sorøvej 13,4250 Fuglebjerg,150.000,25-09-1997,"
Alm. Salg",857,7,Villa,175,1906,,Aktuel værdi
Sorøvej 23,4250 Fuglebjerg,309.928,18-09-1997,"
Alm. Salg",1.801,9,Villa,172,1800,,Aktuel værdi
Tystrupvej 27,4250 Fuglebjerg,265.000,12-09-1997,"
Fam. Salg",4.732,4,Stuehus,56,1898,,
Tystrupvej 32,4250 Fuglebjerg,507.700,08-09-1997,"
Alm. Salg",6.508,3,Villa,78,1958,,Aktuel værdi
Slagelsevej 10,4250 Fuglebjerg,426.000,08-09-1997,"
Alm. Salg",1.717,7,Villa,248,1907,,Aktuel værdi
Flemstoftevej 21,4250 Fuglebjerg,380.000,10-07-1997,"
Andet",4.222,3,Villa,90,1936,,Aktuel værdi
Fuglebjerglundvej 17,4250 Fuglebjerg,485.416,02-07-1997,"
Alm. Salg",2.805,6,Villa,173,1800,,Aktuel værdi
Palmevængevej 14,4250 Fuglebjerg,430.000,01-07-1997,"
Fam. Salg",2.687,5,Villa,160,1878,,Aktuel værdi
Haldagermaglevej 3,4250 Fuglebjerg,746.000,16-06-1997,"
Alm. Salg",4.662,9,Villa,160,1927,,Aktuel værdi
Indre Krummerupvej 20,4250 Fuglebjerg,465.000,16-06-1997,"
Alm. Salg",4.345,5,Villa,107,1926,,Aktuel værdi
Dalsgårdsvej 48,4250 Fuglebjerg,93.333,16-06-1997,"
Alm. Salg",583,4,Villa,160,1997,,Aktuel værdi
Haldager Mark Vej 10,4250 Fuglebjerg,798.700,15-06-1997,"
Alm. Salg",5.152,4,Villa,155,1877,,Aktuel værdi
Margrethevej 14,4250 Fuglebjerg,693.000,02-06-1997,"
Alm. Salg",5.330,5,Villa,130,1964,,Aktuel værdi
Vibevej 1,4250 Fuglebjerg,695.000,02-06-1997,"
Alm. Salg",6.435,4,Villa,108,1974,,Aktuel værdi
Lærkevej 12,4250 Fuglebjerg,500.000,02-06-1997,"
Alm. Salg",4.098,4,Villa,122,1972,,Aktuel værdi
Solvænget 14,4250 Fuglebjerg,334.500,03-04-1997,"
Alm. Salg",4.460,3,Villa,75,1961,,Aktuel værdi
Lindekrogvej 24,4250 Fuglebjerg,35.000,27-02-1997,"
Auktion",460,3,Villa,76,1800,,Aktuel værdi
Skælskørvej 73,4250 Fuglebjerg,1.900.000,10-02-1997,"
Fam. Salg",13.103,5,Stuehus,145,1877,,
Næstvedvej 19,4250 Fuglebjerg,325.000,04-02-1997,"
Alm. Salg",2.620,6,Villa,124,1800,,Aktuel værdi
Dalsgårdsvej 39,4250 Fuglebjerg,1.025.000,31-01-1997,"
Alm. Salg",5.510,6,Villa,186,1980,,Aktuel værdi
Haldager Mark Vej 8,4250 Fuglebjerg,1.300.000,17-12-1996,"
Alm. Salg",9.774,5,Stuehus,133,1921,,
Bendslevvej 18,4250 Fuglebjerg,299.000,08-11-1996,"
Alm. Salg",-,8,Villa,321,1790,,Aktuel værdi
Sneslevvej 62,4250 Fuglebjerg,2.375.000,29-10-1996,"
Alm. Salg",12.369,7,Stuehus,192,1877,,
Skælskørvej 88,4250 Fuglebjerg,468.000,14-10-1996,"
Alm. Salg",4.727,6,Villa,99,1887,,Aktuel værdi
Næstved Landevej 6,4250 Fuglebjerg,496.000,24-09-1996,"
Alm. Salg",-,9,Villa,170,1870,,Aktuel værdi
Grængebjergvej 15,4250 Fuglebjerg,399.800,21-09-1996,"
Alm. Salg",2.196,4,Villa,182,1890,,Aktuel værdi
Dalsgårdsvej 33,4250 Fuglebjerg,35.920,19-09-1996,"
Alm. Salg",262,5,Villa,137,1999,,Aktuel værdi
Anne Marie Vej 15,4250 Fuglebjerg,686.920,05-09-1996,"
Alm. Salg",5.243,3,Villa,131,1969,,Aktuel værdi
Tystrupvej 35,4250 Fuglebjerg,426.500,02-09-1996,"
Alm. Salg",3.877,4,Villa,110,1800,,Aktuel værdi
Sneslevvej 52,4250 Fuglebjerg,817.000,11-07-1996,"
Alm. Salg",4.564,5,Stuehus,179,1900,,
Hestehavevej 6,4250 Fuglebjerg,675.000,25-06-1996,"
Alm. Salg",3.375,5,Stuehus,200,1800,,
Tystrupvej 44,4250 Fuglebjerg,2.006.000,10-06-1996,"
Alm. Salg",6.754,8,Stuehus,297,1912,,
Tystrupvej 48,4250 Fuglebjerg,1.144.858,10-06-1996,"
Fam. Salg",6.504,5,Stuehus,176,1877,,
Tystrupvej 19,4250 Fuglebjerg,360.000,10-06-1996,"
Fam. Salg",2.322,7,Stuehus,155,1943,,
Haldagerlillevej 12,4250 Fuglebjerg,219.468,06-05-1996,"
Fam. Salg",1.155,7,Stuehus,190,1920,,
Næstvedvej 23,4250 Fuglebjerg,220.000,30-04-1996,"
Alm. Salg",1.073,5,Stuehus,205,2000,,
Haldagerlillevej 10,4250 Fuglebjerg,1.750.000,05-02-1996,"
Alm. Salg",10.606,6,Stuehus,165,1864,,
Højbjergvej 1,4250 Fuglebjerg,378.000,25-01-1996,"
Alm. Salg",2.147,4,Villa,176,1917,,Aktuel værdi
Sneslevvej 22,4250 Fuglebjerg,564.000,02-01-1996,"
Alm. Salg",3.048,6,Villa,185,1863,,Aktuel værdi
Erik Bøghs Vej 19,4250 Fuglebjerg,464.000,21-12-1995,"
Alm. Salg",5.043,3,Villa,92,1962,,Aktuel værdi
Øllemosevej 2,4250 Fuglebjerg,277.000,20-11-1995,"
Alm. Salg",-,5,Villa,201,1877,,Aktuel værdi
Erik Bøghs Vej 24,4250 Fuglebjerg,485.000,20-11-1995,"
Alm. Salg",4.490,3,Villa,108,1962,,Aktuel værdi
Højbjergvej 3,4250 Fuglebjerg,275.000,10-11-1995,"
Fam. Salg",-,4,Stuehus,86,1926,,
Lindekrogvej 5,4250 Fuglebjerg,670.000,08-11-1995,"
Alm. Salg",4.926,5,Villa,136,1968,,Aktuel værdi
Krummerupvej 48,4250 Fuglebjerg,77.000,01-11-1995,"
Alm. Salg",1.013,3,Sommerhus,76,1850,,Aktuel værdi
Næstved Landevej 16,4250 Fuglebjerg,625.000,26-10-1995,"
Alm. Salg",3.930,6,Stuehus,159,1914,,
Sneslevvej 11,4250 Fuglebjerg,375.000,16-10-1995,"
Alm. Salg",3.906,2,Villa,96,1800,,Aktuel værdi
Lystager Torp Vej 3,4250 Fuglebjerg,790.800,13-10-1995,"
Alm. Salg",-,9,Villa,378,1827,,Aktuel værdi
Sandvedvej 55,4250 Fuglebjerg,66.870,25-09-1995,"
Alm. Salg",636,3,Villa,105,2002,,Aktuel værdi
Sorøvej 18,4250 Fuglebjerg,280.000,25-09-1995,"
Alm. Salg",3.111,4,Villa,90,1892,,Aktuel værdi
Haldager Mark Vej 24,4250 Fuglebjerg,482.000,19-09-1995,"
Alm. Salg",-,4,Villa,143,1933,,Aktuel værdi
Rugkrogvej 4,4250 Fuglebjerg,581.700,24-08-1995,"
Alm. Salg",3.421,6,Villa,170,1890,,Aktuel værdi
Lindekrogvej 3,4250 Fuglebjerg,307.200,20-08-1995,"
Alm. Salg",2.898,4,Villa,106,1942,,Aktuel værdi
Lærkevej 20,4250 Fuglebjerg,635.000,16-08-1995,"
Alm. Salg",4.738,4,Villa,134,1973,,Aktuel værdi
Haldager Mark Vej 30,4250 Fuglebjerg,430.000,06-08-1995,"
Alm. Salg",1.482,5,Stuehus,290,1877,,
Langebjergvej 14,4250 Fuglebjerg,234.650,02-08-1995,"
Alm. Salg",-,10,Stuehus,249,1900,,
Krummerupvej 41,4250 Fuglebjerg,120.000,05-06-1995,"
Auktion",937,4,Villa,128,1902,,Aktuel værdi
Tystrupvej 49A,4250 Fuglebjerg,970.000,22-05-1995,"
Alm. Salg",4.024,8,Villa,241,1976,,Aktuel værdi
Krummerupvej 42,4250 Fuglebjerg,485.000,22-05-1995,"
Alm. Salg",-,5,Villa,201,1800,,Aktuel værdi
Dalsgårdsvej 60,4250 Fuglebjerg,15.940,20-03-1995,"
Alm. Salg",100,5,Villa,159,1995,,Aktuel værdi
Dalsgårdsvej 44,4250 Fuglebjerg,615.000,19-02-1995,"
Alm. Salg",3.704,6,Villa,166,1980,,Aktuel værdi
Sandvedvej 3,4250 Fuglebjerg,896.000,30-01-1995,"
Alm. Salg",-,10,Villa,309,1932,,Aktuel værdi
Rejnstrupvej 21,4250 Fuglebjerg,550.000,30-01-1995,"
Alm. Salg",3.666,5,Stuehus,150,1888,,
Tværvej 2,4250 Fuglebjerg,225.000,30-01-1995,"
Alm. Salg",1.530,6,Villa,147,1927,,Aktuel værdi
Tystrupvej 12,4250 Fuglebjerg,150.000,30-01-1995,"
Fam. Salg",937,6,Villa,160,1760,,Aktuel værdi
Næstved Landevej 2,4250 Fuglebjerg,1.400.000,19-01-1995,"
Alm. Salg",9.722,6,Villa,144,1900,,Aktuel værdi
Lindekrogvej 9,4250 Fuglebjerg,432.740,11-01-1995,"
Alm. Salg",-,5,Villa,249,1921,,Aktuel værdi
Nyvej 8,4250 Fuglebjerg,400.000,21-11-1994,"
Alm. Salg",3.007,4,Villa,133,1943,,Aktuel værdi
Sneslevvej 48,4250 Fuglebjerg,375.000,13-10-1994,"
Alm. Salg",2.083,6,Villa,180,1898,,Aktuel værdi
Dalsgårdsvej 11,4250 Fuglebjerg,685.000,03-10-1994,"
Alm. Salg",6.523,4,Villa,105,1988,,Aktuel værdi
Fuglebjerglundvej 3,4250 Fuglebjerg,320.000,20-09-1994,"
Alm. Salg",1.367,6,Villa,234,1827,,Aktuel værdi
Svalevej 7,4250 Fuglebjerg,543.000,12-09-1994,"
Alm. Salg",4.721,4,Villa,115,1974,,Aktuel værdi
Dalsgårdsvej 13,4250 Fuglebjerg,895.000,31-08-1994,"
Alm. Salg",4.890,5,Villa,183,1990,,Aktuel værdi
Sandvedvej 23,4250 Fuglebjerg,425.000,29-08-1994,"
Alm. Salg",2.125,5,Villa,200,1800,,Aktuel værdi
Sneslevvej 34,4250 Fuglebjerg,434.440,29-08-1994,"
Alm. Salg",-,3,Stuehus,118,1927,,
Solvænget 12,4250 Fuglebjerg,250.000,19-08-1994,"
Alm. Salg",3.333,3,Villa,75,1961,,Aktuel værdi
Lærkevænget 11,4250 Fuglebjerg,295.000,25-07-1994,"
Alm. Salg",1.766,5,Villa,167,1970,,Aktuel værdi
Krummerupvej 53,4250 Fuglebjerg,525.000,13-07-1994,"
Alm. Salg",-,8,Stuehus,236,1927,,
Kællerødvej 8,4250 Fuglebjerg,268.586,05-07-1994,"
Alm. Salg",1.029,8,Villa,261,1936,,Aktuel værdi
Næblerødvej 20,4250 Fuglebjerg,1.216.746,31-05-1994,"
Alm. Salg",6.403,6,Stuehus,190,1916,,
Falkevænget 5,4250 Fuglebjerg,575.000,03-05-1994,"
Auktion",2.804,8,Villa,205,1980,,Aktuel værdi
Flemstoftevej 17,4250 Fuglebjerg,295.000,13-12-1993,"
Alm. Salg",2.304,4,Villa,128,1827,,Aktuel værdi
Sneslevvej 71,4250 Fuglebjerg,650.000,13-12-1993,"
Fam. Salg",-,7,Stuehus,259,1906,,
Skælskørvej 59,4250 Fuglebjerg,285.000,06-11-1993,"
Alm. Salg",4.318,3,Villa,66,1892,,Aktuel værdi
Højbjergvej 20,4250 Fuglebjerg,420.000,25-10-1993,"
Alm. Salg",2.837,5,Villa,148,1887,,Aktuel værdi
Skælskørvej 86,4250 Fuglebjerg,176.920,08-09-1993,"
Alm. Salg",2.010,4,Villa,88,1904,,Aktuel værdi
Overdrevsvej 2,4250 Fuglebjerg,962.500,14-08-1993,"
Alm. Salg",6.730,6,Stuehus,143,1910,,
Korsørvej 38,4250 Fuglebjerg,440.000,09-08-1993,"
Alm. Salg",2.378,4,Villa,185,1930,,Aktuel værdi
Krummerupvej 27,4250 Fuglebjerg,2.444.920,08-05-1993,"
Alm. Salg",-,9,Stuehus,240,1913,,
Fredensvej 5,4250 Fuglebjerg,425.000,08-02-1993,"
Alm. Salg",3.269,4,Villa,130,1962,,Aktuel værdi
"Lundevej 3, 1",4250 Fuglebjerg,395.000,08-02-1993,"
Alm. Salg",2.500,5,Lejlighed,158,1927,,Aktuel værdi
Næstvedvej 3,4250 Fuglebjerg,490.000,19-01-1993,"
Alm. Salg",3.951,5,Villa,124,1865,,Aktuel værdi
Dalsgårdsvej 46,4250 Fuglebjerg,432.000,15-12-1992,"
Alm. Salg",4.277,4,Villa,101,1980,,Aktuel værdi
Dalsgårdsvej 14,4250 Fuglebjerg,350.000,07-12-1992,"
Alm. Salg",2.364,5,Villa,148,1980,,Aktuel værdi
Palmevængevej 29,4250 Fuglebjerg,375.000,12-10-1992,"
Alm. Salg",-,5,Villa,160,1929,,Aktuel værdi
Haldagermaglevej 23,4250 Fuglebjerg,674.100,14-09-1992,"
Alm. Salg",2.365,5,Villa,285,1906,,Aktuel værdi
Sorøvej 30,4250 Fuglebjerg,531.000,14-09-1992,"
Alm. Salg",3.962,5,Villa,134,1925,,Aktuel værdi
Dalsgårdsvej 8,4250 Fuglebjerg,490.000,31-08-1992,"
Alm. Salg",4.851,4,Rækkehus,101,1979,,Aktuel værdi
Ingridvej 5,4250 Fuglebjerg,585.000,28-08-1992,"
Alm. Salg",4.834,4,Villa,121,1971,,Aktuel værdi
Palmevængevej 6,4250 Fuglebjerg,590.000,17-08-1992,"
Alm. Salg",4.041,4,Villa,146,1898,,Aktuel værdi
Sorøvej 10,4250 Fuglebjerg,375.000,10-08-1992,"
Alm. Salg",2.586,6,Villa,145,1882,,Aktuel værdi
Tystrupvej 41,4250 Fuglebjerg,390.000,05-08-1992,"
Alm. Salg",3.095,5,Villa,126,1910,,Aktuel værdi
Benediktevej 21,4250 Fuglebjerg,508.008,27-07-1992,"
Alm. Salg",4.535,3,Villa,112,1969,,Aktuel værdi
Erik Bøghs Vej 20,4250 Fuglebjerg,515.000,24-07-1992,"
Alm. Salg",4.681,3,Villa,110,1962,,Aktuel værdi
Flemstoftevej 11,4250 Fuglebjerg,210.000,24-06-1992,"
Alm. Salg",-,4,Villa,84,1923,,Aktuel værdi
Nortvedvej 3,4250 Fuglebjerg,210.000,19-06-1992,"
Alm. Salg",2.916,4,Villa,72,1953,,Aktuel værdi
Øllemosevej 1,4250 Fuglebjerg,380.000,10-06-1992,"
Alm. Salg",-,3,Stuehus,43,1896,,
Vibevænget 1,4250 Fuglebjerg,535.000,18-05-1992,"
Fam. Salg",3.992,5,Villa,134,1973,,Aktuel værdi
Korsørvej 33,4250 Fuglebjerg,300.000,18-05-1992,"
Alm. Salg",-,4,Villa,132,1926,,Aktuel værdi
Mågevej 3,4250 Fuglebjerg,520.000,14-05-1992,"
Alm. Salg",4.333,4,Villa,120,1978,,Aktuel værdi
Næstvedvej 31,4250 Fuglebjerg,486.000,16-04-1992,"
Alm. Salg",4.458,3,Villa,109,1900,,Aktuel værdi
Glentevænget 3,4250 Fuglebjerg,795.000,13-04-1992,"
Fam. Salg",4.847,5,Villa,164,1975,,Aktuel værdi
Førslevvej 31,4250 Fuglebjerg,600.000,08-04-1992,"
Alm. Salg",1.666,11,Villa,360,1860,,Aktuel værdi
Lærkevej 23,4250 Fuglebjerg,585.000,06-04-1992,"
Alm. Salg",3.874,4,Villa,151,1975,,Aktuel værdi
Bendslevvej 26,4250 Fuglebjerg,540.000,20-03-1992,"
Fam. Salg",3.506,5,Stuehus,154,1800,,
Tystrupvej 6,4250 Fuglebjerg,990.000,04-03-1992,"
Alm. Salg",5.129,6,Stuehus,193,1850,,
Sandvedvej 6,4250 Fuglebjerg,350.000,02-03-1992,"
Alm. Salg",-,8,Villa,150,1900,,Aktuel værdi
Korsørvej 14,4250 Fuglebjerg,617.880,02-03-1992,"
Alm. Salg",1.780,11,Villa,347,1880,,Aktuel værdi
Rugkrogvej 31,4250 Fuglebjerg,850.000,28-02-1992,"
Alm. Salg",-,4,Stuehus,187,1827,,
Brunemosevej 2,4250 Fuglebjerg,1.775.000,18-02-1992,"
Alm. Salg",7.924,7,Stuehus,224,1870,,
Sorøvej 8,4250 Fuglebjerg,440.000,20-01-1992,"
Fam. Salg",4.036,4,Villa,109,1877,,Aktuel værdi
