address,zip_code,price,sell_date,sell_type,price_per_sq_m,no_rooms,housing_type,size_in_sq_m,year_of_construction,price_change_in_pct
Hindholmvej 37,4262 Sandved,293.000,16-05-2017,"
Fam. Salg",3.292,4,Villa,89,1927,,Aktuel værdi
Bendslevvej 25,4262 Sandved,185.000,04-05-2017,"
Alm. Salg",3.135,4,Villa,59,1800,,Aktuel værdi
Hårslevvej 17,4262 Sandved,1.800.000,11-04-2017,"
Alm. Salg",9.375,5,Villa,192,1997,-5 %,Aktuel værdi
Hindholmvej 42,4262 Sandved,2.000.000,22-03-2017,"
Alm. Salg",9.345,5,Villa,214,1920,-7 %,Aktuel værdi
Byvænget 19,4262 Sandved,480.000,17-03-2017,"
Alm. Salg",3.840,4,Villa,125,1979,,Aktuel værdi
Hovedgaden 7,4262 Sandved,395.000,23-02-2017,"
Alm. Salg",3.264,5,Villa,121,1893,0 %,Aktuel værdi
Parkvej 17,4262 Sandved,1.650.000,16-02-2017,"
Fam. Salg",11.073,4,Villa,149,2002,,Aktuel værdi
Langgade 13,4262 Sandved,495.000,10-02-2017,"
Alm. Salg",4.900,4,Villa,101,1919,,Aktuel værdi
Elmevej 7,4262 Sandved,995.000,10-02-2017,"
Alm. Salg",6.589,4,Villa,151,1972,0 %,Aktuel værdi
Hindholmvej 20,4262 Sandved,640.000,25-01-2017,"
Alm. Salg",5.161,5,Villa,124,1875,-1 %,Aktuel værdi
Bendslevvej 29,4262 Sandved,1.270.000,11-01-2017,"
Alm. Salg",12.959,4,Villa,98,2015,-2 %,Aktuel værdi
Skafterupvej 8,4262 Sandved,925.000,05-01-2017,"
Alm. Salg",3.280,9,Villa,282,1934,0 %,Aktuel værdi
Byvænget 3,4262 Sandved,675.000,08-12-2016,"
Alm. Salg",6.490,3,Villa,104,1976,-3 %,Aktuel værdi
Fyrendalvej 6,4262 Sandved,350.000,08-12-2016,"
Alm. Salg",4.268,4,Villa,82,1955,,Aktuel værdi
Nyrupvej 13,4262 Sandved,460.000,28-11-2016,"
Alm. Salg",7.301,3,Villa,63,1858,2 %,Aktuel værdi
Parkvej 7,4262 Sandved,1.070.000,11-11-2016,"
Alm. Salg",7.328,5,Villa,146,1924,0 %,Aktuel værdi
Hårslevvej 18,4262 Sandved,1.195.000,19-10-2016,"
Alm. Salg",7.759,6,Villa,154,1933,-8 %,Aktuel værdi
Skydevænget 31,4262 Sandved,940.000,17-10-2016,"
Alm. Salg",5.433,5,Villa,173,1977,-6 %,Aktuel værdi
Skydevænget 9,4262 Sandved,1.100.000,13-10-2016,"
Alm. Salg",7.801,6,Villa,141,1978,-4 %,Aktuel værdi
Langgade 52,4262 Sandved,1.450.000,21-09-2016,"
Alm. Salg",4.982,10,Stuehus,291,1897,,
Torpevænget 19,4262 Sandved,2.020.000,31-08-2016,"
Alm. Salg",12.242,4,Villa,165,2008,-4 %,Aktuel værdi
Hårslevvej 20,4262 Sandved,400.000,24-08-2016,"
Fam. Salg",3.809,3,Villa,105,1961,,Aktuel værdi
Møllevej 7,4262 Sandved,695.000,22-08-2016,"
Alm. Salg",4.316,8,Villa,161,1897,0 %,Aktuel værdi
Møllevej 42,4262 Sandved,681.058,17-08-2016,"
Alm. Salg",8.107,4,Stuehus,84,1890,,
Nyvej 24B,4262 Sandved,695.000,17-08-2016,"
Alm. Salg",7.393,2,Dobbelthus,94,1988,0 %,Aktuel værdi
Langgade 7,4262 Sandved,500.000,13-08-2016,"
Alm. Salg",7.142,3,Villa,70,1908,,Aktuel værdi
Ahornvej 16,4262 Sandved,730.000,26-06-2016,"
Alm. Salg",6.293,4,Villa,116,1972,-6 %,Aktuel værdi
Husmandsvej 11,4262 Sandved,2.422.500,08-06-2016,"
Fam. Salg",23.519,4,Stuehus,103,1900,,
Hårslevvej 15,4262 Sandved,1.100.000,06-06-2016,"
Alm. Salg",5.288,5,Stuehus,208,1800,,
Nyvej 35,4262 Sandved,325.000,01-06-2016,"
Alm. Salg",5.000,2,Villa,65,1958,-18 %,Aktuel værdi
Skovvej 5,4262 Sandved,460.000,23-05-2016,"
Alm. Salg",4.181,3,Villa,110,1965,-7 %,Aktuel værdi
Fyrendalvej 25,4262 Sandved,375.000,13-05-2016,"
Alm. Salg",7.211,2,Villa,52,1857,-14 %,Aktuel værdi
Skafterupvej 2,4262 Sandved,5.495.000,18-03-2016,"
Fam. Salg",31.947,5,Stuehus,172,1850,,
Nyvej 20,4262 Sandved,368.629,15-03-2016,"
Auktion",2.902,4,Villa,127,1900,,Aktuel værdi
Ting Jellinge Vej 11,4262 Sandved,900.000,25-02-2016,"
Alm. Salg",5.625,8,Villa,160,1800,,Aktuel værdi
Korsvej 8,4262 Sandved,545.000,20-01-2016,"
Alm. Salg",3.471,4,Villa,157,1930,0 %,Aktuel værdi
Hovedgaden 43,4262 Sandved,250.000,19-01-2016,"
Alm. Salg",1.811,5,Stuehus,138,1800,,
Nyvej 60,4262 Sandved,1.300.000,14-12-2015,"
Alm. Salg",10.156,5,Stuehus,128,1905,-10 %,
Klaksvej 3,4262 Sandved,599.000,27-11-2015,"
Alm. Salg",3.565,6,Villa,168,1877,-11 %,Aktuel værdi
Langgade 18,4262 Sandved,433.815,23-11-2015,"
Fam. Salg",3.166,5,Villa,137,1910,,Aktuel værdi
Kristiansholmsvej 11,4262 Sandved,1.200.000,19-11-2015,"
Alm. Salg",10.714,3,Villa,112,1961,,Aktuel værdi
Hovedgaden 22,4262 Sandved,148.000,21-10-2015,"
Alm. Salg",1.286,5,Villa,115,1925,,Aktuel værdi
Kristiansholmsvej 29,4262 Sandved,1.575.000,05-10-2015,"
Alm. Salg",10.714,5,Villa,147,1780,-12 %,Aktuel værdi
Nyvej 52,4262 Sandved,100.000,24-09-2015,"
Alm. Salg",909,4,Villa,110,1890,,Aktuel værdi
Korsvej 5,4262 Sandved,775.000,17-09-2015,"
Alm. Salg",5.344,5,Villa,145,1976,-9 %,Aktuel værdi
Parkvej 32,4262 Sandved,479.700,15-09-2015,"
Auktion",3.285,7,Villa,146,1979,,Aktuel værdi
Smedevænget 9,4262 Sandved,492.000,09-09-2015,"
Alm. Salg",5.347,3,Villa,92,1960,-1 %,Aktuel værdi
Byvænget 16,4262 Sandved,695.000,03-07-2015,"
Alm. Salg",5.791,4,Villa,120,1987,0 %,Aktuel værdi
Ahornvej 10,4262 Sandved,900.000,30-06-2015,"
Alm. Salg",4.945,10,Villa,182,1972,,Aktuel værdi
Ørebjergvej 12,4262 Sandved,1.995.000,25-06-2015,"
Alm. Salg",11.335,7,Stuehus,176,1924,-29 %,
Grønbrovej 10,4262 Sandved,1.960.000,22-05-2015,"
Alm. Salg",9.032,7,Villa,217,1921,-6 %,Aktuel værdi
Nyvej 31,4262 Sandved,250.000,15-04-2015,"
Alm. Salg",2.000,4,Villa,125,1947,-47 %,Aktuel værdi
Elmevej 1,4262 Sandved,699.000,30-03-2015,"
Alm. Salg",5.418,3,Villa,129,1968,-12 %,Aktuel værdi
Skovridergårdsvej 2,4262 Sandved,471.428,30-03-2015,"
Fam. Salg",2.740,5,Villa,172,1934,,Aktuel værdi
Ting Jellinge Vej 15,4262 Sandved,650.000,12-03-2015,"
Alm. Salg",3.140,8,Villa,207,1943,-70 %,Aktuel værdi
Ting Jellinge Vej 15A,4262 Sandved,850.000,12-03-2015,"
Alm. Salg",1.859,8,Anden beboelse,457,1943,,Aktuel værdi
Hovedgaden 37,4262 Sandved,582.000,03-03-2015,"
Alm. Salg",3.660,12,Villa,159,1852,,Aktuel værdi
Fløehøjvej 1,4262 Sandved,1.200.000,25-02-2015,"
Alm. Salg",9.756,6,Stuehus,123,1906,,
Møllevej 16,4262 Sandved,425.000,23-02-2015,"
Alm. Salg",3.601,4,Villa,118,1878,,Aktuel værdi
Hårslevvej 14,4262 Sandved,4.920.800,29-01-2015,"
Fam. Salg",23.321,7,Stuehus,211,1885,,
Hesselgårdsvej 3,4262 Sandved,2.850.000,30-12-2014,"
Fam. Salg",15.405,5,Stuehus,185,1924,,
Nyvej 43,4262 Sandved,650.000,16-12-2014,"
Alm. Salg",5.701,4,Villa,114,1962,-2 %,Aktuel værdi
Brandholtvej 19,4262 Sandved,460.000,18-11-2014,"
Alm. Salg",4.380,3,Stuehus,105,1918,,
Møllegårdsvej 5,4262 Sandved,725.000,05-11-2014,"
Auktion",5.753,5,Villa,126,1800,,Aktuel værdi
Kristiansholmsvej 33,4262 Sandved,2.100.000,09-09-2014,"
Alm. Salg",11.413,8,Villa,184,1907,-16 %,Aktuel værdi
Byvænget 4,4262 Sandved,445.866,12-08-2014,"
Auktion",4.954,3,Villa,90,1975,-50 %,Aktuel værdi
Bødkerstien 14,4262 Sandved,1.150.000,18-06-2014,"
Andet",5.665,5,Villa,203,1927,,Aktuel værdi
Møllevej 44,4262 Sandved,1.950.000,28-05-2014,"
Alm. Salg",4.411,13,Villa,442,1933,-2 %,Aktuel værdi
Nyvej 47,4262 Sandved,400.000,11-05-2014,"
Alm. Salg",4.040,3,Villa,99,1963,-33 %,Aktuel værdi
Jernbanevej 10,4262 Sandved,475.000,01-04-2014,"
Alm. Salg",3.653,3,Villa,130,1892,-4 %,Aktuel værdi
Hovedgaden 13,4262 Sandved,275.000,30-03-2014,"
Alm. Salg",2.235,6,Villa,123,1800,-8 %,Aktuel værdi
Arløse Torp Vej 15,4262 Sandved,1.575.000,25-02-2014,"
Alm. Salg",16.578,4,Stuehus,95,1848,,
Nyrupvej 7,4262 Sandved,1.200.000,24-02-2014,"
Alm. Salg",8.695,6,Stuehus,138,1918,,
Skafterupvej 19,4262 Sandved,250.000,21-02-2014,"
Alm. Salg",2.941,3,Villa,85,1800,-17 %,Aktuel værdi
Møllevej 20,4262 Sandved,648.272,12-02-2014,"
Auktion",3.485,5,Villa,186,1800,,Aktuel værdi
Brandholtvej 12,4262 Sandved,43.800,28-01-2014,"
Auktion",782,3,Villa,56,1867,-85 %,Aktuel værdi
"Langgade 40, 1",4262 Sandved,930.000,20-12-2013,"
Alm. Salg",16.315,2,Lejlighed,57,1978,,Aktuel værdi
Møllegårdsparken 3,4262 Sandved,5.483.800,10-12-2013,"
Auktion",56.534,3,Dobbelthus,97,2005,,Aktuel værdi
Byvænget 10,4262 Sandved,515.000,20-11-2013,"
Auktion",4.639,3,Villa,111,1973,-18 %,Aktuel værdi
Møllevej 48,4262 Sandved,600.000,11-11-2013,"
Alm. Salg",4.687,4,Villa,128,1937,,Aktuel værdi
Kvislemarkvej 47,4262 Sandved,58.661,05-11-2013,"
Auktion",327,7,Villa,179,1877,,Aktuel værdi
Kvislemarkvej 51,4262 Sandved,4.320.000,04-11-2013,"
Alm. Salg",23.225,7,Stuehus,186,1928,,
Skydevænget 15,4262 Sandved,880.000,21-10-2013,"
Alm. Salg",7.652,4,Villa,115,1976,,Aktuel værdi
Hårslevvej 25,4262 Sandved,7.892.500,17-10-2013,"
Fam. Salg",47.260,6,Stuehus,167,1877,,
Skydevænget 8,4262 Sandved,310.000,09-10-2013,"
Alm. Salg",3.297,3,Villa,94,1974,-30 %,Aktuel værdi
Nyvej 10,4262 Sandved,389.000,24-09-2013,"
Alm. Salg",2.902,5,Engroshandel,134,1900,,Aktuel værdi
Hovedgaden 29,4262 Sandved,150.000,13-09-2013,"
Alm. Salg",1.071,4,Villa,140,1900,-60 %,Aktuel værdi
Skafterupvej 12,4262 Sandved,995.000,06-09-2013,"
Alm. Salg",6.633,4,Villa,150,1888,-23 %,Aktuel værdi
Hovedgaden 32,4262 Sandved,375.000,04-09-2013,"
Auktion",1.875,7,Villa,200,1800,-58 %,Aktuel værdi
Nyvej 40,4262 Sandved,775.000,19-08-2013,"
Alm. Salg",5.827,3,Villa,133,1974,-3 %,Aktuel værdi
Nyrupvej 10,4262 Sandved,150.000,06-08-2013,"
Auktion",1.056,5,Villa,142,1800,,Aktuel værdi
Langgade 47,4262 Sandved,350.000,19-07-2013,"
Alm. Salg",4.729,3,Villa,74,1953,-11 %,Aktuel værdi
Lungvej 8,4262 Sandved,600.000,17-07-2013,"
Alm. Salg",3.750,3,Villa,160,1943,-20 %,Aktuel værdi
Ting Jellinge Vej 3,4262 Sandved,1.250.000,27-05-2013,"
Alm. Salg",9.398,5,Villa,133,1975,-3 %,Aktuel værdi
Hårslevvej 11,4262 Sandved,850.000,18-05-2013,"
Alm. Salg",7.264,4,Villa,117,1966,-13 %,Aktuel værdi
Kvislemarkvej 39,4262 Sandved,1.490.000,10-05-2013,"
Alm. Salg",10.275,3,Villa,145,2008,-4 %,Aktuel værdi
Hovedgaden 12,4262 Sandved,110.000,13-04-2013,"
Alm. Salg",1.018,2,Villa,108,1890,-15 %,Aktuel værdi
Møllevej 2,4262 Sandved,745.000,06-04-2013,"
Alm. Salg",4.487,6,Villa,166,1877,0 %,Aktuel værdi
Bødkerstien 1B,4262 Sandved,583.000,25-03-2013,"
Alm. Salg",4.858,5,Villa,120,1778,,Aktuel værdi
Ørebjergvej 8,4262 Sandved,2.700.000,24-03-2013,"
Alm. Salg",17.088,5,Stuehus,158,1921,-7 %,
Ahornvej 19,4262 Sandved,525.000,14-03-2013,"
Alm. Salg",4.487,4,Villa,117,1968,,Aktuel værdi
Langgade 20,4262 Sandved,200.000,12-02-2013,"
Auktion",1.538,4,Villa,130,1917,,Aktuel værdi
Sandvedvej 38,4262 Sandved,2.300.000,20-12-2012,"
Alm. Salg",17.557,6,Stuehus,131,1860,,
Hindholmvej 12A,4262 Sandved,220.000,22-11-2012,"
Alm. Salg",1.067,6,Villa,206,2014,,Aktuel værdi
Syvhøjvej 1,4262 Sandved,4.450.000,20-11-2012,"
Alm. Salg",22.938,8,Stuehus,194,1880,,
Kvislemarkvej 55,4262 Sandved,525.000,15-11-2012,"
Alm. Salg",3.671,5,Villa,143,1982,,Aktuel værdi
Brandholtvej 4,4262 Sandved,316.289,28-10-2012,"
Fam. Salg",2.635,5,Villa,120,1900,-68 %,Aktuel værdi
Hovedgaden 39,4262 Sandved,7.000.000,03-10-2012,"
Fam. Salg",20.895,9,Stuehus,335,1856,,
Hindholmvej 41,4262 Sandved,1.250.000,01-10-2012,"
Alm. Salg",7.763,4,Villa,161,1892,-7 %,Aktuel værdi
Byvænget 18,4262 Sandved,637.500,27-09-2012,"
Alm. Salg",4.757,4,Villa,134,2001,,Aktuel værdi
Brandholtvej 9,4262 Sandved,900.741,24-09-2012,"
Alm. Salg",9.191,6,Stuehus,98,1942,,
Møllevej 12,4262 Sandved,645.000,10-09-2012,"
Auktion",3.131,3,Villa,206,1906,-44 %,Aktuel værdi
Ahornvej 17,4262 Sandved,995.000,01-08-2012,"
Alm. Salg",7.107,4,Villa,140,1970,0 %,Aktuel værdi
Lindevej 20,4262 Sandved,950.000,31-07-2012,"
Alm. Salg",6.785,4,Villa,140,1973,-5 %,Aktuel værdi
Langgade 22,4262 Sandved,150.000,28-06-2012,"
Alm. Salg",824,6,Villa,182,1908,-23 %,Aktuel værdi
Kvislemarkvej 5,4262 Sandved,1.250.000,19-06-2012,"
Alm. Salg",9.765,3,Villa,128,1928,-10 %,Aktuel værdi
Ahornvej 20,4262 Sandved,850.000,24-05-2012,"
Alm. Salg",7.391,3,Villa,115,1972,-5 %,Aktuel værdi
Ting Jellinge Vej 13,4262 Sandved,840.000,16-05-2012,"
Alm. Salg",6.829,5,Villa,123,1945,,Aktuel værdi
Kristiansholmsvej 21,4262 Sandved,4.400.000,08-05-2012,"
Fam. Salg",25.882,8,Stuehus,170,1777,,
Grønbrovej 4,4262 Sandved,800.000,29-04-2012,"
Alm. Salg",11.111,3,Stuehus,72,1921,,
Agervej 2,4262 Sandved,2.100.000,24-04-2012,"
Fam. Salg",11.931,5,Stuehus,176,1827,,
Agervej 4,4262 Sandved,3.100.000,24-04-2012,"
Fam. Salg",14.832,6,Stuehus,209,1978,,
Korsvej 13,4262 Sandved,138.000,22-04-2012,"
Alm. Salg",1.037,4,Villa,133,1915,,Aktuel værdi
Skafterupvej 7,4262 Sandved,40.000,12-04-2012,"
Auktion",400,5,Villa,100,1827,,Aktuel værdi
Hindholmvej 8,4262 Sandved,650.000,11-01-2012,"
Auktion",3.869,4,Villa,168,1895,,Aktuel værdi
Langgade 35,4262 Sandved,2.150.000,13-12-2011,"
Andet",6.718,6,Villa,320,1906,,Aktuel værdi
Klaksvej 2,4262 Sandved,669.006,13-12-2011,"
Alm. Salg",3.635,6,Villa,184,1946,-55 %,Aktuel værdi
Hindholmvej 28,4262 Sandved,1.495.000,07-11-2011,"
Alm. Salg",12.458,5,Villa,120,1900,0 %,Aktuel værdi
Kvislemarkvej 11,4262 Sandved,150.000,29-10-2011,"
Alm. Salg",1.219,5,Villa,123,1924,-23 %,Aktuel værdi
Hårslevvej 9,4262 Sandved,2.525.000,13-10-2011,"
Fam. Salg",15.119,3,Stuehus,167,1900,,
Kragelundsvej 1,4262 Sandved,700.000,22-09-2011,"
Alm. Salg",3.500,5,Villa,200,1828,,Aktuel værdi
Brandholtvej 5,4262 Sandved,1.153.248,07-09-2011,"
Fam. Salg",8.671,4,Villa,133,1847,,Aktuel værdi
Diegårdsvej 5,4262 Sandved,601.561,31-08-2011,"
Alm. Salg",5.419,4,Villa,111,1976,,Aktuel værdi
Bødkerstien 4,4262 Sandved,750.000,22-08-2011,"
Alm. Salg",4.807,5,Villa,156,1963,-6 %,Aktuel værdi
Møllevej 17,4262 Sandved,400.000,12-07-2011,"
Alm. Salg",3.333,4,Villa,120,1738,-11 %,Aktuel værdi
Langgade 40A,4262 Sandved,1.325.000,15-06-2011,"
Alm. Salg",10.433,4,Villa,127,1860,,Aktuel værdi
Parkvej 14,4262 Sandved,650.000,27-04-2011,"
Alm. Salg",5.752,5,Villa,113,1954,-9 %,Aktuel værdi
Møllevej 25,4262 Sandved,11.300.000,15-04-2011,"
Alm. Salg",66.081,11,Stuehus,171,1880,,
Ahornvej 13,4262 Sandved,765.000,16-03-2011,"
Auktion",6.270,4,Villa,122,1967,,Aktuel værdi
Skælskør Landevej 26,4262 Sandved,200.000,01-03-2011,"
Auktion",2.247,3,Villa,89,1903,,Aktuel værdi
Parkvej 6,4262 Sandved,798.000,23-02-2011,"
Alm. Salg",9.975,3,Villa,80,1953,0 %,Aktuel værdi
Nyvej 24A,4262 Sandved,625.000,20-02-2011,"
Alm. Salg",6.648,2,Rækkehus,94,1988,-10 %,Aktuel værdi
Korsvej 15,4262 Sandved,1.650.000,29-01-2011,"
Alm. Salg",8.048,10,Villa,205,1915,-6 %,Aktuel værdi
Langgade 44,4262 Sandved,750.000,20-01-2011,"
Auktion",4.777,4,Villa,157,1900,,Aktuel værdi
Kristiansholmsvej 6,4262 Sandved,1.912.500,13-01-2011,"
Alm. Salg",11.805,6,Stuehus,162,1827,-11 %,
Smedevænget 13,4262 Sandved,500.000,11-11-2010,"
Auktion",5.434,4,Villa,92,1946,,Aktuel værdi
Skælskør Landevej 18,4262 Sandved,1.050.000,10-11-2010,"
Alm. Salg",6.818,7,Villa,154,1900,,Aktuel værdi
Appelsbjergvej 15,4262 Sandved,375.000,09-11-2010,"
Auktion",4.166,2,Villa,90,1888,-48 %,Aktuel værdi
Rolighedsvej 1,4262 Sandved,950.000,01-11-2010,"
Alm. Salg",8.558,3,Villa,111,1929,-3 %,Aktuel værdi
Byvænget 6,4262 Sandved,1.210.000,14-10-2010,"
Alm. Salg",13.750,3,Villa,88,1972,-7 %,Aktuel værdi
Fyrendalvej 21,4262 Sandved,1.281.558,12-10-2010,"
Alm. Salg",8.838,5,Villa,145,1922,,Aktuel værdi
Byvænget 1,4262 Sandved,1.330.000,15-09-2010,"
Alm. Salg",5.236,5,Villa,254,1938,0 %,Aktuel værdi
Torpevænget 1,4262 Sandved,125.000,02-09-2010,"
Alm. Salg",679,5,Villa,184,2012,,Aktuel værdi
Lindevej 4,4262 Sandved,795.000,28-08-2010,"
Alm. Salg",6.309,4,Villa,126,1973,-11 %,Aktuel værdi
Arløse Torp Vej 10,4262 Sandved,1.750.000,21-08-2010,"
Alm. Salg",8.838,5,Villa,198,1899,-16 %,Aktuel værdi
Langgade 54,4262 Sandved,900.000,27-07-2010,"
Auktion",6.338,5,Villa,142,1908,-38 %,Aktuel værdi
Lindevej 8,4262 Sandved,900.000,02-07-2010,"
Alm. Salg",9.000,4,Villa,100,1967,-10 %,Aktuel værdi
Hovedgaden 20,4262 Sandved,370.043,30-06-2010,"
Alm. Salg",2.890,7,Villa,128,1828,,Aktuel værdi
Diegårdsvej 3,4262 Sandved,825.000,28-05-2010,"
Auktion",5.892,5,Villa,140,1788,-21 %,Aktuel værdi
Langgade 62,4262 Sandved,2.000.000,18-05-2010,"
Alm. Salg",9.132,6,Villa,219,1912,,Aktuel værdi
Skovridergårdsvej 5,4262 Sandved,1.950.000,16-05-2010,"
Alm. Salg",-,6,Stuehus,241,1930,-13 %,
Ting Jellinge Vej 9,4262 Sandved,1.255.000,07-05-2010,"
Alm. Salg",6.820,7,Villa,184,1800,-3 %,Aktuel værdi
Nyvej 39,4262 Sandved,447.500,05-05-2010,"
Alm. Salg",4.221,4,Villa,106,1961,-50 %,Aktuel værdi
Langgade 41A,4262 Sandved,840.000,26-04-2010,"
Auktion",6.086,5,Villa,138,1948,-6 %,Aktuel værdi
Hovedgaden 19,4262 Sandved,475.000,21-04-2010,"
Alm. Salg",3.492,5,Villa,136,1865,-4 %,Aktuel værdi
Bendslevvej 37,4262 Sandved,400.000,13-04-2010,"
Auktion",3.076,5,Villa,130,2017,,Aktuel værdi
Møllevej 5,4262 Sandved,300.000,16-03-2010,"
Auktion",3.157,6,Villa,95,1888,,Aktuel værdi
Langgade 9,4262 Sandved,560.000,10-03-2010,"
Alm. Salg",6.666,3,Villa,84,1900,-6 %,Aktuel værdi
Hindholmvej 57,4262 Sandved,366.666,12-02-2010,"
Fam. Salg",2.820,4,Villa,130,1913,,Aktuel værdi
Smedevænget 1,4262 Sandved,1.500.000,12-02-2010,"
Alm. Salg",11.627,4,Villa,129,2004,-6 %,Aktuel værdi
Hindholmvej 23A,4262 Sandved,1.400.000,11-02-2010,"
Auktion",6.572,5,Villa,213,1989,-44 %,Aktuel værdi
Sandvedvej 73,4262 Sandved,644.000,06-01-2010,"
Auktion",4.472,5,Villa,144,1910,,Aktuel værdi
Ahornvej 15,4262 Sandved,771.879,09-12-2009,"
Alm. Salg",4.735,4,Villa,163,1970,,Aktuel værdi
Fyrendalvej 3,4262 Sandved,1.385.000,03-11-2009,"
Alm. Salg",6.563,8,Villa,211,1865,0 %,Aktuel værdi
Nyvej 59,4262 Sandved,1.375.000,03-11-2009,"
Alm. Salg",9.751,6,Villa,141,1800,-7 %,Aktuel værdi
Hovedgaden 23,4262 Sandved,960.000,02-11-2009,"
Alm. Salg",7.272,3,Villa,132,1888,-4 %,Aktuel værdi
Nyvej 36,4262 Sandved,720.000,22-10-2009,"
Alm. Salg",5.294,5,Villa,136,1973,-22 %,Aktuel værdi
Parkvej 20,4262 Sandved,1.335.000,10-10-2009,"
Alm. Salg",9.535,5,Villa,140,1965,-4 %,Aktuel værdi
Bødkerstien 9,4262 Sandved,625.000,08-09-2009,"
Fam. Salg",6.377,4,Villa,98,1886,,Aktuel værdi
Kristiansholmsvej 2,4262 Sandved,1.050.000,02-09-2009,"
Alm. Salg",11.413,3,Villa,92,1957,-4 %,Aktuel værdi
Fyrendalvej 12,4262 Sandved,940.000,26-07-2009,"
Alm. Salg",9.306,4,Villa,101,1927,-32 %,Aktuel værdi
Skafterupvej 3,4262 Sandved,400.000,22-06-2009,"
Fam. Salg",3.883,3,Villa,103,1888,,Aktuel værdi
Agervej 6,4262 Sandved,1.470.000,04-06-2009,"
Alm. Salg",10.652,4,Villa,138,1930,-8 %,Aktuel værdi
Møllevej 13,4262 Sandved,860.000,14-05-2009,"
Alm. Salg",6.615,6,Villa,130,1908,-4 %,Aktuel værdi
Granvænget 6,4262 Sandved,700.000,22-04-2009,"
Alm. Salg",6.930,3,Rækkehus,101,1981,,Aktuel værdi
Arløse Torp Vej 1,4262 Sandved,390.000,14-03-2009,"
Fam. Salg",3.939,2,Villa,99,1898,,Aktuel værdi
Spjellerup Bygade 50,4262 Sandved,1.200.000,10-03-2009,"
Alm. Salg",7.792,4,Villa,154,1904,-37 %,Aktuel værdi
Korsvej 3,4262 Sandved,875.000,25-02-2009,"
Auktion",8.838,3,Villa,99,1899,,Aktuel værdi
Hovedgaden 17,4262 Sandved,1.050.000,17-02-2009,"
Alm. Salg",8.015,5,Villa,131,1933,-8 %,Aktuel værdi
Klaksvej 9,4262 Sandved,5.312.500,09-02-2009,"
Fam. Salg",26.562,6,Stuehus,200,1910,,
Hovedgaden 15,4262 Sandved,550.000,25-12-2008,"
Alm. Salg",4.741,6,Villa,116,1877,-8 %,Aktuel værdi
Møllevej 36,4262 Sandved,17.116.200,19-12-2008,"
Alm. Salg",56.303,8,Stuehus,304,1860,,
Hovedgaden 42,4262 Sandved,287.100,08-12-2008,"
Alm. Salg",1.112,10,Stuehus,258,1870,,
Brandholtvej 2,4262 Sandved,800.000,25-11-2008,"
Alm. Salg",7.692,6,Villa,104,1922,-19 %,Aktuel værdi
Kvislemarkvej 16,4262 Sandved,285.000,11-11-2008,"
Auktion",2.850,3,Villa,100,1827,,Aktuel værdi
Parkvej 24B,4262 Sandved,750.000,24-10-2008,"
Alm. Salg",9.615,2,Dobbelthus,78,1988,-25 %,Aktuel værdi
Parkvej 49,4262 Sandved,1.550.000,04-10-2008,"
Alm. Salg",16.847,3,Rækkehus,92,2006,-2 %,Aktuel værdi
Brandholtvej 1,4262 Sandved,642.900,10-09-2008,"
Alm. Salg",4.464,4,Stuehus,144,1921,,
Ørebjergvej 4,4262 Sandved,1.375.949,27-08-2008,"
Alm. Salg",15.815,4,Villa,87,1916,-1 %,Aktuel værdi
Skovvej 1,4262 Sandved,900.000,19-08-2008,"
Andet",5.660,6,Villa,159,1960,,Aktuel værdi
Brandholtvej 3,4262 Sandved,649.000,07-08-2008,"
Alm. Salg",4.414,4,Stuehus,147,1909,,
Langgade 28,4262 Sandved,967.298,05-08-2008,"
Alm. Salg",8.956,2,Villa,108,1890,2 %,Aktuel værdi
Kristiansholmsvej 23,4262 Sandved,1.850.000,28-07-2008,"
Alm. Salg",17.452,3,Stuehus,106,1914,-7 %,
Bendslevvej 12,4262 Sandved,6.505.000,11-07-2008,"
Fam. Salg",32.525,7,Stuehus,200,1870,,
Diegårdsvej 6,4262 Sandved,1.950.000,24-06-2008,"
Alm. Salg",16.956,5,Stuehus,115,1910,,
Kvislemarkvej 6,4262 Sandved,750.000,13-04-2008,"
Fam. Salg",4.054,7,Villa,185,1827,,Aktuel værdi
Møllevej 14,4262 Sandved,1.150.000,12-03-2008,"
Alm. Salg",8.455,3,Villa,136,1800,0 %,Aktuel værdi
Møllegårdsvej 8,4262 Sandved,1.572.500,05-03-2008,"
Alm. Salg",7.596,5,Villa,207,1897,-1 %,Aktuel værdi
Hindholmvej 35,4262 Sandved,1.160.000,28-02-2008,"
Alm. Salg",10.086,3,Villa,115,1930,1 %,Aktuel værdi
Fyrendalvej 17,4262 Sandved,1.550.000,27-02-2008,"
Alm. Salg",11.567,5,Villa,134,1945,,Aktuel værdi
Kristiansholmsvej 1,4262 Sandved,450.000,24-01-2008,"
Alm. Salg",4.945,3,Villa,91,2008,,Aktuel værdi
Fyrendalvej 13,4262 Sandved,900.000,15-01-2008,"
Alm. Salg",13.235,2,Villa,68,1962,3 %,Aktuel værdi
Hindholmvej 65,4262 Sandved,2.168.760,12-01-2008,"
Alm. Salg",21.687,5,Stuehus,100,1920,,
Hindholmvej 63,4262 Sandved,2.000.000,03-01-2008,"
Alm. Salg",16.129,4,Villa,124,1951,-9 %,Aktuel værdi
Møllevej 18,4262 Sandved,645.000,21-12-2007,"
Alm. Salg",-,5,Villa,126,1961,,Aktuel værdi
Parkvej 11,4262 Sandved,1.800.000,19-12-2007,"
Alm. Salg",13.953,4,Villa,129,2004,,Aktuel værdi
Nyrupvej 11,4262 Sandved,650.000,03-12-2007,"
Alm. Salg",7.222,4,Villa,90,1778,-6 %,Aktuel værdi
Kvislemarkvej 18,4262 Sandved,263.933,20-10-2007,"
Fam. Salg",854,12,Stuehus,309,1890,,
Bendslevvej 3,4262 Sandved,995.000,07-09-2007,"
Alm. Salg",9.476,5,Villa,105,1900,,Aktuel værdi
Lungvej 2,4262 Sandved,370.000,23-08-2007,"
Fam. Salg",-,5,Villa,186,1888,,Aktuel værdi
Langgade 45,4262 Sandved,945.000,16-08-2007,"
Alm. Salg",10.384,4,Villa,91,1956,-5 %,Aktuel værdi
Hovedgaden 35,4262 Sandved,875.000,11-08-2007,"
Alm. Salg",7.812,2,Villa,112,1916,-2 %,Aktuel værdi
Ahornvej 14,4262 Sandved,1.525.000,06-08-2007,"
Alm. Salg",10.445,5,Villa,146,1972,-3 %,Aktuel værdi
Kristiansholmsvej 9,4262 Sandved,1.300.000,31-07-2007,"
Alm. Salg",5.000,9,Villa,260,1871,,Aktuel værdi
Langgade 72,4262 Sandved,1.175.000,26-07-2007,"
Alm. Salg",11.750,4,Villa,100,1925,-2 %,Aktuel værdi
Langgade 70,4262 Sandved,862.000,14-07-2007,"
Alm. Salg",7.305,4,Villa,118,1925,,Aktuel værdi
Parkvej 10,4262 Sandved,725.000,30-06-2007,"
Alm. Salg",8.333,4,Villa,87,1900,-15 %,Aktuel værdi
Møllevej 50,4262 Sandved,995.000,26-06-2007,"
Alm. Salg",8.291,5,Villa,120,1877,0 %,Aktuel værdi
Nyvej 17,4262 Sandved,300.000,20-06-2007,"
Alm. Salg",2.777,3,Villa,108,2007,,Aktuel værdi
Parkvej 12,4262 Sandved,1.250.000,18-05-2007,"
Alm. Salg",12.500,3,Villa,100,1965,0 %,Aktuel værdi
Diegårdsvej 1C,4262 Sandved,1.895.000,15-05-2007,"
Alm. Salg",15.160,3,Villa,125,1898,,Aktuel værdi
Korsvej 10,4262 Sandved,850.000,08-05-2007,"
Alm. Salg",8.500,5,Villa,100,1910,,Aktuel værdi
Jernbanevej 9,4262 Sandved,750.000,08-05-2007,"
Alm. Salg",10.135,3,Villa,74,1904,,Aktuel værdi
Birkemosevej 3,4262 Sandved,1.600.000,30-04-2007,"
Alm. Salg",9.039,6,Villa,177,1972,,Aktuel værdi
Skælskør Landevej 36,4262 Sandved,850.000,26-04-2007,"
Fam. Salg",7.798,4,Villa,109,1800,,Aktuel værdi
Kristiansholmsvej 31,4262 Sandved,2.400.000,14-03-2007,"
Alm. Salg",17.142,5,Sommerhus,140,1877,,Aktuel værdi
Stensnarevej 4,4262 Sandved,6.300.000,20-02-2007,"
Fam. Salg",38.181,5,Villa,165,1877,,Aktuel værdi
Møllegårdsvej 7,4262 Sandved,345.000,19-02-2007,"
Alm. Salg",6.272,1,Villa,55,1877,,Aktuel værdi
Hovedgaden 21,4262 Sandved,875.000,10-02-2007,"
Alm. Salg",7.172,4,Villa,122,1900,,Aktuel værdi
Nyrupvej 12,4262 Sandved,1.750.000,07-02-2007,"
Alm. Salg",10.294,10,Villa,170,1910,0 %,Aktuel værdi
Granvænget 7,4262 Sandved,860.000,26-01-2007,"
Alm. Salg",11.168,2,Rækkehus,77,1981,-4 %,Aktuel værdi
Husmandsvej 1,4262 Sandved,2.000.000,23-01-2007,"
Fam. Salg",13.422,6,Stuehus,149,1870,,
Fyrendalvej 23,4262 Sandved,1.950.000,11-01-2007,"
Alm. Salg",13.356,3,Stuehus,146,1921,,
Fyrendalvej 4,4262 Sandved,348.000,01-01-2007,"
Fam. Salg",3.480,5,Stuehus,100,1876,,
Kvislemarkvej 7,4262 Sandved,7.392.859,31-12-2006,"
Fam. Salg",52.062,8,Stuehus,142,1929,,
Skælskør Landevej 3,4262 Sandved,5.822.500,22-12-2006,"
Fam. Salg",23.290,8,Stuehus,250,1920,,
Kvislemarkvej 14,4262 Sandved,4.960.734,20-12-2006,"
Alm. Salg",29.180,6,Stuehus,170,1880,,
Sandvedvej 42,4262 Sandved,743.560,14-12-2006,"
Andet",6.196,4,Stuehus,120,1904,,
Stenkistevej 6,4262 Sandved,745.000,15-11-2006,"
Alm. Salg",4.966,6,Villa,150,1966,,Aktuel værdi
Rolighedsvej 2,4262 Sandved,1.198.000,07-11-2006,"
Alm. Salg",11.861,5,Villa,101,1908,,Aktuel værdi
Møllevej 11,4262 Sandved,1.150.000,06-11-2006,"
Alm. Salg",8.156,3,Villa,141,1979,,Aktuel værdi
Parkvej 51,4262 Sandved,1.295.000,02-11-2006,"
Alm. Salg",14.076,3,Dobbelthus,92,2006,,Aktuel værdi
Skælskør Landevej 9,4262 Sandved,950.000,16-10-2006,"
Alm. Salg",6.690,5,Villa,142,1870,,Aktuel værdi
Langgade 23,4262 Sandved,825.000,09-10-2006,"
Alm. Salg",6.707,4,Villa,123,1900,,Aktuel værdi
Hindholmvej 14,4262 Sandved,1.175.000,20-08-2006,"
Alm. Salg",8.159,5,Villa,144,1900,,Aktuel værdi
Møllevej 1,4262 Sandved,1.240.000,17-08-2006,"
Alm. Salg",6.262,8,Villa,198,1890,,Aktuel værdi
Langgade 3,4262 Sandved,100.000,28-07-2006,"
Alm. Salg",303,13,Villa,330,1870,,Aktuel værdi
Hårslevvej 22,4262 Sandved,675.000,28-07-2006,"
Alm. Salg",5.532,4,Villa,122,1920,,Aktuel værdi
Ting Jellinge Vej 6,4262 Sandved,12.000.000,05-06-2006,"
Alm. Salg",41.811,11,Stuehus,287,1914,,
Møllevænget 2,4262 Sandved,1.195.000,02-06-2006,"
Alm. Salg",8.917,6,Villa,134,1979,,Aktuel værdi
Skafterupvej 4,4262 Sandved,1.690.000,28-05-2006,"
Alm. Salg",8.125,5,Villa,208,1943,,Aktuel værdi
Langgade 41,4262 Sandved,1.265.000,24-05-2006,"
Alm. Salg",11.822,5,Villa,107,1936,,Aktuel værdi
Skafterupvej 11,4262 Sandved,645.000,15-05-2006,"
Alm. Salg",7.588,5,Villa,85,1777,,Aktuel værdi
Møllevej 26,4262 Sandved,100.000,01-05-2006,"
Alm. Salg",458,6,Stuehus,218,1890,,
Hindholmvej 26,4262 Sandved,1.607.000,04-04-2006,"
Fam. Salg",11.478,5,Stuehus,140,1867,,
Hindholmvej 24,4262 Sandved,3.315.000,03-04-2006,"
Fam. Salg",19.615,9,Stuehus,169,1902,,
Kristiansholmsvej 3A,4262 Sandved,6.300.000,29-03-2006,"
Alm. Salg",38.414,4,Stuehus,164,1957,,
Husmandsvej 2,4262 Sandved,1.950.000,16-03-2006,"
Alm. Salg",7.276,6,Villa,268,1827,,Aktuel værdi
Bendslevvej 1,4262 Sandved,1.225.000,16-03-2006,"
Alm. Salg",8.448,3,Villa,145,1883,,Aktuel værdi
Stensnarevej 2,4262 Sandved,2.195.000,15-03-2006,"
Alm. Salg",7.568,8,Stuehus,290,1880,,
Jernbanevej 11,4262 Sandved,1.100.000,15-02-2006,"
Alm. Salg",5.820,5,Villa,189,1900,,Aktuel værdi
Birkevej 2,4262 Sandved,1.325.000,09-02-2006,"
Alm. Salg",6.162,9,Villa,215,1930,,Aktuel værdi
Smedevænget 7,4262 Sandved,975.000,02-02-2006,"
Alm. Salg",9.198,4,Villa,106,1965,,Aktuel værdi
Jernbanevej 6,4262 Sandved,1.010.000,26-01-2006,"
Alm. Salg",6.474,6,Villa,156,1900,,Aktuel værdi
Langgade 39,4262 Sandved,925.000,24-01-2006,"
Alm. Salg",5.572,4,Villa,166,1928,,Aktuel værdi
Hindholmvej 22,4262 Sandved,469.699,16-01-2006,"
Andet",5.218,6,Villa,90,1934,,Aktuel værdi
Skafterupvej 6,4262 Sandved,2.495.000,15-01-2006,"
Alm. Salg",9.039,9,Villa,276,1800,,Aktuel værdi
Nyvej 12,4262 Sandved,1.075.000,09-12-2005,"
Alm. Salg",11.315,4,Villa,95,1960,,Aktuel værdi
Hindholmvej 25,4262 Sandved,1.345.000,07-12-2005,"
Alm. Salg",8.966,5,Villa,150,1800,,Aktuel værdi
Kvislemarkvej 41,4262 Sandved,1.920.000,19-11-2005,"
Alm. Salg",14.117,5,Stuehus,136,1868,,
Stensnarevej 8,4262 Sandved,1.375.000,07-11-2005,"
Auktion",7.994,5,Villa,172,1900,,Aktuel værdi
Hovedgaden 5,4262 Sandved,575.000,02-11-2005,"
Alm. Salg",5.693,3,Villa,101,1888,,Aktuel værdi
Hårslevvej 37,4262 Sandved,1.075.000,28-10-2005,"
Alm. Salg",11.315,4,Villa,95,1928,,Aktuel værdi
Grønbrovej 6,4262 Sandved,1.900.000,27-10-2005,"
Alm. Salg",17.117,4,Stuehus,111,1921,,
Grønbrovej 3,4262 Sandved,700.000,18-10-2005,"
Alm. Salg",7.142,4,Villa,98,1920,,Aktuel værdi
Skovhusvej 1,4262 Sandved,840.000,08-10-2005,"
Alm. Salg",10.000,4,Stuehus,84,1896,,
Husmandsvej 5,4262 Sandved,1.050.000,04-10-2005,"
Alm. Salg",14.583,3,Villa,72,1800,,Aktuel værdi
Skovridergårdsvej 3,4262 Sandved,2.040.000,27-09-2005,"
Alm. Salg",11.270,6,Villa,181,1932,,Aktuel værdi
Skafterupvej 15,4262 Sandved,275.000,23-09-2005,"
Alm. Salg",2.925,2,Villa,94,1828,,Aktuel værdi
Bødkerstien 7,4262 Sandved,575.000,21-09-2005,"
Alm. Salg",8.333,3,Villa,69,1890,,Aktuel værdi
Skafterupvej 1,4262 Sandved,1.331.480,20-09-2005,"
Alm. Salg",10.484,5,Villa,127,1952,,Aktuel værdi
Hindholmvej 30,4262 Sandved,1.225.000,16-09-2005,"
Alm. Salg",-,10,Stuehus,412,2008,,
Hårslevvej 2,4262 Sandved,1.875.000,13-09-2005,"
Alm. Salg",-,7,Stuehus,239,1921,,
Møllevej 8,4262 Sandved,651.479,29-08-2005,"
Alm. Salg",4.524,3,Villa,144,1896,,Aktuel værdi
Fyrendalvej 15,4262 Sandved,1.075.000,09-08-2005,"
Alm. Salg",3.143,8,Villa,342,1826,,Aktuel værdi
Lungvej 4,4262 Sandved,1.000.000,05-08-2005,"
Alm. Salg",11.764,4,Villa,85,1877,,Aktuel værdi
Møllevej 28A,4262 Sandved,829.000,02-08-2005,"
Alm. Salg",6.280,4,Villa,132,1800,,Aktuel værdi
Stenkistevej 8,4262 Sandved,1.650.000,31-07-2005,"
Alm. Salg",11.458,6,Villa,144,1800,,Aktuel værdi
Kristiansholmsvej 14,4262 Sandved,1.770.000,27-07-2005,"
Fam. Salg",13.111,5,Villa,135,1887,,Aktuel værdi
Skælskør Landevej 34,4262 Sandved,475.000,07-07-2005,"
Alm. Salg",6.597,4,Villa,72,1900,,Aktuel værdi
Hårslevvej 23,4262 Sandved,575.000,06-07-2005,"
Andet",2.211,6,Villa,260,1900,,Aktuel værdi
Skafterupvej 13,4262 Sandved,675.000,05-07-2005,"
Alm. Salg",8.437,4,Villa,80,1727,,Aktuel værdi
Elmevej 5,4262 Sandved,1.050.000,26-06-2005,"
Alm. Salg",5.468,5,Villa,192,1973,,Aktuel værdi
Hårslevvej 8,4262 Sandved,700.000,24-06-2005,"
Alm. Salg",7.954,3,Villa,88,1902,,Aktuel værdi
Skafterupvej 24,4262 Sandved,750.000,24-06-2005,"
Alm. Salg",12.500,3,Villa,60,1950,,Aktuel værdi
Bendslevvej 10,4262 Sandved,4.000.000,16-06-2005,"
Alm. Salg",20.512,6,Stuehus,195,1910,,
Sandvedvej 71,4262 Sandved,400.000,13-06-2005,"
Alm. Salg",3.603,4,Villa,111,1904,,Aktuel værdi
Bendslevvej 4,4262 Sandved,625.000,30-05-2005,"
Alm. Salg",4.222,5,Villa,148,1880,,Aktuel værdi
Hovedgaden 27,4262 Sandved,655.000,25-05-2005,"
Alm. Salg",6.683,3,Villa,98,1878,,Aktuel værdi
Nyrupvej 4,4262 Sandved,915.000,24-05-2005,"
Alm. Salg",6.100,6,Villa,150,1955,,Aktuel værdi
Hovedgaden 31,4262 Sandved,1.475.000,15-05-2005,"
Alm. Salg",12.826,17,Engroshandel,115,1902,,Aktuel værdi
"Nyvej 22, ST. TV",4262 Sandved,1.575.000,13-05-2005,"
Alm. Salg",13.125,4,Lejlighed,120,1988,,Aktuel værdi
Møllevænget 3,4262 Sandved,1.235.000,12-05-2005,"
Alm. Salg",7.439,7,Villa,166,1980,,Aktuel værdi
Ørebjergvej 2,4262 Sandved,1.150.000,08-05-2005,"
Fam. Salg",7.876,6,Stuehus,146,1800,,
Møllevej 10,4262 Sandved,665.000,05-05-2005,"
Alm. Salg",8.417,3,Villa,79,1800,,Aktuel værdi
Bendslevvej 7,4262 Sandved,70.000,02-05-2005,"
Auktion",583,3,Villa,120,1800,,Aktuel værdi
Jernbanevej 1,4262 Sandved,798.000,27-04-2005,"
Alm. Salg",6.705,4,Villa,119,1944,,Aktuel værdi
Hårslevvej 30,4262 Sandved,813.000,25-04-2005,"
Fam. Salg",6.452,3,Villa,126,1900,,Aktuel værdi
Kvislemarkvej 9,4262 Sandved,875.000,17-03-2005,"
Alm. Salg",9.114,3,Villa,96,1900,,Aktuel værdi
Langgade 25,4262 Sandved,500.000,14-03-2005,"
Alm. Salg",4.464,4,Villa,112,1910,,Aktuel værdi
Skælskør Landevej 16,4262 Sandved,71.991,14-03-2005,"
Alm. Salg",455,5,Stuehus,158,1924,,
Appelsbjergvej 13,4262 Sandved,665.000,10-03-2005,"
Alm. Salg",7.732,2,Villa,86,1875,,Aktuel værdi
Skafterupvej 25,4262 Sandved,2.731.719,18-02-2005,"
Alm. Salg",7.151,11,Villa,382,1809,,Aktuel værdi
Langgade 21,4262 Sandved,625.000,31-01-2005,"
Alm. Salg",5.482,2,Villa,114,1903,,Aktuel værdi
Hovedgaden 36,4262 Sandved,995.000,30-01-2005,"
Alm. Salg",6.677,5,Villa,149,1910,,Aktuel værdi
Kvislemarkvej 49,4262 Sandved,700.000,10-01-2005,"
Fam. Salg",10.937,3,Stuehus,64,1880,,
Kvislemarkvej 15,4262 Sandved,600.000,31-12-2004,"
Andet",5.084,6,Villa,118,1874,,Aktuel værdi
Ørebjergvej 3,4262 Sandved,722.500,21-12-2004,"
Fam. Salg",6.282,5,Villa,115,1959,,Aktuel værdi
Nyrupvej 5,4262 Sandved,360.000,15-11-2004,"
Alm. Salg",4.675,4,Villa,77,1914,,Aktuel værdi
Parkvej 22,4262 Sandved,875.000,11-10-2004,"
Alm. Salg",7.172,4,Villa,122,1967,,Aktuel værdi
Ørebjergvej 1,4262 Sandved,1.000.000,25-08-2004,"
Alm. Salg",7.462,5,Villa,134,1943,,Aktuel værdi
Parkvej 3,4262 Sandved,662.830,22-07-2004,"
Alm. Salg",7.127,2,Villa,93,1907,,Aktuel værdi
Bødkerstien 3,4262 Sandved,1.210.000,19-07-2004,"
Alm. Salg",-,6,Villa,164,1987,,Aktuel værdi
Brandholtvej 7,4262 Sandved,1.395.000,12-07-2004,"
Alm. Salg",7.303,4,Villa,191,1958,,Aktuel værdi
Nyvej 49,4262 Sandved,350.000,28-06-2004,"
Alm. Salg",4.375,3,Villa,80,1964,,Aktuel værdi
Hovedgaden 45,4262 Sandved,850.000,27-06-2004,"
Alm. Salg",5.246,7,Villa,162,1934,,Aktuel værdi
Skælskør Landevej 38,4262 Sandved,390.000,14-06-2004,"
Alm. Salg",2.805,3,Villa,139,1890,,Aktuel værdi
Parkvej 2,4262 Sandved,555.000,07-06-2004,"
Alm. Salg",6.166,3,Villa,90,1959,,Aktuel værdi
Byvænget 7,4262 Sandved,895.000,30-05-2004,"
Alm. Salg",6.532,4,Villa,137,1972,,Aktuel værdi
Hovedgaden 33,4262 Sandved,906.790,24-05-2004,"
Alm. Salg",8.636,4,Villa,105,1961,,Aktuel værdi
Parkvej 18,4262 Sandved,695.000,22-05-2004,"
Alm. Salg",7.091,4,Villa,98,1960,,Aktuel værdi
Granvænget 5,4262 Sandved,650.000,20-05-2004,"
Alm. Salg",8.441,2,Rækkehus,77,1980,,Aktuel værdi
Parkvej 30,4262 Sandved,785.000,30-04-2004,"
Alm. Salg",6.038,4,Villa,130,1977,,Aktuel værdi
Møllevej 9,4262 Sandved,80.000,19-04-2004,"
Alm. Salg",-,3,Døgninstitution,72,1902,,Aktuel værdi
Parkvej 32A,4262 Sandved,125.000,19-04-2004,"
Alm. Salg",791,4,Villa,158,2004,,Aktuel værdi
Langgade 31,4262 Sandved,1.370.000,07-04-2004,"
Alm. Salg",-,4,Villa,190,1907,,Aktuel værdi
Lindevej 10,4262 Sandved,790.000,07-04-2004,"
Alm. Salg",7.900,4,Villa,100,1967,,Aktuel værdi
Skovvej 2,4262 Sandved,1.650.000,05-04-2004,"
Alm. Salg",12.406,4,Villa,133,1877,,Aktuel værdi
Kristiansholmsvej 25,4262 Sandved,2.100.000,01-04-2004,"
Alm. Salg",12.280,6,Stuehus,171,1954,,
Nyvej 25,4262 Sandved,1.427.922,31-03-2004,"
Alm. Salg",9.394,4,Villa,152,1973,,Aktuel værdi
Skovridergårdsvej 8,4262 Sandved,7.400.000,26-03-2004,"
Alm. Salg",32.456,8,Stuehus,228,1909,,
Byvænget 23,4262 Sandved,845.000,06-02-2004,"
Alm. Salg",7.681,4,Villa,110,1981,,Aktuel værdi
Diegårdsvej 8,4262 Sandved,1.050.783,01-02-2004,"
Alm. Salg",6.567,4,Villa,160,1887,,Aktuel værdi
Skafterupvej 10,4262 Sandved,442.776,01-02-2004,"
Andet",2.767,5,Villa,160,1875,,Aktuel værdi
Arløse Torp Vej 5,4262 Sandved,685.000,27-01-2004,"
Alm. Salg",6.586,4,Villa,104,1907,,Aktuel værdi
Klaksvej 7,4262 Sandved,2.000.000,11-01-2004,"
Alm. Salg",22.222,4,Villa,90,1902,,Aktuel værdi
Bendslevvej 15,4262 Sandved,2.608.526,19-12-2003,"
Fam. Salg",14.491,9,Stuehus,180,1933,,
Ting Jellinge Vej 1,4262 Sandved,2.800.000,21-11-2003,"
Alm. Salg",12.017,7,Villa,233,1876,,Aktuel værdi
Nyvej 46,4262 Sandved,845.000,22-10-2003,"
Alm. Salg",7.347,5,Villa,115,1973,,Aktuel værdi
Arløse Torp Vej 9,4262 Sandved,819.333,21-10-2003,"
Alm. Salg",5.498,3,Stuehus,149,1934,,
Møllegårdsvej 6,4262 Sandved,650.000,25-09-2003,"
Alm. Salg",4.333,6,Villa,150,1907,,Aktuel værdi
Bendslevvej 21,4262 Sandved,948.000,21-08-2003,"
Alm. Salg",7.236,6,Villa,131,1800,,Aktuel værdi
Bendslevvej 27,4262 Sandved,645.000,16-08-2003,"
Alm. Salg",7.588,3,Villa,85,1850,,Aktuel værdi
Kristiansholmsvej 17,4262 Sandved,83.000,24-07-2003,"
Alm. Salg",461,5,Stuehus,180,1827,,
Bendslevvej 35,4262 Sandved,1.200.000,01-07-2003,"
Alm. Salg",5.063,5,Villa,237,1905,,Aktuel værdi
Stensnarevej 5,4262 Sandved,6.500.000,30-06-2003,"
Alm. Salg",27.896,7,Stuehus,233,1900,,
Langgade 56,4262 Sandved,660.000,21-06-2003,"
Alm. Salg",6.875,4,Villa,96,1930,,Aktuel værdi
Hovedgaden 6,4262 Sandved,570.000,19-06-2003,"
Fam. Salg",4.318,5,Villa,132,1958,,Aktuel værdi
Kvislemarkvej 13,4262 Sandved,600.000,16-06-2003,"
Alm. Salg",6.666,3,Villa,90,1987,,Aktuel værdi
Hovedgaden 25,4262 Sandved,577.000,30-04-2003,"
Alm. Salg",4.472,5,Villa,129,1900,,Aktuel værdi
Hindholmvej 46,4262 Sandved,700.000,30-04-2003,"
Alm. Salg",5.000,3,Villa,140,1943,,Aktuel værdi
Hindholmvej 49,4262 Sandved,1.363.000,10-03-2003,"
Alm. Salg",10.991,5,Stuehus,124,1859,,
Langgade 58,4262 Sandved,590.000,13-02-2003,"
Alm. Salg",3.782,5,Villa,156,1915,,Aktuel værdi
Møllevej 6,4262 Sandved,715.000,27-01-2003,"
Alm. Salg",3.972,6,Villa,180,1930,,Aktuel værdi
Hovedgaden 24,4262 Sandved,500.000,16-01-2003,"
Alm. Salg",5.208,3,Villa,96,1800,,Aktuel værdi
Hårslevvej 21,4262 Sandved,300.000,15-01-2003,"
Alm. Salg",1.456,5,Villa,206,2009,,Aktuel værdi
Bendslevvej 39,4262 Sandved,1.250.000,19-12-2002,"
Alm. Salg",12.500,3,Stuehus,100,1897,,
Syvhøjvej 8,4262 Sandved,433.500,02-12-2002,"
Fam. Salg",4.563,4,Stuehus,95,1800,,
Nyvej 56,4262 Sandved,317.000,11-11-2002,"
Alm. Salg",2.280,6,Stuehus,139,1927,,
Torpevænget 10,4262 Sandved,99.000,01-11-2002,"
Alm. Salg",565,5,Villa,175,2005,,Aktuel værdi
Hovedgaden 8,4262 Sandved,651.000,07-10-2002,"
Alm. Salg",2.657,6,Villa,245,2006,,Aktuel værdi
Parkvej 19,4262 Sandved,49.500,30-09-2002,"
Alm. Salg",466,4,Villa,106,2003,,Aktuel værdi
Kvislemarkvej 2,4262 Sandved,675.000,20-08-2002,"
Alm. Salg",4.326,5,Villa,156,1900,,Aktuel værdi
Korsvej 6,4262 Sandved,695.000,14-08-2002,"
Alm. Salg",5.429,5,Villa,128,1913,,Aktuel værdi
Langgade 16,4262 Sandved,795.000,11-07-2002,"
Alm. Salg",5.520,4,Villa,144,1934,,Aktuel værdi
Appelsbjergvej 9,4262 Sandved,850.000,04-07-2002,"
Alm. Salg",6.746,7,Villa,126,1921,,Aktuel værdi
Skælskør Landevej 5,4262 Sandved,791.638,02-07-2002,"
Alm. Salg",5.385,4,Villa,147,1903,,Aktuel værdi
Hesselgårdsvej 1,4262 Sandved,895.000,20-06-2002,"
Alm. Salg",5.264,6,Villa,170,1914,,Aktuel værdi
Torpevænget 2,4262 Sandved,49.500,10-06-2002,"
Alm. Salg",275,5,Villa,180,2002,,Aktuel værdi
Arløse Torp Vej 17,4262 Sandved,3.500.000,15-05-2002,"
Fam. Salg",12.500,9,Stuehus,280,1897,,
Skælskør Landevej 17,4262 Sandved,573.308,22-04-2002,"
Alm. Salg",6.370,4,Villa,90,1943,,Aktuel værdi
Klaksvej 12,4262 Sandved,451.000,12-04-2002,"
Alm. Salg",6.442,3,Sommerhus,70,1975,,Aktuel værdi
Skælskør Landevej 13,4262 Sandved,483.852,27-03-2002,"
Alm. Salg",3.780,6,Villa,128,1885,,Aktuel værdi
Nyrupvej 6,4262 Sandved,984.000,26-03-2002,"
Alm. Salg",4.969,6,Villa,198,1900,,Aktuel værdi
Hindholmvej 39,4262 Sandved,2.000.000,19-03-2002,"
Fam. Salg",8.695,4,Stuehus,230,1800,,
Hårslevvej 6,4262 Sandved,1.300.000,14-02-2002,"
Alm. Salg",-,7,Villa,507,2003,,Aktuel værdi
Skafterupvej 18,4262 Sandved,1.530.000,11-02-2002,"
Fam. Salg",8.052,7,Stuehus,190,1925,,
Birkevej 1,4262 Sandved,688.000,06-02-2002,"
Alm. Salg",4.744,5,Villa,145,1923,,Aktuel værdi
Bendslevvej 17,4262 Sandved,1.019.920,01-02-2002,"
Alm. Salg",5.895,5,Villa,173,1918,,Aktuel værdi
Brandholtvej 8,4262 Sandved,117.013,24-01-2002,"
Alm. Salg",672,4,Villa,174,1800,,Aktuel værdi
Parkvej 1,4262 Sandved,450.000,12-12-2001,"
Fam. Salg",4.326,4,Villa,104,1950,,Aktuel værdi
Kvislemarkvej 31,4262 Sandved,31.000,10-12-2001,"
Auktion",659,3,Villa,47,1850,,Aktuel værdi
Møllevej 52,4262 Sandved,1.146.360,25-11-2001,"
Alm. Salg",6.404,7,Stuehus,179,1922,,
Hovedgaden 18,4262 Sandved,100.000,25-10-2001,"
Alm. Salg",378,8,Stuehus,264,1914,,
Bendslevvej 2,4262 Sandved,475.000,11-10-2001,"
Alm. Salg",-,7,Villa,116,1800,,Aktuel værdi
Skovhusvej 10,4262 Sandved,1.060.000,20-09-2001,"
Alm. Salg",6.708,6,Villa,158,1827,,Aktuel værdi
Byvænget 8,4262 Sandved,955.000,17-09-2001,"
Alm. Salg",7.827,3,Villa,122,1993,,Aktuel værdi
Skafterupvej 9,4262 Sandved,344.507,16-08-2001,"
Alm. Salg",3.744,4,Villa,92,1800,,Aktuel værdi
Brandholtvej 17,4262 Sandved,1.300.000,10-08-2001,"
Alm. Salg",7.222,6,Stuehus,180,1914,,
Lungvej 12,4262 Sandved,190.000,19-07-2001,"
Alm. Salg",3.166,2,Sommerhus,60,1800,,Aktuel værdi
Nyvej 14,4262 Sandved,766.419,02-07-2001,"
Alm. Salg",5.285,6,Villa,145,1910,,Aktuel værdi
Byvænget 2,4262 Sandved,725.000,13-06-2001,"
Alm. Salg",6.775,4,Villa,107,1973,,Aktuel værdi
Hindholmvej 59,4262 Sandved,190.000,17-05-2001,"
Alm. Salg",1.792,4,Villa,106,1928,,Aktuel værdi
Skydevænget 6,4262 Sandved,881.360,14-05-2001,"
Alm. Salg",-,5,Villa,160,1977,,Aktuel værdi
Bendslevvej 8,4262 Sandved,853.331,12-05-2001,"
Alm. Salg",6.564,3,Villa,130,1850,,Aktuel værdi
Byvænget 17,4262 Sandved,725.000,02-05-2001,"
Alm. Salg",3.983,5,Villa,182,1970,,Aktuel værdi
Fyrendalvej 7,4262 Sandved,925.000,09-03-2001,"
Alm. Salg",5.225,4,Villa,177,1950,,Aktuel værdi
Hindholmvej 53,4262 Sandved,407.126,06-03-2001,"
Alm. Salg",4.154,4,Villa,98,1810,,Aktuel værdi
Husmandsvej 9,4262 Sandved,731.000,03-02-2001,"
Alm. Salg",3.909,6,Villa,187,1925,,Aktuel værdi
Langgade 27,4262 Sandved,526.000,15-01-2001,"
Auktion",2.922,5,Villa,180,1900,,Aktuel værdi
Skydevænget 2,4262 Sandved,813.000,04-01-2001,"
Alm. Salg",4.672,6,Villa,174,1980,,Aktuel værdi
Hindholmvej 47,4262 Sandved,684.001,04-01-2001,"
Alm. Salg",4.384,3,Stuehus,156,1870,,
Torpevænget 20,4262 Sandved,750.000,20-12-2000,"
Alm. Salg",5.208,6,Villa,144,1980,,Aktuel værdi
Torpevænget 6,4262 Sandved,864.000,13-12-2000,"
Alm. Salg",6.912,5,Villa,125,1979,,Aktuel værdi
Kristiansholmsvej 27,4262 Sandved,1.169.240,20-11-2000,"
Fam. Salg",5.463,7,Stuehus,214,1882,,
Nybrovej 3,4262 Sandved,819.347,20-11-2000,"
Fam. Salg",3.864,9,Villa,212,1918,,Aktuel værdi
Byvænget 14,4262 Sandved,780.000,31-10-2000,"
Alm. Salg",6.666,3,Villa,117,1982,,Aktuel værdi
Langgade 19,4262 Sandved,450.000,30-10-2000,"
Alm. Salg",5.232,3,Villa,86,1902,,Aktuel værdi
Nyvej 61,4262 Sandved,834.624,28-10-2000,"
Alm. Salg",2.006,7,Stuehus,416,1917,,
Langgade 24,4262 Sandved,380.000,27-10-2000,"
Alm. Salg",3.193,3,Villa,119,1908,,Aktuel værdi
Kvislemarkvej 3,4262 Sandved,368.898,25-10-2000,"
Alm. Salg",5.053,3,Villa,73,1960,,Aktuel værdi
Klaksvej 21,4262 Sandved,435.000,09-10-2000,"
Alm. Salg",5.370,3,Stuehus,81,1853,,
Ahornvej 2,4262 Sandved,765.000,28-08-2000,"
Alm. Salg",5.884,4,Villa,130,1973,,Aktuel værdi
Parkvej 24A,4262 Sandved,535.746,11-08-2000,"
Alm. Salg",6.868,2,Rækkehus,78,1988,,Aktuel værdi
Møllevej 19,4262 Sandved,72.000,03-07-2000,"
Alm. Salg",423,5,Stuehus,170,1868,,
Fyrendalvej 27,4262 Sandved,375.000,29-06-2000,"
Alm. Salg",2.678,5,Villa,140,1800,,Aktuel værdi
Skafterupvej 20,4262 Sandved,429.660,23-06-2000,"
Alm. Salg",4.053,4,Villa,106,1827,,Aktuel værdi
Skovhusvej 4,4262 Sandved,850.000,15-06-2000,"
Fam. Salg",4.473,6,Stuehus,190,1800,,
Nyrupvej 22,4262 Sandved,2.500.000,03-06-2000,"
Alm. Salg",14.880,7,Stuehus,168,1919,,
Klaksvej 11,4262 Sandved,360.000,19-05-2000,"
Alm. Salg",5.142,3,Sommerhus,70,1788,,Aktuel værdi
Kvislemarkvej 21,4262 Sandved,727.708,16-05-2000,"
Alm. Salg",4.464,5,Villa,163,1925,,Aktuel værdi
Lindevej 14,4262 Sandved,881.788,08-05-2000,"
Fam. Salg",5.801,7,Villa,152,1971,,Aktuel værdi
Skovridergårdsvej 9,4262 Sandved,1.075.000,10-04-2000,"
Alm. Salg",4.166,7,Villa,258,1850,,Aktuel værdi
Brandholtvej 16,4262 Sandved,1.200.000,25-03-2000,"
Alm. Salg",6.936,6,Villa,173,1800,,Aktuel værdi
Langgade 17,4262 Sandved,201.648,22-03-2000,"
Auktion",1.390,6,Villa,145,1902,,Aktuel værdi
Brandholtvej 14,4262 Sandved,1.002.705,22-03-2000,"
Alm. Salg",5.222,7,Villa,192,1860,,Aktuel værdi
Møllevej 4,4262 Sandved,385.018,26-02-2000,"
Andet",3.155,5,Villa,122,1878,,Aktuel værdi
Fyrendalvej 11,4262 Sandved,462.076,26-02-2000,"
Andet",4.018,5,Stuehus,115,1965,,
Skovridergårdsvej 1,4262 Sandved,1.165.000,21-02-2000,"
Fam. Salg",5.418,5,Stuehus,215,1997,,
Ahornvej 25,4262 Sandved,798.168,06-11-1999,"
Alm. Salg",6.284,4,Villa,127,1966,,Aktuel værdi
Skafterupvej 17,4262 Sandved,559.000,25-10-1999,"
Alm. Salg",4.991,5,Villa,112,1925,,Aktuel værdi
Stenkistevej 2,4262 Sandved,1.551.539,16-08-1999,"
Alm. Salg",9.403,5,Stuehus,165,1906,,
Hindholmvej 44,4262 Sandved,921.997,11-08-1999,"
Alm. Salg",8.232,4,Villa,112,1927,,Aktuel værdi
Langgade 60,4262 Sandved,389.500,12-07-1999,"
Alm. Salg",2.238,4,Villa,174,1913,,Aktuel værdi
Kristiansholmsvej 19,4262 Sandved,1.171.480,10-06-1999,"
Alm. Salg",4.523,8,Villa,259,1795,,Aktuel værdi
Hindholmvej 27,4262 Sandved,2.746.191,30-05-1999,"
Alm. Salg",12.205,6,Stuehus,225,1911,,
Fyrendalvej 31,4262 Sandved,2.083.915,25-05-1999,"
Alm. Salg",22.407,3,Villa,93,1902,,Aktuel værdi
Bødkerstien 1,4262 Sandved,279.970,03-05-1999,"
Alm. Salg",-,5,Villa,223,1827,,Aktuel værdi
Klaksvej 15B,4262 Sandved,879.000,24-04-1999,"
Alm. Salg",6.761,5,Villa,130,1935,,Aktuel værdi
Diegårdsvej 7,4262 Sandved,475.000,12-04-1999,"
Alm. Salg",3.653,6,Stuehus,130,1925,,
Diegårdsvej 4,4262 Sandved,657.745,11-04-1999,"
Alm. Salg",4.945,4,Villa,133,1800,,Aktuel værdi
Langgade 1,4262 Sandved,725.000,05-04-1999,"
Alm. Salg",6.590,4,Villa,110,1965,,Aktuel værdi
Hindholmvej 51,4262 Sandved,1.300.000,03-03-1999,"
Alm. Salg",9.219,5,Stuehus,141,1850,,
Lindevej 12,4262 Sandved,276.000,01-03-1999,"
Alm. Salg",2.190,4,Villa,126,1970,,Aktuel værdi
Nyvej 16,4262 Sandved,933.826,01-03-1999,"
Alm. Salg",4.150,6,Villa,225,1977,,Aktuel værdi
Kristiansholmsvej 15,4262 Sandved,225.000,15-02-1999,"
Fam. Salg",2.812,4,Sommerhus,80,1827,,Aktuel værdi
Nyvej 26,4262 Sandved,777.000,10-02-1999,"
Alm. Salg",6.584,3,Villa,118,1982,,Aktuel værdi
Skafterupvej 23,4262 Sandved,3.370.000,25-01-1999,"
Alm. Salg",12.389,10,Stuehus,272,1879,,
Ørebjergvej 5,4262 Sandved,2.000.000,11-01-1999,"
Alm. Salg",8.298,8,Stuehus,241,1852,,
Kvislemarkvej 53,4262 Sandved,485.000,07-12-1998,"
Alm. Salg",3.592,4,Villa,135,1924,,Aktuel værdi
Nyvej 34,4262 Sandved,732.557,26-11-1998,"
Alm. Salg",5.017,5,Villa,146,1973,,Aktuel værdi
Korsvej 2,4262 Sandved,225.000,12-11-1998,"
Alm. Salg",2.368,3,Villa,95,1908,,Aktuel værdi
Skovhusvej 5,4262 Sandved,510.920,22-10-1998,"
Alm. Salg",4.442,5,Stuehus,115,1800,,
Klaksvej 5,4262 Sandved,830.000,21-10-1998,"
Fam. Salg",7.477,4,Stuehus,111,1827,,
Hårslevvej 39,4262 Sandved,405.235,14-10-1998,"
Alm. Salg",3.586,4,Villa,113,1930,,Aktuel værdi
Byvænget 13,4262 Sandved,598.000,06-10-1998,"
Alm. Salg",4.600,4,Villa,130,1973,,Aktuel værdi
Skælskør Landevej 28,4262 Sandved,1.400.000,29-09-1998,"
Alm. Salg",10.769,4,Stuehus,130,1930,,
"Langgade 50, 1",4262 Sandved,324.853,14-09-1998,"
Alm. Salg",3.248,5,Lejlighed,100,1914,,Aktuel værdi
Hindholmvej 67,4262 Sandved,608.320,11-09-1998,"
Andet",1.799,6,Villa,338,1918,,Aktuel værdi
Husmandsvej 4,4262 Sandved,584.000,09-09-1998,"
Alm. Salg",-,5,Villa,191,1908,,Aktuel værdi
Hovedgaden 26,4262 Sandved,748.400,02-09-1998,"
Alm. Salg",4.859,6,Villa,154,1891,,Aktuel værdi
Parkvej 31,4262 Sandved,49.500,25-08-1998,"
Alm. Salg",441,4,Villa,112,1999,,Aktuel værdi
Langgade 33,4262 Sandved,505.000,17-08-1998,"
Alm. Salg",4.675,5,Villa,108,1950,,Aktuel værdi
Brandholtvej 10,4262 Sandved,531.250,29-07-1998,"
Fam. Salg",3.279,4,Stuehus,162,1986,,
Langgade 11,4262 Sandved,485.000,27-06-1998,"
Alm. Salg",-,5,Villa,140,1933,,Aktuel værdi
Skafterupvej 21,4262 Sandved,451.000,03-06-1998,"
Alm. Salg",3.887,3,Villa,116,1700,,Aktuel værdi
Kvislemarkvej 35,4262 Sandved,454.700,26-05-1998,"
Alm. Salg",4.786,3,Villa,95,1964,,Aktuel værdi
Bendslevvej 5,4262 Sandved,530.750,10-04-1998,"
Alm. Salg",5.528,3,Villa,96,1984,,Aktuel værdi
Hårslevvej 19,4262 Sandved,298.921,30-03-1998,"
Alm. Salg",2.959,4,Villa,101,1900,,Aktuel værdi
Skovridergårdsvej 6,4262 Sandved,485.000,30-03-1998,"
Fam. Salg",4.754,4,Stuehus,102,1887,,
Nyvej 33,4262 Sandved,145.071,29-03-1998,"
Alm. Salg",1.355,4,Villa,107,1948,,Aktuel værdi
Brandholtvej 6,4262 Sandved,437.500,02-02-1998,"
Alm. Salg",5.756,3,Villa,76,1890,,Aktuel værdi
Nyrupvej 18,4262 Sandved,565.000,22-01-1998,"
Alm. Salg",3.304,4,Stuehus,171,1868,,
Ting Jellinge Vej 4,4262 Sandved,238.000,05-01-1998,"
Fam. Salg",3.400,3,Villa,70,1908,,Aktuel værdi
Bendslevvej 9,4262 Sandved,505.938,16-12-1997,"
Alm. Salg",3.538,7,Villa,143,1880,,Aktuel værdi
Skovhusvej 8,4262 Sandved,200.000,24-11-1997,"
Alm. Salg",1.694,5,Villa,118,1850,,Aktuel værdi
Parkvej 16,4262 Sandved,587.600,14-11-1997,"
Alm. Salg",5.704,4,Villa,103,1979,,Aktuel værdi
Brandholtvej 11,4262 Sandved,410.526,10-11-1997,"
Alm. Salg",2.280,7,Villa,180,1920,,Aktuel værdi
Arløse Torp Vej 7,4262 Sandved,4.288.000,21-10-1997,"
Alm. Salg",20.419,6,Stuehus,210,1916,,
Skovhusvej 6,4262 Sandved,173.991,29-09-1997,"
Alm. Salg",945,10,Stuehus,184,1850,,
Klaksvej 8,4262 Sandved,313.200,04-09-1997,"
Alm. Salg",2.847,4,Villa,110,1851,,Aktuel værdi
Ting Jellinge Vej 5,4262 Sandved,555.000,28-08-1997,"
Alm. Salg",1.550,5,Villa,358,1887,,Aktuel værdi
Parkvej 13,4262 Sandved,49.500,28-07-1997,"
Alm. Salg",309,5,Villa,160,1997,,Aktuel værdi
Kvislemarkvej 45,4262 Sandved,363.033,28-07-1997,"
Alm. Salg",2.771,4,Villa,131,1866,,Aktuel værdi
Langgade 74,4262 Sandved,1.200.000,04-07-1997,"
Alm. Salg",9.375,4,Villa,128,1948,,Aktuel værdi
Langgade 42,4262 Sandved,310.000,21-06-1997,"
Alm. Salg",1.741,4,Villa,178,1900,,Aktuel værdi
Hårslevvej 4,4262 Sandved,400.000,03-06-1997,"
Alm. Salg",1.834,7,Stuehus,218,1922,,
Syvhøjvej 3,4262 Sandved,633.430,24-04-1997,"
Alm. Salg",4.692,6,Stuehus,135,1916,,
Kristiansholmsvej 5,4262 Sandved,180.000,10-02-1997,"
Alm. Salg",1.730,3,Villa,104,1893,,Aktuel værdi
Agervej 8,4262 Sandved,1.003.000,05-02-1997,"
Alm. Salg",11.269,4,Stuehus,89,1947,,
Grønbrovej 8,4262 Sandved,540.000,27-01-1997,"
Fam. Salg",2.660,3,Stuehus,203,1922,,
Arløse Torp Vej 4,4262 Sandved,658.750,17-12-1996,"
Fam. Salg",4.333,7,Stuehus,152,1798,,
Hårslevvej 3,4262 Sandved,790.000,07-12-1996,"
Alm. Salg",4.364,6,Villa,181,1827,,Aktuel værdi
Nyvej 2,4262 Sandved,244.563,15-10-1996,"
Alm. Salg",1.235,5,Villa,198,1896,,Aktuel værdi
Skælskør Landevej 21,4262 Sandved,509.000,08-10-1996,"
Alm. Salg",-,7,Villa,114,1877,,Aktuel værdi
Møllegårdsvej 2,4262 Sandved,474.450,04-10-1996,"
Alm. Salg",2.875,4,Villa,165,1800,,Aktuel værdi
Skydevænget 7,4262 Sandved,473.227,26-06-1996,"
Alm. Salg",-,5,Villa,164,1978,,Aktuel værdi
Fløehøjvej 4,4262 Sandved,521.000,28-04-1996,"
Alm. Salg",3.064,5,Villa,170,1850,,Aktuel værdi
Bødkerstien 2,4262 Sandved,275.000,26-04-1996,"
Alm. Salg",3.125,2,Villa,88,1936,,Aktuel værdi
Bendslevvej 14,4262 Sandved,162.690,26-04-1996,"
Alm. Salg",1.520,5,Stuehus,107,1911,,
Nyvej 27,4262 Sandved,500.000,22-03-1996,"
Alm. Salg",4.347,4,Villa,115,1974,,Aktuel værdi
Kvislemarkvej 25,4262 Sandved,367.000,01-01-1996,"
Alm. Salg",3.008,3,Villa,122,1850,,Aktuel værdi
Hindholmvej 57B,4262 Sandved,385.000,23-10-1995,"
Alm. Salg",-,9,Villa,137,1876,,Aktuel værdi
Jernbanevej 7,4262 Sandved,643.911,01-09-1995,"
Alm. Salg",3.658,7,Villa,176,1891,,Aktuel værdi
Nyvej 55,4262 Sandved,365.280,06-07-1995,"
Alm. Salg",4.058,3,Villa,90,1966,,Aktuel værdi
Skydevænget 17,4262 Sandved,550.000,22-05-1995,"
Alm. Salg",3.956,4,Villa,139,1979,,Aktuel værdi
Bødkerstien 18,4262 Sandved,182.732,22-05-1995,"
Fam. Salg",1.903,5,Villa,96,1939,,Aktuel værdi
Møllevej 15,4262 Sandved,315.276,10-04-1995,"
Alm. Salg",-,9,Villa,270,1877,,Aktuel værdi
Birkevej 4,4262 Sandved,100.000,23-02-1995,"
Alm. Salg",367,8,Villa,272,1995,,Aktuel værdi
Diegårdsvej 2,4262 Sandved,350.000,19-01-1995,"
Alm. Salg",1.741,5,Villa,201,1889,,Aktuel værdi
Sandvedvej 65,4262 Sandved,175.000,22-12-1994,"
Alm. Salg",1.296,5,Villa,135,1900,,Aktuel værdi
Bendslevvej 19,4262 Sandved,21.257,21-11-1994,"
Alm. Salg",208,4,Villa,102,1900,,Aktuel værdi
Lungvej 10,4262 Sandved,498.000,21-11-1994,"
Alm. Salg",-,10,Stuehus,252,1900,,
Langgade 12,4262 Sandved,395.000,16-11-1994,"
Alm. Salg",3.376,4,Villa,117,1935,,Aktuel værdi
Skælskør Landevej 22,4262 Sandved,840.000,15-11-1994,"
Alm. Salg",10.909,2,Stuehus,77,1946,,
Skælskør Landevej 12,4262 Sandved,473.700,12-10-1994,"
Alm. Salg",-,5,Stuehus,246,1910,,
Langgade 37,4262 Sandved,243.058,30-09-1994,"
Fam. Salg",960,9,Villa,253,1908,,Aktuel værdi
Kvislemarkvej 19,4262 Sandved,35.000,12-09-1994,"
Alm. Salg",437,3,Villa,80,1890,,Aktuel værdi
Kvislemarkvej 20,4262 Sandved,2.427.417,12-09-1994,"
Fam. Salg",10.983,7,Stuehus,221,2005,,
Ahornvej 12,4262 Sandved,525.000,29-08-1994,"
Alm. Salg",4.233,5,Villa,124,1972,,Aktuel værdi
Parkvej 8,4262 Sandved,295.600,28-08-1994,"
Alm. Salg",3.359,4,Villa,88,1958,,Aktuel værdi
Kristiansholmsvej 10,4262 Sandved,1.227.824,19-08-1994,"
Fam. Salg",7.771,6,Stuehus,158,1911,,
Ting Jellinge Vej 2,4262 Sandved,1.684.313,10-07-1994,"
Fam. Salg",8.682,9,Stuehus,194,1887,,
Fyrendalvej 29,4262 Sandved,895.000,02-05-1994,"
Alm. Salg",6.884,6,Villa,130,1902,,Aktuel værdi
Nyrupvej 9,4262 Sandved,52.000,18-04-1994,"
Auktion",693,3,Villa,75,1828,,Aktuel værdi
Kvislemarkvej 1,4262 Sandved,395.000,18-04-1994,"
Alm. Salg",3.434,5,Villa,115,1912,,Aktuel værdi
Ørebjergvej 14,4262 Sandved,155.000,28-03-1994,"
Auktion",1.006,5,Villa,154,1923,,Aktuel værdi
Nyvej 42,4262 Sandved,430.000,11-02-1994,"
Alm. Salg",3.739,4,Villa,115,1972,,Aktuel værdi
Nyvej 51,4262 Sandved,270.000,29-12-1993,"
Alm. Salg",3.552,3,Villa,76,1965,,Aktuel værdi
Hårslevvej 10,4262 Sandved,670.000,27-10-1993,"
Alm. Salg",2.263,6,Villa,296,1895,,Aktuel værdi
Hovedgaden 11,4262 Sandved,290.000,10-10-1993,"
Alm. Salg",2.164,4,Villa,134,1800,,Aktuel værdi
Fyrendalvej 2,4262 Sandved,185.000,25-09-1993,"
Alm. Salg",-,4,Villa,160,1899,,Aktuel værdi
Brandholtvej 13,4262 Sandved,460.000,01-09-1993,"
Alm. Salg",3.538,6,Villa,130,1962,,Aktuel værdi
Hindholmvej 6,4262 Sandved,375.000,19-08-1993,"
Alm. Salg",-,11,Villa,389,1913,,Aktuel værdi
Byvænget 24,4262 Sandved,782.000,12-08-1993,"
Alm. Salg",3.356,4,Villa,233,1980,,Aktuel værdi
Skælskør Landevej 15,4262 Sandved,182.000,06-08-1993,"
Alm. Salg",1.378,5,Villa,132,1885,,Aktuel værdi
Kvislemarkvej 12,4262 Sandved,587.500,22-06-1993,"
Alm. Salg",2.967,7,Villa,198,1805,,Aktuel værdi
Bendslevvej 13,4262 Sandved,450.000,21-06-1993,"
Alm. Salg",4.838,3,Villa,93,1920,,Aktuel værdi
Møllevænget 1,4262 Sandved,585.000,15-06-1993,"
Alm. Salg",4.301,4,Villa,136,1981,,Aktuel værdi
Hårslevvej 28,4262 Sandved,190.000,07-06-1993,"
Alm. Salg",1.532,5,Villa,124,1914,,Aktuel værdi
Fyrendalvej 1,4262 Sandved,260.000,28-05-1993,"
Alm. Salg",1.984,3,Villa,131,1866,,Aktuel værdi
Granvænget 4,4262 Sandved,440.000,10-05-1993,"
Alm. Salg",4.356,4,Rækkehus,101,1981,,Aktuel værdi
Skydevænget 13,4262 Sandved,441.216,28-04-1993,"
Alm. Salg",-,6,Villa,149,1976,,Aktuel værdi
Husmandsvej 7,4262 Sandved,900.000,14-04-1993,"
Fam. Salg",6.293,5,Stuehus,143,1900,,
Syvhøjvej 4,4262 Sandved,245.000,08-02-1993,"
Alm. Salg",-,7,Villa,226,1935,,Aktuel værdi
Nyrupvej 3,4262 Sandved,312.000,08-01-1993,"
Alm. Salg",-,9,Villa,200,1960,,Aktuel værdi
Klaksvej 13,4262 Sandved,153.609,29-10-1992,"
Alm. Salg",560,6,Villa,274,1885,,Aktuel værdi
Lindevej 22,4262 Sandved,575.000,12-10-1992,"
Alm. Salg",-,4,Villa,138,1974,,Aktuel værdi
Arløse Torp Vej 13,4262 Sandved,477.320,23-09-1992,"
Alm. Salg",-,8,Villa,244,1877,,Aktuel værdi
Ørebjergvej 7,4262 Sandved,570.000,28-08-1992,"
Alm. Salg",-,6,Villa,153,1921,,Aktuel værdi
Bendslevvej 33,4262 Sandved,365.000,22-08-1992,"
Alm. Salg",5.214,3,Stuehus,70,1905,,
Nyvej 18,4262 Sandved,550.000,17-08-1992,"
Alm. Salg",2.619,5,Villa,210,1907,,Aktuel værdi
Skælskør Landevej 32,4262 Sandved,203.600,17-08-1992,"
Alm. Salg",2.036,5,Villa,100,1925,,Aktuel værdi
Møllevej 24,4262 Sandved,510.000,27-07-1992,"
Alm. Salg",2.328,8,Villa,219,1898,,Aktuel værdi
Hårslevvej 26,4262 Sandved,105.542,13-07-1992,"
Fam. Salg",1.319,4,Villa,80,1800,,Aktuel værdi
Skælskør Landevej 14,4262 Sandved,600.000,13-07-1992,"
Fam. Salg",5.454,4,Stuehus,110,1942,,
Nyrupvej 17,4262 Sandved,720.000,10-07-1992,"
Alm. Salg",6.545,4,Stuehus,110,1919,,
Møllegårdsvej 9,4262 Sandved,395.000,26-06-1992,"
Alm. Salg",1.936,6,Stuehus,204,1877,,
Hindholmvej 4,4262 Sandved,75.000,21-06-1992,"
Alm. Salg",315,7,Stuehus,238,1935,,
Klaksvej 6,4262 Sandved,1.400.000,20-05-1992,"
Alm. Salg",7.368,5,Stuehus,190,2000,,
