address,zip_code,price,sell_date,sell_type,price_per_sq_m,no_rooms,housing_type,size_in_sq_m,year_of_construction,price_change_in_pct
Fuglebakken 10,4291 Ruds Vedby,1.075.000,24-04-2017,"
Alm. Salg",7.624,5,Villa,141,1980,-2 %,Aktuel værdi
Hybenvej 34,4291 Ruds Vedby,340.000,24-04-2017,"
Alm. Salg",1.717,6,Villa,198,1976,,Aktuel værdi
Kongstedvej 26,4291 Ruds Vedby,1.470.000,12-04-2017,"
Alm. Salg",8.596,6,Stuehus,171,1955,-8 %,
Tågerupvej 5,4291 Ruds Vedby,53.120,12-04-2017,"
Alm. Salg",194,10,Stuehus,273,1885,,
Frendvedvej 3,4291 Ruds Vedby,1.100.000,04-04-2017,"
Alm. Salg",10.091,4,Villa,109,1700,-8 %,Aktuel værdi
Sønderødvej 18,4291 Ruds Vedby,1.595.000,31-01-2017,"
Alm. Salg",8.179,6,Villa,195,1909,0 %,Aktuel værdi
Skovvej 25A,4291 Ruds Vedby,900.000,28-01-2017,"
Alm. Salg",8.333,3,Villa,108,1969,-10 %,Aktuel værdi
Bakkekammen 2,4291 Ruds Vedby,720.000,04-01-2017,"
Alm. Salg",6.792,4,Villa,106,1976,-3 %,Aktuel værdi
Kulbyvej 48,4291 Ruds Vedby,100.000,01-01-2017,"
Alm. Salg",440,7,Stuehus,227,1918,,
Rødtjørnevej 12,4291 Ruds Vedby,700.000,30-12-2016,"
Fam. Salg",5.932,3,Villa,118,1898,,Aktuel værdi
Kragerupvej 15,4291 Ruds Vedby,1.020.000,16-12-2016,"
Alm. Salg",7.234,4,Villa,141,1977,-4 %,Aktuel værdi
Sorøvej 52,4291 Ruds Vedby,925.000,13-12-2016,"
Alm. Salg",8.980,4,Villa,103,1975,-7 %,Aktuel værdi
Ternevej 9,4291 Ruds Vedby,1.395.000,08-12-2016,"
Alm. Salg",9.177,4,Villa,152,1973,0 %,Aktuel værdi
Kalundborgvej 59,4291 Ruds Vedby,375.000,02-12-2016,"
Alm. Salg",3.151,3,Villa,119,1913,,Aktuel værdi
Reerslevvej 19,4291 Ruds Vedby,400.000,01-12-2016,"
Alm. Salg",4.000,4,Villa,100,1800,-20 %,Aktuel værdi
Slagelsevej 27,4291 Ruds Vedby,605.000,24-11-2016,"
Fam. Salg",3.151,4,Villa,192,1969,,Aktuel værdi
Birkevej 13,4291 Ruds Vedby,447.627,16-11-2016,"
Alm. Salg",3.315,3,Villa,135,1940,-36 %,Aktuel værdi
Tjørnebakken 10,4291 Ruds Vedby,625.000,08-11-2016,"
Alm. Salg",6.250,4,Villa,100,1984,-10 %,Aktuel værdi
Møllemarksvej 16,4291 Ruds Vedby,1.100.000,02-11-2016,"
Alm. Salg",6.707,5,Villa,164,1972,-12 %,Aktuel værdi
Risbjergvej 10,4291 Ruds Vedby,450.000,31-10-2016,"
Alm. Salg",5.113,4,Villa,88,1951,-25 %,Aktuel værdi
Peder Madsens Vej 2B,4291 Ruds Vedby,795.000,10-10-2016,"
Alm. Salg",4.441,6,Villa,179,1871,-6 %,Aktuel værdi
Sorøvej 19,4291 Ruds Vedby,420.000,30-09-2016,"
Fam. Salg",3.088,3,Villa,136,1945,,Aktuel værdi
Kalundborgvej 22,4291 Ruds Vedby,540.000,26-09-2016,"
Alm. Salg",2.523,4,Villa,214,1880,-2 %,Aktuel værdi
Fuglebakken 14,4291 Ruds Vedby,450.000,22-09-2016,"
Alm. Salg",2.710,5,Villa,166,1973,,Aktuel værdi
Ternevej 3,4291 Ruds Vedby,930.000,02-09-2016,"
Alm. Salg",7.815,5,Villa,119,1972,-7 %,Aktuel værdi
Reerslevvej 21,4291 Ruds Vedby,600.000,30-08-2016,"
Alm. Salg",5.825,4,Villa,103,1877,-7 %,Aktuel værdi
Strædet 2A,4291 Ruds Vedby,3.150.000,17-08-2016,"
Alm. Salg",17.307,5,Villa,182,2004,-4 %,Aktuel værdi
Kragevigvej 1,4291 Ruds Vedby,8.200.000,21-07-2016,"
Alm. Salg",49.101,7,Stuehus,167,1887,,
Bøgebjergvej 1,4291 Ruds Vedby,1.995.000,06-07-2016,"
Alm. Salg",14.049,6,Stuehus,142,1899,-5 %,
Sønderødvej 11,4291 Ruds Vedby,2.250.000,28-06-2016,"
Alm. Salg",10.273,5,Stuehus,219,1880,-6 %,
Sorøvej 21,4291 Ruds Vedby,640.000,27-06-2016,"
Alm. Salg",4.705,4,Villa,136,1949,,Aktuel værdi
Smedelodden 13,4291 Ruds Vedby,400.000,27-06-2016,"
Alm. Salg",5.479,3,Villa,73,1900,,Aktuel værdi
Bakkekammen 4,4291 Ruds Vedby,547.500,12-06-2016,"
Alm. Salg",2.488,6,Villa,220,1980,,Aktuel værdi
Vinkelvej 3,4291 Ruds Vedby,475.000,28-05-2016,"
Alm. Salg",8.482,3,Villa,56,1963,-4 %,Aktuel værdi
Kvædevej 4,4291 Ruds Vedby,1.595.000,11-05-2016,"
Alm. Salg",8.439,7,Villa,189,1978,0 %,Aktuel værdi
Overdrevsvej 3,4291 Ruds Vedby,2.300.000,01-05-2016,"
Alm. Salg",4.852,11,Villa,474,1827,-11 %,Aktuel værdi
Sorøvej 11,4291 Ruds Vedby,750.000,01-05-2016,"
Alm. Salg",5.244,7,Villa,143,1924,0 %,Aktuel værdi
Tågerupvej 3,4291 Ruds Vedby,1.975.000,29-04-2016,"
Alm. Salg",14.107,6,Stuehus,140,1942,,
Skovvej 26,4291 Ruds Vedby,325.000,25-04-2016,"
Alm. Salg",2.500,4,Villa,130,1947,-7 %,Aktuel værdi
Jyderupvej 54,4291 Ruds Vedby,1.500.000,20-04-2016,"
Alm. Salg",6.355,6,Villa,236,1850,-6 %,Aktuel værdi
Overdrevsvej 1,4291 Ruds Vedby,2.585.000,18-04-2016,"
Alm. Salg",11.591,6,Stuehus,223,1916,-8 %,
Parallelvej 9,4291 Ruds Vedby,1.095.000,10-04-2016,"
Alm. Salg",7.300,4,Villa,150,1969,-8 %,Aktuel værdi
Skolegade 5,4291 Ruds Vedby,605.000,07-04-2016,"
Alm. Salg",5.260,3,Villa,115,1965,,Aktuel værdi
Tindingevej 23,4291 Ruds Vedby,700.000,31-03-2016,"
Alm. Salg",4.964,4,Villa,141,1919,-6 %,Aktuel værdi
Kalundborgvej 10,4291 Ruds Vedby,400.000,17-03-2016,"
Alm. Salg",2.531,4,Villa,158,1900,-33 %,Aktuel værdi
Nøragervej 3,4291 Ruds Vedby,3.295.000,25-02-2016,"
Alm. Salg",13.340,6,Villa,247,1897,0 %,Aktuel værdi
Kalundborgvej 44,4291 Ruds Vedby,935.000,24-02-2016,"
Alm. Salg",8.423,5,Villa,111,1903,0 %,Aktuel værdi
Risbjergvej 20,4291 Ruds Vedby,625.000,17-02-2016,"
Auktion",5.787,4,Villa,108,1898,,Aktuel værdi
Smedelodden 5,4291 Ruds Vedby,1.095.000,17-02-2016,"
Alm. Salg",7.398,4,Villa,148,1905,0 %,Aktuel værdi
Reerslevvej 28,4291 Ruds Vedby,950.000,08-02-2016,"
Auktion",5.397,6,Villa,176,1920,-26 %,Aktuel værdi
Almindevej 2,4291 Ruds Vedby,1.620.000,08-02-2016,"
Alm. Salg",12.180,5,Villa,133,1900,-4 %,Aktuel værdi
Overdrevet 3,4291 Ruds Vedby,860.000,21-01-2016,"
Alm. Salg",9.772,4,Villa,88,1889,-4 %,Aktuel værdi
Fuglebakken 31,4291 Ruds Vedby,1.240.000,13-01-2016,"
Alm. Salg",7.337,5,Villa,169,1973,-11 %,Aktuel værdi
Sorøvej 48,4291 Ruds Vedby,1.700.000,13-01-2016,"
Alm. Salg",7.589,6,Villa,224,1873,-5 %,Aktuel værdi
Reerslevvej 42,4291 Ruds Vedby,1.295.000,11-01-2016,"
Alm. Salg",3.617,15,Villa,358,1917,0 %,Aktuel værdi
Reerslevvej 23,4291 Ruds Vedby,2.150.000,20-12-2015,"
Alm. Salg",10.913,4,Villa,197,1850,-2 %,Aktuel værdi
Hestehaven 28,4291 Ruds Vedby,1.067.765,15-12-2015,"
Alm. Salg",6.066,8,Stuehus,176,2009,,
Rugskovvej 3,4291 Ruds Vedby,465.000,14-12-2015,"
Auktion",3.039,4,Villa,153,1907,-33 %,Aktuel værdi
Skovvej 15B,4291 Ruds Vedby,365.000,01-12-2015,"
Alm. Salg",3.173,4,Rækkehus,115,1963,-8 %,Aktuel værdi
Rudsgade 44A,4291 Ruds Vedby,350.000,19-11-2015,"
Alm. Salg",2.611,5,Villa,134,1971,,Aktuel værdi
Birkevej 1,4291 Ruds Vedby,282.651,17-11-2015,"
Alm. Salg",2.771,4,Villa,102,1931,,Aktuel værdi
Møllemarksvej 17,4291 Ruds Vedby,1.150.000,12-11-2015,"
Alm. Salg",6.969,5,Villa,165,1968,-4 %,Aktuel værdi
Bakkekammen 6,4291 Ruds Vedby,975.000,28-10-2015,"
Alm. Salg",7.738,4,Villa,126,1979,-7 %,Aktuel værdi
Sønderødvej 2A,4291 Ruds Vedby,550.000,12-10-2015,"
Alm. Salg",3.716,4,Villa,148,1937,-21 %,Aktuel værdi
Tindingevej 20,4291 Ruds Vedby,600.000,17-09-2015,"
Alm. Salg",2.654,8,Villa,226,1907,-14 %,Aktuel værdi
Ougtvedvej 9,4291 Ruds Vedby,975.000,14-09-2015,"
Auktion",4.577,4,Villa,213,1999,-42 %,Aktuel værdi
Almagervej 2,4291 Ruds Vedby,1.000.000,03-09-2015,"
Alm. Salg",4.761,8,Villa,210,1900,,Aktuel værdi
Glentevej 7,4291 Ruds Vedby,1.025.000,02-09-2015,"
Alm. Salg",10.148,4,Villa,101,1972,,Aktuel værdi
Sorøvej 62,4291 Ruds Vedby,1.850.000,31-08-2015,"
Alm. Salg",12.585,3,Stuehus,147,1932,-7 %,
Moltkesvej 6,4291 Ruds Vedby,1.001.139,30-08-2015,"
Fam. Salg",9.912,6,Stuehus,101,1876,,
Kalundborgvej 37,4291 Ruds Vedby,1.675.000,27-08-2015,"
Alm. Salg",7.545,6,Stuehus,222,2002,,
Sønderødvej 36,4291 Ruds Vedby,1.168.507,11-08-2015,"
Alm. Salg",7.738,4,Stuehus,151,1923,-41 %,
Skovvej 14,4291 Ruds Vedby,501.000,10-08-2015,"
Alm. Salg",3.131,3,Villa,160,1943,1 %,Aktuel værdi
Kongstedvej 3,4291 Ruds Vedby,675.000,29-07-2015,"
Alm. Salg",7.941,5,Villa,85,1910,0 %,Aktuel værdi
Sønderødvej 24,4291 Ruds Vedby,225.000,14-07-2015,"
Alm. Salg",2.812,3,Villa,80,1877,-18 %,Aktuel værdi
Reerslevvej 35,4291 Ruds Vedby,625.000,11-07-2015,"
Alm. Salg",4.699,6,Villa,133,1880,-4 %,Aktuel værdi
Skovvej 21,4291 Ruds Vedby,325.000,30-06-2015,"
Alm. Salg",4.924,4,Villa,66,1936,-18 %,Aktuel værdi
Blomstervej 2,4291 Ruds Vedby,950.000,26-06-2015,"
Alm. Salg",8.119,3,Stuehus,117,1900,-5 %,
Slagelsevej 17,4291 Ruds Vedby,190.417,11-06-2015,"
Auktion",1.431,5,Villa,133,1932,,Aktuel værdi
Ougtvedvej 26,4291 Ruds Vedby,1.075.000,21-05-2015,"
Alm. Salg",9.188,2,Villa,117,1827,-6 %,Aktuel værdi
Hybenvej 29,4291 Ruds Vedby,970.000,20-05-2015,"
Alm. Salg",6.978,4,Villa,139,1974,-3 %,Aktuel værdi
Kalundborgvej 51,4291 Ruds Vedby,895.000,13-05-2015,"
Auktion",6.392,4,Villa,140,2009,,Aktuel værdi
Hybenvej 20,4291 Ruds Vedby,339.575,13-04-2015,"
Andet",2.310,4,Villa,147,1973,,Aktuel værdi
Fuglebakken 2,4291 Ruds Vedby,998.000,26-03-2015,"
Alm. Salg",5.308,6,Villa,188,1972,0 %,Aktuel værdi
Hybenvej 23,4291 Ruds Vedby,670.859,17-03-2015,"
Andet",4.300,5,Villa,156,1974,,Aktuel værdi
Glentevej 2,4291 Ruds Vedby,900.000,17-03-2015,"
Alm. Salg",8.181,3,Villa,110,1969,-5 %,Aktuel værdi
Violvej 2,4291 Ruds Vedby,835.000,10-03-2015,"
Alm. Salg",6.900,4,Villa,121,1974,-7 %,Aktuel værdi
"Rudsgade 5, 1",4291 Ruds Vedby,675.000,06-03-2015,"
Alm. Salg",5.113,5,Anden beboelse,132,1925,,Aktuel værdi
Tværmarksvej 2,4291 Ruds Vedby,502.500,17-02-2015,"
Auktion",3.589,5,Villa,140,1974,-47 %,Aktuel værdi
Engvej 4D,4291 Ruds Vedby,600.000,22-01-2015,"
Alm. Salg",5.555,4,Rækkehus,108,2013,,Aktuel værdi
Engvej 4B,4291 Ruds Vedby,600.000,22-01-2015,"
Alm. Salg",6.315,3,Rækkehus,95,2014,,Aktuel værdi
Vandværksvej 4,4291 Ruds Vedby,125.000,09-01-2015,"
Alm. Salg",1.865,2,Villa,67,1934,,Aktuel værdi
Sønderødvej 38,4291 Ruds Vedby,965.000,30-12-2014,"
Alm. Salg",6.795,4,Villa,142,1927,-12 %,Aktuel værdi
Skovvej 16,4291 Ruds Vedby,225.000,05-12-2014,"
Alm. Salg",1.844,4,Villa,122,1943,,Aktuel værdi
Sportsvej 1,4291 Ruds Vedby,1.465.000,10-11-2014,"
Alm. Salg",11.814,3,Villa,124,1956,-2 %,Aktuel værdi
Fuglebakken 4,4291 Ruds Vedby,850.000,27-08-2014,"
Alm. Salg",8.018,3,Villa,106,1971,,Aktuel værdi
Kalundborgvej 33,4291 Ruds Vedby,80.000,14-07-2014,"
Alm. Salg",888,3,Villa,90,1878,,Aktuel værdi
Sømarksvej 11,4291 Ruds Vedby,1.850.000,04-07-2014,"
Alm. Salg",10.109,5,Villa,183,1988,-7 %,Aktuel værdi
Hybenvej 31,4291 Ruds Vedby,900.000,30-06-2014,"
Alm. Salg",5.844,5,Villa,154,1974,-10 %,Aktuel værdi
Skolegade 4,4291 Ruds Vedby,537.500,20-06-2014,"
Alm. Salg",3.812,6,Villa,141,1968,,Aktuel værdi
Smedebakken 1,4291 Ruds Vedby,9.394.918,17-06-2014,"
Alm. Salg",58.718,6,Villa,160,2009,,Aktuel værdi
Teglværksparken 15,4291 Ruds Vedby,285.000,07-06-2014,"
Alm. Salg",4.071,3,Rækkehus,70,1989,-52 %,Aktuel værdi
Teglværksparken 14,4291 Ruds Vedby,240.000,02-06-2014,"
Alm. Salg",3.380,3,Rækkehus,71,1989,-60 %,Aktuel værdi
Parallelvej 7,4291 Ruds Vedby,1.595.000,30-04-2014,"
Alm. Salg",9.219,8,Villa,173,1973,,Aktuel værdi
Kongstedvej 4,4291 Ruds Vedby,561.000,20-04-2014,"
Fam. Salg",1.345,9,Villa,417,1910,,Aktuel værdi
Møllemarksvej 8,4291 Ruds Vedby,450.000,14-04-2014,"
Fam. Salg",4.285,5,Villa,105,1967,,Aktuel værdi
Skovvej 25B,4291 Ruds Vedby,840.000,11-04-2014,"
Alm. Salg",7.179,5,Villa,117,1937,,Aktuel værdi
Rødtjørnevej 9,4291 Ruds Vedby,699.352,08-04-2014,"
Fam. Salg",4.995,4,Villa,140,1877,,Aktuel værdi
Hjorthøjvej 1,4291 Ruds Vedby,655.500,01-04-2014,"
Alm. Salg",4.552,3,Villa,144,1911,,Aktuel værdi
Reerslevvej 16,4291 Ruds Vedby,175.700,26-03-2014,"
Auktion",1.009,6,Villa,174,1920,,Aktuel værdi
Slagelsevej 26,4291 Ruds Vedby,585.000,14-03-2014,"
Alm. Salg",4.062,6,Villa,144,1918,0 %,Aktuel værdi
Rudsgade 37,4291 Ruds Vedby,250.000,17-02-2014,"
Alm. Salg",1.851,5,Villa,135,1937,,Aktuel værdi
Skolegade 2,4291 Ruds Vedby,513.000,12-02-2014,"
Auktion",3.562,5,Villa,144,1967,,Aktuel værdi
Kragevigvej 14,4291 Ruds Vedby,1.900.000,24-01-2014,"
Alm. Salg",17.117,4,Stuehus,111,1870,-21 %,
Nykøbingvej 58,4291 Ruds Vedby,4.770.000,21-01-2014,"
Alm. Salg",23.850,6,Stuehus,200,1827,,
Risbjergvej 31,4291 Ruds Vedby,320.000,07-01-2014,"
Alm. Salg",2.222,4,Villa,144,1877,-7 %,Aktuel værdi
Kongstedvej 12,4291 Ruds Vedby,75.000,06-01-2014,"
Auktion",600,4,Villa,125,1963,,Aktuel værdi
Risbjergvej 26,4291 Ruds Vedby,2.325.000,02-01-2014,"
Alm. Salg",12.236,5,Stuehus,190,1900,-14 %,
Rødtjørnevej 1B,4291 Ruds Vedby,595.000,21-12-2013,"
Alm. Salg",11.666,3,Villa,51,2009,0 %,Aktuel værdi
Møllemarksvej 30,4291 Ruds Vedby,895.000,27-11-2013,"
Alm. Salg",6.392,5,Villa,140,1975,0 %,Aktuel værdi
Jyderupvej 52,4291 Ruds Vedby,1.450.000,15-11-2013,"
Alm. Salg",4.931,9,Villa,294,1969,-12 %,Aktuel værdi
Slagelsevej 30,4291 Ruds Vedby,180.000,23-10-2013,"
Auktion",2.142,3,Villa,84,1877,,Aktuel værdi
Tjørnebakken 14,4291 Ruds Vedby,375.000,18-10-2013,"
Alm. Salg",3.048,4,Villa,123,1980,-42 %,Aktuel værdi
Blomstervej 3,4291 Ruds Vedby,150.000,12-09-2013,"
Alm. Salg",1.079,4,Villa,139,1900,0 %,Aktuel værdi
Kalundborgvej 11,4291 Ruds Vedby,540.000,28-08-2013,"
Andet",3.103,3,Villa,174,1858,-50 %,Aktuel værdi
Kongstedvej 5,4291 Ruds Vedby,140.000,21-08-2013,"
Alm. Salg",1.111,6,Stuehus,126,1887,,
Kalundborgvej 3,4291 Ruds Vedby,830.000,30-07-2013,"
Andet",4.391,8,Villa,189,1912,,Aktuel værdi
Tindingevej 14,4291 Ruds Vedby,125.000,24-07-2013,"
Alm. Salg",4.166,4,Villa,30,2015,0 %,Aktuel værdi
Søbjergvej 4,4291 Ruds Vedby,995.000,02-07-2013,"
Alm. Salg",6.067,7,Villa,164,1877,-17 %,Aktuel værdi
Kalundborgvej 18,4291 Ruds Vedby,425.000,12-06-2013,"
Auktion",4.086,4,Villa,104,1869,-35 %,Aktuel værdi
Kalundborgvej 45,4291 Ruds Vedby,225.000,21-05-2013,"
Auktion",3.750,2,Villa,60,1878,,Aktuel værdi
Tindingevej 12,4291 Ruds Vedby,1.495.000,15-05-2013,"
Alm. Salg",9.462,4,Villa,158,1920,0 %,Aktuel værdi
Kilehusvej 6,4291 Ruds Vedby,240.000,18-02-2013,"
Auktion",1.967,5,Villa,122,1927,-60 %,Aktuel værdi
Jyderupvej 76,4291 Ruds Vedby,2.050.000,15-02-2013,"
Alm. Salg",7.167,6,Stuehus,286,1925,-11 %,
Skovvej 39,4291 Ruds Vedby,800.000,18-12-2012,"
Alm. Salg",6.557,4,Villa,122,1976,,Aktuel værdi
Ougtvedvej 16,4291 Ruds Vedby,2.102.000,17-12-2012,"
Alm. Salg",23.355,3,Stuehus,90,1922,,
Sorøvej 4,4291 Ruds Vedby,295.000,12-12-2012,"
Auktion",1.620,5,Villa,182,1902,0 %,Aktuel værdi
Sorøvej 7,4291 Ruds Vedby,170.000,12-12-2012,"
Auktion",1.452,4,Villa,117,1917,-76 %,Aktuel værdi
Rudsgade 24,4291 Ruds Vedby,375.000,11-12-2012,"
Auktion",3.151,5,Villa,119,1912,,Aktuel værdi
Jernbanegade 12,4291 Ruds Vedby,800.000,08-11-2012,"
Alm. Salg",6.060,4,Villa,132,1960,-11 %,Aktuel værdi
Frendvedvej 4,4291 Ruds Vedby,1.600.000,26-10-2012,"
Alm. Salg",4.953,5,Villa,323,1827,-6 %,Aktuel værdi
Skovvej 12,4291 Ruds Vedby,434.114,14-10-2012,"
Fam. Salg",2.480,6,Villa,175,1939,,Aktuel værdi
Glentevej 15,4291 Ruds Vedby,1.050.000,27-09-2012,"
Alm. Salg",7.500,4,Villa,140,1973,-4 %,Aktuel værdi
Violvej 1,4291 Ruds Vedby,580.000,20-09-2012,"
Alm. Salg",5.800,4,Villa,100,1966,-3 %,Aktuel værdi
Vinkelvej 6,4291 Ruds Vedby,250.000,12-09-2012,"
Alm. Salg",1.633,5,Villa,153,1956,-15 %,Aktuel værdi
Møllemarksvej 29,4291 Ruds Vedby,635.000,06-09-2012,"
Alm. Salg",5.990,3,Villa,106,1972,-9 %,Aktuel værdi
Kragerupvej 12,4291 Ruds Vedby,299.000,06-08-2012,"
Auktion",1.670,6,Villa,179,1878,,Aktuel værdi
Sønderødvej 19,4291 Ruds Vedby,660.000,04-07-2012,"
Auktion",4.551,4,Stuehus,145,1400,-62 %,
Nyvej 1,4291 Ruds Vedby,725.000,03-07-2012,"
Alm. Salg",6.415,3,Villa,113,1933,-9 %,Aktuel værdi
Ternevej 17,4291 Ruds Vedby,350.000,26-06-2012,"
Auktion",3.181,4,Villa,110,1972,-56 %,Aktuel værdi
Fuglebakken 39,4291 Ruds Vedby,632.049,18-06-2012,"
Alm. Salg",5.016,4,Villa,126,1977,,Aktuel værdi
Risbjergvej 9,4291 Ruds Vedby,400.000,15-06-2012,"
Alm. Salg",3.809,5,Stuehus,105,1857,,
Peder Madsens Vej 2A,4291 Ruds Vedby,1.750.000,14-06-2012,"
Alm. Salg",5.503,16,Villa,318,1919,-8 %,Aktuel værdi
Grandalen 2,4291 Ruds Vedby,400.000,16-05-2012,"
Auktion",3.149,4,Villa,127,1963,,Aktuel værdi
Skovvej 28,4291 Ruds Vedby,300.000,15-05-2012,"
Auktion",2.654,4,Villa,113,1945,-64 %,Aktuel værdi
Nyvej 9,4291 Ruds Vedby,250.000,08-05-2012,"
Auktion",3.048,3,Villa,82,1935,-37 %,Aktuel værdi
Ougtvedvej 7,4291 Ruds Vedby,200.000,11-04-2012,"
Auktion",1.587,5,Villa,126,1875,,Aktuel værdi
Møllemarksvej 10,4291 Ruds Vedby,1.450.000,04-04-2012,"
Alm. Salg",9.477,4,Villa,153,1971,-3 %,Aktuel værdi
Sorøvej 54,4291 Ruds Vedby,1.525.000,06-02-2012,"
Alm. Salg",14.805,4,Stuehus,103,1932,-5 %,
Almagervej 3,4291 Ruds Vedby,1.340.000,06-02-2012,"
Alm. Salg",5.877,7,Villa,228,1928,-19 %,Aktuel værdi
Sportsvej 9,4291 Ruds Vedby,500.000,01-02-2012,"
Alm. Salg",5.813,4,Rækkehus,86,1950,-16 %,Aktuel værdi
Jyderupvej 62,4291 Ruds Vedby,1.950.000,25-01-2012,"
Fam. Salg",7.800,6,Stuehus,250,1965,,
Skovvej 33,4291 Ruds Vedby,625.000,10-01-2012,"
Alm. Salg",4.770,5,Villa,131,1946,-14 %,Aktuel værdi
Reerslevvej 31,4291 Ruds Vedby,499.000,05-01-2012,"
Auktion",4.577,6,Villa,109,1894,-28 %,Aktuel værdi
Engvej 12,4291 Ruds Vedby,772.000,17-12-2011,"
Alm. Salg",4.980,4,Villa,155,1901,,Aktuel værdi
Fuglebakken 8,4291 Ruds Vedby,425.000,29-11-2011,"
Auktion",2.500,7,Villa,170,1973,,Aktuel værdi
Slagelsevej 23,4291 Ruds Vedby,400.000,23-11-2011,"
Auktion",4.597,3,Villa,87,1963,-18 %,Aktuel værdi
Ougtvedvej 19,4291 Ruds Vedby,2.500.000,31-10-2011,"
Alm. Salg",16.447,4,Villa,152,1902,,Aktuel værdi
Ternevej 14,4291 Ruds Vedby,360.000,22-10-2011,"
Alm. Salg",4.235,3,Villa,85,1937,,Aktuel værdi
Moltkesvej 1,4291 Ruds Vedby,770.000,27-09-2011,"
Auktion",4.935,4,Villa,156,1858,-48 %,Aktuel værdi
Rudsgade 28,4291 Ruds Vedby,950.000,26-09-2011,"
Alm. Salg",8.119,4,Villa,117,1895,,Aktuel værdi
Rudsgade 26,4291 Ruds Vedby,950.000,26-09-2011,"
Alm. Salg",6.643,5,Villa,143,1907,,Aktuel værdi
Ougtvedvej 17,4291 Ruds Vedby,750.000,20-08-2011,"
Alm. Salg",10.000,3,Villa,75,1940,,Aktuel værdi
Rødtjørnevej 26,4291 Ruds Vedby,700.000,20-07-2011,"
Auktion",5.833,2,Stuehus,120,1925,,
Skovvej 53,4291 Ruds Vedby,895.000,20-07-2011,"
Alm. Salg",5.628,7,Villa,159,1907,-7 %,Aktuel værdi
Vestermarken 11,4291 Ruds Vedby,1.300.000,15-07-2011,"
Alm. Salg",8.965,5,Villa,145,1885,-18 %,Aktuel værdi
Frendvedvej 5,4291 Ruds Vedby,4.200.000,11-07-2011,"
Alm. Salg",23.076,4,Stuehus,182,1777,,
Reerslevvej 40,4291 Ruds Vedby,1.300.000,08-07-2011,"
Alm. Salg",6.842,5,Villa,190,1940,-13 %,Aktuel værdi
Sorøvej 12,4291 Ruds Vedby,350.000,05-07-2011,"
Andet",3.333,4,Villa,105,1937,-35 %,Aktuel værdi
Kragevigvej 23,4291 Ruds Vedby,100.000,29-06-2011,"
Alm. Salg",549,6,Stuehus,182,1965,,
Ougtvedvej 20,4291 Ruds Vedby,897.500,15-06-2011,"
Fam. Salg",5.342,5,Villa,168,1922,-50 %,Aktuel værdi
Bøgebjergvej 3,4291 Ruds Vedby,725.000,06-06-2011,"
Alm. Salg",4.166,6,Stuehus,174,1900,,
Sønderødvej 4,4291 Ruds Vedby,1.200.000,01-06-2011,"
Alm. Salg",3.519,4,Villa,341,1906,-5 %,Aktuel værdi
Vestermarken 15,4291 Ruds Vedby,800.000,27-05-2011,"
Andet",4.255,5,Stuehus,188,1910,,
Kalundborgvej 57,4291 Ruds Vedby,167.300,31-03-2011,"
Auktion",2.323,2,Villa,72,1880,-72 %,Aktuel værdi
Risbjergvej 32,4291 Ruds Vedby,2.500.000,30-03-2011,"
Alm. Salg",19.531,3,Stuehus,128,1912,,
Vestermarken 12,4291 Ruds Vedby,573.750,18-03-2011,"
Fam. Salg",4.069,3,Villa,141,1912,,Aktuel værdi
Nyvej 8,4291 Ruds Vedby,895.000,16-03-2011,"
Auktion",6.438,5,Villa,139,1930,,Aktuel værdi
Rudsgade 20,4291 Ruds Vedby,425.000,15-02-2011,"
Auktion",1.647,9,Villa,258,1877,-53 %,Aktuel værdi
Fuglebakken 17,4291 Ruds Vedby,550.000,10-02-2011,"
Auktion",2.500,6,Villa,220,1974,,Aktuel værdi
Sønderødvej 14,4291 Ruds Vedby,3.375.000,10-01-2011,"
Auktion",18.750,8,Stuehus,180,1912,,
Rudsgade 19,4291 Ruds Vedby,850.000,21-12-2010,"
Alm. Salg",3.728,7,Villa,228,1907,-11 %,Aktuel værdi
Skolegade 3,4291 Ruds Vedby,731.000,30-11-2010,"
Alm. Salg",4.777,4,Villa,153,1965,-48 %,Aktuel værdi
Kongstedvej 13,4291 Ruds Vedby,375.000,25-11-2010,"
Auktion",2.483,4,Villa,151,1827,,Aktuel værdi
Skovvej 22,4291 Ruds Vedby,500.000,04-11-2010,"
Auktion",3.968,4,Villa,126,1945,,Aktuel værdi
Risbjergvej 24,4291 Ruds Vedby,1.185.000,27-10-2010,"
Alm. Salg",12.473,3,Villa,95,1877,-8 %,Aktuel værdi
Rødtjørnevej 4,4291 Ruds Vedby,160.000,23-10-2010,"
Alm. Salg",-,5,Villa,158,1870,-19 %,Aktuel værdi
Tågerupvej 1,4291 Ruds Vedby,3.000.000,22-10-2010,"
Alm. Salg",14.285,8,Stuehus,210,1917,,
Sorøvej 58,4291 Ruds Vedby,2.850.000,16-10-2010,"
Alm. Salg",18.387,5,Stuehus,155,1927,,
Strædet 11,4291 Ruds Vedby,4.295.000,27-09-2010,"
Alm. Salg",19.701,5,Villa,218,2007,0 %,Aktuel værdi
Sønderødvej 2B,4291 Ruds Vedby,500.000,15-09-2010,"
Auktion",3.311,5,Villa,151,1877,,Aktuel værdi
Birkevej 9,4291 Ruds Vedby,375.000,02-09-2010,"
Auktion",4.120,3,Villa,91,1943,-62 %,Aktuel værdi
Kragevigvej 8,4291 Ruds Vedby,1.720.000,23-08-2010,"
Alm. Salg",13.543,5,Stuehus,127,1975,11 %,
Ougtvedvej 28,4291 Ruds Vedby,300.000,16-08-2010,"
Alm. Salg",5.172,2,Villa,58,1877,-20 %,Aktuel værdi
Hjorthøjvej 3,4291 Ruds Vedby,763.500,27-07-2010,"
Fam. Salg",5.532,4,Villa,138,1947,,Aktuel værdi
Sorøvej 41,4291 Ruds Vedby,500.000,20-07-2010,"
Auktion",3.703,4,Villa,135,1947,,Aktuel værdi
Tjørnebakken 12,4291 Ruds Vedby,600.000,14-06-2010,"
Auktion",3.076,6,Villa,195,1980,,Aktuel værdi
Violvej 3A,4291 Ruds Vedby,1.300.000,20-04-2010,"
Alm. Salg",10.077,5,Villa,129,2010,-4 %,Aktuel værdi
Møllemarksvej 1,4291 Ruds Vedby,250.000,23-03-2010,"
Auktion",2.314,4,Villa,108,1962,,Aktuel værdi
Reerslevvej 20A,4291 Ruds Vedby,1.300.000,03-03-2010,"
Fam. Salg",7.303,6,Villa,178,1930,,Aktuel værdi
Tværmarksvej 12,4291 Ruds Vedby,780.000,16-02-2010,"
Alm. Salg",8.571,4,Rækkehus,91,1980,-13 %,Aktuel værdi
Dyndengvej 4,4291 Ruds Vedby,1.650.000,15-02-2010,"
Alm. Salg",14.732,5,Stuehus,112,1893,0 %,
Egernvej 3,4291 Ruds Vedby,1.010.000,15-02-2010,"
Alm. Salg",6.778,5,Villa,149,1966,-6 %,Aktuel værdi
Risbjergvej 19,4291 Ruds Vedby,1.325.000,03-02-2010,"
Fam. Salg",5.175,7,Villa,256,1870,,Aktuel værdi
Birkevej 14A,4291 Ruds Vedby,1.000.000,28-01-2010,"
Alm. Salg",4.444,4,Villa,225,1961,,Aktuel værdi
Kalundborgvej 6,4291 Ruds Vedby,200.000,19-01-2010,"
Auktion",-,5,Villa,193,1880,,Aktuel værdi
Hybenvej 17,4291 Ruds Vedby,600.000,23-11-2009,"
Fam. Salg",3.030,7,Villa,198,1977,,Aktuel værdi
Sorøvej 59,4291 Ruds Vedby,725.000,19-11-2009,"
Alm. Salg",-,4,Villa,110,1900,-9 %,Aktuel værdi
Tranemosevej 11,4291 Ruds Vedby,600.000,05-11-2009,"
Auktion",3.208,7,Villa,187,1896,,Aktuel værdi
Sorøvej 57,4291 Ruds Vedby,1.400.000,01-11-2009,"
Alm. Salg",12.612,4,Villa,111,1840,,Aktuel værdi
Skovvej 24,4291 Ruds Vedby,725.000,30-10-2009,"
Alm. Salg",7.323,5,Villa,99,1945,-14 %,Aktuel værdi
Hjorthøjvej 7,4291 Ruds Vedby,1.400.000,27-10-2009,"
Alm. Salg",7.567,3,Villa,185,1920,,Aktuel værdi
Hybenvej 30,4291 Ruds Vedby,950.000,12-10-2009,"
Alm. Salg",6.934,4,Villa,137,1975,-13 %,Aktuel værdi
Kongstedvej 30,4291 Ruds Vedby,625.517,08-10-2009,"
Alm. Salg",7.189,3,Stuehus,87,1880,,
Fuglebakken 23,4291 Ruds Vedby,875.000,05-10-2009,"
Alm. Salg",7.415,4,Villa,118,1974,-2 %,Aktuel værdi
Smedebakken 3,4291 Ruds Vedby,1.795.000,12-09-2009,"
Alm. Salg",11.218,6,Villa,160,2009,,Aktuel værdi
Vinkelvej 7,4291 Ruds Vedby,1.200.000,27-08-2009,"
Alm. Salg",9.836,4,Villa,122,1967,-7 %,Aktuel værdi
Tjørnebakken 4,4291 Ruds Vedby,1.100.000,14-08-2009,"
Alm. Salg",9.482,4,Villa,116,1979,-4 %,Aktuel værdi
Sønderødvej 17,4291 Ruds Vedby,670.728,12-08-2009,"
Andet",2.981,9,Stuehus,225,1850,,
Nyvej 10,4291 Ruds Vedby,410.000,04-08-2009,"
Auktion",3.014,5,Villa,136,1931,,Aktuel værdi
Risbjergvej 8,4291 Ruds Vedby,500.000,31-07-2009,"
Alm. Salg",6.666,3,Villa,75,1930,-28 %,Aktuel værdi
Teglværksparken 16,4291 Ruds Vedby,630.000,01-07-2009,"
Alm. Salg",8.873,3,Rækkehus,71,1989,-9 %,Aktuel værdi
Nyvej 2,4291 Ruds Vedby,2.395.000,28-06-2009,"
Alm. Salg",8.433,7,Villa,284,1932,,Aktuel værdi
Risbjergvej 2,4291 Ruds Vedby,925.000,24-06-2009,"
Alm. Salg",9.438,3,Villa,98,1930,0 %,Aktuel værdi
Ternevej 4,4291 Ruds Vedby,1.040.000,17-06-2009,"
Alm. Salg",8.062,3,Villa,129,1970,-13 %,Aktuel værdi
Ougtvedvej 24,4291 Ruds Vedby,1.000.000,10-06-2009,"
Auktion",8.849,3,Villa,113,1896,,Aktuel værdi
Nyvej 6,4291 Ruds Vedby,750.000,25-05-2009,"
Alm. Salg",7.075,7,Villa,106,1931,-12 %,Aktuel værdi
Vævervænget 1,4291 Ruds Vedby,3.195.000,21-05-2009,"
Alm. Salg",16.136,5,Stuehus,198,1877,0 %,
Skovvang 3,4291 Ruds Vedby,4.950.000,13-05-2009,"
Alm. Salg",51.030,4,Villa,97,1897,,Aktuel værdi
Smedebakken 11,4291 Ruds Vedby,415.350,06-05-2009,"
Alm. Salg",2.595,6,Villa,160,2009,,Aktuel værdi
Smedebakken 9,4291 Ruds Vedby,383.850,06-05-2009,"
Alm. Salg",2.399,6,Villa,160,2009,-4 %,Aktuel værdi
Smedebakken 7,4291 Ruds Vedby,391.950,06-05-2009,"
Alm. Salg",2.449,6,Villa,160,2009,,Aktuel værdi
Smedebakken 5,4291 Ruds Vedby,420.300,06-05-2009,"
Alm. Salg",2.626,6,Villa,160,2009,,Aktuel værdi
Smedebakken 15,4291 Ruds Vedby,363.150,06-05-2009,"
Alm. Salg",2.269,6,Villa,160,2009,-7 %,Aktuel værdi
Smedebakken 13,4291 Ruds Vedby,419.850,06-05-2009,"
Alm. Salg",2.624,6,Villa,160,2009,,Aktuel værdi
Kilehusvej 2,4291 Ruds Vedby,650.000,03-05-2009,"
Alm. Salg",5.803,4,Villa,112,1863,,Aktuel værdi
Kalundborgvej 5C,4291 Ruds Vedby,950.000,21-04-2009,"
Auktion",6.643,6,Villa,143,1938,,Aktuel værdi
Glentevej 3,4291 Ruds Vedby,720.000,14-04-2009,"
Alm. Salg",10.434,3,Villa,69,1971,-9 %,Aktuel værdi
Nåleskovvej 3,4291 Ruds Vedby,1.600.000,01-04-2009,"
Alm. Salg",7.207,6,Villa,222,2008,-9 %,Aktuel værdi
Ougtvedvej 22,4291 Ruds Vedby,1.760.000,22-03-2009,"
Alm. Salg",7.272,4,Villa,242,1922,-5 %,Aktuel værdi
Rudsgade 54,4291 Ruds Vedby,722.239,17-03-2009,"
Fam. Salg",3.666,7,Villa,197,1952,-59 %,Aktuel værdi
Nyvej 12,4291 Ruds Vedby,450.000,23-02-2009,"
Alm. Salg",7.031,3,Villa,64,1937,-16 %,Aktuel værdi
Kalundborgvej 12,4291 Ruds Vedby,680.000,15-02-2009,"
Auktion",4.223,5,Villa,161,1895,,Aktuel værdi
Møllemarksvej 11,4291 Ruds Vedby,1.065.000,03-02-2009,"
Alm. Salg",14.791,3,Villa,72,1967,-1 %,Aktuel værdi
Fuglebakken 41,4291 Ruds Vedby,1.100.000,21-01-2009,"
Alm. Salg",8.270,4,Villa,133,1973,-8 %,Aktuel værdi
Kalundborgvej 20,4291 Ruds Vedby,575.000,30-12-2008,"
Alm. Salg",6.250,2,Villa,92,1864,-3 %,Aktuel værdi
Sønderødvej 8,4291 Ruds Vedby,157.575,20-12-2008,"
Alm. Salg",528,6,Stuehus,298,1906,,
Slagelsevej 11,4291 Ruds Vedby,750.000,10-12-2008,"
Alm. Salg",4.901,7,Villa,153,1910,-2 %,Aktuel værdi
Strædet 5,4291 Ruds Vedby,112.000,24-11-2008,"
Alm. Salg",861,4,Stuehus,130,1907,-95 %,
Peder Madsens Vej 5,4291 Ruds Vedby,803.678,13-11-2008,"
Alm. Salg",2.406,13,Villa,334,1908,,Aktuel værdi
Rudsgade 23,4291 Ruds Vedby,1.600.000,15-10-2008,"
Alm. Salg",9.580,4,Villa,167,1919,,Aktuel værdi
Kvædevej 9,4291 Ruds Vedby,1.150.000,08-09-2008,"
Alm. Salg",11.734,4,Villa,98,1986,-8 %,Aktuel værdi
Fuglebakken 15,4291 Ruds Vedby,712.500,31-08-2008,"
Andet",5.053,5,Villa,141,1979,,Aktuel værdi
Sønderødvej 23,4291 Ruds Vedby,1.049.493,14-07-2008,"
Andet",6.727,4,Villa,156,1900,-54 %,Aktuel værdi
Jernbanegade 9,4291 Ruds Vedby,1.500.000,07-07-2008,"
Alm. Salg",10.067,10,Villa,149,1900,,Aktuel værdi
Jyderupvej 79,4291 Ruds Vedby,327.500,03-07-2008,"
Andet",2.706,3,Stuehus,121,1860,,
Risbjergvej 30,4291 Ruds Vedby,4.945.000,20-06-2008,"
Alm. Salg",25.489,10,Stuehus,194,1900,-7 %,
Skovvej 2B,4291 Ruds Vedby,1.011.000,03-06-2008,"
Andet",5.321,8,Villa,190,1971,-55 %,Aktuel værdi
Hestehaven 24,4291 Ruds Vedby,450.000,02-06-2008,"
Alm. Salg",4.285,4,Villa,105,1904,,Aktuel værdi
Nåleskovvej 9,4291 Ruds Vedby,1.170.980,23-05-2008,"
Alm. Salg",11.828,3,Villa,99,1900,,Aktuel værdi
Møllemarksvej 14,4291 Ruds Vedby,500.000,17-04-2008,"
Andet",4.854,3,Villa,103,1967,,Aktuel værdi
Slagelsevej 25,4291 Ruds Vedby,1.295.000,08-04-2008,"
Alm. Salg",15.416,3,Villa,84,1957,0 %,Aktuel værdi
Møllemarksvej 20,4291 Ruds Vedby,1.900.000,05-04-2008,"
Alm. Salg",11.176,4,Villa,170,1971,-3 %,Aktuel værdi
Rudsgade 36B,4291 Ruds Vedby,1.200.000,03-04-2008,"
Alm. Salg",18.181,1,Anden beboelse,66,1928,,Aktuel værdi
Kalundborgvej 53,4291 Ruds Vedby,3.000.000,01-04-2008,"
Alm. Salg",16.759,7,Villa,179,1913,,Aktuel værdi
Kragevigvej 31,4291 Ruds Vedby,1.490.000,18-03-2008,"
Alm. Salg",11.920,3,Villa,125,1900,-5 %,Aktuel værdi
Vestermarken 19,4291 Ruds Vedby,1.595.000,07-03-2008,"
Alm. Salg",10.633,6,Villa,150,1926,0 %,Aktuel værdi
Skolegade 1,4291 Ruds Vedby,1.325.000,06-03-2008,"
Alm. Salg",10.515,4,Villa,126,1965,-5 %,Aktuel værdi
Sorøvej 55,4291 Ruds Vedby,1.475.000,26-02-2008,"
Alm. Salg",9.218,6,Villa,160,1915,-1 %,Aktuel værdi
Kvædevej 3,4291 Ruds Vedby,1.530.000,26-02-2008,"
Alm. Salg",10.479,5,Villa,146,1979,,Aktuel værdi
Jyderupvej 71,4291 Ruds Vedby,1.680.000,02-02-2008,"
Alm. Salg",13.333,3,Villa,126,1900,,Aktuel værdi
Slagelsevej 10,4291 Ruds Vedby,1.177.000,01-02-2008,"
Alm. Salg",7.899,4,Villa,149,1906,,Aktuel værdi
Kalundborgvej 36,4291 Ruds Vedby,840.000,31-01-2008,"
Fam. Salg",6.885,8,Villa,122,1947,,Aktuel værdi
Fuglebakken 20,4291 Ruds Vedby,1.875.000,28-01-2008,"
Alm. Salg",13.392,5,Villa,140,1977,-6 %,Aktuel værdi
Kragerupvej 10,4291 Ruds Vedby,50.000,21-01-2008,"
Alm. Salg",200,6,Stuehus,250,1979,,
Låddenvej 6,4291 Ruds Vedby,500.000,16-01-2008,"
Alm. Salg",3.401,6,Stuehus,147,1900,,
Tranemosevej 17,4291 Ruds Vedby,1.545.097,15-01-2008,"
Andet",5.291,8,Villa,292,1910,,Aktuel værdi
Almagervej 4,4291 Ruds Vedby,12.000.000,09-01-2008,"
Alm. Salg",88.235,5,Stuehus,136,1925,,
Tværmarksvej 28,4291 Ruds Vedby,1.015.000,29-12-2007,"
Alm. Salg",11.153,3,Rækkehus,91,1980,-7 %,Aktuel værdi
Sorøvej 27,4291 Ruds Vedby,1.400.000,17-12-2007,"
Alm. Salg",11.666,3,Villa,120,1925,-6 %,Aktuel værdi
Rødtjørnevej 17,4291 Ruds Vedby,1.022.000,04-12-2007,"
Fam. Salg",10.428,4,Villa,98,1912,,Aktuel værdi
Peder Madsens Vej 11,4291 Ruds Vedby,1.350.000,10-11-2007,"
Alm. Salg",7.894,5,Villa,171,1926,,Aktuel værdi
Kalundborgvej 8,4291 Ruds Vedby,1.170.000,04-11-2007,"
Alm. Salg",9.000,4,Villa,130,1908,-2 %,Aktuel værdi
Rødtjørnevej 19,4291 Ruds Vedby,2.323.000,26-10-2007,"
Alm. Salg",21.915,3,Stuehus,106,1904,-3 %,
Sømarksvej 9,4291 Ruds Vedby,1.995.000,24-10-2007,"
Alm. Salg",15.346,4,Villa,130,2002,,Aktuel værdi
Rødtjørnevej 8,4291 Ruds Vedby,1.950.000,24-09-2007,"
Alm. Salg",19.500,3,Villa,100,1900,0 %,Aktuel værdi
Reerslevvej 45,4291 Ruds Vedby,1.325.000,10-09-2007,"
Alm. Salg",14.722,4,Villa,90,1973,-2 %,Aktuel værdi
Parallelvej 5,4291 Ruds Vedby,1.680.000,07-09-2007,"
Alm. Salg",10.306,5,Villa,163,1970,-1 %,Aktuel værdi
Grandalen 16,4291 Ruds Vedby,1.995.000,18-08-2007,"
Alm. Salg",9.410,6,Villa,212,1971,,Aktuel værdi
Topperne 2,4291 Ruds Vedby,1.495.000,08-08-2007,"
Alm. Salg",16.611,3,Villa,90,1850,0 %,Aktuel værdi
Sønderødvej 21,4291 Ruds Vedby,1.950.000,25-07-2007,"
Alm. Salg",13.000,6,Villa,150,1900,-7 %,Aktuel værdi
Ternevej 10,4291 Ruds Vedby,1.425.000,24-06-2007,"
Alm. Salg",8.796,5,Villa,162,1973,-3 %,Aktuel værdi
Tværmarksvej 10,4291 Ruds Vedby,1.175.000,12-06-2007,"
Alm. Salg",12.912,3,Rækkehus,91,1980,-6 %,Aktuel værdi
Overdrevet 1,4291 Ruds Vedby,4.200.000,31-05-2007,"
Alm. Salg",31.818,3,Villa,132,1963,-1 %,Aktuel værdi
Slagelsevej 9,4291 Ruds Vedby,1.245.000,05-05-2007,"
Alm. Salg",7.685,5,Villa,162,1900,-4 %,Aktuel værdi
Tjørnebakken 3,4291 Ruds Vedby,1.465.000,25-04-2007,"
Alm. Salg",10.932,5,Villa,134,1977,-2 %,Aktuel værdi
Jernbanegade 5,4291 Ruds Vedby,650.000,24-04-2007,"
Alm. Salg",8.227,6,Servicevirksomhed,79,1900,,Aktuel værdi
Sorøvej 50,4291 Ruds Vedby,626.103,20-03-2007,"
Alm. Salg",5.351,4,Villa,117,1868,-67 %,Aktuel værdi
Rødtjørnevej 5,4291 Ruds Vedby,965.000,13-03-2007,"
Alm. Salg",11.220,3,Villa,86,1906,,Aktuel værdi
Skovlyvej 2,4291 Ruds Vedby,360.000,07-03-2007,"
Alm. Salg",3.711,4,Villa,97,1900,,Aktuel værdi
Jyderupvej 83,4291 Ruds Vedby,827.942,01-03-2007,"
Alm. Salg",4.549,7,Stuehus,182,1898,,
Jyderupvej 72,4291 Ruds Vedby,706.250,22-02-2007,"
Fam. Salg",-,7,Stuehus,192,1933,,
Sorøvej 46,4291 Ruds Vedby,1.605.000,19-02-2007,"
Alm. Salg",-,5,Villa,203,2005,,Aktuel værdi
Rødtjørnevej 10,4291 Ruds Vedby,2.145.000,06-02-2007,"
Alm. Salg",-,7,Villa,241,1936,-18 %,Aktuel værdi
Reerslevvej 46,4291 Ruds Vedby,810.000,10-01-2007,"
Alm. Salg",14.210,3,Villa,57,1910,-2 %,Aktuel værdi
Skovvej 34,4291 Ruds Vedby,998.000,29-12-2006,"
Alm. Salg",6.979,4,Villa,143,1938,,Aktuel værdi
Sorøvej 6,4291 Ruds Vedby,1.580.000,21-12-2006,"
Alm. Salg",13.620,4,Villa,116,1964,,Aktuel værdi
Tågerupvej 7,4291 Ruds Vedby,1.850.000,21-12-2006,"
Alm. Salg",11.562,5,Villa,160,1877,,Aktuel værdi
Slagelsevej 34,4291 Ruds Vedby,2.695.000,06-12-2006,"
Alm. Salg",15.668,6,Villa,172,1929,,Aktuel værdi
Skovvej 13,4291 Ruds Vedby,795.000,15-11-2006,"
Alm. Salg",6.516,5,Villa,122,1931,,Aktuel værdi
Sorøvej 8,4291 Ruds Vedby,795.000,21-10-2006,"
Alm. Salg",5.932,3,Villa,134,1900,,Aktuel værdi
Tindingevej 16,4291 Ruds Vedby,750.000,26-09-2006,"
Alm. Salg",8.823,2,Villa,85,1945,,Aktuel værdi
Møllemarksvej 21,4291 Ruds Vedby,1.500.000,04-09-2006,"
Alm. Salg",11.029,4,Villa,136,1968,,Aktuel værdi
Rudsgade 42,4291 Ruds Vedby,1.150.000,04-09-2006,"
Alm. Salg",6.216,6,Villa,185,1921,,Aktuel værdi
Reerslevvej 4,4291 Ruds Vedby,750.000,30-08-2006,"
Alm. Salg",6.944,4,Villa,108,1860,,Aktuel værdi
Rødtjørnevej 13,4291 Ruds Vedby,1.225.000,27-08-2006,"
Alm. Salg",12.128,3,Villa,101,1907,,Aktuel værdi
Peder Madsens Vej 17,4291 Ruds Vedby,1.035.000,24-08-2006,"
Alm. Salg",6.310,8,Villa,164,1900,,Aktuel værdi
Kragevigvej 26,4291 Ruds Vedby,2.900.000,23-08-2006,"
Alm. Salg",13.875,4,Villa,209,1897,,Aktuel værdi
Sorøvej 9B,4291 Ruds Vedby,1.345.000,22-08-2006,"
Alm. Salg",10.590,4,Rækkehus,127,1960,,Aktuel værdi
Kragevigvej 5,4291 Ruds Vedby,450.000,21-08-2006,"
Alm. Salg",-,5,Villa,220,1900,,Aktuel værdi
Sønderødvej 29,4291 Ruds Vedby,1.000.000,04-08-2006,"
Alm. Salg",6.451,10,Villa,155,1925,,Aktuel værdi
Kalundborgvej 43,4291 Ruds Vedby,1.995.000,30-07-2006,"
Alm. Salg",11.946,4,Villa,167,1925,,Aktuel værdi
Nyvej 4,4291 Ruds Vedby,1.145.000,24-07-2006,"
Alm. Salg",12.311,3,Villa,93,1926,,Aktuel værdi
Lindevej 9,4291 Ruds Vedby,1.100.000,20-07-2006,"
Alm. Salg",11.458,4,Villa,96,1948,,Aktuel værdi
Nåleskovvej 3A,4291 Ruds Vedby,1.985.000,20-07-2006,"
Alm. Salg",13.784,4,Villa,144,1991,,Aktuel værdi
Tværmarksvej 20,4291 Ruds Vedby,1.155.000,22-06-2006,"
Alm. Salg",12.692,3,Rækkehus,91,1979,,Aktuel værdi
Reerslevvej 27,4291 Ruds Vedby,495.000,16-06-2006,"
Alm. Salg",-,2,Villa,95,1840,,Aktuel værdi
Birkevej 11,4291 Ruds Vedby,1.000.000,12-06-2006,"
Alm. Salg",7.142,6,Villa,140,1950,,Aktuel værdi
Kulbyvej 51,4291 Ruds Vedby,1.350.000,09-06-2006,"
Alm. Salg",7.848,4,Villa,172,1898,,Aktuel værdi
Tranemosevej 12,4291 Ruds Vedby,1.985.000,05-06-2006,"
Alm. Salg",10.906,5,Villa,182,1997,,Aktuel værdi
Sønderødvej 9,4291 Ruds Vedby,1.100.000,02-06-2006,"
Alm. Salg",19.642,2,Villa,56,1918,,Aktuel værdi
Violvej 4,4291 Ruds Vedby,812.500,02-06-2006,"
Alm. Salg",6.063,3,Villa,134,1973,,Aktuel værdi
Sorøvej 29,4291 Ruds Vedby,1.345.000,01-06-2006,"
Alm. Salg",12.227,4,Villa,110,1927,,Aktuel værdi
Ternevej 6,4291 Ruds Vedby,1.095.000,01-06-2006,"
Alm. Salg",8.488,3,Villa,129,1970,,Aktuel værdi
Slagelsevej 28,4291 Ruds Vedby,1.430.000,21-05-2006,"
Alm. Salg",15.888,4,Villa,90,1730,,Aktuel værdi
Dyndengvej 3,4291 Ruds Vedby,1.395.000,19-05-2006,"
Alm. Salg",12.130,6,Villa,115,1878,,Aktuel værdi
Skovvang 7,4291 Ruds Vedby,2.105.000,17-05-2006,"
Alm. Salg",14.823,4,Villa,142,1927,,Aktuel værdi
Grandalen 14,4291 Ruds Vedby,1.497.000,04-05-2006,"
Alm. Salg",10.542,5,Villa,142,1972,,Aktuel værdi
Bakkekammen 1,4291 Ruds Vedby,1.545.000,01-05-2006,"
Alm. Salg",11.195,4,Villa,138,1978,,Aktuel værdi
Rudsgade 16,4291 Ruds Vedby,1.000.000,28-04-2006,"
Alm. Salg",6.993,4,Villa,143,1902,,Aktuel værdi
Hestehaven 10,4291 Ruds Vedby,935.000,26-04-2006,"
Fam. Salg",7.304,6,Stuehus,128,1917,,
Hestehaven 16,4291 Ruds Vedby,603.500,26-04-2006,"
Fam. Salg",6.631,3,Villa,91,1850,,Aktuel værdi
Violvej 3B,4291 Ruds Vedby,1.419.600,17-04-2006,"
Alm. Salg",11.004,4,Villa,129,2006,,Aktuel værdi
Rudsgade 29,4291 Ruds Vedby,1.395.000,23-03-2006,"
Alm. Salg",9.238,6,Villa,151,1915,,Aktuel værdi
Kulbyvej 49,4291 Ruds Vedby,651.500,20-03-2006,"
Alm. Salg",2.412,6,Villa,270,2006,,Aktuel værdi
Risbjergvej 27,4291 Ruds Vedby,2.500.000,13-03-2006,"
Alm. Salg",11.848,6,Stuehus,211,2007,,
Hybenvej 26,4291 Ruds Vedby,1.250.000,03-03-2006,"
Alm. Salg",9.689,3,Villa,129,1974,,Aktuel værdi
Fuglebakken 19,4291 Ruds Vedby,1.325.000,01-03-2006,"
Alm. Salg",9.742,6,Villa,136,2004,,Aktuel værdi
Birkevej 4,4291 Ruds Vedby,950.000,24-02-2006,"
Alm. Salg",5.654,3,Villa,168,1938,,Aktuel værdi
Risbjergvej 21,4291 Ruds Vedby,627.350,24-02-2006,"
Fam. Salg",3.605,6,Villa,174,1925,,Aktuel værdi
Hjorthøjvej 2,4291 Ruds Vedby,2.150.000,28-12-2005,"
Alm. Salg",10.287,6,Stuehus,209,1900,,
Lindevej 10,4291 Ruds Vedby,850.000,10-11-2005,"
Alm. Salg",6.028,5,Villa,141,1948,,Aktuel værdi
Skovvej 9,4291 Ruds Vedby,1.150.000,27-10-2005,"
Alm. Salg",7.467,5,Villa,154,1926,,Aktuel værdi
Slagelsevej 4A,4291 Ruds Vedby,600.000,18-10-2005,"
Alm. Salg",2.409,10,Villa,249,1904,,Aktuel værdi
Møllemarksvej 12,4291 Ruds Vedby,1.100.000,06-10-2005,"
Alm. Salg",7.971,4,Villa,138,1967,,Aktuel værdi
Engvej 16,4291 Ruds Vedby,945.000,13-09-2005,"
Alm. Salg",11.250,4,Villa,84,1902,,Aktuel værdi
Kragevigvej 20,4291 Ruds Vedby,2.975.000,12-09-2005,"
Alm. Salg",19.318,4,Stuehus,154,1801,,
Jernbanegade 10C,4291 Ruds Vedby,1.250.000,08-09-2005,"
Alm. Salg",8.333,5,Villa,150,1972,,Aktuel værdi
Kongstedvej 16,4291 Ruds Vedby,1.150.000,01-09-2005,"
Alm. Salg",11.386,3,Villa,101,1920,,Aktuel værdi
Lindevej 5,4291 Ruds Vedby,1.400.000,22-08-2005,"
Alm. Salg",11.570,4,Villa,121,1931,,Aktuel værdi
Kalundborgvej 31,4291 Ruds Vedby,880.500,22-08-2005,"
Alm. Salg",10.005,4,Villa,88,1888,,Aktuel værdi
Fuglebakken 12,4291 Ruds Vedby,1.345.000,01-08-2005,"
Alm. Salg",9.607,4,Villa,140,1974,,Aktuel værdi
Ougtvedvej 12,4291 Ruds Vedby,985.000,14-07-2005,"
Alm. Salg",8.208,5,Villa,120,1925,,Aktuel værdi
Rudsgade 33,4291 Ruds Vedby,575.000,06-07-2005,"
Alm. Salg",3.911,5,Villa,147,1918,,Aktuel værdi
Risbjergvej 23,4291 Ruds Vedby,500.000,30-06-2005,"
Alm. Salg",5.882,4,Villa,85,1900,,Aktuel værdi
Kragevigvej 4,4291 Ruds Vedby,1.685.000,28-06-2005,"
Alm. Salg",16.683,6,Stuehus,101,1850,,
Kragevigvej 29,4291 Ruds Vedby,329.797,19-06-2005,"
Alm. Salg",4.283,2,Stuehus,77,1860,,
Violvej 3C,4291 Ruds Vedby,1.600.000,18-06-2005,"
Alm. Salg",12.403,5,Villa,129,2005,,Aktuel værdi
Rudsgade 21,4291 Ruds Vedby,1.195.000,15-06-2005,"
Alm. Salg",7.029,6,Villa,170,1902,,Aktuel værdi
Kulbyvej 54,4291 Ruds Vedby,1.050.000,14-06-2005,"
Alm. Salg",7.777,6,Villa,135,1961,,Aktuel værdi
Rødtjørnevej 6,4291 Ruds Vedby,798.000,27-05-2005,"
Alm. Salg",6.595,5,Villa,121,1900,,Aktuel værdi
Fuglebakken 1,4291 Ruds Vedby,1.050.000,15-05-2005,"
Alm. Salg",9.051,4,Villa,116,1973,,Aktuel værdi
Rødtjørnevej 24,4291 Ruds Vedby,62.000,09-05-2005,"
Alm. Salg",436,5,Villa,142,2015,,Aktuel værdi
Sønderødvej 32,4291 Ruds Vedby,1.430.000,10-04-2005,"
Alm. Salg",11.916,5,Villa,120,1926,,Aktuel værdi
Tværmarksvej 24,4291 Ruds Vedby,620.000,23-03-2005,"
Fam. Salg",6.813,3,Rækkehus,91,1980,,Aktuel værdi
Tjørnebakken 16,4291 Ruds Vedby,1.600.000,08-03-2005,"
Alm. Salg",8.290,7,Villa,193,1980,,Aktuel værdi
Kalundborgvej 47,4291 Ruds Vedby,1.007.452,04-03-2005,"
Alm. Salg",7.574,4,Villa,133,1900,,Aktuel værdi
Grandalen 3,4291 Ruds Vedby,1.100.000,24-02-2005,"
Alm. Salg",8.270,5,Villa,133,1977,,Aktuel værdi
Vestermarken 9,4291 Ruds Vedby,2.400.000,14-02-2005,"
Alm. Salg",14.035,6,Stuehus,171,1892,,
Hybenvej 33,4291 Ruds Vedby,1.100.000,05-02-2005,"
Alm. Salg",7.482,4,Villa,147,1975,,Aktuel værdi
Parallelvej 1,4291 Ruds Vedby,1.200.000,04-02-2005,"
Alm. Salg",6.282,5,Villa,191,1968,,Aktuel værdi
Skolegade 12,4291 Ruds Vedby,1.275.000,05-01-2005,"
Alm. Salg",7.544,5,Villa,169,1973,,Aktuel værdi
Blomstervej 4,4291 Ruds Vedby,100.000,01-01-2005,"
Alm. Salg",520,5,Villa,192,1897,,Aktuel værdi
Krogen 3,4291 Ruds Vedby,1.500.700,23-12-2004,"
Fam. Salg",7.898,7,Stuehus,190,1908,,
Kragevigvej 12,4291 Ruds Vedby,382.500,22-12-2004,"
Fam. Salg",5.387,3,Villa,71,1877,,Aktuel værdi
Sportsvej 7,4291 Ruds Vedby,871.888,09-12-2004,"
Alm. Salg",10.138,4,Rækkehus,86,1948,,Aktuel værdi
Kulbyvej 53,4291 Ruds Vedby,230.000,08-12-2004,"
Alm. Salg",1.179,5,Stuehus,195,1828,,
Jyderupvej 85,4291 Ruds Vedby,850.000,06-12-2004,"
Alm. Salg",-,7,Villa,174,1900,,Aktuel værdi
Kragerupvej 9,4291 Ruds Vedby,1.695.000,14-11-2004,"
Alm. Salg",8.874,6,Villa,191,1900,,Aktuel værdi
Kragerupvej 14,4291 Ruds Vedby,1.513.000,05-11-2004,"
Alm. Salg",11.638,4,Stuehus,130,1866,,
Jyderupvej 75,4291 Ruds Vedby,1.490.000,04-11-2004,"
Alm. Salg",8.869,4,Villa,168,1908,,Aktuel værdi
Peder Madsens Vej 3,4291 Ruds Vedby,900.000,12-10-2004,"
Alm. Salg",-,4,Villa,125,1914,,Aktuel værdi
Glentevej 1,4291 Ruds Vedby,742.500,05-10-2004,"
Alm. Salg",10.760,3,Villa,69,1971,,Aktuel værdi
Rudsgade 50,4291 Ruds Vedby,395.000,01-10-2004,"
Alm. Salg",3.526,4,Villa,112,1939,,Aktuel værdi
Hestehaven 5,4291 Ruds Vedby,1.300.000,23-09-2004,"
Alm. Salg",6.878,6,Villa,189,2009,,Aktuel værdi
Hestehaven 15,4291 Ruds Vedby,1.095.000,31-08-2004,"
Alm. Salg",7.300,5,Villa,150,1877,,Aktuel værdi
Sønderødvej 18A,4291 Ruds Vedby,890.000,15-08-2004,"
Alm. Salg",8.640,4,Villa,103,1977,,Aktuel værdi
Bakkekammen 14,4291 Ruds Vedby,1.015.000,21-06-2004,"
Alm. Salg",7.631,5,Villa,133,1980,,Aktuel værdi
Kongstedvej 24,4291 Ruds Vedby,595.000,14-06-2004,"
Alm. Salg",5.458,4,Stuehus,109,1890,,
Tranemosevej 1,4291 Ruds Vedby,170.000,25-05-2004,"
Alm. Salg",-,3,Villa,134,1906,,Aktuel værdi
Lindevej 8,4291 Ruds Vedby,748.000,18-05-2004,"
Alm. Salg",11.000,3,Villa,68,1949,,Aktuel værdi
Sorøvej 22,4291 Ruds Vedby,966.102,17-05-2004,"
Alm. Salg",-,5,Villa,161,1962,,Aktuel værdi
Reerslevvej 48,4291 Ruds Vedby,830.000,18-04-2004,"
Alm. Salg",7.477,5,Villa,111,1962,,Aktuel værdi
Møllemarksvej 25,4291 Ruds Vedby,1.252.602,26-03-2004,"
Alm. Salg",7.878,5,Villa,159,1969,,Aktuel værdi
Skolegade 14,4291 Ruds Vedby,1.198.000,13-03-2004,"
Alm. Salg",7.830,6,Villa,153,1967,,Aktuel værdi
Kalundborgvej 4,4291 Ruds Vedby,430.000,15-02-2004,"
Alm. Salg",5.000,2,Villa,86,1853,,Aktuel værdi
Glentevej 5,4291 Ruds Vedby,1.025.000,12-02-2004,"
Alm. Salg",7.706,4,Villa,133,1973,,Aktuel værdi
Skovvej 36,4291 Ruds Vedby,517.509,04-02-2004,"
Alm. Salg",5.227,3,Villa,99,1947,,Aktuel værdi
Strædet 9,4291 Ruds Vedby,613.557,29-01-2004,"
Alm. Salg",-,6,Villa,246,1777,,Aktuel værdi
Birkevej 6,4291 Ruds Vedby,725.000,15-01-2004,"
Alm. Salg",5.664,4,Villa,128,1930,,Aktuel værdi
Sorøvej 1,4291 Ruds Vedby,900.000,15-12-2003,"
Alm. Salg",5.325,7,Villa,169,1910,,Aktuel værdi
Risbjergvej 11,4291 Ruds Vedby,597.130,19-11-2003,"
Andet",3.412,5,Villa,175,1873,,Aktuel værdi
Fuglebakken 47,4291 Ruds Vedby,964.435,31-10-2003,"
Alm. Salg",7.091,4,Villa,136,1973,,Aktuel værdi
Sorøvej 10,4291 Ruds Vedby,845.000,14-10-2003,"
Alm. Salg",-,5,Villa,145,1902,,Aktuel værdi
Skovvang 9,4291 Ruds Vedby,1.000.000,29-09-2003,"
Alm. Salg",5.319,6,Villa,188,2007,,Aktuel værdi
Skovvej 18,4291 Ruds Vedby,956.406,25-09-2003,"
Alm. Salg",6.688,5,Villa,143,1939,,Aktuel værdi
Rødtjørnevej 22,4291 Ruds Vedby,475.000,10-09-2003,"
Alm. Salg",3.392,4,Villa,140,1925,,Aktuel værdi
Kulbyvej 55,4291 Ruds Vedby,938.889,03-09-2003,"
Fam. Salg",-,4,Stuehus,170,1898,,
Hestehaven 26,4291 Ruds Vedby,1.450.000,22-08-2003,"
Alm. Salg",-,6,Villa,209,1827,,Aktuel værdi
Vestermarken 6,4291 Ruds Vedby,655.000,24-07-2003,"
Alm. Salg",6.683,3,Villa,98,1850,,Aktuel værdi
Slagelsevej 20,4291 Ruds Vedby,1.007.862,20-07-2003,"
Alm. Salg",6.502,6,Villa,155,1933,,Aktuel værdi
Kalundborgvej 13A,4291 Ruds Vedby,1.250.000,17-07-2003,"
Alm. Salg",9.615,5,Villa,130,1960,,Aktuel værdi
Grandalen 8,4291 Ruds Vedby,940.000,10-06-2003,"
Alm. Salg",7.580,4,Villa,124,1971,,Aktuel værdi
Sorøvej 23,4291 Ruds Vedby,333.410,30-05-2003,"
Alm. Salg",3.058,4,Villa,109,1949,,Aktuel værdi
Frihedsdalsvej 1,4291 Ruds Vedby,1.495.000,25-05-2003,"
Alm. Salg",8.351,5,Villa,179,1922,,Aktuel værdi
Kongstedvej 18,4291 Ruds Vedby,167.713,01-03-2003,"
Fam. Salg",931,4,Stuehus,180,1890,,
Hestehaven 34,4291 Ruds Vedby,1.579.069,19-02-2003,"
Alm. Salg",9.399,5,Stuehus,168,1877,,
Vandværksvej 6,4291 Ruds Vedby,1.025.000,06-02-2003,"
Alm. Salg",6.655,5,Villa,154,1949,,Aktuel værdi
Tranemosevej 18,4291 Ruds Vedby,3.048.500,23-01-2003,"
Alm. Salg",12.755,6,Stuehus,239,1864,,
Møllemarksvej 4,4291 Ruds Vedby,1.250.000,22-01-2003,"
Alm. Salg",-,4,Villa,166,1965,,Aktuel værdi
Strædet 2B,4291 Ruds Vedby,699.000,02-01-2003,"
Alm. Salg",4.755,4,Villa,147,1877,,Aktuel værdi
Grandalen 12,4291 Ruds Vedby,90.695,19-12-2002,"
Fam. Salg",692,6,Villa,131,2005,,Aktuel værdi
Krogen 8,4291 Ruds Vedby,1.385.330,08-12-2002,"
Alm. Salg",15.742,4,Stuehus,88,1960,,
Hybenvej 39,4291 Ruds Vedby,1.450.000,11-11-2002,"
Alm. Salg",9.539,6,Villa,152,1974,,Aktuel værdi
Rudsgade 6,4291 Ruds Vedby,635.064,07-11-2002,"
Alm. Salg",8.467,4,Villa,75,1852,,Aktuel værdi
Bøgebjergvej 4,4291 Ruds Vedby,1.500.000,23-10-2002,"
Alm. Salg",9.615,4,Villa,156,2002,,Aktuel værdi
Nyvej 14,4291 Ruds Vedby,846.000,14-10-2002,"
Alm. Salg",9.096,4,Villa,93,1976,,Aktuel værdi
Tværmarksvej 14,4291 Ruds Vedby,645.000,25-09-2002,"
Alm. Salg",7.087,4,Rækkehus,91,1980,,Aktuel værdi
Krogen 6,4291 Ruds Vedby,370.000,15-08-2002,"
Alm. Salg",5.362,2,Villa,69,1905,,Aktuel værdi
Skovvej 5,4291 Ruds Vedby,685.000,01-08-2002,"
Alm. Salg",5.393,4,Villa,127,1920,,Aktuel værdi
Birkebjergvej 2,4291 Ruds Vedby,937.500,21-07-2002,"
Alm. Salg",7.500,4,Villa,125,1926,,Aktuel værdi
Reerslevvej 26,4291 Ruds Vedby,547.706,17-07-2002,"
Alm. Salg",-,6,Villa,104,1777,,Aktuel værdi
Sønderødvej 40,4291 Ruds Vedby,1.525.000,25-06-2002,"
Alm. Salg",10.590,4,Villa,144,1890,,Aktuel værdi
Skovvej 65,4291 Ruds Vedby,625.000,16-06-2002,"
Fam. Salg",3.810,7,Stuehus,164,1914,,
Skovvej 19A,4291 Ruds Vedby,1.050.000,10-06-2002,"
Alm. Salg",7.291,5,Villa,144,1940,,Aktuel værdi
Kulbyvej 56,4291 Ruds Vedby,1.372.000,03-06-2002,"
Alm. Salg",9.527,6,Villa,144,1969,,Aktuel værdi
Reerslevvej 11,4291 Ruds Vedby,665.000,16-05-2002,"
Alm. Salg",6.394,5,Villa,104,1950,,Aktuel værdi
Tranemosevej 21,4291 Ruds Vedby,480.000,08-05-2002,"
Alm. Salg",5.783,3,Villa,83,1900,,Aktuel værdi
Risbjergvej 4,4291 Ruds Vedby,766.000,19-04-2002,"
Alm. Salg",8.606,4,Villa,89,1932,,Aktuel værdi
Nyvej 7,4291 Ruds Vedby,837.523,04-04-2002,"
Alm. Salg",6.864,5,Villa,122,1932,,Aktuel værdi
Frihedsdalsvej 4,4291 Ruds Vedby,1.095.000,28-03-2002,"
Alm. Salg",9.125,4,Villa,120,1978,,Aktuel værdi
Sorøvej 16,4291 Ruds Vedby,670.000,01-03-2002,"
Alm. Salg",4.240,4,Villa,158,1920,,Aktuel værdi
Sorøvej 9A,4291 Ruds Vedby,290.000,14-02-2002,"
Alm. Salg",1.288,7,Villa,225,1920,,Aktuel værdi
Vestermarken 17,4291 Ruds Vedby,446.025,30-01-2002,"
Alm. Salg",2.670,3,Villa,167,1912,,Aktuel værdi
Ougtvedvej 15,4291 Ruds Vedby,2.500.000,20-01-2002,"
Alm. Salg",16.025,6,Stuehus,156,1935,,
Sportsvej 6,4291 Ruds Vedby,640.000,19-01-2002,"
Alm. Salg",8.421,3,Villa,76,1954,,Aktuel værdi
Lærkevænget 1,4291 Ruds Vedby,745.000,07-01-2002,"
Alm. Salg",-,8,Villa,176,1977,,Aktuel værdi
Tranemosevej 16,4291 Ruds Vedby,527.000,21-12-2001,"
Fam. Salg",3.046,5,Villa,173,1910,,Aktuel værdi
Lindevej 6,4291 Ruds Vedby,493.000,24-11-2001,"
Alm. Salg",8.500,3,Villa,58,1967,,Aktuel værdi
Tværmarksvej 22,4291 Ruds Vedby,740.000,15-11-2001,"
Alm. Salg",8.131,3,Rækkehus,91,1980,,Aktuel værdi
Nøragervej 2,4291 Ruds Vedby,1.033.000,06-11-2001,"
Alm. Salg",6.621,3,Villa,156,1897,,Aktuel værdi
Møllemarksvej 9,4291 Ruds Vedby,1.150.000,15-10-2001,"
Alm. Salg",4.732,7,Villa,243,1965,,Aktuel værdi
Ougtvedvej 18,4291 Ruds Vedby,2.075.000,11-10-2001,"
Alm. Salg",9.061,8,Villa,229,1922,,Aktuel værdi
Skovvej 15A,4291 Ruds Vedby,795.000,27-09-2001,"
Alm. Salg",8.641,3,Villa,92,1936,,Aktuel værdi
Tindingevej 27,4291 Ruds Vedby,595.000,22-09-2001,"
Alm. Salg",-,3,Villa,115,1897,,Aktuel værdi
Hybenvej 35,4291 Ruds Vedby,1.054.000,18-09-2001,"
Alm. Salg",-,6,Villa,174,1976,,Aktuel værdi
Risbjergvej 14,4291 Ruds Vedby,1.050.000,01-09-2001,"
Alm. Salg",9.905,3,Stuehus,106,1924,,
Reerslevvej 38,4291 Ruds Vedby,524.993,23-08-2001,"
Alm. Salg",7.094,3,Villa,74,1900,,Aktuel værdi
Risbjergvej 33,4291 Ruds Vedby,1.050.000,23-08-2001,"
Alm. Salg",9.813,4,Stuehus,107,1954,,
Krogen 10,4291 Ruds Vedby,320.000,20-08-2001,"
Fam. Salg",3.368,3,Villa,95,1908,,Aktuel værdi
Møllemarksvej 18,4291 Ruds Vedby,1.050.000,20-08-2001,"
Alm. Salg",6.481,6,Villa,162,1973,,Aktuel værdi
Rudsgade 13,4291 Ruds Vedby,650.000,18-08-2001,"
Alm. Salg",3.987,8,Villa,163,1915,,Aktuel værdi
Tranemosevej 2,4291 Ruds Vedby,1.500.000,31-05-2001,"
Alm. Salg",7.692,4,Villa,195,1844,,Aktuel værdi
Sorøvej 14,4291 Ruds Vedby,450.000,22-05-2001,"
Auktion",2.406,7,Villa,187,1900,,Aktuel værdi
Slagelsevej 15,4291 Ruds Vedby,964.932,15-05-2001,"
Alm. Salg",4.824,7,Villa,200,1907,,Aktuel værdi
Nyvej 11,4291 Ruds Vedby,650.000,07-05-2001,"
Alm. Salg",5.416,6,Villa,120,1938,,Aktuel værdi
Kragevigvej 24,4291 Ruds Vedby,979.050,06-04-2001,"
Alm. Salg",12.238,4,Stuehus,80,1825,,
Sorøvej 61,4291 Ruds Vedby,1.218.620,29-03-2001,"
Alm. Salg",9.094,4,Villa,134,1880,,Aktuel værdi
Skovvej 10,4291 Ruds Vedby,660.000,17-01-2001,"
Alm. Salg",6.285,4,Villa,105,1945,,Aktuel værdi
Reerslevvej 54,4291 Ruds Vedby,650.000,22-12-2000,"
Alm. Salg",3.869,7,Villa,168,1907,,Aktuel værdi
Engvej 1B,4291 Ruds Vedby,1.225.000,21-12-2000,"
Alm. Salg",6.064,5,Villa,202,1900,,Aktuel værdi
Fuglebakken 25,4291 Ruds Vedby,807.000,19-12-2000,"
Alm. Salg",6.354,5,Villa,127,1975,,Aktuel værdi
Tranemosevej 15,4291 Ruds Vedby,1.071.700,15-12-2000,"
Alm. Salg",-,6,Villa,160,1800,,Aktuel værdi
Lindevej 4A,4291 Ruds Vedby,811.546,28-11-2000,"
Alm. Salg",5.755,4,Villa,141,1868,,Aktuel værdi
Kongstedvej 14,4291 Ruds Vedby,808.440,15-11-2000,"
Alm. Salg",6.124,4,Villa,132,1966,,Aktuel værdi
Hybenvej 16,4291 Ruds Vedby,771.191,03-11-2000,"
Alm. Salg",5.629,4,Villa,137,1974,,Aktuel værdi
Tranemosevej 14A,4291 Ruds Vedby,648.839,02-11-2000,"
Alm. Salg",-,7,Stuehus,98,1899,,
Hybenvej 22,4291 Ruds Vedby,763.070,30-10-2000,"
Alm. Salg",7.630,3,Villa,100,1978,,Aktuel værdi
Møllemarksvej 13,4291 Ruds Vedby,780.440,14-10-2000,"
Alm. Salg",5.781,4,Villa,135,1968,,Aktuel værdi
Rudsgade 56,4291 Ruds Vedby,530.000,10-10-2000,"
Alm. Salg",3.984,5,Villa,133,1870,,Aktuel værdi
Rudsgade 34,4291 Ruds Vedby,881.000,03-10-2000,"
Alm. Salg",5.182,6,Villa,170,1899,,Aktuel værdi
Fuglebakken 37,4291 Ruds Vedby,901.000,30-09-2000,"
Alm. Salg",-,4,Villa,126,1978,,Aktuel værdi
Egernvej 7,4291 Ruds Vedby,756.500,26-09-2000,"
Alm. Salg",7.719,4,Villa,98,1963,,Aktuel værdi
Kalundborgvej 39,4291 Ruds Vedby,40.000,01-09-2000,"
Alm. Salg",430,4,Stuehus,93,1953,,
Sorøvej 24,4291 Ruds Vedby,465.000,12-08-2000,"
Alm. Salg",4.696,4,Villa,99,1956,,Aktuel værdi
Ougtvedvej 10,4291 Ruds Vedby,450.000,07-08-2000,"
Alm. Salg",6.521,2,Villa,69,1997,,Aktuel værdi
Kvædevej 8,4291 Ruds Vedby,964.000,07-08-2000,"
Alm. Salg",6.602,3,Villa,146,1978,,Aktuel værdi
Vestermarken 4,4291 Ruds Vedby,1.111.000,31-07-2000,"
Alm. Salg",7.506,6,Villa,148,1880,,Aktuel værdi
Tværmarksvej 16,4291 Ruds Vedby,590.880,25-07-2000,"
Alm. Salg",6.493,3,Rækkehus,91,1980,,Aktuel værdi
Engvej 10,4291 Ruds Vedby,420.000,30-06-2000,"
Alm. Salg",3.281,5,Villa,128,1904,,Aktuel værdi
Egernvej 5,4291 Ruds Vedby,523.000,29-06-2000,"
Alm. Salg",5.811,3,Villa,90,1962,,Aktuel værdi
Sportsvej 5,4291 Ruds Vedby,944.000,27-06-2000,"
Alm. Salg",5.021,6,Villa,188,1965,,Aktuel værdi
Møllemarksvej 28,4291 Ruds Vedby,1.136.983,26-06-2000,"
Alm. Salg",7.950,4,Villa,143,1970,,Aktuel værdi
Reerslevvej 39,4291 Ruds Vedby,500.000,12-05-2000,"
Alm. Salg",3.937,4,Stuehus,127,1887,,
Ternevej 2,4291 Ruds Vedby,958.555,17-04-2000,"
Alm. Salg",7.100,4,Villa,135,1972,,Aktuel værdi
"Rudsgade 11, 1",4291 Ruds Vedby,4.350.000,10-04-2000,"
Alm. Salg",39.189,7,Anden beboelse,111,1964,,Aktuel værdi
Ternevej 1,4291 Ruds Vedby,877.000,10-04-2000,"
Alm. Salg",7.830,5,Villa,112,1970,,Aktuel værdi
Kalundborgvej 34,4291 Ruds Vedby,262.280,22-03-2000,"
Alm. Salg",3.746,3,Villa,70,1900,,Aktuel værdi
Lindevej 7,4291 Ruds Vedby,605.000,05-03-2000,"
Alm. Salg",6.505,4,Villa,93,1947,,Aktuel værdi
Reerslevvej 47,4291 Ruds Vedby,395.000,29-02-2000,"
Alm. Salg",3.038,6,Villa,130,1959,,Aktuel værdi
Tranemosevej 25,4291 Ruds Vedby,410.000,21-02-2000,"
Alm. Salg",-,4,Villa,105,1877,,Aktuel værdi
Sømarksvej 7,4291 Ruds Vedby,75.000,07-02-2000,"
Alm. Salg",590,6,Villa,127,2000,,Aktuel værdi
Dyndengvej 1,4291 Ruds Vedby,2.104.642,10-01-2000,"
Fam. Salg",16.189,3,Stuehus,130,1900,,
Kilehusvej 10,4291 Ruds Vedby,475.000,05-01-2000,"
Alm. Salg",6.785,2,Villa,70,1959,,Aktuel værdi
Fælledvej 2,4291 Ruds Vedby,1.200.000,13-12-1999,"
Alm. Salg",10.434,4,Stuehus,115,1850,,
Almagervej 1,4291 Ruds Vedby,598.000,06-12-1999,"
Alm. Salg",3.215,6,Stuehus,186,1880,,
Rudsgade 31,4291 Ruds Vedby,738.000,05-12-1999,"
Alm. Salg",4.555,4,Villa,162,1917,,Aktuel værdi
Skovvang 5,4291 Ruds Vedby,992.350,28-11-1999,"
Alm. Salg",9.541,5,Villa,104,1877,,Aktuel værdi
Møllemarksvej 27,4291 Ruds Vedby,413.000,24-11-1999,"
Alm. Salg",2.908,4,Villa,142,1972,,Aktuel værdi
Sorøvej 5,4291 Ruds Vedby,691.000,29-10-1999,"
Alm. Salg",7.051,4,Villa,98,1967,,Aktuel værdi
Violvej 7,4291 Ruds Vedby,875.360,21-10-1999,"
Alm. Salg",6.631,5,Villa,132,1970,,Aktuel værdi
Skovvej 23,4291 Ruds Vedby,475.000,12-10-1999,"
Alm. Salg",4.025,4,Villa,118,1934,,Aktuel værdi
Reerslevvej 36,4291 Ruds Vedby,697.000,05-10-1999,"
Alm. Salg",3.097,4,Villa,225,1942,,Aktuel værdi
Tværmarksvej 26,4291 Ruds Vedby,565.000,29-09-1999,"
Alm. Salg",6.208,3,Rækkehus,91,1980,,Aktuel værdi
Skovvej 31,4291 Ruds Vedby,427.851,31-08-1999,"
Alm. Salg",3.368,3,Villa,127,1947,,Aktuel værdi
Overdrevet 2,4291 Ruds Vedby,1.694.000,25-08-1999,"
Alm. Salg",15.831,4,Stuehus,107,1945,,
Møllemarksvej 24,4291 Ruds Vedby,970.000,08-08-1999,"
Alm. Salg",7.348,5,Villa,132,1972,,Aktuel værdi
Glentevej 6,4291 Ruds Vedby,715.000,27-07-1999,"
Alm. Salg",4.525,4,Villa,158,1972,,Aktuel værdi
Hybenvej 28,4291 Ruds Vedby,904.000,11-07-1999,"
Alm. Salg",7.007,4,Villa,129,1975,,Aktuel værdi
Fuglebakken 45,4291 Ruds Vedby,715.300,12-06-1999,"
Alm. Salg",-,10,Villa,237,1973,,Aktuel værdi
Jyderupvej 77,4291 Ruds Vedby,752.000,07-06-1999,"
Alm. Salg",6.482,5,Villa,116,1880,,Aktuel værdi
Møllemarksvej 15,4291 Ruds Vedby,565.000,30-05-1999,"
Alm. Salg",4.414,5,Villa,128,1967,,Aktuel værdi
Skovvej 11,4291 Ruds Vedby,679.000,22-05-1999,"
Alm. Salg",6.790,3,Villa,100,1926,,Aktuel værdi
Reerslevvej 29,4291 Ruds Vedby,515.720,18-05-1999,"
Alm. Salg",2.772,9,Villa,186,1905,,Aktuel værdi
Hjorthøjvej 10,4291 Ruds Vedby,1.835.775,18-05-1999,"
Fam. Salg",6.953,10,Stuehus,264,1912,,
Fuglebakken 21,4291 Ruds Vedby,758.000,14-05-1999,"
Alm. Salg",5.875,4,Villa,129,1975,,Aktuel værdi
Nyvej 13,4291 Ruds Vedby,634.450,11-05-1999,"
Alm. Salg",4.229,3,Villa,150,1936,,Aktuel værdi
Nyvej 15,4291 Ruds Vedby,548.000,05-05-1999,"
Alm. Salg",5.121,4,Villa,107,1935,,Aktuel værdi
Birkevej 10,4291 Ruds Vedby,1.050.000,25-04-1999,"
Alm. Salg",8.677,4,Villa,121,1945,,Aktuel værdi
Birkevej 2,4291 Ruds Vedby,679.338,19-04-1999,"
Alm. Salg",5.757,4,Villa,118,1940,,Aktuel værdi
Glentevej 13A,4291 Ruds Vedby,574.000,11-03-1999,"
Alm. Salg",3.931,4,Villa,146,1975,,Aktuel værdi
Lindevej 3A,4291 Ruds Vedby,678.020,03-02-1999,"
Alm. Salg",4.490,4,Villa,151,1982,,Aktuel værdi
Tranemosevej 5,4291 Ruds Vedby,697.058,25-01-1999,"
Alm. Salg",3.747,6,Villa,186,1900,,Aktuel værdi
Kalundborgvej 25,4291 Ruds Vedby,375.000,11-01-1999,"
Alm. Salg",2.435,6,Villa,154,1900,,Aktuel værdi
Kragevigvej 3,4291 Ruds Vedby,850.000,12-12-1998,"
Fam. Salg",10.119,3,Stuehus,84,1900,,
Jyderupvej 74,4291 Ruds Vedby,392.742,03-12-1998,"
Andet",5.167,3,Villa,76,1934,,Aktuel værdi
Vævervænget 2,4291 Ruds Vedby,360.000,22-11-1998,"
Alm. Salg",4.000,3,Villa,90,1912,,Aktuel værdi
Conradineslyst 2,4291 Ruds Vedby,370.000,22-11-1998,"
Alm. Salg",3.274,5,Villa,113,1912,,Aktuel værdi
Sorøvej 15C,4291 Ruds Vedby,500.000,19-10-1998,"
Fam. Salg",1.524,8,Villa,328,1970,,Aktuel værdi
Sportsvej 13,4291 Ruds Vedby,650.000,14-10-1998,"
Alm. Salg",5.909,4,Villa,110,1963,,Aktuel værdi
Frendvedvej 1,4291 Ruds Vedby,1.027.000,14-09-1998,"
Fam. Salg",6.801,5,Stuehus,151,1877,,
Glentevej 10,4291 Ruds Vedby,784.000,23-08-1998,"
Alm. Salg",5.369,5,Villa,146,1970,,Aktuel værdi
Sønderødvej 33,4291 Ruds Vedby,1.097.000,18-08-1998,"
Alm. Salg",-,6,Stuehus,208,1912,,
Ougtvedvej 32,4291 Ruds Vedby,463.000,01-08-1998,"
Alm. Salg",5.202,4,Stuehus,89,1780,,
Skovvej 2C,4291 Ruds Vedby,799.653,27-07-1998,"
Alm. Salg",2.132,14,Villa,375,1957,,Aktuel værdi
Nyvej 5,4291 Ruds Vedby,609.000,30-06-1998,"
Alm. Salg",4.381,4,Villa,139,1932,,Aktuel værdi
Kalundborgvej 55,4291 Ruds Vedby,470.396,28-06-1998,"
Andet",-,8,Villa,221,1850,,Aktuel værdi
Grandalen 5,4291 Ruds Vedby,804.000,22-06-1998,"
Alm. Salg",5.911,4,Villa,136,1978,,Aktuel værdi
Moltkesvej 8,4291 Ruds Vedby,234.184,18-06-1998,"
Andet",2.090,4,Villa,112,1897,,Aktuel værdi
Kalundborgvej 42,4291 Ruds Vedby,1.316.694,12-05-1998,"
Alm. Salg",6.391,10,Stuehus,206,1915,,
Rugskovvej 13,4291 Ruds Vedby,1.383.000,27-04-1998,"
Alm. Salg",9.537,5,Stuehus,145,1908,,
Ougtvedvej 13,4291 Ruds Vedby,1.075.000,07-04-1998,"
Alm. Salg",7.263,5,Stuehus,148,1921,,
Peder Madsens Vej 1,4291 Ruds Vedby,350.000,31-03-1998,"
Alm. Salg",2.333,7,Villa,150,1928,,Aktuel værdi
Jyderupvej 58,4291 Ruds Vedby,705.160,27-03-1998,"
Alm. Salg",5.466,4,Villa,129,1914,,Aktuel værdi
Grandalen 7,4291 Ruds Vedby,645.000,26-03-1998,"
Alm. Salg",5.758,4,Villa,112,1975,,Aktuel værdi
Tågerupvej 2,4291 Ruds Vedby,127.668,25-02-1998,"
Alm. Salg",-,8,Villa,248,1850,,Aktuel værdi
Skovvej 51,4291 Ruds Vedby,1.122.000,12-02-1998,"
Alm. Salg",5.783,6,Villa,194,1877,,Aktuel værdi
Krogen 2,4291 Ruds Vedby,775.000,24-01-1998,"
Alm. Salg",-,9,Stuehus,236,1913,,
Vinkelvej 8,4291 Ruds Vedby,595.000,23-12-1997,"
Alm. Salg",3.888,6,Villa,153,1956,,Aktuel værdi
Nåleskovvej 5,4291 Ruds Vedby,300.000,18-11-1997,"
Alm. Salg",4.225,2,Villa,71,1827,,Aktuel værdi
Reerslevvej 24,4291 Ruds Vedby,152.000,17-11-1997,"
Auktion",1.078,3,Villa,141,1917,,Aktuel værdi
Sportsvej 11,4291 Ruds Vedby,584.675,11-11-1997,"
Alm. Salg",5.515,4,Villa,106,1949,,Aktuel værdi
Vinkelvej 4,4291 Ruds Vedby,613.864,01-10-1997,"
Alm. Salg",4.175,5,Villa,147,1957,,Aktuel værdi
Slagelsevej 18,4291 Ruds Vedby,606.000,25-09-1997,"
Alm. Salg",3.650,4,Villa,166,1936,,Aktuel værdi
Nøragervej 7,4291 Ruds Vedby,1.897.518,24-09-1997,"
Alm. Salg",7.590,6,Villa,250,1900,,Aktuel værdi
Skovvej 4,4291 Ruds Vedby,714.000,12-09-1997,"
Alm. Salg",3.367,6,Villa,212,1956,,Aktuel værdi
Risbjergvej 16,4291 Ruds Vedby,445.000,12-09-1997,"
Alm. Salg",3.803,4,Villa,117,1964,,Aktuel værdi
Skovlyvej 6,4291 Ruds Vedby,850.000,24-07-1997,"
Alm. Salg",5.743,5,Villa,148,1981,,Aktuel værdi
Kongstedvej 6,4291 Ruds Vedby,449.000,30-06-1997,"
Alm. Salg",3.592,6,Villa,125,1960,,Aktuel værdi
Risbjergvej 13,4291 Ruds Vedby,498.000,18-06-1997,"
Alm. Salg",3.830,4,Villa,130,1930,,Aktuel værdi
Birkebjergvej 4,4291 Ruds Vedby,535.310,15-04-1997,"
Alm. Salg",1.968,5,Villa,272,1913,,Aktuel værdi
Jernbanegade 10A,4291 Ruds Vedby,481.320,01-04-1997,"
Alm. Salg",3.487,3,Villa,138,1966,,Aktuel værdi
Møllemarksvej 19,4291 Ruds Vedby,673.000,20-03-1997,"
Alm. Salg",3.958,1,Villa,170,1967,,Aktuel værdi
Ougtvedvej 30,4291 Ruds Vedby,475.000,17-03-1997,"
Alm. Salg",-,8,Stuehus,256,1890,,
Bøgebjergvej 6,4291 Ruds Vedby,969.300,28-01-1997,"
Alm. Salg",-,6,Stuehus,269,1860,,
Tjørnebakken 9,4291 Ruds Vedby,1.012.000,26-11-1996,"
Alm. Salg",6.246,4,Villa,162,1986,,Aktuel værdi
Sønderødvej 20,4291 Ruds Vedby,648.480,18-11-1996,"
Alm. Salg",5.187,5,Villa,125,1915,,Aktuel værdi
Egernvej 6,4291 Ruds Vedby,679.000,28-08-1996,"
Alm. Salg",5.105,4,Villa,133,1988,,Aktuel værdi
Jyderupvej 51,4291 Ruds Vedby,498.000,26-08-1996,"
Fam. Salg",2.721,4,Stuehus,183,1967,,
Vestermarken 1,4291 Ruds Vedby,387.000,28-07-1996,"
Alm. Salg",2.784,4,Villa,139,1848,,Aktuel værdi
Rødtjørnevej 1,4291 Ruds Vedby,75.000,30-06-1996,"
Auktion",652,3,Villa,115,1930,,Aktuel værdi
Hjorthøjvej 8,4291 Ruds Vedby,550.000,27-06-1996,"
Alm. Salg",6.250,3,Stuehus,88,1880,,
Parallelvej 3,4291 Ruds Vedby,739.800,27-06-1996,"
Alm. Salg",7.398,8,Industri o.l.,100,1969,,Aktuel værdi
Skolegade 10,4291 Ruds Vedby,395.000,19-06-1996,"
Fam. Salg",3.015,5,Villa,131,1971,,Aktuel værdi
Hybenvej 37,4291 Ruds Vedby,594.000,26-05-1996,"
Alm. Salg",4.432,6,Villa,134,1977,,Aktuel værdi
Skovvej 17A,4291 Ruds Vedby,475.000,09-05-1996,"
Alm. Salg",5.722,3,Villa,83,1956,,Aktuel værdi
Moltkesvej 3,4291 Ruds Vedby,1.200.000,01-05-1996,"
Alm. Salg",10.084,4,Stuehus,119,1932,,
Glentevej 9,4291 Ruds Vedby,210.746,21-04-1996,"
Fam. Salg",-,6,Villa,159,1972,,Aktuel værdi
Jyderupvej 56,4291 Ruds Vedby,448.500,27-03-1996,"
Alm. Salg",4.004,4,Villa,112,1870,,Aktuel værdi
Rudsgade 8B,4291 Ruds Vedby,250.000,26-03-1996,"
Alm. Salg",3.164,2,Lejlighed,79,1896,,Aktuel værdi
Rudsgade 10A,4291 Ruds Vedby,320.000,19-03-1996,"
Alm. Salg",2.051,6,Villa,156,1895,,Aktuel værdi
Rudsgade 2,4291 Ruds Vedby,285.000,15-03-1996,"
Alm. Salg",1.357,11,Villa,210,1881,,Aktuel værdi
Jyderupvej 78,4291 Ruds Vedby,1.300.000,12-03-1996,"
Alm. Salg",9.154,5,Stuehus,142,1885,,
Tranemosevej 10,4291 Ruds Vedby,560.000,08-03-1996,"
Alm. Salg",4.087,3,Stuehus,137,1956,,
Hjorthøjvej 6,4291 Ruds Vedby,549.920,15-02-1996,"
Alm. Salg",3.984,4,Villa,138,1967,,Aktuel værdi
Risbjergvej 22,4291 Ruds Vedby,1.040.176,24-01-1996,"
Alm. Salg",8.388,3,Stuehus,124,1877,,
Møllemarksvej 7,4291 Ruds Vedby,375.000,20-12-1995,"
Alm. Salg",3.906,4,Villa,96,1962,,Aktuel værdi
Sønderødvej 13,4291 Ruds Vedby,1.001.240,19-12-1995,"
Alm. Salg",-,6,Stuehus,188,1932,,
Vinkelvej 1,4291 Ruds Vedby,259.090,19-12-1995,"
Alm. Salg",-,5,Villa,125,1963,,Aktuel værdi
Hestehaven 8,4291 Ruds Vedby,450.000,09-11-1995,"
Fam. Salg",4.090,4,Stuehus,110,1903,,
Tranemosevej 23,4291 Ruds Vedby,92.000,06-11-1995,"
Alm. Salg",978,4,Villa,94,1877,,Aktuel værdi
Sønderødvej 10,4291 Ruds Vedby,110.000,06-11-1995,"
Alm. Salg",1.666,3,Villa,66,1912,,Aktuel værdi
Frihedsdalsvej 2,4291 Ruds Vedby,495.000,30-09-1995,"
Alm. Salg",2.414,6,Villa,205,1915,,Aktuel værdi
Grandalen 18,4291 Ruds Vedby,697.000,04-09-1995,"
Alm. Salg",4.383,5,Villa,159,1973,,Aktuel værdi
Sorøvej 2,4291 Ruds Vedby,386.604,29-08-1995,"
Andet",2.577,4,Villa,150,1930,,Aktuel værdi
Fuglebakken 33,4291 Ruds Vedby,550.000,29-08-1995,"
Alm. Salg",4.135,5,Villa,133,1973,,Aktuel værdi
Sønderødvej 3A,4291 Ruds Vedby,675.000,14-07-1995,"
Alm. Salg",2.657,8,Villa,254,1987,,Aktuel værdi
Fuglebakken 7,4291 Ruds Vedby,430.316,06-06-1995,"
Alm. Salg",3.498,5,Villa,123,1972,,Aktuel værdi
Skovvej 59,4291 Ruds Vedby,1.651.250,27-05-1995,"
Alm. Salg",7.863,4,Stuehus,210,1982,,
Rudsgade 25,4291 Ruds Vedby,198.142,26-05-1995,"
Alm. Salg",1.021,6,Villa,194,1902,,Aktuel værdi
Glentevej 4,4291 Ruds Vedby,350.000,22-05-1995,"
Alm. Salg",2.713,3,Villa,129,1970,,Aktuel værdi
Hybenvej 19,4291 Ruds Vedby,625.000,27-04-1995,"
Alm. Salg",3.810,6,Villa,164,1974,,Aktuel værdi
Slagelsevej 22,4291 Ruds Vedby,1.128.698,01-04-1995,"
Alm. Salg",13.934,3,Villa,81,1964,,Aktuel værdi
Birkebjergvej 3,4291 Ruds Vedby,340.000,29-03-1995,"
Alm. Salg",1.428,5,Villa,238,1900,,Aktuel værdi
Kongstedvej 2,4291 Ruds Vedby,172.000,06-02-1995,"
Auktion",1.255,5,Villa,137,1910,,Aktuel værdi
Engvej 1A,4291 Ruds Vedby,300.000,12-12-1994,"
Alm. Salg",-,5,Villa,138,1945,,Aktuel værdi
Sorøvej 17,4291 Ruds Vedby,190.000,09-11-1994,"
Alm. Salg",-,5,Villa,130,1944,,Aktuel værdi
Fuglebakken 27,4291 Ruds Vedby,600.000,09-11-1994,"
Alm. Salg",4.026,4,Villa,149,1976,,Aktuel værdi
Rudsgade 45,4291 Ruds Vedby,232.500,12-10-1994,"
Alm. Salg",1.453,5,Villa,160,1916,,Aktuel værdi
Kvædevej 5,4291 Ruds Vedby,530.000,13-09-1994,"
Alm. Salg",3.955,4,Villa,134,1978,,Aktuel værdi
Ougtvedvej 1,4291 Ruds Vedby,650.000,12-09-1994,"
Alm. Salg",3.023,5,Stuehus,215,1969,,
Kragevigvej 10,4291 Ruds Vedby,630.000,03-09-1994,"
Alm. Salg",-,6,Villa,224,1880,,Aktuel værdi
Peder Madsens Vej 19,4291 Ruds Vedby,285.000,01-09-1994,"
Alm. Salg",4.523,4,Villa,63,1917,,Aktuel værdi
Sønderødvej 25,4291 Ruds Vedby,410.000,04-08-1994,"
Alm. Salg",5.394,2,Villa,76,1924,,Aktuel værdi
Tværmarksvej 18,4291 Ruds Vedby,300.000,03-08-1994,"
Alm. Salg",3.296,3,Rækkehus,91,1979,,Aktuel værdi
Rugskovvej 15,4291 Ruds Vedby,1.515.000,15-07-1994,"
Alm. Salg",10.100,6,Stuehus,150,1962,,
Jernbanegade 14,4291 Ruds Vedby,390.000,14-06-1994,"
Alm. Salg",2.294,6,Villa,170,1957,,Aktuel værdi
Kragevigvej 27,4291 Ruds Vedby,530.000,13-06-1994,"
Alm. Salg",7.571,3,Stuehus,70,1900,,
Rødtjørnevej 11,4291 Ruds Vedby,800.000,30-05-1994,"
Alm. Salg",-,5,Stuehus,117,1920,,
Skovvej 6,4291 Ruds Vedby,511.009,17-05-1994,"
Alm. Salg",3.729,6,Villa,137,1952,,Aktuel værdi
Skovlyvej 4,4291 Ruds Vedby,65.000,02-05-1994,"
Auktion",433,3,Villa,150,1925,,Aktuel værdi
Bøgebjergvej 5,4291 Ruds Vedby,975.000,28-04-1994,"
Alm. Salg",-,7,Villa,216,1900,,Aktuel værdi
Nåleskovvej 7,4291 Ruds Vedby,667.750,13-04-1994,"
Alm. Salg",-,3,Villa,114,1931,,Aktuel værdi
Kvædevej 10,4291 Ruds Vedby,440.000,17-03-1994,"
Alm. Salg",3.492,4,Villa,126,1978,,Aktuel værdi
Ougtvedvej 6,4291 Ruds Vedby,3.650.000,21-02-1994,"
Alm. Salg",17.298,5,Stuehus,211,1914,,
Sønderødvej 35,4291 Ruds Vedby,595.000,21-02-1994,"
Alm. Salg",-,7,Stuehus,272,1912,,
Skovvej 8,4291 Ruds Vedby,275.000,20-01-1994,"
Alm. Salg",2.477,6,Villa,111,1945,,Aktuel værdi
Ternevej 15,4291 Ruds Vedby,675.000,14-01-1994,"
Alm. Salg",5.273,4,Villa,128,1973,,Aktuel værdi
Risbjergvej 5,4291 Ruds Vedby,460.000,14-12-1993,"
Fam. Salg",-,6,Villa,207,1917,,Aktuel værdi
Skovvej 17B,4291 Ruds Vedby,375.000,30-11-1993,"
Alm. Salg",2.906,6,Villa,129,1935,,Aktuel værdi
Risbjergvej 28,4291 Ruds Vedby,1.230.000,08-11-1993,"
Alm. Salg",3.892,11,Villa,316,1983,,Aktuel værdi
Ougtvedvej 2,4291 Ruds Vedby,237.263,30-10-1993,"
Alm. Salg",1.492,5,Villa,159,1878,,Aktuel værdi
Kragerupvej 11,4291 Ruds Vedby,282.138,10-10-1993,"
Fam. Salg",1.383,6,Villa,204,1898,,Aktuel værdi
Ternevej 12,4291 Ruds Vedby,534.000,02-10-1993,"
Alm. Salg",4.272,5,Villa,125,1972,,Aktuel værdi
Hestehaven 22,4291 Ruds Vedby,565.000,27-09-1993,"
Alm. Salg",4.094,3,Villa,138,1900,,Aktuel værdi
Reerslevvej 52,4291 Ruds Vedby,240.000,23-08-1993,"
Alm. Salg",1.182,9,Villa,203,1872,,Aktuel værdi
Kalundborgvej 2,4291 Ruds Vedby,250.000,13-07-1993,"
Alm. Salg",2.083,5,Villa,120,1900,,Aktuel værdi
Kongstedvej 7,4291 Ruds Vedby,545.000,21-06-1993,"
Alm. Salg",3.978,4,Villa,137,1968,,Aktuel værdi
Kvædevej 6,4291 Ruds Vedby,480.000,25-05-1993,"
Alm. Salg",4.403,3,Villa,109,1977,,Aktuel værdi
Risbjergvej 17,4291 Ruds Vedby,1.145.000,15-05-1993,"
Alm. Salg",-,4,Stuehus,126,1900,,
Møllemarksvej 26,4291 Ruds Vedby,475.000,27-04-1993,"
Alm. Salg",4.611,4,Villa,103,1970,,Aktuel værdi
Kragevigvej 6,4291 Ruds Vedby,405.000,07-04-1993,"
Alm. Salg",2.425,5,Villa,167,1906,,Aktuel værdi
Krogen 4,4291 Ruds Vedby,290.000,31-01-1993,"
Alm. Salg",-,9,Villa,277,1901,,Aktuel værdi
Risbjergvej 18,4291 Ruds Vedby,880.000,05-10-1992,"
Alm. Salg",3.505,7,Stuehus,251,2010,,
Sønderødvej 6,4291 Ruds Vedby,318.500,30-09-1992,"
Alm. Salg",2.341,4,Villa,136,1951,,Aktuel værdi
Sønderødvej 5,4291 Ruds Vedby,618.985,10-09-1992,"
Alm. Salg",2.579,7,Stuehus,240,1870,,
Fuglebakken 3,4291 Ruds Vedby,480.000,15-07-1992,"
Alm. Salg",3.428,5,Villa,140,1973,,Aktuel værdi
Tranemosevej 6,4291 Ruds Vedby,400.000,15-07-1992,"
Alm. Salg",-,4,Villa,95,1963,,Aktuel værdi
Skolegade 16,4291 Ruds Vedby,556.000,08-07-1992,"
Alm. Salg",3.587,5,Villa,155,1980,,Aktuel værdi
Slagelsevej 12,4291 Ruds Vedby,365.000,06-06-1992,"
Alm. Salg",2.874,4,Villa,127,1914,,Aktuel værdi
Reerslevvej 43,4291 Ruds Vedby,450.000,16-05-1992,"
Alm. Salg",2.556,8,Villa,176,1921,,Aktuel værdi
Skolegade 8,4291 Ruds Vedby,535.000,05-05-1992,"
Alm. Salg",3.992,6,Villa,134,1965,,Aktuel værdi
Vinkelvej 2,4291 Ruds Vedby,320.000,10-04-1992,"
Alm. Salg",4.507,4,Villa,71,1947,,Aktuel værdi
Jyderupvej 68,4291 Ruds Vedby,900.000,30-03-1992,"
Alm. Salg",6.569,4,Stuehus,137,1905,,
Jernbanegade 3,4291 Ruds Vedby,450.000,17-03-1992,"
Fam. Salg",3.383,6,Villa,133,1904,,Aktuel værdi
Sorøvej 15A,4291 Ruds Vedby,500.000,24-01-1992,"
Alm. Salg",3.067,7,Villa,163,1939,,Aktuel værdi
