address,zip_code,price,sell_date,sell_type,price_per_sq_m,no_rooms,housing_type,size_in_sq_m,year_of_construction,price_change_in_pct
Hasselvej 7,4295 Stenlille,850.000,18-05-2017,"
Alm. Salg",7.589,3,Villa,112,1973,-10 %,Aktuel værdi
Parkvej 29,4295 Stenlille,995.000,12-05-2017,"
Alm. Salg",7.713,4,Villa,129,1977,-5 %,Aktuel værdi
Maglemosevej 6,4295 Stenlille,552.500,01-05-2017,"
Fam. Salg",4.123,3,Sommerhus,134,1827,,Aktuel værdi
Fasanvej 7,4295 Stenlille,900.000,11-04-2017,"
Alm. Salg",6.569,3,Villa,137,1969,-10 %,Aktuel værdi
Glentevej 6,4295 Stenlille,1.120.000,06-04-2017,"
Alm. Salg",8.235,7,Villa,136,1972,-14 %,Aktuel værdi
Møllegårdsvej 57,4295 Stenlille,1.535.000,28-03-2017,"
Alm. Salg",7.240,7,Villa,212,1985,-9 %,Aktuel værdi
Birkevej 2,4295 Stenlille,1.450.000,28-03-2017,"
Alm. Salg",12.500,4,Villa,116,1947,-3 %,Aktuel værdi
Mågevej 2,4295 Stenlille,1.275.000,21-03-2017,"
Alm. Salg",9.807,4,Villa,130,1973,-2 %,Aktuel værdi
Tjørntvedvej 17B,4295 Stenlille,1.900.000,12-03-2017,"
Alm. Salg",13.571,6,Villa,140,2002,-5 %,Aktuel værdi
Sønderbjerg 5,4295 Stenlille,475.000,08-03-2017,"
Alm. Salg",9.500,3,Sommerhus,50,1972,-20 %,Aktuel værdi
Møllehusene 10,4295 Stenlille,1.265.000,07-03-2017,"
Alm. Salg",11.712,4,Rækkehus,108,2004,-2 %,Aktuel værdi
Stenmaglevej 26,4295 Stenlille,304.000,01-03-2017,"
Alm. Salg",1.798,5,Villa,169,1910,,Aktuel værdi
Maglesvinget 4,4295 Stenlille,230.000,21-02-2017,"
Alm. Salg",5.111,2,Sommerhus,45,1962,,Aktuel værdi
Parkvej 19,4295 Stenlille,1.050.000,21-02-2017,"
Fam. Salg",6.774,5,Villa,155,1976,,Aktuel værdi
Møllegårdsvej 59,4295 Stenlille,1.400.000,14-02-2017,"
Alm. Salg",8.588,4,Villa,163,1986,-3 %,Aktuel værdi
Tjørntvedvej 37,4295 Stenlille,251.477,08-02-2017,"
Andet",1.428,6,Villa,176,1875,,Aktuel værdi
Assentorpvej 121,4295 Stenlille,920.000,07-02-2017,"
Auktion",4.162,7,Villa,221,1830,-8 %,Aktuel værdi
Mosevej 15,4295 Stenlille,265.000,06-02-2017,"
Alm. Salg",7.794,1,Sommerhus,34,1953,-33 %,Aktuel værdi
Lærkevej 3,4295 Stenlille,650.000,24-01-2017,"
Alm. Salg",5.909,3,Villa,110,1970,-13 %,Aktuel værdi
Tjørntvedvej 33,4295 Stenlille,1.200.000,01-01-2017,"
Alm. Salg",3.636,10,Stuehus,330,1915,-25 %,
Granbakkevej 9,4295 Stenlille,2.495.000,15-12-2016,"
Alm. Salg",15.891,4,Villa,157,1920,,Aktuel værdi
Hovedgaden 106,4295 Stenlille,695.000,15-12-2016,"
Alm. Salg",4.136,4,Villa,168,1886,0 %,Aktuel værdi
Granbakkevej 7,4295 Stenlille,1.000.000,06-12-2016,"
Fam. Salg",5.714,7,Stuehus,175,1900,,
Tjørntvedvej 20,4295 Stenlille,100.000,01-12-2016,"
Alm. Salg",1.785,3,Villa,56,1827,-78 %,Aktuel værdi
Møllegårdsvej 38,4295 Stenlille,615.000,29-11-2016,"
Alm. Salg",5.590,4,Rækkehus,110,1988,,Aktuel værdi
Syrenvej 16,4295 Stenlille,1.495.000,18-11-2016,"
Alm. Salg",9.006,4,Villa,166,1979,0 %,Aktuel værdi
Hovedgaden 29,4295 Stenlille,730.000,17-11-2016,"
Alm. Salg",6.083,4,Villa,120,1907,-8 %,Aktuel værdi
Møllegårdsvej 51A,4295 Stenlille,825.000,15-11-2016,"
Alm. Salg",9.705,4,Rækkehus,85,1985,,Aktuel værdi
Lårupvej 11,4295 Stenlille,297.500,21-10-2016,"
Andet",4.250,3,Villa,70,1877,,Aktuel værdi
Lårupvej 13,4295 Stenlille,297.500,21-10-2016,"
Andet",2.860,5,Stuehus,104,1877,,
Enghavevej 2,4295 Stenlille,807.000,19-10-2016,"
Auktion",4.920,7,Villa,164,1906,,Aktuel værdi
Tjørntvedvej 26,4295 Stenlille,1.400.000,13-10-2016,"
Alm. Salg",11.570,4,Villa,121,2012,,Aktuel værdi
Vedde Byvej 10,4295 Stenlille,285.000,12-10-2016,"
Alm. Salg",2.007,6,Villa,142,1880,-22 %,Aktuel værdi
Hovedgaden 87,4295 Stenlille,1.110.000,12-10-2016,"
Alm. Salg",7.400,5,Villa,150,1947,-3 %,Aktuel værdi
Stenmaglevej 51,4295 Stenlille,800.000,26-09-2016,"
Fam. Salg",9.756,4,Sommerhus,82,1978,,Aktuel værdi
Bredtvedvej 10,4295 Stenlille,3.900.000,20-09-2016,"
Alm. Salg",19.306,6,Stuehus,202,1930,-2 %,
Lærkevej 1,4295 Stenlille,1.200.000,03-09-2016,"
Alm. Salg",8.571,5,Villa,140,1968,-4 %,Aktuel værdi
Assentorpvej 98,4295 Stenlille,4.400.000,01-09-2016,"
Alm. Salg",13.968,9,Stuehus,315,1900,-2 %,
Assentorpvej 36,4295 Stenlille,870.000,09-08-2016,"
Alm. Salg",7.250,5,Villa,120,1880,-3 %,Aktuel værdi
Merbjergvej 50,4295 Stenlille,2.675.000,08-08-2016,"
Alm. Salg",9.224,7,Stuehus,290,1935,-4 %,
Fasanvænget 9,4295 Stenlille,775.000,06-08-2016,"
Alm. Salg",7.828,5,Sommerhus,99,1976,-8 %,Aktuel værdi
Højbodalvej 8,4295 Stenlille,1.500.000,02-08-2016,"
Fam. Salg",19.230,3,Villa,78,1999,,Aktuel værdi
Assentorpvej 64,4295 Stenlille,1.445.000,16-07-2016,"
Alm. Salg",14.306,3,Villa,101,1886,0 %,Aktuel værdi
Hvidtjørnevej 1B,4295 Stenlille,1.295.000,08-07-2016,"
Alm. Salg",8.750,5,Rækkehus,148,1989,0 %,Aktuel værdi
Øbrovej 3B,4295 Stenlille,2.695.000,07-07-2016,"
Alm. Salg",16.333,5,Stuehus,165,1987,0 %,
Assentorpvej 7,4295 Stenlille,1.250.000,29-06-2016,"
Alm. Salg",9.920,4,Villa,126,1935,-3 %,Aktuel værdi
Assentorpvej 78,4295 Stenlille,2.750.000,24-06-2016,"
Alm. Salg",19.366,3,Villa,142,2006,-5 %,Aktuel værdi
Kirsebærvej 1,4295 Stenlille,1.550.000,17-06-2016,"
Alm. Salg",12.015,5,Villa,129,2002,-3 %,Aktuel værdi
Sværdsholtevej 13,4295 Stenlille,700.000,15-06-2016,"
Fam. Salg",5.468,5,Stuehus,128,1906,,
Slettebjergvej 30,4295 Stenlille,2.100.000,10-06-2016,"
Alm. Salg",13.043,5,Villa,161,2007,-2 %,Aktuel værdi
Hovedgaden 82,4295 Stenlille,1.595.000,17-05-2016,"
Alm. Salg",11.232,3,Villa,142,1969,0 %,Aktuel værdi
Assentorpvej 30,4295 Stenlille,850.000,14-04-2016,"
Alm. Salg",8.762,3,Villa,97,1914,-5 %,Aktuel værdi
Hovedgaden 25,4295 Stenlille,625.000,12-04-2016,"
Alm. Salg",4.222,6,Villa,148,1930,5 %,Aktuel værdi
Slettebjergvej 44,4295 Stenlille,400.000,25-03-2016,"
Alm. Salg",2.439,4,Villa,164,2016,,Aktuel værdi
Orebovej 8,4295 Stenlille,1.175.000,23-03-2016,"
Alm. Salg",8.392,6,Stuehus,140,1920,-21 %,
Tygestrupvej 6,4295 Stenlille,1.050.000,18-03-2016,"
Alm. Salg",13.815,4,Villa,76,1944,-4 %,Aktuel værdi
Fasanvej 16,4295 Stenlille,895.000,14-03-2016,"
Alm. Salg",6.006,5,Villa,149,1967,0 %,Aktuel værdi
Møllegårdsvej 32,4295 Stenlille,678.000,09-03-2016,"
Auktion",6.163,4,Rækkehus,110,1988,,Aktuel værdi
Slettebjergvej 24,4295 Stenlille,1.495.000,18-02-2016,"
Alm. Salg",10.310,5,Villa,145,2008,0 %,Aktuel værdi
Enghaven 5,4295 Stenlille,1.150.000,06-01-2016,"
Fam. Salg",6.845,6,Villa,168,1975,,Aktuel værdi
Vinkelvej 9,4295 Stenlille,472.805,28-12-2015,"
Alm. Salg",3.238,6,Villa,146,1920,,Aktuel værdi
Toftevej 2,4295 Stenlille,850.000,13-12-2015,"
Alm. Salg",5.151,7,Villa,165,1920,-14 %,Aktuel værdi
Øbrovej 10,4295 Stenlille,2.900.000,07-12-2015,"
Alm. Salg",24.786,5,Stuehus,117,1880,-3 %,
Bakkevej 17,4295 Stenlille,750.000,03-12-2015,"
Alm. Salg",6.756,4,Villa,111,1968,0 %,Aktuel værdi
Assentorpvej 3,4295 Stenlille,530.000,30-11-2015,"
Alm. Salg",3.812,4,Rækkehus,139,1977,-6 %,Aktuel værdi
Lårupvej 4,4295 Stenlille,1.295.000,27-11-2015,"
Alm. Salg",8.354,7,Stuehus,155,1900,-7 %,
Pilevej 2,4295 Stenlille,1.060.000,23-11-2015,"
Alm. Salg",7.310,6,Villa,145,1964,-18 %,Aktuel værdi
Veddevej 28A,4295 Stenlille,361.400,13-11-2015,"
Alm. Salg",7.529,3,Villa,48,1908,,Aktuel værdi
Skuerupvej 5,4295 Stenlille,2.800.000,11-11-2015,"
Alm. Salg",14.000,4,Villa,200,1906,-7 %,Aktuel værdi
Slettebjergvej 7,4295 Stenlille,1.945.000,09-11-2015,"
Alm. Salg",13.413,5,Villa,145,2005,0 %,Aktuel værdi
Orebovej 34A,4295 Stenlille,681.000,07-11-2015,"
Alm. Salg",4.795,4,Villa,142,1977,-2 %,Aktuel værdi
Assentorpvej 57,4295 Stenlille,300.000,06-11-2015,"
Alm. Salg",4.285,2,Villa,70,1937,-22 %,Aktuel værdi
Slettebjergvej 14,4295 Stenlille,1.620.000,02-11-2015,"
Fam. Salg",11.654,5,Villa,139,2007,-4 %,Aktuel værdi
Assentorpvej 2,4295 Stenlille,270.592,26-10-2015,"
Fam. Salg",6.442,2,Villa,42,1947,,Aktuel værdi
Ostrupvej 16,4295 Stenlille,1.462.000,15-10-2015,"
Andet",9.555,6,Stuehus,153,1987,,
Assentorpvej 59,4295 Stenlille,775.000,14-10-2015,"
Alm. Salg",6.458,4,Villa,120,1957,-3 %,Aktuel værdi
Sneppevej 2,4295 Stenlille,805.000,08-10-2015,"
Alm. Salg",2.804,8,Villa,287,1991,,Aktuel værdi
Tjørntvedvej 3,4295 Stenlille,900.000,29-09-2015,"
Alm. Salg",6.338,3,Villa,142,1909,-5 %,Aktuel værdi
Fredensvej 6,4295 Stenlille,465.000,18-09-2015,"
Alm. Salg",4.078,4,Villa,114,1950,-6 %,Aktuel værdi
Engkrogen 14,4295 Stenlille,1.180.000,12-09-2015,"
Alm. Salg",8.428,4,Villa,140,1900,-6 %,Aktuel værdi
Fasanvej 2,4295 Stenlille,795.000,10-09-2015,"
Alm. Salg",7.098,5,Villa,112,1971,-6 %,Aktuel værdi
Møllegårdsvej 61A,4295 Stenlille,1.050.000,09-09-2015,"
Alm. Salg",12.352,3,Rækkehus,85,1986,-4 %,Aktuel værdi
Parkvej 25,4295 Stenlille,990.000,02-09-2015,"
Alm. Salg",7.021,4,Villa,141,1978,-6 %,Aktuel værdi
Møllegårdsvej 119A,4295 Stenlille,800.000,31-08-2015,"
Alm. Salg",8.988,3,Rækkehus,89,1986,-11 %,Aktuel værdi
Assentorpvej 47,4295 Stenlille,925.000,26-08-2015,"
Alm. Salg",6.751,4,Villa,137,1971,-7 %,Aktuel værdi
Slettebjergvej 9,4295 Stenlille,1.925.000,06-08-2015,"
Alm. Salg",13.275,5,Villa,145,2005,-1 %,Aktuel værdi
Risagervej 4,4295 Stenlille,425.000,01-08-2015,"
Alm. Salg",3.863,4,Villa,110,1979,,Aktuel værdi
Pilevej 1,4295 Stenlille,1.095.000,29-07-2015,"
Alm. Salg",7.821,4,Villa,140,1966,0 %,Aktuel værdi
Skuerup Mark 6B,4295 Stenlille,852.000,27-07-2015,"
Fam. Salg",5.605,3,Villa,152,1998,,Aktuel værdi
Møllegårdsvej 111B,4295 Stenlille,906.500,21-07-2015,"
Alm. Salg",9.542,3,Rækkehus,95,1987,,Aktuel værdi
Drosselvej 1,4295 Stenlille,1.120.000,16-07-2015,"
Alm. Salg",6.706,6,Villa,167,1971,-14 %,Aktuel værdi
Sorøvej 70,4295 Stenlille,1.300.000,10-07-2015,"
Alm. Salg",6.341,4,Villa,205,1917,4 %,Aktuel værdi
Øbrovej 4A,4295 Stenlille,1.875.000,02-07-2015,"
Alm. Salg",11.363,5,Villa,165,1976,0 %,Aktuel værdi
Merløsevej 4,4295 Stenlille,1.300.000,26-06-2015,"
Alm. Salg",7.975,3,Villa,163,1958,-13 %,Aktuel værdi
Vibevej 14,4295 Stenlille,1.325.000,24-06-2015,"
Auktion",7.528,5,Villa,176,1985,,Aktuel værdi
Møllegårdsvej 43B,4295 Stenlille,825.000,12-06-2015,"
Alm. Salg",9.705,4,Rækkehus,85,1984,-6 %,Aktuel værdi
Højbodalvej 19,4295 Stenlille,2.900.000,03-06-2015,"
Alm. Salg",6.839,13,Stuehus,424,1925,-3 %,
Tjørntvedvej 17D,4295 Stenlille,1.750.000,02-06-2015,"
Alm. Salg",12.962,4,Villa,135,1986,,Aktuel værdi
Drosselvej 31,4295 Stenlille,725.000,01-06-2015,"
Alm. Salg",10.507,3,Rækkehus,69,1985,-3 %,Aktuel værdi
Sværdsholtevej 12,4295 Stenlille,400.000,29-05-2015,"
Andet",4.255,5,Villa,94,1907,,Aktuel værdi
Assentorpvej 52,4295 Stenlille,400.000,29-05-2015,"
Andet",3.539,4,Villa,113,1927,,Aktuel værdi
Hovedgaden 103,4295 Stenlille,395.000,23-05-2015,"
Alm. Salg",5.410,2,Villa,73,1949,-7 %,Aktuel værdi
Assentorpvej 117,4295 Stenlille,450.000,06-05-2015,"
Auktion",6.081,1,Sommerhus,74,1996,,Aktuel værdi
Møllehusene 16,4295 Stenlille,1.175.000,23-04-2015,"
Alm. Salg",10.879,4,Rækkehus,108,2005,-2 %,Aktuel værdi
Vedde Byvej 36,4295 Stenlille,210.000,20-04-2015,"
Alm. Salg",1.603,4,Villa,131,1915,-29 %,Aktuel værdi
Fasanvænget 11,4295 Stenlille,600.000,16-04-2015,"
Andet",9.523,4,Sommerhus,63,1975,-7 %,Aktuel værdi
Birkealle 10,4295 Stenlille,490.000,15-04-2015,"
Auktion",3.500,4,Villa,140,1948,,Aktuel værdi
Granbakkevej 26,4295 Stenlille,1.850.000,10-04-2015,"
Alm. Salg",7.226,7,Villa,256,1900,-2 %,Aktuel værdi
Saltofte Holme 2,4295 Stenlille,895.000,26-03-2015,"
Alm. Salg",9.623,3,Villa,93,1900,0 %,Aktuel værdi
Skuerup Mark 12,4295 Stenlille,1.900.000,21-03-2015,"
Alm. Salg",19.587,4,Stuehus,97,1954,0 %,
Sorøvej 24,4295 Stenlille,8.073.788,18-03-2015,"
Alm. Salg",42.945,6,Stuehus,188,1880,,
Møllegårdsvej 55A,4295 Stenlille,950.000,26-02-2015,"
Alm. Salg",11.176,3,Rækkehus,85,1986,-13 %,Aktuel værdi
Slettebjergvej 6,4295 Stenlille,1.510.000,18-02-2015,"
Alm. Salg",10.942,3,Villa,138,2006,-2 %,Aktuel værdi
Morbærvej 10,4295 Stenlille,1.795.000,09-02-2015,"
Alm. Salg",11.887,5,Villa,151,2006,0 %,Aktuel værdi
Maglebjergvej 8,4295 Stenlille,2.595.000,07-02-2015,"
Alm. Salg",14.103,7,Stuehus,184,1920,4 %,
Stenmaglevej 40,4295 Stenlille,200.000,16-01-2015,"
Alm. Salg",847,5,Villa,236,2016,,Aktuel værdi
Slettebjergvej 3,4295 Stenlille,1.317.500,14-01-2015,"
Fam. Salg",10.213,4,Villa,129,2006,,Aktuel værdi
Stenmaglevej 31,4295 Stenlille,220.100,13-01-2015,"
Auktion",1.834,3,Villa,120,1917,,Aktuel værdi
Hyldevej 8,4295 Stenlille,1.153.000,13-01-2015,"
Alm. Salg",8.477,5,Villa,136,1989,-4 %,Aktuel værdi
Hybenvej 3,4295 Stenlille,830.000,13-01-2015,"
Alm. Salg",8.300,3,Villa,100,1962,-7 %,Aktuel værdi
Mosevej 13,4295 Stenlille,60.000,18-12-2014,"
Alm. Salg",2.307,2,Sommerhus,26,1955,,Aktuel værdi
Tjørntvedvej 5,4295 Stenlille,1.505.000,16-12-2014,"
Alm. Salg",12.754,5,Villa,118,1903,,Aktuel værdi
Assentorpvej 123,4295 Stenlille,1.500.000,12-12-2014,"
Alm. Salg",15.625,4,Villa,96,1970,-6 %,Aktuel værdi
Skuerupvej 23,4295 Stenlille,575.000,02-12-2014,"
Auktion",4.423,3,Villa,130,1920,,Aktuel værdi
Engkrogen 1,4295 Stenlille,950.000,06-11-2014,"
Alm. Salg",9.223,4,Villa,103,1930,,Aktuel værdi
Engkrogen 8,4295 Stenlille,19.550.000,06-11-2014,"
Alm. Salg",118.484,7,Stuehus,165,1910,,
Vedde Byvej 3,4295 Stenlille,556.000,06-11-2014,"
Alm. Salg",4.028,9,Stuehus,138,1870,,
Assentorpvej 77,4295 Stenlille,430.000,24-10-2014,"
Alm. Salg",3.185,3,Villa,135,1905,,Aktuel værdi
Assentorpvej 20B,4295 Stenlille,1.195.000,23-10-2014,"
Alm. Salg",9.263,5,Villa,129,1952,0 %,Aktuel værdi
Glentevej 1,4295 Stenlille,845.000,20-10-2014,"
Alm. Salg",5.281,5,Villa,160,1972,0 %,Aktuel værdi
Møllegårdsvej 2,4295 Stenlille,600.000,20-10-2014,"
Alm. Salg",2.521,10,Villa,238,1972,,Aktuel værdi
Rønnevej 1,4295 Stenlille,183.500,01-10-2014,"
Andet",1.891,4,Villa,97,1965,,Aktuel værdi
Vibevej 1,4295 Stenlille,1.538.367,29-09-2014,"
Alm. Salg",13.735,4,Villa,112,1969,,Aktuel værdi
Ostrupvej 7,4295 Stenlille,320.000,23-09-2014,"
Auktion",2.162,5,Villa,148,1928,,Aktuel værdi
Vibevej 8,4295 Stenlille,1.650.000,18-09-2014,"
Alm. Salg",8.870,6,Villa,186,1980,-3 %,Aktuel værdi
Sorøvej 36,4295 Stenlille,4.479.500,15-09-2014,"
Alm. Salg",24.083,7,Stuehus,186,1874,,
Enghavevej 17,4295 Stenlille,1.500.000,25-08-2014,"
Alm. Salg",10.563,4,Villa,142,1977,-6 %,Aktuel værdi
Stenmaglevej 3,4295 Stenlille,667.300,12-08-2014,"
Auktion",3.370,5,Villa,198,1880,,Aktuel værdi
Granbakkevej 24,4295 Stenlille,1.425.000,06-08-2014,"
Alm. Salg",9.134,6,Villa,156,1947,,Aktuel værdi
Maglemosevej 26,4295 Stenlille,11.258.790,05-08-2014,"
Alm. Salg",112.587,2,Stuehus,100,1900,,
Granbakkevej 3,4295 Stenlille,625.000,24-07-2014,"
Alm. Salg",7.911,2,Villa,79,1892,-7 %,Aktuel værdi
Vibevej 13,4295 Stenlille,300.000,21-06-2014,"
Alm. Salg",2.500,4,Villa,120,1981,,Aktuel værdi
Veddevej 52A,4295 Stenlille,875.000,10-06-2014,"
Alm. Salg",10.670,2,Villa,82,1967,-2 %,Aktuel værdi
Granbakkevej 2,4295 Stenlille,965.000,03-05-2014,"
Alm. Salg",6.146,5,Villa,157,1937,-3 %,Aktuel værdi
Sværdsholtevej 10A,4295 Stenlille,1.825.000,01-05-2014,"
Alm. Salg",8.111,8,Villa,225,1988,-3 %,Aktuel værdi
Tygestrupvej 12,4295 Stenlille,265.000,28-04-2014,"
Alm. Salg",1.345,5,Villa,197,1927,,Aktuel værdi
Tjørntvedvej 17F,4295 Stenlille,1.825.000,24-04-2014,"
Alm. Salg",9.125,5,Stuehus,200,2006,-9 %,
Møllevej 2,4295 Stenlille,1.525.000,15-04-2014,"
Alm. Salg",8.068,6,Villa,189,1944,-5 %,Aktuel værdi
Stenmaglevej 34,4295 Stenlille,2.200.000,09-04-2014,"
Alm. Salg",7.829,7,Stuehus,281,1986,0 %,
Skuerupvej 12,4295 Stenlille,1.100.000,09-04-2014,"
Alm. Salg",5.418,5,Villa,203,1900,-26 %,Aktuel værdi
Vibevej 5,4295 Stenlille,795.000,09-04-2014,"
Alm. Salg",7.361,4,Villa,108,1968,0 %,Aktuel værdi
Sorøvej 45,4295 Stenlille,325.000,26-03-2014,"
Auktion",2.901,5,Villa,112,1957,,Aktuel værdi
Højbodalvej 27,4295 Stenlille,50.000,18-03-2014,"
Alm. Salg",1.470,3,Sommerhus,34,1966,,Aktuel værdi
Nordskovvej 38,4295 Stenlille,895.000,17-03-2014,"
Alm. Salg",8.523,4,Villa,105,1893,-10 %,Aktuel værdi
Skuerupvej 1,4295 Stenlille,1.525.000,04-03-2014,"
Alm. Salg",10.517,6,Villa,145,1906,-10 %,Aktuel værdi
Stenmaglevej 29,4295 Stenlille,430.000,26-02-2014,"
Auktion",4.134,3,Villa,104,1964,,Aktuel værdi
Ostrupvej 8,4295 Stenlille,475.000,26-02-2014,"
Auktion",2.609,4,Villa,182,1777,20 %,Aktuel værdi
Nordskovvej 36,4295 Stenlille,2.200.000,25-01-2014,"
Alm. Salg",12.500,6,Stuehus,176,1820,-15 %,
Enghaven 9,4295 Stenlille,1.400.000,23-01-2014,"
Fam. Salg",9.929,5,Villa,141,1975,,Aktuel værdi
Hovedgaden 80,4295 Stenlille,850.000,15-01-2014,"
Alm. Salg",6.159,5,Villa,138,1970,-11 %,Aktuel værdi
Parkvej 16,4295 Stenlille,850.000,06-01-2014,"
Alm. Salg",6.967,4,Villa,122,1978,-5 %,Aktuel værdi
Holtevej 4,4295 Stenlille,1.095.000,16-12-2013,"
Alm. Salg",8.622,4,Villa,127,1910,0 %,Aktuel værdi
Elmevej 2,4295 Stenlille,595.000,04-12-2013,"
Alm. Salg",6.134,4,Villa,97,1966,0 %,Aktuel værdi
Sorøvej 34,4295 Stenlille,89.000,03-12-2013,"
Auktion",635,7,Villa,140,1920,-80 %,Aktuel værdi
Vinkelvej 16B,4295 Stenlille,260.000,30-11-2013,"
Alm. Salg",2.888,3,Rækkehus,90,1988,-56 %,Aktuel værdi
Kirsebærvej 6,4295 Stenlille,2.150.000,29-11-2013,"
Alm. Salg",12.573,5,Villa,171,2002,0 %,Aktuel værdi
Sorøvej 35,4295 Stenlille,1.000.000,22-11-2013,"
Alm. Salg",2.512,10,Rækkehus,398,1923,,Aktuel værdi
Sorøvej 90,4295 Stenlille,400.000,17-10-2013,"
Alm. Salg",3.076,5,Villa,130,1961,-20 %,Aktuel værdi
Risagervej 30,4295 Stenlille,1.300.000,15-10-2013,"
Fam. Salg",9.848,4,Villa,132,1977,,Aktuel værdi
Forsythiavej 1,4295 Stenlille,1.050.000,15-10-2013,"
Alm. Salg",11.290,3,Villa,93,1989,-12 %,Aktuel værdi
Assentorpvej 1,4295 Stenlille,540.000,04-10-2013,"
Alm. Salg",4.426,4,Rækkehus,122,1877,-1 %,Aktuel værdi
Granbakkevej 14,4295 Stenlille,900.000,01-10-2013,"
Alm. Salg",5.113,6,Villa,176,1850,-25 %,Aktuel værdi
Kirkevej 9B,4295 Stenlille,650.000,21-08-2013,"
Alm. Salg",5.603,4,Villa,116,1967,-18 %,Aktuel værdi
Bakkevej 4,4295 Stenlille,1.200.000,12-08-2013,"
Alm. Salg",8.571,4,Villa,140,1974,-4 %,Aktuel værdi
Skuerup Mark 6A,4295 Stenlille,59.930,07-08-2013,"
Auktion",644,5,Villa,93,1886,,Aktuel værdi
Fasanvænget 5,4295 Stenlille,525.000,21-07-2013,"
Alm. Salg",9.722,3,Sommerhus,54,1975,0 %,Aktuel værdi
Stenmaglevej 30,4295 Stenlille,650.000,03-07-2013,"
Alm. Salg",10.833,3,Sommerhus,60,1974,-27 %,Aktuel værdi
Møllegårdsvej 20,4295 Stenlille,790.000,01-07-2013,"
Alm. Salg",8.315,3,Rækkehus,95,1990,-12 %,Aktuel værdi
Pilevej 4,4295 Stenlille,1.080.000,25-06-2013,"
Alm. Salg",10.800,3,Villa,100,1967,,Aktuel værdi
Granbakkevej 23,4295 Stenlille,1.270.000,17-06-2013,"
Alm. Salg",9.407,6,Sommerhus,135,1971,-2 %,Aktuel værdi
Bakkevej 21,4295 Stenlille,740.000,17-06-2013,"
Alm. Salg",5.920,3,Villa,125,1965,-5 %,Aktuel værdi
Morelvej 3,4295 Stenlille,1.750.000,28-05-2013,"
Alm. Salg",11.006,6,Villa,159,1995,0 %,Aktuel værdi
Assentorpvej 11,4295 Stenlille,550.000,02-05-2013,"
Alm. Salg",5.000,6,Villa,110,1907,-19 %,Aktuel værdi
Højbodalvej 16,4295 Stenlille,1.598.000,01-05-2013,"
Auktion",15.219,3,Stuehus,105,1930,-36 %,
Veddevej 25,4295 Stenlille,1.200.000,08-04-2013,"
Alm. Salg",6.250,7,Stuehus,192,1893,-20 %,
Granbakkevej 11,4295 Stenlille,700.000,21-02-2013,"
Alm. Salg",5.691,5,Stuehus,123,1780,,
Glentevej 10,4295 Stenlille,1.270.000,29-01-2013,"
Auktion",6.414,6,Villa,198,1971,,Aktuel værdi
Hovedgaden 101,4295 Stenlille,400.000,22-01-2013,"
Auktion",3.333,3,Villa,120,1959,,Aktuel værdi
Tjørntvedvej 17A,4295 Stenlille,1.595.000,21-01-2013,"
Alm. Salg",7.818,5,Villa,204,2004,-6 %,Aktuel værdi
Orebovej 44,4295 Stenlille,400.000,16-01-2013,"
Alm. Salg",2.259,8,Villa,177,1937,0 %,Aktuel værdi
Fredsvænget 2,4295 Stenlille,590.000,14-01-2013,"
Alm. Salg",4.758,4,Villa,124,1947,-6 %,Aktuel værdi
Tjørntvedvej 17H,4295 Stenlille,1.400.000,21-12-2012,"
Alm. Salg",7.692,5,Villa,182,2000,-18 %,Aktuel værdi
Stationsvej 2,4295 Stenlille,150.000,17-12-2012,"
Auktion",2.142,7,Engroshandel,70,1918,-81 %,Aktuel værdi
Sorøvej 30,4295 Stenlille,150.000,13-12-2012,"
Alm. Salg",657,6,Villa,228,1925,,Aktuel værdi
Orebovej 17,4295 Stenlille,1.000.000,05-12-2012,"
Auktion",4.716,9,Villa,212,1852,,Aktuel værdi
Nordskovvej 26,4295 Stenlille,1.100.000,26-11-2012,"
Alm. Salg",12.222,4,Stuehus,90,1930,,
Slettebjergvej 48,4295 Stenlille,1.200.000,21-11-2012,"
Auktion",8.955,5,Villa,134,2010,-16 %,Aktuel værdi
Enghavevej 13,4295 Stenlille,1.175.000,13-11-2012,"
Alm. Salg",7.389,4,Villa,159,1977,-9 %,Aktuel værdi
Lårupvej 8,4295 Stenlille,467.500,08-11-2012,"
Alm. Salg",3.116,3,Villa,150,1947,,Aktuel værdi
Assentorpvej 92,4295 Stenlille,395.000,01-11-2012,"
Alm. Salg",7.900,3,Sommerhus,50,1970,0 %,Aktuel værdi
Orebovej 38,4295 Stenlille,150.000,26-10-2012,"
Alm. Salg",1.485,5,Villa,101,1900,0 %,Aktuel værdi
Morelvej 2,4295 Stenlille,1.600.000,01-10-2012,"
Alm. Salg",11.678,6,Villa,137,2003,-9 %,Aktuel værdi
Drosselvej 13,4295 Stenlille,552.500,28-09-2012,"
Alm. Salg",3.103,4,Villa,178,1972,,Aktuel værdi
Assentorpvej 84,4295 Stenlille,300.000,27-09-2012,"
Alm. Salg",2.500,5,Villa,120,1913,,Aktuel værdi
Veddevej 50,4295 Stenlille,135.000,24-09-2012,"
Alm. Salg",2.755,2,Villa,49,1877,,Aktuel værdi
Møllegårdsvej 53B,4295 Stenlille,670.000,13-09-2012,"
Alm. Salg",7.613,3,Rækkehus,88,1985,-4 %,Aktuel værdi
Syrenvej 2,4295 Stenlille,1.115.000,13-09-2012,"
Alm. Salg",8.991,4,Villa,124,1979,-3 %,Aktuel værdi
Sorøvej 40,4295 Stenlille,325.000,07-09-2012,"
Alm. Salg",6.500,3,Villa,50,1777,,Aktuel værdi
Vedde Byvej 1,4295 Stenlille,675.000,27-08-2012,"
Auktion",4.411,6,Villa,153,1955,,Aktuel værdi
Lårupvej 3,4295 Stenlille,600.000,14-08-2012,"
Andet",5.825,3,Villa,103,1877,,Aktuel værdi
Forsythiavej 4,4295 Stenlille,750.000,09-08-2012,"
Alm. Salg",7.281,4,Villa,103,1981,-6 %,Aktuel værdi
Syrenvej 22,4295 Stenlille,900.000,08-08-2012,"
Alm. Salg",7.826,4,Villa,115,1978,-9 %,Aktuel værdi
Hovedgaden 105,4295 Stenlille,850.000,07-08-2012,"
Alm. Salg",6.115,3,Villa,139,1959,-5 %,Aktuel værdi
Banevænget 2,4295 Stenlille,895.000,30-07-2012,"
Auktion",5.203,5,Villa,172,1988,-36 %,Aktuel værdi
Slettebjergvej 18,4295 Stenlille,1.153.090,15-07-2012,"
Alm. Salg",5.652,6,Villa,204,2009,-11 %,Aktuel værdi
Bakkevej 24,4295 Stenlille,1.323.506,13-07-2012,"
Andet",11.121,4,Villa,119,1969,,Aktuel værdi
Vedde Byvej 17,4295 Stenlille,435.000,28-06-2012,"
Alm. Salg",1.812,9,Villa,240,1900,,Aktuel værdi
Mejerivej 8,4295 Stenlille,791.779,20-06-2012,"
Andet",5.278,5,Villa,150,1937,,Aktuel værdi
Veddevej 31,4295 Stenlille,11.400.000,13-06-2012,"
Auktion",95.000,7,Stuehus,120,1880,,
Glentevej 7,4295 Stenlille,1.300.000,12-06-2012,"
Alm. Salg",8.783,4,Villa,148,1972,-5 %,Aktuel værdi
Kirkevej 23,4295 Stenlille,950.000,09-06-2012,"
Alm. Salg",7.037,5,Villa,135,1857,-5 %,Aktuel værdi
Bakketorvet 1,4295 Stenlille,695.000,07-06-2012,"
Auktion",6.813,4,Villa,102,1988,-7 %,Aktuel værdi
Ostrupvej 20,4295 Stenlille,616.250,30-05-2012,"
Fam. Salg",4.531,4,Stuehus,136,1877,,
Bakketorvet 13,4295 Stenlille,1.540.000,20-05-2012,"
Alm. Salg",9.112,7,Villa,169,1987,-3 %,Aktuel værdi
Veddevej 44,4295 Stenlille,1.100.000,12-05-2012,"
Alm. Salg",3.013,7,Villa,365,1900,-31 %,Aktuel værdi
Hybenvej 15,4295 Stenlille,400.000,02-05-2012,"
Auktion",4.000,3,Villa,100,1966,-42 %,Aktuel værdi
Slettebjergvej 26,4295 Stenlille,910.000,02-05-2012,"
Auktion",5.352,4,Villa,170,2012,,Aktuel værdi
Tygestrupvej 1,4295 Stenlille,2.000.000,24-04-2012,"
Alm. Salg",5.797,8,Stuehus,345,1914,,
Møllegårdsvej 109B,4295 Stenlille,875.000,04-04-2012,"
Alm. Salg",9.831,3,Rækkehus,89,1986,-2 %,Aktuel værdi
Slettebjerggård 8,4295 Stenlille,800.000,30-03-2012,"
Alm. Salg",5.555,3,Rækkehus,144,2008,,Aktuel værdi
Birkealle 8,4295 Stenlille,200.000,27-03-2012,"
Alm. Salg",3.030,4,Villa,66,1937,-20 %,Aktuel værdi
Slettebjergvej 46,4295 Stenlille,1.995.000,08-03-2012,"
Alm. Salg",14.456,5,Villa,138,2008,0 %,Aktuel værdi
Tjørntvedvej 6,4295 Stenlille,580.000,06-03-2012,"
Auktion",2.078,8,Villa,279,1920,-75 %,Aktuel værdi
Stenmaglevej 6B,4295 Stenlille,950.000,31-12-2011,"
Alm. Salg",8.482,4,Villa,112,1988,,Aktuel værdi
Slettebjergvej 12,4295 Stenlille,1.152.500,29-11-2011,"
Andet",5.762,6,Villa,200,2006,,Aktuel værdi
Skuerupvej 3,4295 Stenlille,2.300.000,22-11-2011,"
Alm. Salg",16.428,5,Stuehus,140,1910,-8 %,
Bakkevej 9,4295 Stenlille,1.000.000,19-11-2011,"
Alm. Salg",4.444,8,Villa,225,1966,-9 %,Aktuel værdi
Vinkelvej 14A,4295 Stenlille,270.000,02-11-2011,"
Auktion",3.000,3,Rækkehus,90,1985,,Aktuel værdi
Hovedgaden 32,4295 Stenlille,865.179,25-10-2011,"
Fam. Salg",3.681,7,Villa,235,1950,,Aktuel værdi
Bakkevej 1,4295 Stenlille,575.000,06-10-2011,"
Alm. Salg",4.492,4,Villa,128,1965,-28 %,Aktuel værdi
Sorøvej 13,4295 Stenlille,600.000,06-10-2011,"
Alm. Salg",6.315,3,Villa,95,1950,-14 %,Aktuel værdi
Møllegårdsvej 22,4295 Stenlille,900.000,19-09-2011,"
Alm. Salg",9.473,3,Rækkehus,95,1991,-18 %,Aktuel værdi
Hybenvej 8,4295 Stenlille,875.000,14-09-2011,"
Alm. Salg",7.882,4,Villa,111,1963,-12 %,Aktuel værdi
Møllegårdsvej 24,4295 Stenlille,950.000,30-08-2011,"
Alm. Salg",10.000,3,Rækkehus,95,1991,-12 %,Aktuel værdi
Sorøvej 47,4295 Stenlille,1.000.000,01-08-2011,"
Fam. Salg",3.846,7,Villa,260,1914,,Aktuel værdi
Assentorpvej 22,4295 Stenlille,825.000,02-07-2011,"
Alm. Salg",8.250,4,Villa,100,1905,-8 %,Aktuel værdi
"Stationsvej 4, 1",4295 Stenlille,600.000,01-07-2011,"
Alm. Salg",10.714,4,Villa,56,1900,,Aktuel værdi
Tjørntvedvej 19,4295 Stenlille,1.321.000,25-05-2011,"
Fam. Salg",8.806,5,Stuehus,150,1900,,
Drosselvej 7,4295 Stenlille,1.250.000,24-05-2011,"
Alm. Salg",9.615,4,Villa,130,1973,-10 %,Aktuel værdi
Råbjergvej 15,4295 Stenlille,1.200.000,11-04-2011,"
Alm. Salg",8.571,4,Villa,140,1962,-7 %,Aktuel værdi
Slettebjergvej 36,4295 Stenlille,2.022.545,30-03-2011,"
Alm. Salg",10.992,5,Villa,184,2012,1 %,Aktuel værdi
Hybenvænget 2,4295 Stenlille,961.139,27-03-2011,"
Andet",7.508,4,Villa,128,2004,,Aktuel værdi
Skuerupvej 6,4295 Stenlille,2.745.000,17-03-2011,"
Alm. Salg",14.601,5,Villa,188,1938,,Aktuel værdi
Fasanvej 8,4295 Stenlille,900.000,04-03-2011,"
Alm. Salg",8.035,4,Villa,112,1970,-10 %,Aktuel værdi
Vedde Byvej 6,4295 Stenlille,1.785.000,22-02-2011,"
Fam. Salg",8.150,3,Villa,219,2000,-29 %,Aktuel værdi
Vedde Byvej 23,4295 Stenlille,430.000,17-02-2011,"
Auktion",3.981,7,Villa,108,1940,,Aktuel værdi
Pilevej 8,4295 Stenlille,1.360.000,14-01-2011,"
Alm. Salg",8.095,5,Villa,168,1975,-3 %,Aktuel værdi
Tjørntvedvej 11,4295 Stenlille,286.000,11-01-2011,"
Auktion",3.364,4,Villa,85,1960,,Aktuel værdi
Nordskovvej 22,4295 Stenlille,750.000,30-12-2010,"
Alm. Salg",4.385,5,Villa,171,1912,,Aktuel værdi
Granbakkevej 22,4295 Stenlille,350.000,22-12-2010,"
Alm. Salg",3.888,3,Stuehus,90,1900,,
Hovedgaden 64,4295 Stenlille,1.200.000,22-12-2010,"
Auktion",6.593,6,Villa,182,1925,,Aktuel værdi
Stenmaglevej 18,4295 Stenlille,795.000,10-12-2010,"
Alm. Salg",5.977,4,Villa,133,1986,,Aktuel værdi
Sorøvej 21,4295 Stenlille,503.976,26-11-2010,"
Fam. Salg",4.097,4,Villa,123,1955,,Aktuel værdi
Skuerupvej 27,4295 Stenlille,1.150.000,24-11-2010,"
Auktion",10.648,4,Stuehus,108,1880,,
Vibevej 15,4295 Stenlille,1.000.000,17-11-2010,"
Fam. Salg",7.812,4,Villa,128,1980,-15 %,Aktuel værdi
Vedde Byvej 14,4295 Stenlille,700.000,13-11-2010,"
Alm. Salg",6.363,3,Villa,110,1877,-12 %,Aktuel værdi
Kirkevej 25,4295 Stenlille,600.000,27-10-2010,"
Alm. Salg",5.084,4,Villa,118,1917,-25 %,Aktuel værdi
Stenmaglevej 33,4295 Stenlille,2.065.000,26-10-2010,"
Auktion",11.102,6,Villa,186,1875,,Aktuel værdi
Vibevej 6A,4295 Stenlille,650.000,12-10-2010,"
Alm. Salg",5.909,3,Rækkehus,110,1982,-18 %,Aktuel værdi
Parkvej 31,4295 Stenlille,1.200.000,07-10-2010,"
Alm. Salg",10.714,4,Villa,112,1976,-17 %,Aktuel værdi
Sværdsholtevej 19,4295 Stenlille,200.000,30-09-2010,"
Auktion",1.398,3,Villa,143,1898,,Aktuel værdi
Drosselvej 37,4295 Stenlille,892.500,28-09-2010,"
Fam. Salg",9.494,4,Rækkehus,94,1985,,Aktuel værdi
Hovedgaden 107,4295 Stenlille,695.000,12-09-2010,"
Alm. Salg",8.081,2,Rækkehus,86,1928,0 %,Aktuel værdi
Tjørntvedvej 29,4295 Stenlille,1.450.000,31-08-2010,"
Alm. Salg",10.661,5,Villa,136,1888,,Aktuel værdi
Maglemosevej 8,4295 Stenlille,650.000,30-08-2010,"
Alm. Salg",10.833,3,Sommerhus,60,1825,,Aktuel værdi
Veddevej 62,4295 Stenlille,250.000,30-08-2010,"
Alm. Salg",2.873,3,Villa,87,1900,-17 %,Aktuel værdi
Kirkevej 9A,4295 Stenlille,400.000,18-08-2010,"
Auktion",3.225,5,Villa,124,1961,,Aktuel værdi
Hovedgaden 13,4295 Stenlille,500.000,21-07-2010,"
Auktion",4.672,4,Villa,107,1927,-41 %,Aktuel værdi
Vibevej 3,4295 Stenlille,875.000,19-07-2010,"
Alm. Salg",7.882,5,Villa,111,1968,-12 %,Aktuel værdi
Orebovej 21,4295 Stenlille,1.185.000,09-07-2010,"
Alm. Salg",10.215,4,Villa,116,1950,-8 %,Aktuel værdi
"Sværdsholtevej 9F, 2",4295 Stenlille,794.079,18-06-2010,"
Fam. Salg",6.787,4,Lejlighed,117,1905,,Aktuel værdi
Lårupvej 12,4295 Stenlille,899.200,17-06-2010,"
Fam. Salg",14.986,3,Villa,60,1907,,Aktuel værdi
Sorøvej 64,4295 Stenlille,1.810.000,16-06-2010,"
Auktion",10.584,7,Stuehus,171,1927,-21 %,
Morelvej 4,4295 Stenlille,2.320.000,10-06-2010,"
Alm. Salg",14.777,7,Villa,157,2001,-3 %,Aktuel værdi
Sorøvej 84,4295 Stenlille,315.000,09-06-2010,"
Alm. Salg",1.050,11,Stuehus,300,1917,,
Skuerupvej 7,4295 Stenlille,995.000,08-06-2010,"
Alm. Salg",9.476,5,Villa,105,1909,0 %,Aktuel værdi
Hovedgaden 62,4295 Stenlille,665.000,27-05-2010,"
Andet",3.341,7,Villa,199,1911,,Aktuel værdi
Enghavevej 1,4295 Stenlille,1.400.000,12-05-2010,"
Andet",10.687,5,Villa,131,1978,,Aktuel værdi
Veddevej 27,4295 Stenlille,900.000,11-05-2010,"
Alm. Salg",4.500,7,Villa,200,1868,-25 %,Aktuel værdi
Assentorpvej 41,4295 Stenlille,590.000,29-04-2010,"
Auktion",4.645,4,Villa,127,1916,,Aktuel værdi
Skuerup Mark 4,4295 Stenlille,903.042,28-04-2010,"
Auktion",7.224,5,Villa,125,1813,-30 %,Aktuel værdi
Enghaven 11,4295 Stenlille,1.050.000,12-04-2010,"
Alm. Salg",9.051,4,Villa,116,1975,0 %,Aktuel værdi
Toftevej 8,4295 Stenlille,650.000,25-03-2010,"
Auktion",5.603,3,Villa,116,1919,,Aktuel værdi
Bakketorvet 28,4295 Stenlille,1.658.313,17-03-2010,"
Alm. Salg",11.516,4,Villa,144,2001,-26 %,Aktuel værdi
Sorøvej 41,4295 Stenlille,900.000,17-03-2010,"
Auktion",3.643,8,Stuehus,247,1905,,
Parkvej 39,4295 Stenlille,1.600.000,16-03-2010,"
Alm. Salg",13.223,4,Villa,121,1977,-6 %,Aktuel værdi
Risagervej 27,4295 Stenlille,1.710.000,05-03-2010,"
Alm. Salg",9.771,5,Villa,175,1979,-5 %,Aktuel værdi
Sorøvej 28,4295 Stenlille,1.285.000,04-03-2010,"
Alm. Salg",10.039,3,Villa,128,1900,-1 %,Aktuel værdi
Toftevej 4A,4295 Stenlille,395.000,03-03-2010,"
Auktion",3.264,5,Rækkehus,121,1913,-45 %,Aktuel værdi
Højbodalvej 18,4295 Stenlille,2.000.000,02-03-2010,"
Alm. Salg",9.049,6,Sommerhus,221,1992,-22 %,Aktuel værdi
Stenmaglevej 24,4295 Stenlille,809.000,01-03-2010,"
Alm. Salg",8.090,4,Stuehus,100,1910,,
Kirsebærvej 2,4295 Stenlille,1.795.000,26-02-2010,"
Alm. Salg",12.821,5,Villa,140,2000,0 %,Aktuel værdi
Gl.Skovvej 1,4295 Stenlille,1.550.000,06-02-2010,"
Andet",10.130,4,Villa,153,1947,,Aktuel værdi
Slettebjergvej 8,4295 Stenlille,1.600.000,02-02-2010,"
Alm. Salg",11.188,5,Villa,143,2005,-11 %,Aktuel værdi
Stenmaglevej 37,4295 Stenlille,756.000,13-01-2010,"
Alm. Salg",5.040,7,Villa,150,1890,,Aktuel værdi
Assentorpvej 32,4295 Stenlille,600.000,07-01-2010,"
Alm. Salg",5.940,6,Villa,101,1900,-31 %,Aktuel værdi
Slettebjerggård 4,4295 Stenlille,1.400.000,30-12-2009,"
Alm. Salg",9.722,4,Rækkehus,144,2008,-2 %,Aktuel værdi
Nordskovvej 30,4295 Stenlille,2.750.000,09-12-2009,"
Alm. Salg",14.030,5,Villa,196,1922,-8 %,Aktuel værdi
Fredensvej 2,4295 Stenlille,700.000,15-11-2009,"
Alm. Salg",6.250,4,Villa,112,1962,,Aktuel værdi
Tygestrupvej 7,4295 Stenlille,1.600.000,06-11-2009,"
Alm. Salg",9.411,5,Stuehus,170,1913,-16 %,
Assentorpvej 113,4295 Stenlille,1.850.000,22-10-2009,"
Alm. Salg",13.909,4,Villa,133,1870,-5 %,Aktuel værdi
Stenmaglevej 7,4295 Stenlille,370.000,22-10-2009,"
Auktion",-,4,Villa,163,1945,,Aktuel værdi
Vibevej 2,4295 Stenlille,687.500,11-10-2009,"
Alm. Salg",5.500,5,Villa,125,1969,,Aktuel værdi
Møllegårdsvej 67A,4295 Stenlille,950.000,06-10-2009,"
Alm. Salg",10.795,4,Rækkehus,88,1986,-17 %,Aktuel værdi
Råbjergvej 19,4295 Stenlille,695.000,10-09-2009,"
Alm. Salg",6.096,4,Villa,114,1952,-4 %,Aktuel værdi
Assentorpvej 127,4295 Stenlille,2.250.000,27-08-2009,"
Alm. Salg",16.187,6,Villa,139,2006,0 %,Aktuel værdi
Møllegårdsvej 109A,4295 Stenlille,1.295.000,12-08-2009,"
Alm. Salg",14.550,3,Rækkehus,89,1986,,Aktuel værdi
Assentorpvej 96,4295 Stenlille,931.265,10-08-2009,"
Andet",7.760,6,Villa,120,1870,-45 %,Aktuel værdi
Birkevej 11,4295 Stenlille,390.000,04-08-2009,"
Auktion",4.193,3,Villa,93,1960,,Aktuel værdi
Slettebjergvej 34,4295 Stenlille,1.850.000,02-08-2009,"
Alm. Salg",11.783,5,Villa,157,2008,-7 %,Aktuel værdi
Møllehusene 3,4295 Stenlille,1.600.000,22-06-2009,"
Alm. Salg",14.814,4,Rækkehus,108,2004,-3 %,Aktuel værdi
"Sværdsholtevej 3, 1",4295 Stenlille,350.000,25-05-2009,"
Alm. Salg",2.500,4,Villa,140,1901,,Aktuel værdi
Vinkelvej 5,4295 Stenlille,900.000,16-05-2009,"
Alm. Salg",6.428,3,Villa,140,1927,-5 %,Aktuel værdi
Sønderbjerg 12,4295 Stenlille,2.275.000,05-05-2009,"
Alm. Salg",14.218,4,Villa,160,1981,0 %,Aktuel værdi
Hovedgaden 19,4295 Stenlille,850.000,04-05-2009,"
Alm. Salg",6.390,4,Villa,133,1904,-15 %,Aktuel værdi
Lårupvej 27B,4295 Stenlille,2.850.000,30-04-2009,"
Alm. Salg",20.357,4,Villa,140,1977,-3 %,Aktuel værdi
Assentorpvej 26,4295 Stenlille,1.120.000,27-03-2009,"
Auktion",7.832,4,Villa,143,1967,,Aktuel værdi
Nordskovvej 32,4295 Stenlille,675.000,24-03-2009,"
Alm. Salg",3.515,3,Villa,192,1912,-34 %,Aktuel værdi
Sønderbjerg 19,4295 Stenlille,1.400.000,23-03-2009,"
Alm. Salg",12.612,4,Villa,111,1877,-10 %,Aktuel værdi
Lårupvej 30,4295 Stenlille,350.000,17-03-2009,"
Alm. Salg",1.598,8,Villa,219,1880,-56 %,Aktuel værdi
Assentorpvej 6,4295 Stenlille,750.000,02-03-2009,"
Alm. Salg",4.746,7,Villa,158,1900,-6 %,Aktuel værdi
Syrenvej 29,4295 Stenlille,1.395.000,23-02-2009,"
Alm. Salg",13.676,4,Villa,102,1946,-7 %,Aktuel værdi
Morbærvej 4,4295 Stenlille,2.200.000,03-02-2009,"
Alm. Salg",16.923,5,Villa,130,2001,-6 %,Aktuel værdi
Højbodalvej 35,4295 Stenlille,2.900.000,28-01-2009,"
Alm. Salg",16.111,4,Villa,180,1927,,Aktuel værdi
Assentorpvej 45,4295 Stenlille,1.250.000,27-12-2008,"
Alm. Salg",8.333,6,Villa,150,1935,-14 %,Aktuel værdi
Møllevej 3,4295 Stenlille,700.000,30-11-2008,"
Alm. Salg",8.333,4,Villa,84,1924,,Aktuel værdi
Vedde Byvej 15,4295 Stenlille,950.000,28-11-2008,"
Alm. Salg",7.600,3,Villa,125,1917,0 %,Aktuel værdi
Fredensvej 14,4295 Stenlille,1.500.000,15-11-2008,"
Alm. Salg",12.195,4,Villa,123,1950,-5 %,Aktuel værdi
Morbærvej 1A,4295 Stenlille,1.500.000,14-11-2008,"
Alm. Salg",15.789,3,Rækkehus,95,2004,0 %,Aktuel værdi
"Hovedgaden 48, 1",4295 Stenlille,750.000,03-11-2008,"
Alm. Salg",6.355,3,Lejlighed,118,1920,,Aktuel værdi
Hvidtjørnevej 2A,4295 Stenlille,1.325.000,16-10-2008,"
Alm. Salg",13.947,3,Rækkehus,95,1988,-5 %,Aktuel værdi
Orebovej 32,4295 Stenlille,2.125.000,14-10-2008,"
Alm. Salg",7.154,9,Villa,297,1895,-3 %,Aktuel værdi
Fasanvænget 8,4295 Stenlille,750.000,08-09-2008,"
Alm. Salg",15.625,2,Sommerhus,48,1967,-4 %,Aktuel værdi
Syrenvej 31,4295 Stenlille,850.000,12-08-2008,"
Alm. Salg",-,6,Villa,141,1954,0 %,Aktuel værdi
Assentorpvej 109,4295 Stenlille,1.800.000,07-08-2008,"
Alm. Salg",18.000,3,Villa,100,1890,-8 %,Aktuel værdi
Møllegårdsvej 41B,4295 Stenlille,1.100.000,17-07-2008,"
Alm. Salg",12.941,3,Rækkehus,85,1985,-8 %,Aktuel værdi
Glentevej 3,4295 Stenlille,1.500.000,08-07-2008,"
Alm. Salg",8.928,5,Villa,168,1971,-12 %,Aktuel værdi
Møllegårdsvej 75,4295 Stenlille,1.760.000,28-06-2008,"
Alm. Salg",15.714,4,Villa,112,1985,-2 %,Aktuel værdi
Stenmaglevej 14,4295 Stenlille,1.575.000,28-06-2008,"
Alm. Salg",5.468,5,Villa,288,1877,-4 %,Aktuel værdi
Bakkevej 19,4295 Stenlille,1.800.000,27-06-2008,"
Alm. Salg",12.162,5,Villa,148,1971,-4 %,Aktuel værdi
Assentorpvej 55,4295 Stenlille,1.850.000,19-06-2008,"
Alm. Salg",6.801,5,Villa,272,1947,,Aktuel værdi
Slettebjerggård 3,4295 Stenlille,1.535.000,29-05-2008,"
Alm. Salg",17.055,3,Rækkehus,90,2008,0 %,Aktuel værdi
Assentorpvej 68,4295 Stenlille,1.445.000,22-05-2008,"
Alm. Salg",13.504,3,Villa,107,1960,-3 %,Aktuel værdi
Engkrogen 18,4295 Stenlille,650.000,03-05-2008,"
Alm. Salg",6.989,4,Stuehus,93,1914,,
Fasanvænget 7,4295 Stenlille,350.000,17-04-2008,"
Fam. Salg",10.000,2,Sommerhus,35,1973,,Aktuel værdi
Slettebjergvej 50,4295 Stenlille,2.585.700,16-04-2008,"
Alm. Salg",14.775,6,Villa,175,2009,,Aktuel værdi
Gl.Skovvej 4,4295 Stenlille,777.233,27-03-2008,"
Alm. Salg",4.270,8,Villa,182,1962,,Aktuel værdi
Hovedgaden 94,4295 Stenlille,1.620.000,13-03-2008,"
Alm. Salg",9.878,5,Villa,164,1900,2 %,Aktuel værdi
Vinkelvej 18,4295 Stenlille,1.225.000,07-03-2008,"
Alm. Salg",14.939,3,Villa,82,1960,-5 %,Aktuel værdi
Møllehusene 12,4295 Stenlille,1.595.000,18-02-2008,"
Alm. Salg",14.768,4,Rækkehus,108,2004,0 %,Aktuel værdi
Drosselvej 2,4295 Stenlille,1.620.000,16-02-2008,"
Alm. Salg",15.140,3,Villa,107,1971,-4 %,Aktuel værdi
Veddevej 34,4295 Stenlille,2.100.000,05-02-2008,"
Alm. Salg",14.000,4,Stuehus,150,1850,-4 %,
Møllegårdsvej 49A,4295 Stenlille,1.345.000,25-01-2008,"
Alm. Salg",15.823,4,Rækkehus,85,1985,-4 %,Aktuel værdi
Møllehusene 7,4295 Stenlille,1.600.000,22-01-2008,"
Alm. Salg",14.814,4,Rækkehus,108,2004,-6 %,Aktuel værdi
Stenmaglevej 41,4295 Stenlille,467.293,19-01-2008,"
Alm. Salg",2.920,5,Villa,160,1948,,Aktuel værdi
Gl.Skovvej 5,4295 Stenlille,1.989.000,08-01-2008,"
Alm. Salg",17.918,5,Villa,111,1936,,Aktuel værdi
Lindevej 4,4295 Stenlille,1.233.000,18-12-2007,"
Alm. Salg",13.402,4,Villa,92,1907,-1 %,Aktuel værdi
Merløsevej 2,4295 Stenlille,690.500,20-11-2007,"
Alm. Salg",5.952,3,Villa,116,1934,,Aktuel værdi
Hovedgaden 111,4295 Stenlille,1.150.000,01-11-2007,"
Alm. Salg",7.278,6,Villa,158,1926,-4 %,Aktuel værdi
Slettebjerggård 6,4295 Stenlille,1.535.000,12-10-2007,"
Alm. Salg",17.055,3,Rækkehus,90,2008,,Aktuel værdi
Slettebjerggård 7,4295 Stenlille,1.535.000,09-10-2007,"
Alm. Salg",17.055,3,Rækkehus,90,2008,,Aktuel værdi
Slettebjerggård 5,4295 Stenlille,1.535.000,08-10-2007,"
Alm. Salg",10.964,3,Rækkehus,140,2008,,Aktuel værdi
Vedde Byvej 38,4295 Stenlille,1.095.000,01-10-2007,"
Alm. Salg",-,4,Villa,114,1911,0 %,Aktuel værdi
Tjørntvedvej 31,4295 Stenlille,2.080.000,25-09-2007,"
Alm. Salg",6.265,7,Stuehus,332,2010,0 %,
Veddevej 35,4295 Stenlille,1.450.000,12-09-2007,"
Alm. Salg",5.753,6,Villa,252,1904,-8 %,Aktuel værdi
Hovedgaden 73,4295 Stenlille,900.000,04-09-2007,"
Fam. Salg",5.294,8,Villa,170,1896,,Aktuel værdi
Hvidtjørnevej 3A,4295 Stenlille,1.125.000,03-09-2007,"
Alm. Salg",13.235,3,Rækkehus,85,1989,-10 %,Aktuel værdi
Hovedgaden 109,4295 Stenlille,1.175.000,30-08-2007,"
Alm. Salg",13.823,3,Rækkehus,85,1928,0 %,Aktuel værdi
Fasanvej 10,4295 Stenlille,1.825.000,17-08-2007,"
Alm. Salg",11.406,6,Villa,160,1969,-1 %,Aktuel værdi
Bakkevej 8,4295 Stenlille,1.485.000,09-08-2007,"
Alm. Salg",15.309,4,Villa,97,1971,-1 %,Aktuel værdi
Bakkevej 3,4295 Stenlille,1.195.000,31-07-2007,"
Alm. Salg",9.335,4,Villa,128,1966,0 %,Aktuel værdi
Orebovej 7,4295 Stenlille,1.215.000,17-07-2007,"
Alm. Salg",14.127,4,Villa,86,1827,-6 %,Aktuel værdi
Syrenvej 26,4295 Stenlille,1.750.000,12-07-2007,"
Alm. Salg",11.824,5,Villa,148,1978,0 %,Aktuel værdi
Kirkevej 14,4295 Stenlille,1.850.000,12-07-2007,"
Alm. Salg",9.736,6,Villa,190,1975,0 %,Aktuel værdi
Vedde Byvej 7,4295 Stenlille,1.550.000,05-07-2007,"
Alm. Salg",9.509,5,Villa,163,1911,0 %,Aktuel værdi
Assentorpvej 107A,4295 Stenlille,880.000,02-07-2007,"
Alm. Salg",11.000,4,Industri o.l.,80,1900,,Aktuel værdi
Assentorpvej 33,4295 Stenlille,1.075.000,02-07-2007,"
Alm. Salg",10.436,5,Villa,103,1902,0 %,Aktuel værdi
Birkealle 2,4295 Stenlille,1.050.000,26-06-2007,"
Alm. Salg",6.862,4,Villa,153,1947,-11 %,Aktuel værdi
Møllegårdsvej 61B,4295 Stenlille,1.295.000,25-06-2007,"
Alm. Salg",15.235,3,Rækkehus,85,1986,0 %,Aktuel værdi
Enghaven 27,4295 Stenlille,2.150.000,14-06-2007,"
Alm. Salg",12.356,5,Villa,174,1977,0 %,Aktuel værdi
Højbodalvej 10,4295 Stenlille,1.750.000,01-06-2007,"
Alm. Salg",24.647,3,Villa,71,1968,-3 %,Aktuel værdi
Assentorpvej 35,4295 Stenlille,1.100.000,27-05-2007,"
Alm. Salg",11.578,4,Villa,95,1907,,Aktuel værdi
Assentorpvej 104,4295 Stenlille,399.800,24-05-2007,"
Alm. Salg",2.596,7,Stuehus,154,1903,,
Tjørntvedvej 12,4295 Stenlille,1.295.000,16-05-2007,"
Alm. Salg",13.080,3,Villa,99,1954,0 %,Aktuel værdi
Veddevej 60,4295 Stenlille,1.100.000,11-05-2007,"
Alm. Salg",9.166,6,Villa,120,1925,-4 %,Aktuel værdi
Ostrupvej 2,4295 Stenlille,875.000,04-05-2007,"
Fam. Salg",6.433,4,Stuehus,136,1870,,
Merbjergvej 52,4295 Stenlille,1.025.000,03-05-2007,"
Alm. Salg",11.388,4,Villa,90,1800,-6 %,Aktuel værdi
Råbjergvej 3,4295 Stenlille,1.325.000,02-05-2007,"
Alm. Salg",12.045,5,Villa,110,1952,-2 %,Aktuel værdi
Granbakkevej 17,4295 Stenlille,1.375.000,29-04-2007,"
Alm. Salg",-,5,Villa,166,1968,0 %,Aktuel værdi
Gl.Skovvej 6,4295 Stenlille,1.495.000,20-04-2007,"
Alm. Salg",11.240,5,Villa,133,1960,,Aktuel værdi
Vibevej 12,4295 Stenlille,2.300.000,17-04-2007,"
Alm. Salg",11.557,5,Villa,199,1980,-4 %,Aktuel værdi
Sværdsholtevej 5,4295 Stenlille,538.330,15-04-2007,"
Alm. Salg",4.017,4,Villa,134,1925,,Aktuel værdi
Risagervej 26,4295 Stenlille,1.750.000,10-04-2007,"
Alm. Salg",11.824,4,Villa,148,1979,0 %,Aktuel værdi
Møllegårdsvej 123B,4295 Stenlille,1.345.000,31-03-2007,"
Alm. Salg",15.823,4,Rækkehus,85,1986,,Aktuel værdi
Enghaven 15,4295 Stenlille,1.720.000,29-03-2007,"
Alm. Salg",12.027,4,Villa,143,1974,-4 %,Aktuel værdi
Hovedgaden 77B,4295 Stenlille,825.000,28-03-2007,"
Alm. Salg",6.600,2,Villa,125,1900,,Aktuel værdi
Møllegårdsvej 45,4295 Stenlille,1.950.000,22-03-2007,"
Alm. Salg",15.234,4,Villa,128,1986,0 %,Aktuel værdi
Tjørntvedvej 21,4295 Stenlille,345.000,22-03-2007,"
Alm. Salg",1.844,3,Villa,187,2008,,Aktuel værdi
Møllevej 1,4295 Stenlille,925.000,12-03-2007,"
Fam. Salg",6.166,3,Villa,150,1927,,Aktuel værdi
Lårupvej 2,4295 Stenlille,950.000,01-03-2007,"
Fam. Salg",11.445,3,Villa,83,1933,,Aktuel værdi
Assentorpvej 39,4295 Stenlille,900.000,27-02-2007,"
Alm. Salg",8.653,5,Villa,104,1906,-10 %,Aktuel værdi
Engkrogen 12,4295 Stenlille,4.461.500,19-02-2007,"
Fam. Salg",20.465,7,Stuehus,218,1800,,
Engkrogen 10,4295 Stenlille,1.050.000,13-02-2007,"
Alm. Salg",5.769,5,Villa,182,2008,,Aktuel værdi
Sværdsholtevej 32,4295 Stenlille,1.723.000,11-02-2007,"
Alm. Salg",-,3,Villa,170,1875,,Aktuel værdi
Assentorpvej 49,4295 Stenlille,2.030.000,10-02-2007,"
Alm. Salg",12.929,5,Villa,157,1946,-3 %,Aktuel værdi
Sorøvej 72,4295 Stenlille,1.395.000,04-02-2007,"
Alm. Salg",8.829,4,Villa,158,1900,0 %,Aktuel værdi
Sorøvej 50,4295 Stenlille,1.020.000,31-01-2007,"
Fam. Salg",10.408,3,Stuehus,98,1880,,
Sorøvej 52,4295 Stenlille,4.737.598,31-01-2007,"
Fam. Salg",35.621,6,Stuehus,133,1880,,
Fredensvej 10,4295 Stenlille,1.325.000,21-01-2007,"
Alm. Salg",7.240,5,Villa,183,1935,-5 %,Aktuel værdi
Kirsebærvej 3,4295 Stenlille,2.775.000,18-01-2007,"
Alm. Salg",15.677,7,Villa,177,2001,-1 %,Aktuel værdi
Vibevej 4,4295 Stenlille,800.000,17-01-2007,"
Alm. Salg",4.938,6,Villa,162,1968,,Aktuel værdi
Bakkevej 26,4295 Stenlille,1.060.000,10-01-2007,"
Alm. Salg",8.030,4,Villa,132,1974,,Aktuel værdi
Slettebjergvej 40,4295 Stenlille,450.000,09-01-2007,"
Alm. Salg",3.358,4,Villa,134,2007,,Aktuel værdi
Slettebjergvej 42,4295 Stenlille,570.000,03-01-2007,"
Fam. Salg",4.100,5,Villa,139,2008,,Aktuel værdi
Maglebjergvej 5,4295 Stenlille,331.500,27-12-2006,"
Alm. Salg",8.287,2,Sommerhus,40,1971,,Aktuel værdi
Råbjergvej 12,4295 Stenlille,2.900.000,18-12-2006,"
Alm. Salg",18.831,4,Villa,154,1956,,Aktuel værdi
Stenmaglevej 19,4295 Stenlille,2.095.000,09-12-2006,"
Alm. Salg",15.291,4,Villa,137,1912,,Aktuel værdi
Enghavevej 6,4295 Stenlille,1.100.000,30-11-2006,"
Alm. Salg",9.166,4,Villa,120,1907,,Aktuel værdi
Hovedgaden 30,4295 Stenlille,2.200.000,16-10-2006,"
Alm. Salg",17.460,8,Industri o.l.,126,1930,,Aktuel værdi
Parkvej 13,4295 Stenlille,1.473.000,14-10-2006,"
Alm. Salg",11.507,4,Villa,128,1976,,Aktuel værdi
Merløsevej 6,4295 Stenlille,1.235.000,12-10-2006,"
Alm. Salg",14.529,3,Villa,85,1935,,Aktuel værdi
Maglebjergvej 6,4295 Stenlille,3.400.000,09-10-2006,"
Alm. Salg",-,5,Villa,161,1920,,Aktuel værdi
Slettebjergvej 2,4295 Stenlille,340.000,25-09-2006,"
Andet",2.236,5,Villa,152,2006,,Aktuel værdi
Lårupvej 23B,4295 Stenlille,1.582.966,18-09-2006,"
Andet",9.045,5,Villa,175,1987,,Aktuel værdi
Assentorpvej 20A,4295 Stenlille,2.310.000,15-09-2006,"
Alm. Salg",8.555,6,Villa,270,1927,,Aktuel værdi
Mågevej 1,4295 Stenlille,1.545.000,05-09-2006,"
Alm. Salg",12.070,5,Villa,128,1984,,Aktuel værdi
Gl.Skovvej 3,4295 Stenlille,1.498.000,26-08-2006,"
Alm. Salg",12.694,4,Villa,118,1949,,Aktuel værdi
Hovedgaden 31,4295 Stenlille,1.425.000,26-08-2006,"
Alm. Salg",9.253,5,Villa,154,1900,,Aktuel værdi
Assentorpvej 16,4295 Stenlille,1.550.000,25-08-2006,"
Alm. Salg",11.481,4,Villa,135,1969,,Aktuel værdi
Hovedgaden 4,4295 Stenlille,1.100.000,09-08-2006,"
Alm. Salg",10.576,4,Villa,104,1962,,Aktuel værdi
Fasanvænget 1,4295 Stenlille,1.225.000,09-08-2006,"
Alm. Salg",18.283,3,Sommerhus,67,2005,,Aktuel værdi
Vinkelvej 6,4295 Stenlille,1.000.000,07-08-2006,"
Alm. Salg",8.333,6,Villa,120,1935,,Aktuel værdi
Hasselvej 6,4295 Stenlille,1.195.000,01-08-2006,"
Alm. Salg",9.958,4,Villa,120,1973,,Aktuel værdi
Drosselvej 39,4295 Stenlille,1.496.000,23-07-2006,"
Alm. Salg",18.243,3,Rækkehus,82,1984,,Aktuel værdi
Slettebjergvej 28,4295 Stenlille,151.750,19-07-2006,"
Alm. Salg",872,5,Stuehus,174,2008,,
Fredensvej 26,4295 Stenlille,1.637.500,18-07-2006,"
Alm. Salg",11.696,4,Villa,140,1920,,Aktuel værdi
Fasanvej 5,4295 Stenlille,1.535.000,06-07-2006,"
Alm. Salg",13.828,4,Villa,111,1966,,Aktuel værdi
Bakketorvet 19,4295 Stenlille,1.325.000,26-06-2006,"
Alm. Salg",12.990,4,Villa,102,1989,,Aktuel værdi
Møllegårdsvej 65A,4295 Stenlille,1.335.000,15-06-2006,"
Alm. Salg",14.052,3,Rækkehus,95,1986,,Aktuel værdi
Slettebjergvej 4,4295 Stenlille,2.200.000,14-06-2006,"
Alm. Salg",14.473,5,Villa,152,2006,,Aktuel værdi
Bakkevej 25,4295 Stenlille,1.195.000,04-06-2006,"
Alm. Salg",10.863,4,Villa,110,1965,,Aktuel værdi
Hybenvej 13,4295 Stenlille,1.495.000,31-05-2006,"
Alm. Salg",13.842,3,Villa,108,1964,,Aktuel værdi
Engkrogen 6,4295 Stenlille,1.370.000,29-05-2006,"
Alm. Salg",8.456,5,Villa,162,1955,,Aktuel værdi
Lårupvej 5,4295 Stenlille,1.548.000,24-05-2006,"
Alm. Salg",9.439,4,Villa,164,1887,,Aktuel værdi
Enghavevej 4,4295 Stenlille,425.000,24-05-2006,"
Fam. Salg",3.761,6,Villa,113,1907,,Aktuel værdi
Vedde Byvej 31,4295 Stenlille,1.698.000,23-05-2006,"
Alm. Salg",9.872,6,Villa,172,1860,,Aktuel værdi
Lindevej 6,4295 Stenlille,930.000,19-05-2006,"
Alm. Salg",9.117,4,Villa,102,1900,,Aktuel værdi
"Hovedgaden 54, 1",4295 Stenlille,1.250.000,16-05-2006,"
Alm. Salg",18.939,2,Lejlighed,66,1925,,Aktuel værdi
Assentorpvej 103,4295 Stenlille,2.525.000,10-05-2006,"
Alm. Salg",13.722,5,Stuehus,184,1775,,
Ostrupvej 10,4295 Stenlille,925.000,27-04-2006,"
Alm. Salg",12.671,3,Villa,73,1894,,Aktuel værdi
Højbodalvej 33,4295 Stenlille,3.990.000,26-04-2006,"
Alm. Salg",18.387,2,Stuehus,217,2001,,
Vestervej 1,4295 Stenlille,1.500.000,21-04-2006,"
Alm. Salg",12.396,5,Villa,121,1963,,Aktuel værdi
Skuerup Mark 2,4295 Stenlille,1.075.000,15-04-2006,"
Alm. Salg",5.243,5,Villa,205,1880,,Aktuel værdi
Drosselvej 19,4295 Stenlille,1.495.000,12-04-2006,"
Alm. Salg",12.458,4,Villa,120,1970,,Aktuel værdi
Enghaven 19,4295 Stenlille,1.865.000,06-04-2006,"
Alm. Salg",11.512,6,Villa,162,1975,,Aktuel værdi
Tjørntvedvej 45,4295 Stenlille,2.475.000,04-04-2006,"
Alm. Salg",10.020,8,Stuehus,247,1904,,
Sorøvej 56,4295 Stenlille,1.245.000,21-03-2006,"
Alm. Salg",10.375,5,Villa,120,1900,,Aktuel værdi
Parkvej 2,4295 Stenlille,1.339.000,20-03-2006,"
Alm. Salg",11.347,3,Villa,118,1982,,Aktuel værdi
Sorøvej 59,4295 Stenlille,753.024,20-03-2006,"
Fam. Salg",6.845,5,Villa,110,1952,,Aktuel værdi
Assentorpvej 115,4295 Stenlille,4.575.000,17-03-2006,"
Alm. Salg",25.416,3,Stuehus,180,1983,,
Hvidtjørnevej 3B,4295 Stenlille,420.000,16-03-2006,"
Fam. Salg",4.941,3,Rækkehus,85,1989,,Aktuel værdi
"Hovedgaden 79, 1",4295 Stenlille,800.000,16-03-2006,"
Alm. Salg",7.272,3,Anden beboelse,110,1965,,Aktuel værdi
Slettebjergvej 11,4295 Stenlille,1.900.000,24-02-2006,"
Alm. Salg",13.571,5,Villa,140,2006,,Aktuel værdi
Bakketorvet 17,4295 Stenlille,1.295.000,12-02-2006,"
Alm. Salg",12.696,4,Villa,102,1988,,Aktuel værdi
Sorøvej 27,4295 Stenlille,195.000,17-01-2006,"
Alm. Salg",750,13,Stuehus,260,1925,,
Risagervej 16,4295 Stenlille,1.380.000,13-01-2006,"
Alm. Salg",10.298,5,Villa,134,1977,,Aktuel værdi
Orebovej 30,4295 Stenlille,1.385.000,13-01-2006,"
Alm. Salg",12.043,3,Villa,115,1938,,Aktuel værdi
Stenmaglevej 23,4295 Stenlille,1.525.000,20-12-2005,"
Alm. Salg",13.377,3,Villa,114,1810,,Aktuel værdi
Vedde Byvej 12,4295 Stenlille,1.000.000,12-12-2005,"
Alm. Salg",4.784,6,Villa,209,1885,,Aktuel værdi
Tjørntvedvej 2,4295 Stenlille,1.435.000,12-12-2005,"
Alm. Salg",11.958,8,Villa,120,1946,,Aktuel værdi
Sorøvej 78,4295 Stenlille,1.010.000,09-12-2005,"
Alm. Salg",7.593,4,Villa,133,1872,,Aktuel værdi
Sønderbjerg 4,4295 Stenlille,1.435.000,07-12-2005,"
Alm. Salg",26.574,3,Villa,54,1972,,Aktuel værdi
Sorøvej 43,4295 Stenlille,1.235.000,07-12-2005,"
Alm. Salg",11.026,5,Villa,112,1957,,Aktuel værdi
Kirkevej 30,4295 Stenlille,650.000,30-11-2005,"
Alm. Salg",-,3,Villa,124,1907,,Aktuel værdi
Ostrupvej 3,4295 Stenlille,999.000,21-11-2005,"
Alm. Salg",11.100,3,Villa,90,1898,,Aktuel værdi
Parkvej 12,4295 Stenlille,1.498.000,17-11-2005,"
Alm. Salg",11.703,5,Villa,128,1978,,Aktuel værdi
Hovedgaden 9,4295 Stenlille,942.578,31-10-2005,"
Auktion",6.160,5,Villa,153,1937,,Aktuel værdi
Råbjergvej 6,4295 Stenlille,940.000,27-10-2005,"
Alm. Salg",8.468,4,Villa,111,1930,,Aktuel værdi
Møllegårdsvej 117,4295 Stenlille,1.539.551,15-10-2005,"
Alm. Salg",12.027,4,Villa,128,1985,,Aktuel værdi
Slettebjergvej 22,4295 Stenlille,265.000,13-10-2005,"
Alm. Salg",1.687,4,Villa,157,2007,,Aktuel værdi
Assentorpvej 25,4295 Stenlille,1.795.000,12-10-2005,"
Alm. Salg",11.966,6,Villa,150,1928,,Aktuel værdi
Slettebjergvej 32,4295 Stenlille,272.000,04-10-2005,"
Alm. Salg",1.700,5,Stuehus,160,2006,,
Slettebjergvej 20,4295 Stenlille,265.000,03-10-2005,"
Alm. Salg",2.208,4,Villa,120,2007,,Aktuel værdi
Hasselvej 1,4295 Stenlille,955.000,23-09-2005,"
Alm. Salg",10.052,3,Villa,95,1969,,Aktuel værdi
Fasanvænget 15,4295 Stenlille,700.000,18-09-2005,"
Alm. Salg",11.666,3,Sommerhus,60,1964,,Aktuel værdi
Assentorpvej 34,4295 Stenlille,650.000,13-09-2005,"
Alm. Salg",8.125,3,Villa,80,1900,,Aktuel værdi
Bakkevej 15,4295 Stenlille,1.135.000,09-09-2005,"
Alm. Salg",9.618,4,Villa,118,1967,,Aktuel værdi
Granbakkevej 46,4295 Stenlille,4.170.000,06-09-2005,"
Alm. Salg",13.031,10,Villa,320,1900,,Aktuel værdi
Hybenvej 11,4295 Stenlille,1.250.000,04-09-2005,"
Alm. Salg",11.261,4,Villa,111,1964,,Aktuel værdi
Ostrupvej 17,4295 Stenlille,2.642.262,03-09-2005,"
Alm. Salg",6.291,9,Stuehus,420,1915,,
Fasanvej 12,4295 Stenlille,1.075.000,30-08-2005,"
Alm. Salg",7.465,4,Villa,144,1968,,Aktuel værdi
Møllegårdsvej 18,4295 Stenlille,1.250.000,21-08-2005,"
Alm. Salg",13.157,3,Rækkehus,95,1991,,Aktuel værdi
Tjørntvedvej 17C,4295 Stenlille,1.595.000,18-08-2005,"
Alm. Salg",13.403,4,Villa,119,1988,,Aktuel værdi
Stenmaglevej 16,4295 Stenlille,1.435.000,16-08-2005,"
Alm. Salg",9.965,6,Villa,144,1905,,Aktuel værdi
Møllegårdsvej 127,4295 Stenlille,2.075.000,15-08-2005,"
Alm. Salg",-,5,Villa,217,1988,,Aktuel værdi
Sorøvej 49,4295 Stenlille,1.525.000,15-08-2005,"
Alm. Salg",9.531,5,Villa,160,1909,,Aktuel værdi
Assentorpvej 80,4295 Stenlille,1.130.000,10-08-2005,"
Alm. Salg",10.660,5,Villa,106,1907,,Aktuel værdi
Syrenvej 14,4295 Stenlille,1.475.000,03-08-2005,"
Alm. Salg",11.895,3,Villa,124,1979,,Aktuel værdi
Ostrupvej 12,4295 Stenlille,2.350.000,01-08-2005,"
Fam. Salg",12.113,7,Stuehus,194,1891,,
Skuerupvej 25,4295 Stenlille,1.700.000,29-07-2005,"
Alm. Salg",8.947,6,Stuehus,190,1900,,
Møllegårdsvej 111A,4295 Stenlille,1.075.000,28-07-2005,"
Alm. Salg",11.315,3,Rækkehus,95,1987,,Aktuel værdi
Sværdsholtevej 14,4295 Stenlille,3.700.000,27-07-2005,"
Alm. Salg",21.022,5,Stuehus,176,1930,,
Drosselvej 41,4295 Stenlille,1.098.000,27-07-2005,"
Alm. Salg",13.390,3,Rækkehus,82,1984,,Aktuel værdi
Assentorpvej 46,4295 Stenlille,750.000,15-07-2005,"
Alm. Salg",5.395,4,Villa,139,1890,,Aktuel værdi
Hovedgaden 121,4295 Stenlille,1.150.000,12-07-2005,"
Alm. Salg",7.012,5,Villa,164,1937,,Aktuel værdi
Hyldevej 2,4295 Stenlille,1.285.000,07-07-2005,"
Alm. Salg",11.681,4,Villa,110,1988,,Aktuel værdi
Vedde Byvej 19,4295 Stenlille,1.295.000,06-07-2005,"
Alm. Salg",8.931,5,Villa,145,1919,,Aktuel værdi
Saltofte Holme 12,4295 Stenlille,3.500.000,05-07-2005,"
Alm. Salg",-,6,Stuehus,295,1911,,
Orebovej 42,4295 Stenlille,1.295.000,04-07-2005,"
Alm. Salg",9.250,6,Villa,140,1937,,Aktuel værdi
Pilevej 6,4295 Stenlille,1.250.000,03-07-2005,"
Alm. Salg",9.398,4,Villa,133,1975,,Aktuel værdi
Assentorpvej 100,4295 Stenlille,415.000,01-07-2005,"
Fam. Salg",2.881,3,Villa,144,1895,,Aktuel værdi
Møllegårdsvej 63B,4295 Stenlille,945.000,23-06-2005,"
Alm. Salg",12.434,3,Rækkehus,76,1986,,Aktuel værdi
Assentorpvej 21,4295 Stenlille,636.500,23-06-2005,"
Alm. Salg",4.821,4,Villa,132,1906,,Aktuel værdi
"Sværdsholtevej 9E, 1. TV",4295 Stenlille,700.431,16-06-2005,"
Alm. Salg",8.541,3,Lejlighed,82,1905,,Aktuel værdi
Øbrovej 9,4295 Stenlille,750.000,15-06-2005,"
Alm. Salg",6.000,4,Villa,125,1900,,Aktuel værdi
Hovedgaden 40,4295 Stenlille,1.400.000,06-06-2005,"
Alm. Salg",11.570,11,Engroshandel,121,1965,,Aktuel værdi
Syrenvej 8,4295 Stenlille,1.450.000,04-06-2005,"
Alm. Salg",8.579,4,Villa,169,1978,,Aktuel værdi
Møllegårdsvej 67B,4295 Stenlille,985.000,25-05-2005,"
Alm. Salg",11.193,3,Rækkehus,88,1986,,Aktuel værdi
Sorøvej 54,4295 Stenlille,898.000,22-05-2005,"
Alm. Salg",7.546,3,Villa,119,1910,,Aktuel værdi
Møllehusene 18,4295 Stenlille,1.285.000,18-05-2005,"
Alm. Salg",11.898,4,Rækkehus,108,2005,,Aktuel værdi
Højbodalvej 31A,4295 Stenlille,915.000,09-05-2005,"
Alm. Salg",7.379,3,Villa,124,1915,,Aktuel værdi
Rødtjørnevej 1,4295 Stenlille,2.044.564,05-05-2005,"
Alm. Salg",12.543,5,Villa,163,2002,,Aktuel værdi
Rødtjørnevej 4,4295 Stenlille,1.415.000,02-05-2005,"
Alm. Salg",10.968,4,Villa,129,2001,,Aktuel værdi
Assentorpvej 85,4295 Stenlille,660.000,01-05-2005,"
Alm. Salg",9.565,3,Villa,69,1900,,Aktuel værdi
Møllehusene 11,4295 Stenlille,1.345.000,28-04-2005,"
Alm. Salg",9.607,5,Rækkehus,140,2005,,Aktuel værdi
Parkvej 6,4295 Stenlille,1.325.000,21-04-2005,"
Alm. Salg",9.742,4,Villa,136,1978,,Aktuel værdi
Fasanvej 6,4295 Stenlille,1.300.000,21-04-2005,"
Alm. Salg",7.878,5,Villa,165,1965,,Aktuel værdi
Møllehusene 2,4295 Stenlille,1.331.600,20-04-2005,"
Alm. Salg",12.329,4,Rækkehus,108,2004,,Aktuel værdi
Møllehusene 4,4295 Stenlille,1.285.000,19-04-2005,"
Alm. Salg",11.898,4,Rækkehus,108,2004,,Aktuel værdi
Gyvelvej 2,4295 Stenlille,1.398.000,18-04-2005,"
Alm. Salg",9.776,5,Villa,143,1980,,Aktuel værdi
Fasanvej 13,4295 Stenlille,1.595.000,17-04-2005,"
Alm. Salg",12.083,4,Villa,132,1968,,Aktuel værdi
Slettebjergvej 13,4295 Stenlille,326.000,15-04-2005,"
Alm. Salg",2.248,3,Villa,145,2005,,Aktuel værdi
Drosselvej 33,4295 Stenlille,845.000,14-04-2005,"
Alm. Salg",12.426,3,Rækkehus,68,1985,,Aktuel værdi
Vedde Byvej 41A,4295 Stenlille,1.575.000,11-04-2005,"
Alm. Salg",7.464,5,Villa,211,1974,,Aktuel værdi
Møllehusene 14,4295 Stenlille,1.285.000,09-04-2005,"
Alm. Salg",11.898,4,Rækkehus,108,2005,,Aktuel værdi
Slettebjergvej 1,4295 Stenlille,267.000,07-04-2005,"
Alm. Salg",2.670,3,Villa,100,2005,,Aktuel værdi
Møllehusene 9,4295 Stenlille,190.000,29-03-2005,"
Alm. Salg",1.357,4,Rækkehus,140,2005,,Aktuel værdi
Møllehusene 20,4295 Stenlille,190.000,29-03-2005,"
Alm. Salg",1.759,4,Rækkehus,108,2005,,Aktuel værdi
Assentorpvej 97,4295 Stenlille,1.670.000,27-03-2005,"
Alm. Salg",9.597,7,Villa,174,1957,,Aktuel værdi
Fredensvej 8,4295 Stenlille,1.195.000,21-03-2005,"
Alm. Salg",7.966,5,Villa,150,1934,,Aktuel værdi
Hybenvej 1,4295 Stenlille,1.155.000,04-03-2005,"
Alm. Salg",10.500,3,Villa,110,1963,,Aktuel værdi
Lårupvej 18,4295 Stenlille,530.000,22-02-2005,"
Alm. Salg",4.649,3,Villa,114,1905,,Aktuel værdi
Møllehusene 8,4295 Stenlille,1.285.000,22-02-2005,"
Alm. Salg",11.898,4,Rækkehus,108,2004,,Aktuel værdi
Stenmaglevej 25,4295 Stenlille,685.000,21-02-2005,"
Fam. Salg",6.227,6,Villa,110,1914,,Aktuel værdi
Morbærvej 1B,4295 Stenlille,1.196.000,17-02-2005,"
Alm. Salg",12.589,3,Rækkehus,95,2004,,Aktuel værdi
Enghavevej 10B,4295 Stenlille,1.150.000,13-02-2005,"
Alm. Salg",7.467,3,Villa,154,1917,,Aktuel værdi
Tjørntvedvej 17E,4295 Stenlille,111.500,09-02-2005,"
Fam. Salg",640,4,Villa,174,2007,,Aktuel værdi
Assentorpvej 61,4295 Stenlille,745.000,04-02-2005,"
Alm. Salg",10.347,2,Villa,72,1959,,Aktuel værdi
Rødtjørnevej 8,4295 Stenlille,1.623.242,03-02-2005,"
Alm. Salg",11.594,5,Villa,140,2005,,Aktuel værdi
Syrenvej 28,4295 Stenlille,1.695.000,26-01-2005,"
Alm. Salg",9.522,7,Villa,178,1978,,Aktuel værdi
Slettebjergvej 16,4295 Stenlille,285.000,24-01-2005,"
Alm. Salg",2.280,3,Villa,125,2006,,Aktuel værdi
Kirkevej 22,4295 Stenlille,1.150.000,19-01-2005,"
Alm. Salg",8.214,4,Villa,140,1973,,Aktuel værdi
Lårupvej 16,4295 Stenlille,325.000,29-12-2004,"
Fam. Salg",3.385,4,Villa,96,1907,,Aktuel værdi
Granbakkevej 33,4295 Stenlille,825.000,29-12-2004,"
Alm. Salg",-,5,Stuehus,231,1880,,
Hovedgaden 96,4295 Stenlille,430.000,29-12-2004,"
Fam. Salg",3.839,4,Villa,112,1900,,Aktuel værdi
Mågevej 4,4295 Stenlille,753.000,15-12-2004,"
Alm. Salg",6.972,4,Villa,108,1973,,Aktuel værdi
Rødtjørnevej 3A,4295 Stenlille,748.000,15-12-2004,"
Fam. Salg",7.873,3,Rækkehus,95,1992,,Aktuel værdi
Rødtjørnevej 3B,4295 Stenlille,771.000,15-12-2004,"
Fam. Salg",8.115,3,Rækkehus,95,1992,,Aktuel værdi
Rødtjørnevej 5A,4295 Stenlille,748.000,15-12-2004,"
Fam. Salg",7.873,3,Rækkehus,95,1992,,Aktuel værdi
Rødtjørnevej 5B,4295 Stenlille,762.000,15-12-2004,"
Fam. Salg",8.021,3,Rækkehus,95,1992,,Aktuel værdi
Møllehusene 6,4295 Stenlille,1.285.000,09-12-2004,"
Alm. Salg",11.898,4,Rækkehus,108,2004,,Aktuel værdi
Assentorpvej 131,4295 Stenlille,555.900,30-11-2004,"
Alm. Salg",3.088,7,Stuehus,180,1920,,
Slettebjergvej 5,4295 Stenlille,273.000,25-11-2004,"
Alm. Salg",1.922,4,Villa,142,2005,,Aktuel værdi
Møllehusene 13,4295 Stenlille,190.000,23-11-2004,"
Alm. Salg",1.357,5,Rækkehus,140,2005,,Aktuel værdi
Slettebjergvej 10,4295 Stenlille,280.000,18-11-2004,"
Alm. Salg",2.170,4,Villa,129,2006,,Aktuel værdi
Munke Bjergbyvej 55,4295 Stenlille,1.435.000,18-11-2004,"
Alm. Salg",10.629,3,Villa,135,1915,,Aktuel værdi
Vinkelvej 16A,4295 Stenlille,860.000,09-11-2004,"
Alm. Salg",9.555,3,Rækkehus,90,1988,,Aktuel værdi
Lårupvej 6,4295 Stenlille,875.000,25-10-2004,"
Alm. Salg",9.943,3,Villa,88,1957,,Aktuel værdi
Møllegårdsvej 129,4295 Stenlille,185.000,04-10-2004,"
Alm. Salg",939,6,Villa,197,2005,,Aktuel værdi
Møllevej 4B,4295 Stenlille,575.000,01-10-2004,"
Alm. Salg",-,5,Villa,174,1966,,Aktuel værdi
Lårupvej 17,4295 Stenlille,1.200.000,24-09-2004,"
Alm. Salg",9.375,4,Villa,128,1880,,Aktuel værdi
Vibevej 17,4295 Stenlille,1.800.000,21-09-2004,"
Alm. Salg",8.866,6,Villa,203,1987,,Aktuel værdi
Vinkelvej 14B,4295 Stenlille,847.500,07-09-2004,"
Alm. Salg",9.416,3,Rækkehus,90,1985,,Aktuel værdi
Møllehusene 5,4295 Stenlille,1.265.000,13-08-2004,"
Alm. Salg",11.712,4,Rækkehus,108,2004,,Aktuel værdi
Fasanvænget 17,4295 Stenlille,195.108,08-08-2004,"
Andet",1.742,4,Sommerhus,112,1978,,Aktuel værdi
Risagervej 2,4295 Stenlille,995.000,20-07-2004,"
Alm. Salg",9.045,4,Villa,110,1979,,Aktuel værdi
Assentorpvej 66,4295 Stenlille,750.000,20-07-2004,"
Alm. Salg",6.637,3,Villa,113,1907,,Aktuel værdi
Toftevej 6,4295 Stenlille,913.895,14-07-2004,"
Alm. Salg",7.430,3,Villa,123,1962,,Aktuel værdi
Gyvelvej 4,4295 Stenlille,1.050.000,02-07-2004,"
Alm. Salg",11.413,3,Villa,92,1987,,Aktuel værdi
Bakkevej 18,4295 Stenlille,1.207.637,29-06-2004,"
Alm. Salg",7.595,5,Villa,159,1969,,Aktuel værdi
Assentorpvej 5,4295 Stenlille,595.000,29-06-2004,"
Fam. Salg",5.085,3,Rækkehus,117,1933,,Aktuel værdi
Sværdsholtevej 30,4295 Stenlille,1.495.000,28-06-2004,"
Alm. Salg",12.458,7,Stuehus,120,1775,,
Granbakkevej 5,4295 Stenlille,494.380,04-06-2004,"
Alm. Salg",4.085,3,Villa,121,1877,,Aktuel værdi
Vedde Byvej 42,4295 Stenlille,750.000,27-05-2004,"
Fam. Salg",6.465,6,Villa,116,1912,,Aktuel værdi
Hovedgaden 127,4295 Stenlille,630.000,27-05-2004,"
Alm. Salg",7.325,3,Villa,86,1946,,Aktuel værdi
Parkvej 21,4295 Stenlille,1.295.000,21-05-2004,"
Alm. Salg",7.316,7,Villa,177,1976,,Aktuel værdi
Højbodalvej 23,4295 Stenlille,1.795.000,18-05-2004,"
Alm. Salg",10.748,4,Villa,167,1969,,Aktuel værdi
Hybenvænget 4,4295 Stenlille,1.423.290,18-05-2004,"
Alm. Salg",11.119,4,Villa,128,2004,,Aktuel værdi
Tjørntvedvej 22,4295 Stenlille,381.365,11-05-2004,"
Alm. Salg",2.118,6,Stuehus,180,1893,,
Bakketorvet 30,4295 Stenlille,123.500,01-05-2004,"
Alm. Salg",1.092,5,Villa,113,2007,,Aktuel værdi
Møllehusene 1,4295 Stenlille,190.000,29-04-2004,"
Alm. Salg",1.759,4,Rækkehus,108,2004,,Aktuel værdi
Hovedgaden 74,4295 Stenlille,1.380.000,28-04-2004,"
Alm. Salg",8.571,5,Villa,161,1970,,Aktuel værdi
Øbrovej 3A,4295 Stenlille,1.744.999,28-04-2004,"
Alm. Salg",9.281,7,Villa,188,1974,,Aktuel værdi
Møllegårdsvej 65B,4295 Stenlille,972.000,26-04-2004,"
Alm. Salg",10.231,3,Rækkehus,95,1986,,Aktuel værdi
Veddevej 30,4295 Stenlille,1.145.000,10-04-2004,"
Alm. Salg",6.542,4,Villa,175,1960,,Aktuel værdi
Granbakkevej 18,4295 Stenlille,599.365,30-03-2004,"
Alm. Salg",6.734,3,Sommerhus,89,1962,,Aktuel værdi
Vinkelvej 8,4295 Stenlille,720.000,22-03-2004,"
Alm. Salg",7.500,4,Villa,96,1949,,Aktuel værdi
Orebovej 34B,4295 Stenlille,55.000,20-03-2004,"
Alm. Salg",335,6,Villa,164,2008,,Aktuel værdi
Sønderbjerg 11,4295 Stenlille,1.925.000,16-03-2004,"
Alm. Salg",10.239,6,Villa,188,2001,,Aktuel værdi
"Sværdsholtevej 9D, 1. TH",4295 Stenlille,571.398,03-03-2004,"
Alm. Salg",7.232,3,Lejlighed,79,1905,,Aktuel værdi
Assentorpvej 17,4295 Stenlille,260.000,16-02-2004,"
Alm. Salg",1.293,7,Villa,201,1880,,Aktuel værdi
Orebovej 40,4295 Stenlille,700.000,09-02-2004,"
Alm. Salg",6.422,4,Villa,109,1937,,Aktuel værdi
Hovedgaden 112,4295 Stenlille,1.385.000,05-02-2004,"
Alm. Salg",6.295,8,Villa,220,1937,,Aktuel værdi
Mosevej 1,4295 Stenlille,1.150.000,27-01-2004,"
Alm. Salg",-,3,Sommerhus,62,1961,,Aktuel værdi
Møllegårdsvej 14,4295 Stenlille,1.240.000,08-01-2004,"
Alm. Salg",7.251,6,Villa,171,1987,,Aktuel værdi
Øbrovej 13,4295 Stenlille,398.000,30-11-2003,"
Alm. Salg",2.139,5,Villa,186,2005,,Aktuel værdi
Granbakkevej 31,4295 Stenlille,795.000,28-11-2003,"
Alm. Salg",6.115,4,Stuehus,130,2011,,
Rødtjørnevej 10,4295 Stenlille,1.500.000,28-11-2003,"
Alm. Salg",-,6,Villa,172,2004,,Aktuel værdi
Tygestrupvej 5,4295 Stenlille,1.425.000,26-11-2003,"
Alm. Salg",9.628,6,Stuehus,148,1899,,
Assentorpvej 18,4295 Stenlille,765.000,20-11-2003,"
Alm. Salg",9.216,3,Villa,83,1940,,Aktuel værdi
Hvidtjørnevej 1A,4295 Stenlille,1.247.000,18-11-2003,"
Alm. Salg",9.818,4,Rækkehus,127,1989,,Aktuel værdi
Bakketorvet 38,4295 Stenlille,1.249.000,14-11-2003,"
Alm. Salg",10.767,4,Villa,116,2000,,Aktuel værdi
Assentorpvej 105,4295 Stenlille,1.335.000,02-11-2003,"
Alm. Salg",7.255,4,Villa,184,1908,,Aktuel værdi
Kirkevej 3,4295 Stenlille,1.425.000,27-10-2003,"
Alm. Salg",10.477,5,Villa,136,1907,,Aktuel værdi
Drosselvej 9,4295 Stenlille,1.195.000,24-10-2003,"
Alm. Salg",8.786,3,Villa,136,1972,,Aktuel værdi
Orebovej 9,4295 Stenlille,425.000,23-10-2003,"
Alm. Salg",3.899,3,Villa,109,2012,,Aktuel værdi
Hyldevej 4,4295 Stenlille,1.200.000,16-10-2003,"
Alm. Salg",10.714,4,Villa,112,1989,,Aktuel værdi
Skuerupvej 17,4295 Stenlille,1.310.000,16-10-2003,"
Alm. Salg",12.018,4,Stuehus,109,1925,,
Skuerupvej 11,4295 Stenlille,859.315,14-10-2003,"
Alm. Salg",7.043,4,Villa,122,1940,,Aktuel værdi
Tjørntvedvej 24,4295 Stenlille,870.000,19-08-2003,"
Alm. Salg",3.580,6,Villa,243,1827,,Aktuel værdi
Granbakkevej 10,4295 Stenlille,1.445.000,18-08-2003,"
Alm. Salg",14.896,3,Villa,97,1867,,Aktuel værdi
Assentorpvej 24,4295 Stenlille,201.060,18-08-2003,"
Alm. Salg",848,6,Villa,237,2003,,Aktuel værdi
Tjørntvedvej 23,4295 Stenlille,768.000,15-08-2003,"
Alm. Salg",5.818,5,Villa,132,1890,,Aktuel værdi
Lårupvej 9,4295 Stenlille,845.000,10-08-2003,"
Alm. Salg",6.869,5,Villa,123,1922,,Aktuel værdi
Assentorpvej 90,4295 Stenlille,1.895.000,02-08-2003,"
Alm. Salg",9.427,6,Villa,201,2002,,Aktuel værdi
Hovedgaden 119,4295 Stenlille,1.075.000,23-07-2003,"
Alm. Salg",8.269,4,Stuehus,130,1933,,
Tygestrupvej 9,4295 Stenlille,1.595.000,14-07-2003,"
Alm. Salg",14.241,3,Villa,112,1860,,Aktuel værdi
Orebovej 36,4295 Stenlille,1.312.500,10-07-2003,"
Fam. Salg",4.063,7,Villa,323,1875,,Aktuel værdi
Hovedgaden 70,4295 Stenlille,849.000,05-07-2003,"
Alm. Salg",3.773,5,Villa,225,1880,,Aktuel værdi
Vedde Byvej 25,4295 Stenlille,825.908,25-06-2003,"
Alm. Salg",5.506,6,Villa,150,1902,,Aktuel værdi
Sønderbjerg 18,4295 Stenlille,1.127.329,17-06-2003,"
Alm. Salg",6.060,6,Villa,186,1852,,Aktuel værdi
Sorøvej 92,4295 Stenlille,600.000,12-06-2003,"
Alm. Salg",6.122,4,Villa,98,1923,,Aktuel værdi
Råbjergvej 16,4295 Stenlille,1.195.000,02-06-2003,"
Alm. Salg",12.070,3,Villa,99,1961,,Aktuel værdi
Elmevej 4,4295 Stenlille,160.000,10-05-2003,"
Alm. Salg",893,8,Villa,179,2006,,Aktuel værdi
Skuerupvej 8,4295 Stenlille,2.000.000,29-04-2003,"
Alm. Salg",8.130,8,Stuehus,246,1910,,
Vestervej 4,4295 Stenlille,840.000,16-04-2003,"
Alm. Salg",7.636,4,Villa,110,1964,,Aktuel værdi
"Hovedgaden 61, 1",4295 Stenlille,1.113.939,10-04-2003,"
Alm. Salg",-,3,Kollegium,81,1924,,Aktuel værdi
Vedde Byvej 43,4295 Stenlille,776.348,11-03-2003,"
Alm. Salg",8.003,4,Villa,97,1700,,Aktuel værdi
Saltoftevej 3,4295 Stenlille,6.693.000,09-03-2003,"
Fam. Salg",31.720,5,Stuehus,211,1989,,
Orebovej 23,4295 Stenlille,1.040.000,18-02-2003,"
Alm. Salg",-,5,Villa,158,1900,,Aktuel værdi
Stenmaglevej 13,4295 Stenlille,836.906,12-02-2003,"
Alm. Salg",6.974,5,Rækkehus,120,1959,,Aktuel værdi
Assentorpvej 54,4295 Stenlille,884.770,29-01-2003,"
Alm. Salg",6.805,5,Villa,130,1969,,Aktuel værdi
Øbrovej 15,4295 Stenlille,900.000,14-01-2003,"
Alm. Salg",3.501,5,Stuehus,257,1920,,
Skuerupvej 18,4295 Stenlille,720.520,13-12-2002,"
Alm. Salg",-,4,Villa,116,1965,,Aktuel værdi
Bakkevej 23,4295 Stenlille,880.000,02-12-2002,"
Alm. Salg",8.000,4,Villa,110,1969,,Aktuel værdi
Assentorpvej 125,4295 Stenlille,500.000,30-11-2002,"
Alm. Salg",3.448,4,Villa,145,2004,,Aktuel værdi
Veddevej 38,4295 Stenlille,825.270,29-11-2002,"
Alm. Salg",5.894,5,Villa,140,1900,,Aktuel værdi
Hybenvej 5,4295 Stenlille,1.050.000,20-11-2002,"
Alm. Salg",8.076,4,Villa,130,1963,,Aktuel værdi
Hybenvej 6,4295 Stenlille,751.000,19-11-2002,"
Alm. Salg",6.765,4,Villa,111,1963,,Aktuel værdi
Hovedgaden 84,4295 Stenlille,402.301,14-11-2002,"
Alm. Salg",3.831,3,Villa,105,1952,,Aktuel værdi
Kirkevej 4,4295 Stenlille,791.603,11-11-2002,"
Alm. Salg",4.947,6,Villa,160,1947,,Aktuel værdi
Råbjergvej 7,4295 Stenlille,844.702,31-10-2002,"
Alm. Salg",11.731,3,Villa,72,1953,,Aktuel værdi
Fasanvænget 18,4295 Stenlille,1.165.000,08-10-2002,"
Alm. Salg",4.755,6,Sommerhus,245,1977,,Aktuel værdi
Møllegårdsvej 113,4295 Stenlille,1.149.000,02-10-2002,"
Alm. Salg",10.445,4,Villa,110,1987,,Aktuel værdi
Møllegårdsvej 119B,4295 Stenlille,183.333,02-10-2002,"
Andet",2.059,3,Rækkehus,89,1986,,Aktuel værdi
Sorøvej 29,4295 Stenlille,1.260.000,30-09-2002,"
Alm. Salg",8.076,5,Villa,156,1907,,Aktuel værdi
Granbakkevej 16,4295 Stenlille,640.000,26-09-2002,"
Alm. Salg",4.102,4,Stuehus,156,1905,,
Kirkevej 10,4295 Stenlille,1.146.000,05-09-2002,"
Alm. Salg",8.488,4,Villa,135,1974,,Aktuel værdi
Maglebjergvej 2,4295 Stenlille,1.112.000,29-08-2002,"
Alm. Salg",13.397,2,Villa,83,1900,,Aktuel værdi
Skuerup Mark 8,4295 Stenlille,1.200.000,23-07-2002,"
Alm. Salg",12.000,4,Stuehus,100,1860,,
Øbrovej 7,4295 Stenlille,300.000,16-07-2002,"
Alm. Salg",1.500,4,Villa,200,2005,,Aktuel værdi
Lårupvej 20,4295 Stenlille,835.000,28-06-2002,"
Alm. Salg",7.731,4,Villa,108,1900,,Aktuel værdi
Bredtvedvej 8,4295 Stenlille,880.604,23-06-2002,"
Alm. Salg",5.870,4,Sommerhus,150,1971,,Aktuel værdi
Saltofte Holme 10,4295 Stenlille,500.000,15-06-2002,"
Fam. Salg",2.304,5,Stuehus,217,1857,,
Sorøvej 94,4295 Stenlille,482.268,29-05-2002,"
Andet",-,4,Villa,173,1934,,Aktuel værdi
Stenmaglevej 15,4295 Stenlille,586.500,09-05-2002,"
Fam. Salg",4.887,5,Rækkehus,120,1959,,Aktuel værdi
Øbrovej 2,4295 Stenlille,38.000,26-04-2002,"
Alm. Salg",301,6,Stuehus,126,1942,,
Skuerupvej 16,4295 Stenlille,970.000,23-04-2002,"
Alm. Salg",6.736,5,Stuehus,144,1900,,
Sværdsholtevej 11,4295 Stenlille,1.960.145,04-04-2002,"
Alm. Salg",10.209,8,Villa,192,1942,,Aktuel værdi
Ostrupvej 14,4295 Stenlille,1.600.000,27-03-2002,"
Fam. Salg",9.411,8,Stuehus,170,1864,,
Syrenvej 37,4295 Stenlille,985.000,19-03-2002,"
Alm. Salg",7.576,4,Villa,130,1969,,Aktuel værdi
Assentorpvej 94,4295 Stenlille,250.000,07-03-2002,"
Alm. Salg",-,6,Stuehus,252,1880,,
Møllegårdsvej 123A,4295 Stenlille,813.000,22-02-2002,"
Alm. Salg",9.564,4,Rækkehus,85,1986,,Aktuel værdi
Pilevej 10,4295 Stenlille,1.354.660,06-02-2002,"
Alm. Salg",9.888,6,Villa,137,2002,,Aktuel værdi
Lårupvej 25,4295 Stenlille,1.051.030,05-02-2002,"
Alm. Salg",5.281,7,Villa,199,1910,,Aktuel værdi
Sønderbjerg 9,4295 Stenlille,760.000,24-01-2002,"
Alm. Salg",3.040,8,Villa,250,1935,,Aktuel værdi
Østerstræde 3,4295 Stenlille,410.222,23-01-2002,"
Alm. Salg",3.107,4,Villa,132,1877,,Aktuel værdi
Veddevej 58,4295 Stenlille,614.168,13-01-2002,"
Alm. Salg",8.530,5,Villa,72,1922,,Aktuel værdi
"Sværdsholtevej 9A, ST. TH",4295 Stenlille,460.000,12-12-2001,"
Alm. Salg",4.893,2,Lejlighed,94,1905,,Aktuel værdi
Veddevej 42,4295 Stenlille,840.600,13-11-2001,"
Alm. Salg",4.831,4,Villa,174,1865,,Aktuel værdi
Hovedgaden 23,4295 Stenlille,590.000,24-10-2001,"
Alm. Salg",5.130,4,Villa,115,1919,,Aktuel værdi
Fasanvænget 10,4295 Stenlille,513.000,23-10-2001,"
Alm. Salg",5.829,3,Villa,88,1966,,Aktuel værdi
Råbjergvej 20,4295 Stenlille,720.000,22-10-2001,"
Alm. Salg",8.674,4,Villa,83,1960,,Aktuel værdi
Vedde Byvej 34,4295 Stenlille,779.268,13-10-2001,"
Alm. Salg",6.387,5,Villa,122,1900,,Aktuel værdi
Assentorpvej 101,4295 Stenlille,1.000.000,01-10-2001,"
Alm. Salg",7.407,3,Villa,135,2011,,Aktuel værdi
Morbærvej 6,4295 Stenlille,1.210.000,01-10-2001,"
Alm. Salg",9.379,4,Villa,129,2001,,Aktuel værdi
Hovedgaden 93,4295 Stenlille,1.145.440,26-09-2001,"
Alm. Salg",9.237,6,Villa,124,1959,,Aktuel værdi
Vedde Byvej 18,4295 Stenlille,166.667,25-09-2001,"
Fam. Salg",3.703,2,Sommerhus,45,1880,,Aktuel værdi
Tjørntvedvej 9,4295 Stenlille,500.000,24-09-2001,"
Alm. Salg",2.500,13,Industri o.l.,200,1925,,Aktuel værdi
Granbakkevej 12,4295 Stenlille,495.001,23-09-2001,"
Alm. Salg",3.278,5,Villa,151,2003,,Aktuel værdi
Vedde Byvej 20,4295 Stenlille,850.000,22-09-2001,"
Fam. Salg",-,3,Villa,236,1904,,Aktuel værdi
Vibevej 19,4295 Stenlille,850.000,18-09-2001,"
Alm. Salg",7.456,4,Villa,114,1979,,Aktuel værdi
Enghavevej 15,4295 Stenlille,1.411.000,10-09-2001,"
Alm. Salg",7.882,4,Villa,179,1977,,Aktuel værdi
Maglebjergvej 1,4295 Stenlille,1.798.490,01-09-2001,"
Alm. Salg",9.318,3,Stuehus,193,1920,,
Vestervej 2,4295 Stenlille,950.000,01-09-2001,"
Alm. Salg",7.307,5,Villa,130,1964,,Aktuel værdi
Råbjergvej 21,4295 Stenlille,881.809,25-07-2001,"
Alm. Salg",10.753,2,Villa,82,1961,,Aktuel værdi
Maglesvinget 1,4295 Stenlille,186.000,23-07-2001,"
Alm. Salg",2.513,3,Sommerhus,74,2010,,Aktuel værdi
Orebovej 25,4295 Stenlille,500.000,16-07-2001,"
Alm. Salg",2.808,6,Villa,178,2004,,Aktuel værdi
Råbjergvej 11,4295 Stenlille,550.000,15-07-2001,"
Fam. Salg",5.392,4,Villa,102,1963,,Aktuel værdi
Højbodalvej 37,4295 Stenlille,1.600.000,04-07-2001,"
Alm. Salg",16.842,6,Villa,95,1875,,Aktuel værdi
Rødtjørnevej 2,4295 Stenlille,1.210.000,30-05-2001,"
Alm. Salg",9.379,4,Villa,129,2001,,Aktuel værdi
Syrenvej 30,4295 Stenlille,1.050.000,22-05-2001,"
Alm. Salg",8.333,4,Villa,126,1979,,Aktuel værdi
Råbjergvej 4,4295 Stenlille,785.000,15-05-2001,"
Alm. Salg",6.382,4,Villa,123,1930,,Aktuel værdi
Bakkevej 20,4295 Stenlille,1.021.190,17-04-2001,"
Alm. Salg",7.399,4,Villa,138,1970,,Aktuel værdi
Stenmaglevej 36,4295 Stenlille,400.000,04-04-2001,"
Alm. Salg",2.072,7,Villa,193,2002,,Aktuel værdi
Kirkevej 19,4295 Stenlille,1.225.000,01-04-2001,"
Alm. Salg",6.843,7,Villa,179,1919,,Aktuel værdi
Veddevej 54,4295 Stenlille,726.000,30-03-2001,"
Alm. Salg",5.260,6,Villa,138,1890,,Aktuel værdi
Fasanvej 9,4295 Stenlille,824.312,29-03-2001,"
Alm. Salg",8.769,4,Villa,94,1970,,Aktuel værdi
Møllegårdsvej 41A,4295 Stenlille,810.000,09-03-2001,"
Alm. Salg",9.101,4,Rækkehus,89,1985,,Aktuel værdi
Vedde Byvej 41B,4295 Stenlille,100.000,01-03-2001,"
Alm. Salg",396,6,Stuehus,252,2009,,
Assentorpvej 111,4295 Stenlille,1.950.000,20-02-2001,"
Alm. Salg",11.676,7,Stuehus,167,1932,,
Rønnevej 6,4295 Stenlille,1.073.000,15-02-2001,"
Alm. Salg",6.664,6,Villa,161,1974,,Aktuel værdi
Assentorpvej 50,4295 Stenlille,727.084,14-02-2001,"
Alm. Salg",4.039,5,Villa,180,1870,,Aktuel værdi
Vedde Byvej 2,4295 Stenlille,500.000,08-01-2001,"
Fam. Salg",5.555,3,Villa,90,1900,,Aktuel værdi
Vedde Byvej 4,4295 Stenlille,1.235.000,08-01-2001,"
Fam. Salg",7.670,7,Stuehus,161,1861,,
Granbakkevej 19,4295 Stenlille,410.000,22-12-2000,"
Alm. Salg",6.406,4,Sommerhus,64,1967,,Aktuel værdi
Birkealle 4,4295 Stenlille,280.000,22-12-2000,"
Fam. Salg",4.307,3,Villa,65,1948,,Aktuel værdi
Assentorpvej 91,4295 Stenlille,890.000,22-12-2000,"
Alm. Salg",8.018,3,Villa,111,1900,,Aktuel værdi
Sorøvej 55,4295 Stenlille,650.000,12-12-2000,"
Alm. Salg",5.158,8,Villa,126,1910,,Aktuel værdi
Mejerivej 6,4295 Stenlille,396.500,07-12-2000,"
Fam. Salg",3.671,4,Villa,108,1950,,Aktuel værdi
Tjørntvedvej 15,4295 Stenlille,1.475.000,05-12-2000,"
Alm. Salg",7.057,6,Villa,209,1915,,Aktuel værdi
Saltofte Holme 14,4295 Stenlille,1.195.000,30-11-2000,"
Alm. Salg",7.113,6,Stuehus,168,1906,,
Fredensvej 20,4295 Stenlille,800.000,19-11-2000,"
Alm. Salg",5.479,4,Villa,146,1962,,Aktuel værdi
Maglebjergvej 13,4295 Stenlille,375.000,16-11-2000,"
Alm. Salg",8.522,3,Sommerhus,44,1970,,Aktuel værdi
Møllegårdsvej 40,4295 Stenlille,164.000,12-11-2000,"
Andet",1.490,4,Rækkehus,110,1988,,Aktuel værdi
Risagervej 22,4295 Stenlille,985.000,31-10-2000,"
Alm. Salg",7.576,4,Villa,130,1978,,Aktuel værdi
Stenmaglevej 6A,4295 Stenlille,200.000,19-10-2000,"
Fam. Salg",2.857,3,Villa,70,1890,,Aktuel værdi
Rønnevej 7,4295 Stenlille,1.214.860,08-10-2000,"
Alm. Salg",5.497,6,Villa,221,1974,,Aktuel værdi
Højbodalvej 25A,4295 Stenlille,1.150.000,06-10-2000,"
Fam. Salg",7.666,5,Stuehus,150,2003,,
Bakketorvet 15,4295 Stenlille,825.000,04-10-2000,"
Alm. Salg",8.088,4,Villa,102,1992,,Aktuel værdi
Enghaven 25,4295 Stenlille,1.010.000,02-10-2000,"
Alm. Salg",9.351,4,Villa,108,1977,,Aktuel værdi
Assentorpvej 12,4295 Stenlille,849.380,27-09-2000,"
Alm. Salg",4.641,6,Villa,183,1920,,Aktuel værdi
Kirkevej 1,4295 Stenlille,586.500,13-09-2000,"
Alm. Salg",4.250,5,Villa,138,1912,,Aktuel værdi
Assentorpvej 10,4295 Stenlille,1.182.000,24-08-2000,"
Alm. Salg",4.904,10,Villa,241,1927,,Aktuel værdi
Stenmaglevej 45,4295 Stenlille,1.765.000,23-08-2000,"
Alm. Salg",11.611,5,Stuehus,152,1906,,
Saltofte Holme 6,4295 Stenlille,1.371.000,08-08-2000,"
Alm. Salg",5.858,5,Stuehus,234,1907,,
Morbærvej 2,4295 Stenlille,120.960,27-07-2000,"
Alm. Salg",870,5,Villa,139,2002,,Aktuel værdi
Orebovej 14,4295 Stenlille,514.720,12-07-2000,"
Alm. Salg",3.870,4,Villa,133,1800,,Aktuel værdi
Lårupvej 10,4295 Stenlille,547.000,10-07-2000,"
Alm. Salg",4.883,4,Villa,112,1907,,Aktuel værdi
Stenmaglevej 28,4295 Stenlille,703.000,21-06-2000,"
Auktion",6.892,2,Villa,102,1973,,Aktuel værdi
Lårupvej 1,4295 Stenlille,238.000,16-06-2000,"
Fam. Salg",3.966,2,Sommerhus,60,1830,,Aktuel værdi
Kirkevej 6,4295 Stenlille,837.000,15-05-2000,"
Alm. Salg",7.971,3,Villa,105,1932,,Aktuel værdi
Vibevej 10,4295 Stenlille,1.064.407,15-05-2000,"
Alm. Salg",7.096,5,Villa,150,1980,,Aktuel værdi
Assentorpvej 72,4295 Stenlille,1.361.000,26-04-2000,"
Alm. Salg",7.777,4,Villa,175,1850,,Aktuel værdi
Assentorpvej 79,4295 Stenlille,540.000,12-04-2000,"
Alm. Salg",5.192,4,Villa,104,1964,,Aktuel værdi
Enghavevej 14,4295 Stenlille,1.082.125,11-04-2000,"
Alm. Salg",2.504,11,Villa,432,1855,,Aktuel værdi
Risagervej 33,4295 Stenlille,1.036.683,10-04-2000,"
Alm. Salg",7.853,5,Villa,132,1978,,Aktuel værdi
Hovedgaden 89,4295 Stenlille,905.000,06-04-2000,"
Alm. Salg",8.537,4,Villa,106,1950,,Aktuel værdi
Assentorpvej 129,4295 Stenlille,1.356.816,01-04-2000,"
Alm. Salg",4.568,8,Stuehus,297,1870,,
Sværdsholtevej 16,4295 Stenlille,1.303.450,30-03-2000,"
Alm. Salg",6.062,6,Villa,215,1920,,Aktuel værdi
Maglesvinget 2,4295 Stenlille,226.000,04-02-2000,"
Alm. Salg",4.109,3,Sommerhus,55,1955,,Aktuel værdi
Assentorpvej 75,4295 Stenlille,850.001,16-01-2000,"
Alm. Salg",6.800,5,Villa,125,1943,,Aktuel værdi
Møllegårdsvej 47,4295 Stenlille,380.531,23-12-1999,"
Fam. Salg",2.520,5,Villa,151,1987,,Aktuel værdi
Syrenvej 32,4295 Stenlille,1.074.000,21-12-1999,"
Alm. Salg",8.803,4,Villa,122,1979,,Aktuel værdi
Vedde Byvej 16,4295 Stenlille,1.295.000,20-12-1999,"
Alm. Salg",-,4,Villa,160,1870,,Aktuel værdi
Fasanvænget 14,4295 Stenlille,220.000,20-12-1999,"
Alm. Salg",3.548,5,Sommerhus,62,1972,,Aktuel værdi
Morbærvej 8,4295 Stenlille,91.300,07-12-1999,"
Alm. Salg",498,5,Villa,183,2000,,Aktuel værdi
Skuerupvej 20,4295 Stenlille,1.139.240,15-11-1999,"
Alm. Salg",6.124,5,Villa,186,1900,,Aktuel værdi
Ostrupvej 9,4295 Stenlille,771.000,29-09-1999,"
Alm. Salg",5.930,5,Villa,130,1925,,Aktuel værdi
Hasselvej 3,4295 Stenlille,616.880,08-09-1999,"
Alm. Salg",5.711,4,Villa,108,1970,,Aktuel værdi
Ostrupvej 4,4295 Stenlille,410.000,27-08-1999,"
Alm. Salg",2.303,3,Villa,178,1900,,Aktuel værdi
Kirkevej 8,4295 Stenlille,573.440,11-08-1999,"
Alm. Salg",-,6,Villa,159,1943,,Aktuel værdi
Mosevej 11C,4295 Stenlille,140.630,02-07-1999,"
Alm. Salg",4.687,2,Sommerhus,30,1960,,Aktuel værdi
Veddevej 43,4295 Stenlille,695.000,25-06-1999,"
Alm. Salg",4.964,6,Villa,140,1952,,Aktuel værdi
Øbrovej 8,4295 Stenlille,506.042,23-06-1999,"
Alm. Salg",4.600,3,Villa,110,1900,,Aktuel værdi
Bredtvedvej 6,4295 Stenlille,588.500,12-06-1999,"
Alm. Salg",6.538,4,Sommerhus,90,1972,,Aktuel værdi
Kirsebærvej 5,4295 Stenlille,138.360,08-06-1999,"
Alm. Salg",947,4,Villa,146,2000,,Aktuel værdi
Assentorpvej 37,4295 Stenlille,380.000,06-06-1999,"
Alm. Salg",5.757,4,Villa,66,1910,,Aktuel værdi
Vedde Byvej 32,4295 Stenlille,487.000,25-05-1999,"
Alm. Salg",-,6,Villa,201,1902,,Aktuel værdi
Øbrovej 17,4295 Stenlille,475.000,21-05-1999,"
Alm. Salg",2.351,5,Villa,202,2002,,Aktuel værdi
Hovedgaden 11,4295 Stenlille,574.480,19-05-1999,"
Alm. Salg",4.419,4,Villa,130,1926,,Aktuel værdi
Hovedgaden 113,4295 Stenlille,731.611,09-05-1999,"
Fam. Salg",6.096,3,Villa,120,1927,,Aktuel værdi
Hovedgaden 123,4295 Stenlille,652.040,07-05-1999,"
Alm. Salg",5.874,4,Villa,111,1935,,Aktuel værdi
Skuerupvej 10,4295 Stenlille,902.160,28-04-1999,"
Alm. Salg",7.710,4,Villa,117,1830,,Aktuel værdi
Hvidtjørnevej 4,4295 Stenlille,403.469,23-04-1999,"
Andet",3.280,5,Villa,123,1989,,Aktuel værdi
Kirkevej 15,4295 Stenlille,539.460,20-04-1999,"
Alm. Salg",4.056,9,Villa,133,1945,,Aktuel værdi
Munke Bjergbyvej 46,4295 Stenlille,135.150,08-04-1999,"
Fam. Salg",1.145,5,Stuehus,118,1850,,
Vestervej 5,4295 Stenlille,655.000,25-03-1999,"
Alm. Salg",5.900,4,Villa,111,1962,,Aktuel værdi
Skuerupvej 13,4295 Stenlille,450.000,16-03-1999,"
Alm. Salg",6.617,3,Villa,68,1960,,Aktuel værdi
Stenmaglevej 39,4295 Stenlille,825.000,15-03-1999,"
Alm. Salg",7.638,4,Villa,108,1917,,Aktuel værdi
Møllegårdsvej 63A,4295 Stenlille,705.000,27-02-1999,"
Alm. Salg",9.276,3,Rækkehus,76,1986,,Aktuel værdi
Vinkelvej 11,4295 Stenlille,815.000,09-02-1999,"
Alm. Salg",5.433,6,Villa,150,1928,,Aktuel værdi
Fasanvænget 13,4295 Stenlille,170.000,05-02-1999,"
Alm. Salg",3.035,3,Sommerhus,56,1968,,Aktuel værdi
Stenlillevej 11,4295 Stenlille,465.000,04-02-1999,"
Fam. Salg",-,5,Villa,183,1880,,Aktuel værdi
Sorøvej 57,4295 Stenlille,1.408.884,20-01-1999,"
Alm. Salg",8.005,7,Villa,176,1898,,Aktuel værdi
Birkevej 1,4295 Stenlille,687.000,28-12-1998,"
Alm. Salg",5.496,5,Villa,125,1954,,Aktuel værdi
Fredsvænget 1,4295 Stenlille,338.500,15-11-1998,"
Fam. Salg",2.241,5,Villa,151,1947,,Aktuel værdi
Assentorpvej 62,4295 Stenlille,570.000,12-11-1998,"
Fam. Salg",4.318,4,Stuehus,132,1870,,
Tygestrupvej 8,4295 Stenlille,640.000,19-09-1998,"
Alm. Salg",3.333,6,Villa,192,1911,,Aktuel værdi
Sværdsholtevej 21,4295 Stenlille,1.602.000,31-08-1998,"
Alm. Salg",7.521,6,Villa,213,1915,,Aktuel værdi
Møllegårdsvej 51B,4295 Stenlille,760.562,03-08-1998,"
Alm. Salg",8.947,3,Rækkehus,85,1985,,Aktuel værdi
Sorøvej 48,4295 Stenlille,1.090.750,24-07-1998,"
Alm. Salg",6.903,5,Villa,158,1934,,Aktuel værdi
Råbjergvej 1,4295 Stenlille,690.000,20-07-1998,"
Alm. Salg",3.593,6,Villa,192,1973,,Aktuel værdi
Assentorpvej 95,4295 Stenlille,320.261,12-07-1998,"
Alm. Salg",2.809,4,Villa,114,1976,,Aktuel værdi
Assentorpvej 87,4295 Stenlille,1.250.303,30-06-1998,"
Alm. Salg",6.040,7,Villa,207,1919,,Aktuel værdi
Saltoftevej 6,4295 Stenlille,657.182,25-06-1998,"
Alm. Salg",5.476,7,Stuehus,120,1916,,
Tjørntvedvej 8,4295 Stenlille,920.000,29-05-1998,"
Alm. Salg",6.388,5,Villa,144,1917,,Aktuel værdi
Hovedgaden 110,4295 Stenlille,757.000,20-05-1998,"
Alm. Salg",7.885,3,Villa,96,1987,,Aktuel værdi
Skuerupvej 24,4295 Stenlille,617.000,24-04-1998,"
Alm. Salg",5.820,4,Villa,106,1900,,Aktuel værdi
Hvidtjørnevej 6,4295 Stenlille,803.000,16-04-1998,"
Alm. Salg",-,6,Villa,150,1988,,Aktuel værdi
Højbodalvej 21,4295 Stenlille,1.147.720,15-04-1998,"
Alm. Salg",5.916,4,Stuehus,194,1926,,
Drosselvej 5,4295 Stenlille,822.000,30-03-1998,"
Alm. Salg",6.323,4,Villa,130,1972,,Aktuel værdi
Møllevej 15,4295 Stenlille,808.000,29-03-1998,"
Alm. Salg",6.789,4,Villa,119,1980,,Aktuel værdi
Assentorpvej 38,4295 Stenlille,408.000,27-03-1998,"
Fam. Salg",4.744,4,Villa,86,1935,,Aktuel værdi
Stenlillevej 9,4295 Stenlille,1.045.000,24-03-1998,"
Alm. Salg",-,7,Stuehus,175,1900,,
Hasselvej 5,4295 Stenlille,715.940,19-03-1998,"
Alm. Salg",6.225,4,Villa,115,1968,,Aktuel værdi
Vedde Byvej 13,4295 Stenlille,524.000,12-03-1998,"
Alm. Salg",3.690,4,Villa,142,1927,,Aktuel værdi
Granbakkevej 13,4295 Stenlille,938.600,01-03-1998,"
Alm. Salg",5.456,4,Villa,172,1900,,Aktuel værdi
Skuerupvej 14,4295 Stenlille,1.529.300,14-02-1998,"
Alm. Salg",10.546,5,Stuehus,145,1880,,
Råbjergvej 17,4295 Stenlille,169.286,03-02-1998,"
Alm. Salg",1.781,3,Villa,95,1956,,Aktuel værdi
Rødtjørnevej 6,4295 Stenlille,100.560,12-01-1998,"
Alm. Salg",1.026,4,Villa,98,1998,,Aktuel værdi
Møllegårdsvej 121A,4295 Stenlille,558.000,08-01-1998,"
Alm. Salg",6.269,3,Rækkehus,89,1986,,Aktuel værdi
Syrenvej 24,4295 Stenlille,1.112.000,13-10-1997,"
Alm. Salg",5.616,4,Villa,198,1980,,Aktuel værdi
Lårupvej 21,4295 Stenlille,884.207,07-10-1997,"
Alm. Salg",5.526,3,Villa,160,1982,,Aktuel værdi
Vedde Byvej 8,4295 Stenlille,550.000,04-10-1997,"
Alm. Salg",5.238,3,Villa,105,1964,,Aktuel værdi
Glentevej 2,4295 Stenlille,870.000,24-09-1997,"
Alm. Salg",6.444,3,Villa,135,1973,,Aktuel værdi
Orebovej 18,4295 Stenlille,623.000,20-09-1997,"
Alm. Salg",5.279,4,Villa,118,1974,,Aktuel værdi
Toftevej 10,4295 Stenlille,572.190,18-09-1997,"
Alm. Salg",4.932,4,Villa,116,1966,,Aktuel værdi
Stenmaglevej 38,4295 Stenlille,929.800,12-06-1997,"
Alm. Salg",-,5,Villa,234,1993,,Aktuel værdi
Hyldevej 6,4295 Stenlille,882.770,04-06-1997,"
Alm. Salg",7.235,4,Villa,122,1991,,Aktuel værdi
Parkvej 8,4295 Stenlille,796.000,01-06-1997,"
Alm. Salg",6.076,3,Villa,131,1977,,Aktuel værdi
Vedde Byvej 35,4295 Stenlille,392.000,30-04-1997,"
Alm. Salg",4.900,5,Villa,80,1905,,Aktuel værdi
Tjørntvedvej 1,4295 Stenlille,573.000,18-04-1997,"
Alm. Salg",3.581,6,Villa,160,1903,,Aktuel værdi
Stenmaglevej 35,4295 Stenlille,425.000,16-04-1997,"
Alm. Salg",-,6,Villa,104,1912,,Aktuel værdi
Mågevej 5,4295 Stenlille,834.000,16-03-1997,"
Alm. Salg",6.950,4,Villa,120,1984,,Aktuel værdi
Maglebjergvej 19,4295 Stenlille,251.000,27-02-1997,"
Alm. Salg",1.832,2,Villa,137,1999,,Aktuel værdi
Sønderbjerg 13,4295 Stenlille,930.000,23-02-1997,"
Alm. Salg",9.893,4,Villa,94,1800,,Aktuel værdi
Møllegårdsvej 53A,4295 Stenlille,580.000,19-02-1997,"
Alm. Salg",-,5,Rækkehus,120,1985,,Aktuel værdi
Glentevej 5,4295 Stenlille,942.400,08-02-1997,"
Alm. Salg",5.890,4,Villa,160,1973,,Aktuel værdi
Møllegårdsvej 125,4295 Stenlille,120.000,06-02-1997,"
Alm. Salg",609,6,Villa,197,1999,,Aktuel værdi
Skuerupvej 21,4295 Stenlille,359.402,01-02-1997,"
Alm. Salg",2.204,6,Villa,163,1896,,Aktuel værdi
Mågevej 6,4295 Stenlille,995.000,20-01-1997,"
Alm. Salg",4.830,5,Villa,206,1973,,Aktuel værdi
Holtevej 6,4295 Stenlille,1.127.000,11-01-1997,"
Alm. Salg",10.532,3,Stuehus,107,1915,,
Holtevej 8,4295 Stenlille,150.000,11-01-1997,"
Alm. Salg",2.000,4,Sommerhus,75,1870,,Aktuel værdi
Stenmaglevej 32,4295 Stenlille,920.000,27-12-1996,"
Alm. Salg",4.842,8,Villa,190,1916,,Aktuel værdi
Kirsebærvej 4,4295 Stenlille,119.880,04-12-1996,"
Alm. Salg",826,5,Villa,145,1997,,Aktuel værdi
Risagervej 20,4295 Stenlille,805.000,24-10-1996,"
Alm. Salg",4.908,7,Villa,164,1977,,Aktuel værdi
Kirkevej 26,4295 Stenlille,780.000,16-10-1996,"
Alm. Salg",6.393,5,Villa,122,1972,,Aktuel værdi
Møllevej 9,4295 Stenlille,846.045,05-10-1996,"
Alm. Salg",4.127,7,Villa,205,1981,,Aktuel værdi
Veddevej 47,4295 Stenlille,591.000,03-10-1996,"
Alm. Salg",3.648,7,Villa,162,1930,,Aktuel værdi
Maglebjergvej 17,4295 Stenlille,221.000,26-09-1996,"
Fam. Salg",4.250,3,Sommerhus,52,1975,,Aktuel værdi
Tjørntvedvej 16,4295 Stenlille,850.000,22-08-1996,"
Alm. Salg",-,7,Stuehus,220,1915,,
Risagervej 29,4295 Stenlille,712.000,18-07-1996,"
Alm. Salg",4.315,8,Villa,165,1980,,Aktuel værdi
Vedde Byvej 27,4295 Stenlille,440.000,16-07-1996,"
Alm. Salg",2.573,4,Villa,171,1906,,Aktuel værdi
Assentorpvej 51,4295 Stenlille,858.000,11-07-1996,"
Alm. Salg",4.740,5,Villa,181,1956,,Aktuel værdi
Fasanvænget 12,4295 Stenlille,320.000,30-06-1996,"
Alm. Salg",4.571,5,Sommerhus,70,1967,,Aktuel værdi
Assentorpvej 83,4295 Stenlille,782.859,14-06-1996,"
Alm. Salg",4.301,6,Stuehus,182,1890,,
Assentorpvej 139,4295 Stenlille,844.000,12-06-1996,"
Alm. Salg",-,6,Stuehus,220,1966,,
Lærkevej 6,4295 Stenlille,759.000,11-06-1996,"
Alm. Salg",4.743,6,Villa,160,1974,,Aktuel værdi
Sorøvej 17,4295 Stenlille,724.000,20-05-1996,"
Alm. Salg",5.484,4,Villa,132,1951,,Aktuel værdi
Sorøvej 38,4295 Stenlille,650.000,19-05-1996,"
Alm. Salg",4.545,3,Stuehus,143,1877,,
Møllegårdsvej 55B,4295 Stenlille,562.000,10-04-1996,"
Alm. Salg",6.611,2,Rækkehus,85,1986,,Aktuel værdi
Orebovej 50,4295 Stenlille,580.000,02-04-1996,"
Alm. Salg",4.833,4,Villa,120,1875,,Aktuel værdi
Hovedgaden 91,4295 Stenlille,435.000,24-03-1996,"
Alm. Salg",5.178,3,Villa,84,1947,,Aktuel værdi
Vedde Byvej 29,4295 Stenlille,179.000,23-03-1996,"
Alm. Salg",2.632,3,Villa,68,1917,,Aktuel værdi
Assentorpvej 70,4295 Stenlille,870.000,08-03-1996,"
Alm. Salg",4.578,4,Villa,190,1885,,Aktuel værdi
Saltofte Holme 16,4295 Stenlille,546.295,15-02-1996,"
Alm. Salg",-,4,Villa,183,1900,,Aktuel værdi
Hovedgaden 34,4295 Stenlille,885.000,13-01-1996,"
Alm. Salg",4.097,7,Villa,216,1920,,Aktuel værdi
Ostrupvej 19,4295 Stenlille,1.203.000,07-12-1995,"
Fam. Salg",6.994,5,Stuehus,172,1827,,
Syrenvej 33,4295 Stenlille,161.249,29-11-1995,"
Andet",-,4,Villa,121,1951,,Aktuel værdi
Stenlillevej 7,4295 Stenlille,1.200.000,01-11-1995,"
Alm. Salg",-,8,Stuehus,212,1877,,
Assentorpvej 31B,4295 Stenlille,330.000,01-11-1995,"
Alm. Salg",3.300,4,Villa,100,1968,,Aktuel værdi
Møllegårdsvej 26,4295 Stenlille,485.250,26-10-1995,"
Alm. Salg",5.107,3,Rækkehus,95,1987,,Aktuel værdi
Skuerup Mark 10,4295 Stenlille,325.000,19-10-1995,"
Alm. Salg",3.009,4,Villa,108,1920,,Aktuel værdi
Granbakkevej 34,4295 Stenlille,65.000,19-10-1995,"
Alm. Salg",4.062,1,Sommerhus,16,1966,,Aktuel værdi
Assentorpvej 106,4295 Stenlille,373.890,10-10-1995,"
Alm. Salg",3.595,3,Stuehus,104,1880,,
Engkrogen 5,4295 Stenlille,900.000,01-10-1995,"
Fam. Salg",4.972,8,Stuehus,181,1899,,
Lårupvej 7,4295 Stenlille,450.000,27-09-1995,"
Alm. Salg",3.846,4,Villa,117,1920,,Aktuel værdi
Bakkevej 16,4295 Stenlille,615.000,24-09-1995,"
Alm. Salg",4.804,5,Villa,128,1969,,Aktuel værdi
Ostrupvej 11,4295 Stenlille,356.360,14-09-1995,"
Alm. Salg",3.210,4,Villa,111,1902,,Aktuel værdi
Hovedgaden 85,4295 Stenlille,485.000,02-08-1995,"
Alm. Salg",-,6,Villa,138,1930,,Aktuel værdi
Veddevej 41,4295 Stenlille,365.140,08-06-1995,"
Alm. Salg",4.295,3,Villa,85,1957,,Aktuel værdi
Assentorpvej 93,4295 Stenlille,402.676,01-06-1995,"
Alm. Salg",2.013,5,Villa,200,1850,,Aktuel værdi
Vedde Byvej 45,4295 Stenlille,422.080,18-05-1995,"
Alm. Salg",4.587,2,Villa,92,1960,,Aktuel værdi
Rønnevej 4,4295 Stenlille,590.000,18-04-1995,"
Alm. Salg",3.831,7,Villa,154,1966,,Aktuel værdi
Højbodalvej 17,4295 Stenlille,623.000,16-03-1995,"
Alm. Salg",3.115,7,Stuehus,200,1850,,
Munke Bjergbyvej 57,4295 Stenlille,606.450,06-03-1995,"
Alm. Salg",5.139,5,Villa,118,1900,,Aktuel værdi
Kirkevej 28B,4295 Stenlille,650.000,02-03-1995,"
Alm. Salg",4.887,4,Villa,133,1990,,Aktuel værdi
Hovedgaden 115A,4295 Stenlille,795.000,25-02-1995,"
Alm. Salg",4.907,4,Stuehus,162,1850,,
Veddevej 29,4295 Stenlille,573.800,23-02-1995,"
Alm. Salg",2.668,8,Stuehus,215,1878,,
Kirkevej 5,4295 Stenlille,330.000,15-02-1995,"
Alm. Salg",1.513,6,Villa,218,1919,,Aktuel værdi
Hovedgaden 28,4295 Stenlille,325.000,01-02-1995,"
Alm. Salg",2.954,4,Villa,110,1931,,Aktuel værdi
Merløsevej 8,4295 Stenlille,730.000,23-12-1994,"
Alm. Salg",-,11,Stuehus,320,1780,,
Rønnevej 5,4295 Stenlille,595.000,15-12-1994,"
Alm. Salg",4.219,6,Villa,141,1967,,Aktuel værdi
Hovedgaden 63,4295 Stenlille,395.000,14-12-1994,"
Alm. Salg",4.937,13,Erhverv,80,1910,,Aktuel værdi
Sværdsholtevej 34,4295 Stenlille,625.560,02-12-1994,"
Alm. Salg",7.536,4,Stuehus,83,1916,,
Sorøvej 46,4295 Stenlille,460.000,22-11-1994,"
Alm. Salg",4.380,3,Villa,105,1830,,Aktuel værdi
Møllegårdsvej 121B,4295 Stenlille,515.000,14-11-1994,"
Alm. Salg",5.786,3,Rækkehus,89,1986,,Aktuel værdi
Nordskovvej 28,4295 Stenlille,597.900,03-11-1994,"
Alm. Salg",3.933,5,Villa,152,1910,,Aktuel værdi
Møllegårdsvej 43A,4295 Stenlille,475.000,23-10-1994,"
Alm. Salg",5.588,3,Rækkehus,85,1984,,Aktuel værdi
Lindevej 2,4295 Stenlille,277.000,23-10-1994,"
Alm. Salg",2.915,6,Villa,95,1904,,Aktuel værdi
Stenmaglevej 22,4295 Stenlille,356.032,04-10-1994,"
Alm. Salg",1.967,4,Villa,181,1920,,Aktuel værdi
Bakkevej 10,4295 Stenlille,495.000,07-09-1994,"
Alm. Salg",3.639,3,Villa,136,1972,,Aktuel værdi
Møllegårdsvej 36,4295 Stenlille,275.660,01-09-1994,"
Alm. Salg",-,5,Rækkehus,145,1988,,Aktuel værdi
Hovedgaden 108,4295 Stenlille,435.000,11-08-1994,"
Alm. Salg",4.531,4,Villa,96,1986,,Aktuel værdi
Veddevej 40,4295 Stenlille,463.000,22-06-1994,"
Alm. Salg",3.561,4,Villa,130,1968,,Aktuel værdi
Hovedgaden 52,4295 Stenlille,455.000,15-06-1994,"
Alm. Salg",6.319,5,Engroshandel,72,1900,,Aktuel værdi
Vinkelvej 10A,4295 Stenlille,1.277.333,03-06-1994,"
Alm. Salg",14.852,4,Rækkehus,86,1990,,Aktuel værdi
Hovedgaden 125,4295 Stenlille,465.000,17-05-1994,"
Alm. Salg",3.720,3,Villa,125,1941,,Aktuel værdi
Enghaven 4,4295 Stenlille,656.680,08-05-1994,"
Alm. Salg",4.690,5,Villa,140,1976,,Aktuel værdi
Fredensvej 17,4295 Stenlille,475.000,05-05-1994,"
Alm. Salg",4.398,4,Villa,108,1952,,Aktuel værdi
Hybenvej 9,4295 Stenlille,495.000,28-04-1994,"
Alm. Salg",4.900,3,Villa,101,1964,,Aktuel værdi
Mågevej 3,4295 Stenlille,550.000,29-03-1994,"
Alm. Salg",3.956,5,Villa,139,1984,,Aktuel værdi
Lårupvej 29,4295 Stenlille,385.000,23-03-1994,"
Alm. Salg",3.155,5,Villa,122,1947,,Aktuel værdi
Saltoftevej 2,4295 Stenlille,1.300.000,07-03-1994,"
Alm. Salg",7.222,7,Stuehus,180,1875,,
Fredensvej 22,4295 Stenlille,420.000,22-02-1994,"
Alm. Salg",3.620,3,Villa,116,1986,,Aktuel værdi
Hovedgaden 99,4295 Stenlille,265.000,19-02-1994,"
Alm. Salg",2.880,3,Villa,92,1935,,Aktuel værdi
Enghaven 20,4295 Stenlille,280.000,10-02-1994,"
Alm. Salg",3.294,4,Villa,85,1931,,Aktuel værdi
Veddevej 48,4295 Stenlille,420.000,24-01-1994,"
Alm. Salg",-,9,Villa,256,1777,,Aktuel værdi
Fasanvej 4,4295 Stenlille,475.000,30-09-1993,"
Alm. Salg",4.241,4,Villa,112,1969,,Aktuel værdi
Risagervej 10,4295 Stenlille,707.000,01-09-1993,"
Alm. Salg",4.978,4,Villa,142,1978,,Aktuel værdi
Assentorpvej 88,4295 Stenlille,365.000,30-07-1993,"
Alm. Salg",4.740,5,Villa,77,1972,,Aktuel værdi
Sorøvej 44,4295 Stenlille,795.000,26-07-1993,"
Alm. Salg",6.794,4,Villa,117,1958,,Aktuel værdi
Lårupvej 27A,4295 Stenlille,407.000,30-06-1993,"
Alm. Salg",3.913,4,Villa,104,1972,,Aktuel værdi
Kirkevej 17,4295 Stenlille,430.000,01-05-1993,"
Alm. Salg",4.526,4,Villa,95,1942,,Aktuel værdi
Bakkevej 7,4295 Stenlille,335.000,23-04-1993,"
Alm. Salg",3.045,4,Villa,110,1966,,Aktuel værdi
Sværdsholtevej 24,4295 Stenlille,931.000,01-04-1993,"
Auktion",6.045,5,Stuehus,154,1900,,
Hovedgaden 100,4295 Stenlille,330.000,29-03-1993,"
Alm. Salg",5.409,2,Villa,61,1942,,Aktuel værdi
Gyvelvej 1,4295 Stenlille,750.000,15-02-1993,"
Alm. Salg",3.846,5,Villa,195,1987,,Aktuel værdi
Hovedgaden 15,4295 Stenlille,400.000,24-01-1993,"
Fam. Salg",3.773,3,Villa,106,1937,,Aktuel værdi
Sorøvej 76,4295 Stenlille,390.000,20-11-1992,"
Alm. Salg",4.105,4,Villa,95,1963,,Aktuel værdi
Mosevej 7,4295 Stenlille,370.000,24-09-1992,"
Alm. Salg",9.736,3,Villa,38,1961,,Aktuel værdi
Sønderbjerg 10,4295 Stenlille,1.600.000,27-08-1992,"
Alm. Salg",6.557,7,Stuehus,244,1911,,
Tygestrupvej 3,4295 Stenlille,165.000,23-07-1992,"
Alm. Salg",774,6,Villa,213,1870,,Aktuel værdi
Hovedgaden 55,4295 Stenlille,425.000,20-07-1992,"
Alm. Salg",2.992,5,Villa,142,1900,,Aktuel værdi
Syrenvej 35,4295 Stenlille,441.000,13-07-1992,"
Alm. Salg",2.705,5,Villa,163,1973,,Aktuel værdi
Vinkelvej 7,4295 Stenlille,545.000,01-06-1992,"
Alm. Salg",3.892,7,Villa,140,1926,,Aktuel værdi
Sværdsholtevej 6,4295 Stenlille,365.000,19-05-1992,"
Alm. Salg",2.198,6,Villa,166,1910,,Aktuel værdi
Engkrogen 3,4295 Stenlille,925.000,18-05-1992,"
Alm. Salg",5.196,6,Stuehus,178,1927,,
Sorøvej 19,4295 Stenlille,360.000,02-04-1992,"
Alm. Salg",2.222,5,Villa,162,1953,,Aktuel værdi
Orebovej 22,4295 Stenlille,575.000,18-02-1992,"
Alm. Salg",3.159,5,Villa,182,1975,,Aktuel værdi
Orebovej 26,4295 Stenlille,575.000,24-01-1992,"
Alm. Salg",4.713,4,Villa,122,1988,,Aktuel værdi
Enghaven 6,4295 Stenlille,525.000,14-01-1992,"
Alm. Salg",5.048,4,Villa,104,1975,,Aktuel værdi
Rønnevej 8,4295 Stenlille,460.000,13-01-1992,"
Alm. Salg",4.144,4,Villa,111,1972,,Aktuel værdi
