address,zip_code,price,sell_date,sell_type,price_per_sq_m,no_rooms,housing_type,size_in_sq_m,year_of_construction,price_change_in_pct
Bygaden 1,4296 Nyrup,450.000,18-03-2017,"
Alm. Salg",3.600,3,Villa,125,1923,-10 %,Aktuel værdi
Kragebjerg 4,4296 Nyrup,995.000,17-03-2017,"
Alm. Salg",10.153,4,Villa,98,1830,,Aktuel værdi
Merløsevej 16,4296 Nyrup,350.000,17-01-2017,"
Fam. Salg",2.822,6,Villa,124,1904,,Aktuel værdi
Marienlunden 60A,4296 Nyrup,830.000,04-01-2017,"
Alm. Salg",9.222,3,Rækkehus,90,1987,-4 %,Aktuel værdi
Kragebjerg 3,4296 Nyrup,1.675.000,07-12-2016,"
Alm. Salg",6.203,9,Villa,270,1975,-7 %,Aktuel værdi
Nyrupvej 31,4296 Nyrup,920.000,29-08-2016,"
Alm. Salg",10.000,3,Villa,92,1961,-8 %,Aktuel værdi
Kyringevej 107,4296 Nyrup,2.295.000,23-08-2016,"
Alm. Salg",9.254,8,Stuehus,248,1904,,
Rolighedsvej 2,4296 Nyrup,600.000,31-07-2016,"
Alm. Salg",2.439,7,Villa,246,1900,-14 %,Aktuel værdi
Vanløsevej 1B,4296 Nyrup,975.000,14-07-2016,"
Alm. Salg",6.724,4,Villa,145,1918,-11 %,Aktuel værdi
Kyringevej 116,4296 Nyrup,1.775.000,08-07-2016,"
Alm. Salg",10.692,5,Villa,166,1870,-6 %,Aktuel værdi
Marienlunden 9,4296 Nyrup,900.000,19-05-2016,"
Alm. Salg",7.500,3,Villa,120,1986,-5 %,Aktuel værdi
Rolighedsvej 13,4296 Nyrup,520.000,18-05-2016,"
Auktion",3.250,5,Villa,160,1949,,Aktuel værdi
Rolighedsvej 6,4296 Nyrup,450.000,11-03-2016,"
Alm. Salg",3.846,4,Villa,117,1912,,Aktuel værdi
Kyringevej 110,4296 Nyrup,1.215.000,15-01-2016,"
Alm. Salg",11.045,3,Villa,110,1900,-6 %,Aktuel værdi
Merløsevej 19,4296 Nyrup,1.190.000,31-08-2015,"
Alm. Salg",6.611,4,Villa,180,1934,-8 %,Aktuel værdi
Ugerløsevej 2,4296 Nyrup,550.000,08-06-2015,"
Alm. Salg",3.928,5,Villa,140,1911,0 %,Aktuel værdi
Rolighedsvej 15,4296 Nyrup,330.000,26-05-2015,"
Alm. Salg",2.357,4,Villa,140,1948,-16 %,Aktuel værdi
Kannikevej 12,4296 Nyrup,2.100.000,16-05-2015,"
Alm. Salg",14.000,6,Villa,150,1850,-2 %,Aktuel værdi
Vanløsevej 2,4296 Nyrup,285.000,06-05-2015,"
Alm. Salg",1.993,5,Villa,143,1900,-23 %,Aktuel værdi
Vielstedvej 3,4296 Nyrup,380.473,04-05-2015,"
Alm. Salg",2.174,8,Villa,175,1922,,Aktuel værdi
Buskebjærgvej 40,4296 Nyrup,400.000,22-04-2015,"
Alm. Salg",1.639,7,Villa,244,1827,,Aktuel værdi
Lunden 3,4296 Nyrup,475.000,09-03-2015,"
Alm. Salg",3.710,3,Villa,128,1977,-10 %,Aktuel værdi
Solvænget 25,4296 Nyrup,975.000,06-03-2015,"
Alm. Salg",6.770,5,Villa,144,1972,-2 %,Aktuel værdi
Kragebjerg 2,4296 Nyrup,1.150.000,09-02-2015,"
Alm. Salg",11.734,3,Villa,98,1910,,Aktuel værdi
Banevej 7,4296 Nyrup,350.000,07-01-2015,"
Alm. Salg",1.891,5,Villa,185,1900,0 %,Aktuel værdi
Præstelyngen 3,4296 Nyrup,3.000.000,23-11-2014,"
Alm. Salg",14.925,5,Villa,201,1892,-3 %,Aktuel værdi
Bakken 6,4296 Nyrup,595.000,28-10-2014,"
Auktion",5.721,3,Villa,104,1965,,Aktuel værdi
Rolighedsvej 16,4296 Nyrup,430.000,20-08-2014,"
Alm. Salg",4.479,3,Villa,96,1961,,Aktuel værdi
Marienlunden 34,4296 Nyrup,1.350.000,06-08-2014,"
Alm. Salg",7.500,5,Villa,180,2005,0 %,Aktuel værdi
Solvænget 23,4296 Nyrup,695.000,06-08-2014,"
Alm. Salg",3.756,3,Villa,185,1972,0 %,Aktuel værdi
Kirkestræde 6,4296 Nyrup,300.000,29-04-2014,"
Alm. Salg",2.727,6,Villa,110,1910,-24 %,Aktuel værdi
Solvænget 17,4296 Nyrup,450.000,12-04-2014,"
Alm. Salg",3.284,6,Villa,137,1973,-30 %,Aktuel værdi
Nyrupvej 40,4296 Nyrup,500.000,20-03-2014,"
Alm. Salg",1.677,10,Stuehus,298,1912,,
Mejerivej 5,4296 Nyrup,369.190,29-01-2014,"
Auktion",3.296,4,Villa,112,1945,-59 %,Aktuel værdi
Solvænget 19,4296 Nyrup,645.000,20-01-2014,"
Fam. Salg",5.000,3,Villa,129,1973,,Aktuel værdi
Waldemarsvej 2,4296 Nyrup,110.000,19-12-2013,"
Andet",820,5,Villa,134,1935,,Aktuel værdi
Nyrupvej 24,4296 Nyrup,500.000,25-10-2012,"
Auktion",3.205,6,Villa,156,1957,,Aktuel værdi
Banevej 11,4296 Nyrup,450.000,22-10-2012,"
Auktion",2.694,6,Villa,167,1904,,Aktuel værdi
Kirkestræde 7,4296 Nyrup,775.000,08-10-2012,"
Alm. Salg",4.967,6,Villa,156,1907,-3 %,Aktuel værdi
Bygaden 9,4296 Nyrup,580.000,19-09-2012,"
Auktion",5.370,4,Villa,108,1924,,Aktuel værdi
Sandtoften 2,4296 Nyrup,1.550.000,11-04-2012,"
Alm. Salg",9.393,5,Villa,165,1967,-18 %,Aktuel værdi
Merløsevej 12,4296 Nyrup,700.000,16-02-2012,"
Alm. Salg",-,4,Villa,168,1890,,Aktuel værdi
Sandtoften 3,4296 Nyrup,6.700.000,23-12-2011,"
Fam. Salg",35.449,7,Stuehus,189,1932,,
Mejerivej 16,4296 Nyrup,2.300.000,02-08-2011,"
Alm. Salg",14.197,5,Stuehus,162,1941,,
Marienlunden 62,4296 Nyrup,1.350.000,11-05-2011,"
Alm. Salg",11.157,4,Villa,121,2001,-3 %,Aktuel værdi
Solvænget 5,4296 Nyrup,1.500.000,02-10-2010,"
Alm. Salg",13.157,4,Villa,114,1967,,Aktuel værdi
Bygaden 5,4296 Nyrup,700.000,29-09-2010,"
Auktion",5.737,5,Villa,122,1905,,Aktuel værdi
Mejerivej 20,4296 Nyrup,1.770.000,12-08-2010,"
Alm. Salg",10.000,5,Villa,177,1920,0 %,Aktuel værdi
Rolighedsvej 5,4296 Nyrup,575.000,02-08-2010,"
Alm. Salg",3.527,5,Villa,163,1922,-12 %,Aktuel værdi
Rolighedsvej 3,4296 Nyrup,1.250.000,06-07-2010,"
Alm. Salg",6.944,5,Villa,180,1907,-3 %,Aktuel værdi
Ugerløsevej 7,4296 Nyrup,1.395.000,10-06-2010,"
Alm. Salg",9.238,4,Stuehus,151,1960,,
Vielstedvej 6,4296 Nyrup,1.900.000,28-04-2010,"
Auktion",6.529,5,Villa,291,1857,,Aktuel værdi
Sorøvej 98,4296 Nyrup,1.200.000,12-03-2010,"
Alm. Salg",4.123,7,Stuehus,291,1890,-82 %,
Ugerløsevej 5,4296 Nyrup,2.840.000,12-03-2010,"
Alm. Salg",13.786,6,Stuehus,206,1880,-5 %,
Merløsevej 22,4296 Nyrup,432.117,14-12-2009,"
Andet",2.769,4,Villa,156,1938,,Aktuel værdi
Merløsevej 18A,4296 Nyrup,1.495.000,28-10-2009,"
Alm. Salg",6.203,5,Villa,241,1920,0 %,Aktuel værdi
Banevej 5,4296 Nyrup,602.000,06-08-2009,"
Andet",4.426,5,Villa,136,1909,,Aktuel værdi
Solvænget 1,4296 Nyrup,775.000,26-05-2009,"
Alm. Salg",6.300,4,Villa,123,1970,-13 %,Aktuel værdi
Kløvervej 5,4296 Nyrup,925.000,29-04-2009,"
Alm. Salg",9.438,4,Villa,98,1967,-7 %,Aktuel værdi
Bakken 2,4296 Nyrup,1.500.000,26-03-2009,"
Alm. Salg",9.493,6,Villa,158,1964,-6 %,Aktuel værdi
Vanløsevej 4,4296 Nyrup,758.170,24-08-2008,"
Alm. Salg",3.094,9,Stuehus,245,1902,,
Marienlunden 23B,4296 Nyrup,1.265.000,09-08-2008,"
Alm. Salg",14.709,3,Rækkehus,86,1987,-7 %,Aktuel værdi
Solvænget 9,4296 Nyrup,865.000,02-07-2008,"
Auktion",7.148,4,Villa,121,1972,,Aktuel værdi
Kannikevej 13,4296 Nyrup,160.825,28-04-2008,"
Alm. Salg",1.109,6,Stuehus,145,1680,,
Merløsevej 10,4296 Nyrup,900.000,07-03-2008,"
Fam. Salg",9.278,4,Villa,97,1727,,Aktuel værdi
Nyrupvej 44,4296 Nyrup,900.000,04-03-2008,"
Fam. Salg",6.206,5,Villa,145,1820,,Aktuel værdi
Nyrupvej 21,4296 Nyrup,610.000,17-01-2008,"
Alm. Salg",5.700,3,Villa,107,1915,-2 %,Aktuel værdi
Solvænget 16,4296 Nyrup,930.000,01-01-2008,"
Alm. Salg",5.000,6,Villa,186,1975,,Aktuel værdi
Banevej 3,4296 Nyrup,1.075.000,28-12-2007,"
Alm. Salg",9.110,5,Villa,118,1900,0 %,Aktuel værdi
Marienlunden 32,4296 Nyrup,1.700.000,30-10-2007,"
Alm. Salg",12.592,3,Villa,135,2004,,Aktuel værdi
Nyrupvej 5,4296 Nyrup,637.500,22-10-2007,"
Fam. Salg",3.750,4,Villa,170,1948,,Aktuel værdi
Solvænget 12,4296 Nyrup,1.700.000,15-08-2007,"
Alm. Salg",8.500,6,Villa,200,1976,-3 %,Aktuel værdi
Vanløsevej 26A,4296 Nyrup,700.000,29-06-2007,"
Alm. Salg",3.333,6,Stuehus,210,1884,,
Solvænget 14,4296 Nyrup,1.074.264,29-05-2007,"
Andet",8.594,4,Villa,125,1976,,Aktuel værdi
Mejerivej 19,4296 Nyrup,1.060.230,04-11-2006,"
Alm. Salg",5.890,6,Stuehus,180,1911,,
Vanløsevej 30,4296 Nyrup,1.695.000,19-10-2006,"
Alm. Salg",10.796,5,Villa,157,1850,,Aktuel værdi
Mejerivej 3,4296 Nyrup,2.040.000,27-09-2006,"
Alm. Salg",15.813,4,Villa,129,1930,,Aktuel værdi
Nyrupvej 25,4296 Nyrup,860.000,06-09-2006,"
Alm. Salg",10.617,4,Villa,81,1955,,Aktuel værdi
Sorøvej 63,4296 Nyrup,1.860.000,06-06-2006,"
Alm. Salg",20.666,5,Villa,90,1885,,Aktuel værdi
Marienlunden 60B,4296 Nyrup,995.000,06-04-2006,"
Alm. Salg",11.055,3,Rækkehus,90,1987,,Aktuel værdi
Nyrupvej 48,4296 Nyrup,1.000.004,01-04-2006,"
Andet",4.761,6,Villa,210,1877,,Aktuel værdi
Rolighedsvej 4A,4296 Nyrup,1.123.861,20-03-2006,"
Alm. Salg",9.444,6,Villa,119,1847,,Aktuel værdi
Bygaden 18,4296 Nyrup,975.000,16-03-2006,"
Alm. Salg",5.298,9,Villa,184,1925,,Aktuel værdi
Merløsevej 9,4296 Nyrup,1.995.000,08-03-2006,"
Alm. Salg",13.300,4,Villa,150,1955,,Aktuel værdi
Rolighedsvej 4B,4296 Nyrup,1.150.000,19-12-2005,"
Alm. Salg",10.454,4,Rækkehus,110,1988,,Aktuel værdi
Mejerivej 12,4296 Nyrup,762.650,07-11-2005,"
Alm. Salg",3.911,4,Villa,195,1859,,Aktuel værdi
Banevej 1,4296 Nyrup,1.251.027,20-10-2005,"
Alm. Salg",8.123,5,Villa,154,1930,,Aktuel værdi
Kyringevej 113,4296 Nyrup,965.000,20-10-2005,"
Alm. Salg",6.307,5,Villa,153,1895,,Aktuel værdi
Nyrupvej 10,4296 Nyrup,1.070.000,29-09-2005,"
Alm. Salg",8.842,4,Villa,121,1963,,Aktuel værdi
Bakken 1,4296 Nyrup,1.035.000,24-08-2005,"
Alm. Salg",12.321,3,Villa,84,1963,,Aktuel værdi
Kirkestræde 11,4296 Nyrup,1.190.000,12-07-2005,"
Alm. Salg",7.677,6,Villa,155,1934,,Aktuel værdi
Kannikevej 2,4296 Nyrup,1.625.000,17-05-2005,"
Alm. Salg",6.885,8,Villa,236,1936,,Aktuel værdi
Solvænget 10,4296 Nyrup,1.170.000,10-05-2005,"
Alm. Salg",9.140,4,Villa,128,1977,,Aktuel værdi
Rolighedsvej 4C,4296 Nyrup,1.052.000,23-04-2005,"
Alm. Salg",9.563,4,Rækkehus,110,1988,,Aktuel værdi
Bygaden 14,4296 Nyrup,1.570.000,26-01-2005,"
Alm. Salg",6.132,9,Villa,256,1904,,Aktuel værdi
Marienlunden 11A,4296 Nyrup,731.000,15-12-2004,"
Fam. Salg",7.694,3,Rækkehus,95,1990,,Aktuel værdi
Marienlunden 11B,4296 Nyrup,731.000,15-12-2004,"
Fam. Salg",7.694,3,Rækkehus,95,1990,,Aktuel værdi
Marienlunden 13A,4296 Nyrup,654.500,15-12-2004,"
Fam. Salg",7.885,3,Rækkehus,83,1990,,Aktuel værdi
Marienlunden 13B,4296 Nyrup,654.500,15-12-2004,"
Fam. Salg",7.885,3,Rækkehus,83,1990,,Aktuel værdi
Bygaden 7,4296 Nyrup,1.125.000,19-10-2004,"
Alm. Salg",9.072,4,Villa,124,1895,,Aktuel værdi
Merløsevej 11,4296 Nyrup,455.000,12-10-2004,"
Alm. Salg",4.333,4,Villa,105,1920,,Aktuel værdi
Nyrupvej 19A,4296 Nyrup,775.000,07-10-2004,"
Alm. Salg",10.472,4,Villa,74,1912,,Aktuel værdi
Marienlunden 7,4296 Nyrup,148.000,01-10-2004,"
Alm. Salg",1.138,5,Villa,130,2005,,Aktuel værdi
Nyrupvej 56,4296 Nyrup,1.495.000,30-07-2004,"
Alm. Salg",6.615,5,Villa,226,2009,,Aktuel værdi
Nyrupvej 20,4296 Nyrup,1.226.000,10-03-2004,"
Alm. Salg",7.430,6,Villa,165,1954,,Aktuel værdi
Rolighedsvej 1,4296 Nyrup,810.000,02-02-2004,"
Alm. Salg",6.585,4,Villa,123,1907,,Aktuel værdi
Rolighedsvej 17,4296 Nyrup,680.000,01-10-2003,"
Alm. Salg",6.538,4,Villa,104,1947,,Aktuel værdi
Kyringevej 105,4296 Nyrup,1.050.000,26-08-2003,"
Alm. Salg",8.400,5,Stuehus,125,1890,,
Mejerivej 10,4296 Nyrup,603.500,25-08-2003,"
Fam. Salg",2.433,6,Villa,248,1907,,Aktuel værdi
Kirkestræde 8,4296 Nyrup,777.783,21-08-2003,"
Alm. Salg",6.763,6,Villa,115,1909,,Aktuel værdi
Kløvervej 1,4296 Nyrup,1.025.000,23-06-2003,"
Alm. Salg",9.490,3,Villa,108,1971,,Aktuel værdi
Vielstedvej 8,4296 Nyrup,1.685.000,28-04-2003,"
Alm. Salg",11.085,5,Villa,152,2002,,Aktuel værdi
Kyringevej 102,4296 Nyrup,506.900,28-04-2003,"
Alm. Salg",2.509,12,Stuehus,202,1825,,
Nyrupvej 58,4296 Nyrup,905.000,24-03-2003,"
Alm. Salg",7.669,4,Villa,118,1920,,Aktuel værdi
Kragebjerg 1,4296 Nyrup,115.000,03-02-2003,"
Alm. Salg",1.084,4,Stuehus,106,1900,,
Nyrupvej 23,4296 Nyrup,400.000,23-10-2002,"
Fam. Salg",2.631,5,Villa,152,1930,,Aktuel værdi
Bygaden 11,4296 Nyrup,1.000.000,09-10-2002,"
Alm. Salg",5.235,7,Villa,191,1900,,Aktuel værdi
Kyringevej 111,4296 Nyrup,1.060.000,14-08-2002,"
Alm. Salg",10.291,5,Villa,103,1880,,Aktuel værdi
Nyrupvej 16,4296 Nyrup,1.104.500,03-06-2002,"
Alm. Salg",6.860,5,Villa,161,1947,,Aktuel værdi
Kannikevej 5,4296 Nyrup,1.850.000,03-01-2002,"
Alm. Salg",7.400,7,Villa,250,1920,,Aktuel værdi
Solvænget 15,4296 Nyrup,1.036.537,29-10-2001,"
Alm. Salg",7.299,5,Villa,142,1972,,Aktuel værdi
Merløsevej 13,4296 Nyrup,925.000,04-10-2001,"
Alm. Salg",5.745,5,Villa,161,1915,,Aktuel værdi
Ugerløsevej 3,4296 Nyrup,1.779.920,03-09-2001,"
Alm. Salg",11.633,5,Stuehus,153,1903,,
Ugerløsevej 12,4296 Nyrup,1.717.000,13-08-2001,"
Alm. Salg",11.601,5,Villa,148,1900,,Aktuel værdi
Solvænget 7,4296 Nyrup,841.000,30-06-2001,"
Alm. Salg",6.138,4,Villa,137,1972,,Aktuel værdi
Sorøvej 73,4296 Nyrup,1.300.000,30-04-2001,"
Alm. Salg",7.784,5,Stuehus,167,1911,,
Marienlunden 36,4296 Nyrup,45.000,17-01-2001,"
Alm. Salg",346,4,Villa,130,2005,,Aktuel værdi
Kannikevej 8,4296 Nyrup,1.340.000,15-01-2001,"
Alm. Salg",6.633,5,Villa,202,1938,,Aktuel værdi
Kannikevej 9,4296 Nyrup,415.000,08-11-2000,"
Auktion",2.371,6,Villa,175,1900,,Aktuel værdi
Merløsevej 17,4296 Nyrup,1.214.500,02-11-2000,"
Alm. Salg",4.416,6,Villa,275,1911,,Aktuel værdi
Mejerivej 18,4296 Nyrup,1.395.000,05-10-2000,"
Alm. Salg",8.454,5,Villa,165,1902,,Aktuel værdi
Marienlunden 19,4296 Nyrup,500.000,19-09-2000,"
Andet",4.132,4,Villa,121,1999,,Aktuel værdi
Nyrupvej 37B,4296 Nyrup,778.547,22-08-2000,"
Alm. Salg",-,4,Rækkehus,120,1900,,Aktuel værdi
Nyrupvej 22,4296 Nyrup,627.000,01-08-2000,"
Alm. Salg",6.966,5,Villa,90,1940,,Aktuel værdi
Bygaden 4,4296 Nyrup,275.000,07-07-2000,"
Alm. Salg",3.928,2,Villa,70,1870,,Aktuel værdi
Waldemarsvej 3,4296 Nyrup,694.000,30-03-2000,"
Alm. Salg",-,4,Villa,105,1963,,Aktuel værdi
Solvænget 4,4296 Nyrup,883.260,21-02-2000,"
Alm. Salg",-,4,Villa,126,1968,,Aktuel værdi
Nyrupvej 35,4296 Nyrup,796.900,04-02-2000,"
Alm. Salg",7.969,5,Villa,100,1910,,Aktuel værdi
Merløsevej 24,4296 Nyrup,1.453.650,06-06-1999,"
Alm. Salg",10.025,4,Villa,145,1940,,Aktuel værdi
Mejerivej 15,4296 Nyrup,1.084.955,29-05-1999,"
Alm. Salg",7.919,5,Villa,137,1985,,Aktuel værdi
Sorøvej 71,4296 Nyrup,988.900,04-05-1999,"
Alm. Salg",6.867,5,Villa,144,1979,,Aktuel værdi
Ugerløsevej 18,4296 Nyrup,1.681.200,08-04-1999,"
Alm. Salg",6.724,7,Stuehus,250,1900,,
Nyrupvej 14,4296 Nyrup,555.000,06-04-1999,"
Alm. Salg",4.021,6,Villa,138,1943,,Aktuel værdi
Sandtoften 1,4296 Nyrup,485.000,07-03-1999,"
Alm. Salg",3.368,5,Villa,144,1911,,Aktuel værdi
Mejerivej 13,4296 Nyrup,575.000,10-02-1999,"
Alm. Salg",-,6,Villa,169,1960,,Aktuel værdi
Buskebjærgvej 41,4296 Nyrup,1.448.000,22-01-1999,"
Alm. Salg",6.378,6,Stuehus,227,1857,,
Vielstedvej 10,4296 Nyrup,652.000,16-11-1998,"
Alm. Salg",5.216,4,Villa,125,1830,,Aktuel værdi
Marienlunden 5A,4296 Nyrup,652.000,10-11-1998,"
Alm. Salg",7.670,3,Rækkehus,85,1987,,Aktuel værdi
Kyringevej 106,4296 Nyrup,875.000,28-10-1998,"
Fam. Salg",7.478,6,Stuehus,117,1910,,
Ugerløsevej 16,4296 Nyrup,932.600,30-08-1998,"
Alm. Salg",5.551,6,Stuehus,168,2008,,
Marienlunden 3B,4296 Nyrup,559.000,31-07-1998,"
Alm. Salg",6.576,3,Rækkehus,85,1987,,Aktuel værdi
Marienlunden 21,4296 Nyrup,836.520,22-07-1998,"
Alm. Salg",7.674,4,Villa,109,1989,,Aktuel værdi
Nyrupvej 32,4296 Nyrup,862.000,13-07-1998,"
Alm. Salg",5.671,5,Villa,152,1942,,Aktuel værdi
Nyrupvej 7,4296 Nyrup,184.725,04-06-1998,"
Fam. Salg",2.309,3,Villa,80,1910,,Aktuel værdi
Kyringevej 109A,4296 Nyrup,637.500,17-05-1998,"
Alm. Salg",3.581,5,Stuehus,178,1898,,
Kyringevej 104,4296 Nyrup,950.000,16-04-1998,"
Alm. Salg",-,4,Villa,199,1893,,Aktuel værdi
Nyrupvej 28,4296 Nyrup,1.397.640,01-03-1998,"
Alm. Salg",6.655,7,Stuehus,210,1920,,
Nyrupvej 52,4296 Nyrup,674.140,21-01-1998,"
Alm. Salg",5.811,3,Villa,116,1827,,Aktuel værdi
Solvænget 11,4296 Nyrup,759.000,23-12-1997,"
Alm. Salg",3.757,5,Villa,202,1972,,Aktuel værdi
Vanløsevej 49,4296 Nyrup,297.217,08-10-1997,"
Alm. Salg",1.061,7,Villa,280,1890,,Aktuel værdi
Bygaden 3,4296 Nyrup,502.580,08-10-1997,"
Alm. Salg",3.350,4,Villa,150,1910,,Aktuel værdi
Kirkestræde 9,4296 Nyrup,645.500,13-09-1997,"
Alm. Salg",4.303,6,Villa,150,1936,,Aktuel værdi
Kløvervej 2,4296 Nyrup,371.485,01-09-1997,"
Alm. Salg",2.731,4,Villa,136,1966,,Aktuel værdi
Marienlunden 17,4296 Nyrup,22.500,01-08-1997,"
Alm. Salg",126,4,Villa,178,2003,,Aktuel værdi
Sorøvej 67,4296 Nyrup,1.173.672,02-01-1997,"
Alm. Salg",6.310,6,Stuehus,186,1900,,
Marienlunden 3A,4296 Nyrup,475.000,07-08-1996,"
Alm. Salg",5.588,3,Rækkehus,85,1987,,Aktuel værdi
Ugerløsevej 14,4296 Nyrup,268.200,22-07-1996,"
Alm. Salg",-,6,Stuehus,255,1877,,
Vanløsevej 43,4296 Nyrup,495.000,16-05-1996,"
Alm. Salg",3.173,4,Villa,156,1899,,Aktuel værdi
Nyrupvej 38,4296 Nyrup,477.159,30-04-1996,"
Alm. Salg",5.186,3,Villa,92,1947,,Aktuel værdi
Nyrupvej 36,4296 Nyrup,560.900,15-03-1996,"
Alm. Salg",-,3,Villa,168,1930,,Aktuel værdi
Sorøvej 61,4296 Nyrup,323.250,11-01-1996,"
Alm. Salg",2.448,4,Villa,132,1920,,Aktuel værdi
Vanløsevej 3,4296 Nyrup,409.250,18-12-1995,"
Alm. Salg",-,5,Villa,154,1952,,Aktuel værdi
Kannikevej 3,4296 Nyrup,605.000,30-10-1995,"
Alm. Salg",3.829,6,Villa,158,1910,,Aktuel værdi
Nyrupvej 6,4296 Nyrup,2.500.000,03-07-1995,"
Fam. Salg",11.363,6,Stuehus,220,1890,,
Marienlunden 58A,4296 Nyrup,530.000,27-06-1995,"
Alm. Salg",5.824,4,Rækkehus,91,1987,,Aktuel værdi
Vielstedvej 12,4296 Nyrup,365.000,06-05-1995,"
Alm. Salg",2.664,6,Villa,137,1906,,Aktuel værdi
Kyringevej 112,4296 Nyrup,588.580,18-03-1995,"
Alm. Salg",3.081,6,Villa,191,1880,,Aktuel værdi
Nyrupvej 18,4296 Nyrup,518.600,22-02-1995,"
Alm. Salg",2.788,7,Villa,186,1959,,Aktuel værdi
Nyrupvej 39A,4296 Nyrup,335.000,24-04-1994,"
Alm. Salg",-,7,Villa,142,1877,,Aktuel værdi
Vanløsevej 45,4296 Nyrup,131.763,29-10-1993,"
Alm. Salg",1.416,4,Villa,93,1946,,Aktuel værdi
Rolighedsvej 8,4296 Nyrup,410.000,26-08-1993,"
Alm. Salg",3.106,3,Villa,132,1940,,Aktuel værdi
Marienlunden 5B,4296 Nyrup,445.000,10-02-1993,"
Alm. Salg",5.235,3,Rækkehus,85,1987,,Aktuel værdi
Rolighedsvej 12,4296 Nyrup,425.000,14-10-1992,"
Fam. Salg",4.086,3,Villa,104,1928,,Aktuel værdi
Lunden 5,4296 Nyrup,218.324,01-10-1992,"
Fam. Salg",2.021,3,Villa,108,1979,,Aktuel værdi
Kannikevej 10,4296 Nyrup,30.000,20-07-1992,"
Alm. Salg",192,4,Villa,156,1880,,Aktuel værdi
Lunden 6,4296 Nyrup,330.000,25-06-1992,"
Alm. Salg",3.084,3,Villa,107,1978,,Aktuel værdi
Nyrupvej 33,4296 Nyrup,410.000,20-05-1992,"
Alm. Salg",-,6,Villa,163,1960,,Aktuel værdi
Vanløsevej 28,4296 Nyrup,238.000,15-01-1992,"
Alm. Salg",-,5,Villa,159,1920,,Aktuel værdi
