address,zip_code,price,sell_date,sell_type,price_per_sq_m,no_rooms,housing_type,size_in_sq_m,year_of_construction,price_change_in_pct
Bøgevej 2,4350 Ugerløse,750.000,06-02-2017,"
Alm. Salg",6.944,3,Villa,108,1967,-14 %,Aktuel værdi
Nyrupvej 60,4350 Ugerløse,913.750,16-01-2017,"
Fam. Salg",5.820,5,Stuehus,157,1923,,
Fælledvej 7,4350 Ugerløse,2.200.000,20-12-2016,"
Alm. Salg",21.782,3,Villa,101,1963,,Aktuel værdi
Østrupvej 81,4350 Ugerløse,610.000,19-12-2016,"
Alm. Salg",9.682,2,Villa,63,1900,,Aktuel værdi
Tølløsevej 360,4350 Ugerløse,595.000,08-11-2016,"
Alm. Salg",6.329,3,Villa,94,1943,0 %,Aktuel værdi
Tjørneholm 29,4350 Ugerløse,975.000,23-09-2016,"
Alm. Salg",9.750,4,Rækkehus,100,1990,-2 %,Aktuel værdi
Holbæk Landevej 6,4350 Ugerløse,927.500,06-09-2016,"
Andet",3.897,8,Villa,238,1900,,Aktuel værdi
Egevej 7,4350 Ugerløse,1.975.000,04-08-2016,"
Alm. Salg",10.025,7,Villa,197,1968,-6 %,Aktuel værdi
Hejrevej 11,4350 Ugerløse,600.000,26-07-2016,"
Fam. Salg",4.687,4,Villa,128,1977,,Aktuel værdi
Tølløsevej 374,4350 Ugerløse,625.000,21-07-2016,"
Alm. Salg",7.812,4,Villa,80,1900,-4 %,Aktuel værdi
Jonstrupvej 10,4350 Ugerløse,1.095.000,20-07-2016,"
Alm. Salg",7.992,4,Villa,137,1969,0 %,Aktuel værdi
Egevej 6,4350 Ugerløse,788.500,07-07-2016,"
Fam. Salg",7.233,4,Villa,109,1970,,Aktuel værdi
Hovedgaden 55,4350 Ugerløse,1.150.000,29-06-2016,"
Alm. Salg",7.666,5,Villa,150,1920,,Aktuel værdi
Bonderupvej 19,4350 Ugerløse,975.000,20-06-2016,"
Alm. Salg",6.210,4,Villa,157,1947,-11 %,Aktuel værdi
Hovedgaden 11,4350 Ugerløse,251.000,02-06-2016,"
Alm. Salg",1.832,6,Villa,137,1907,,Aktuel værdi
Østrup Skovvej 6,4350 Ugerløse,675.000,28-04-2016,"
Alm. Salg",5.578,3,Villa,121,1880,-25 %,Aktuel værdi
Jonstrupvej 62,4350 Ugerløse,182.500,16-04-2016,"
Alm. Salg",965,6,Stuehus,189,1900,,
Jonstrupvej 26,4350 Ugerløse,490.000,22-03-2016,"
Alm. Salg",3.310,3,Villa,148,1890,-18 %,Aktuel værdi
Bøgevej 6,4350 Ugerløse,1.025.000,09-03-2016,"
Alm. Salg",5.570,7,Villa,184,1966,-3 %,Aktuel værdi
Hovedgaden 19,4350 Ugerløse,1.190.570,23-02-2016,"
Andet",10.263,5,Villa,116,1897,,Aktuel værdi
Skovhusvejen 74,4350 Ugerløse,1.650.000,18-02-2016,"
Alm. Salg",12.222,4,Villa,135,1918,-17 %,Aktuel værdi
Hovedgaden 48,4350 Ugerløse,1.195.000,17-02-2016,"
Auktion",8.917,6,Villa,134,1931,,Aktuel værdi
Lilleskovvej 11,4350 Ugerløse,629.000,16-12-2015,"
Alm. Salg",7.862,3,Villa,80,1965,,Aktuel værdi
Tjørneholm 57,4350 Ugerløse,1.229.202,16-12-2015,"
Andet",6.503,6,Villa,189,2006,,Aktuel værdi
Hovedgaden 14,4350 Ugerløse,750.000,15-12-2015,"
Alm. Salg",3.750,5,Villa,200,1929,-6 %,Aktuel værdi
Tølløsevej 342,4350 Ugerløse,1.075.000,04-12-2015,"
Alm. Salg",12.356,3,Stuehus,87,1912,-17 %,
Tjørneholm 21,4350 Ugerløse,1.600.000,20-10-2015,"
Alm. Salg",11.188,4,Villa,143,1987,-6 %,Aktuel værdi
Brændholtvej 21,4350 Ugerløse,575.000,07-10-2015,"
Alm. Salg",6.764,4,Villa,85,1900,-17 %,Aktuel værdi
Ubberupvej 11,4350 Ugerløse,850.000,30-09-2015,"
Alm. Salg",3.125,4,Villa,272,1950,-11 %,Aktuel værdi
Mågevej 3,4350 Ugerløse,700.000,02-09-2015,"
Alm. Salg",5.303,4,Villa,132,1970,1 %,Aktuel værdi
Holbæk Landevej 36,4350 Ugerløse,930.000,11-08-2015,"
Alm. Salg",10.568,3,Villa,88,1942,-7 %,Aktuel værdi
Toftegårdsvej 7,4350 Ugerløse,1.800.000,24-07-2015,"
Alm. Salg",10.778,4,Villa,167,1965,-3 %,Aktuel værdi
Lærkevej 3,4350 Ugerløse,660.000,13-07-2015,"
Auktion",5.840,4,Villa,113,1962,,Aktuel værdi
Lærkevej 8,4350 Ugerløse,775.000,10-07-2015,"
Alm. Salg",6.798,3,Villa,114,1962,-22 %,Aktuel værdi
Højgårdsvej 1,4350 Ugerløse,400.000,15-06-2015,"
Alm. Salg",5.633,3,Rækkehus,71,1981,-38 %,Aktuel værdi
Sorøvej 158,4350 Ugerløse,2.450.000,09-06-2015,"
Alm. Salg",12.009,8,Villa,204,1892,-21 %,Aktuel værdi
Kristen Boersvej 8,4350 Ugerløse,905.000,21-05-2015,"
Alm. Salg",6.654,3,Villa,136,1970,-4 %,Aktuel værdi
Hovedgaden 51,4350 Ugerløse,1.045.000,07-03-2015,"
Alm. Salg",7.206,7,Villa,145,1928,5 %,Aktuel værdi
Lilleskovvej 44,4350 Ugerløse,3.390.000,23-02-2015,"
Alm. Salg",23.541,5,Stuehus,144,1911,,
Brændholtvej 71,4350 Ugerløse,2.900.000,17-02-2015,"
Alm. Salg",10.431,9,Villa,278,1878,-3 %,Aktuel værdi
Skovtoftevej 30,4350 Ugerløse,120.000,09-02-2015,"
Alm. Salg",710,7,Stuehus,169,1913,,
Egevej 1,4350 Ugerløse,900.000,08-02-2015,"
Alm. Salg",7.826,4,Villa,115,1967,-10 %,Aktuel værdi
Hovedgaden 37,4350 Ugerløse,450.000,22-12-2014,"
Alm. Salg",4.500,4,Villa,100,1877,-9 %,Aktuel værdi
Tølløsevej 294,4350 Ugerløse,100.000,17-12-2014,"
Alm. Salg",434,7,Stuehus,230,1854,,
Hejrevej 17,4350 Ugerløse,1.550.000,27-11-2014,"
Alm. Salg",7.868,6,Villa,197,1982,-3 %,Aktuel værdi
Tjørneholm 17,4350 Ugerløse,930.000,10-11-2014,"
Alm. Salg",6.788,5,Villa,137,1987,,Aktuel værdi
Nyvænge 3,4350 Ugerløse,680.000,22-09-2014,"
Fam. Salg",8.095,3,Stuehus,84,1800,,
Lærkevej 4,4350 Ugerløse,995.000,10-09-2014,"
Alm. Salg",5.407,6,Villa,184,1964,0 %,Aktuel værdi
Tølløsevej 369,4350 Ugerløse,1.075.000,10-08-2014,"
Alm. Salg",4.405,8,Villa,244,1950,-7 %,Aktuel værdi
Brændholtvej 20,4350 Ugerløse,835.000,16-06-2014,"
Auktion",-,10,Stuehus,300,1903,-55 %,
Højgårdsvej 5,4350 Ugerløse,585.000,28-05-2014,"
Auktion",8.239,3,Rækkehus,71,1981,,Aktuel værdi
Hovedgaden 43A,4350 Ugerløse,1.246.000,30-03-2014,"
Alm. Salg",4.139,9,Stuehus,301,1817,,
Lilleskovvej 19,4350 Ugerløse,405.800,27-02-2014,"
Auktion",3.097,4,Villa,131,1966,,Aktuel værdi
Sorøvej 77,4350 Ugerløse,740.000,24-02-2014,"
Fam. Salg",8.222,4,Villa,90,1850,,Aktuel værdi
Bonderupvej 14,4350 Ugerløse,1.500.000,29-01-2014,"
Alm. Salg",7.537,9,Stuehus,199,1900,-50 %,
Stærvej 11,4350 Ugerløse,560.000,06-01-2014,"
Alm. Salg",4.666,5,Villa,120,1973,,Aktuel værdi
Østrupvej 112,4350 Ugerløse,1.750.000,24-12-2013,"
Alm. Salg",7.478,7,Villa,234,1921,-12 %,Aktuel værdi
Nyvænge 4,4350 Ugerløse,895.000,29-10-2013,"
Alm. Salg",7.991,4,Villa,112,1900,0 %,Aktuel værdi
Nyrupvej 18,4350 Ugerløse,600.000,29-10-2013,"
Alm. Salg",3.076,8,Stuehus,195,2015,-14 %,
Toftegårdsvej 3,4350 Ugerløse,700.000,25-09-2013,"
Fam. Salg",3.465,8,Villa,202,1943,,Aktuel værdi
Lilleskovvej 24,4350 Ugerløse,795.000,17-07-2013,"
Alm. Salg",6.853,3,Villa,116,1973,-11 %,Aktuel værdi
Jonstrupvej 21,4350 Ugerløse,2.220.000,30-06-2013,"
Alm. Salg",8.671,5,Stuehus,256,2007,-11 %,
Bøgevej 4,4350 Ugerløse,895.000,03-06-2013,"
Alm. Salg",8.523,3,Villa,105,1966,0 %,Aktuel værdi
Bonderupvej 21,4350 Ugerløse,695.000,21-03-2013,"
Alm. Salg",5.000,5,Villa,139,1949,0 %,Aktuel værdi
Østrupvej 16,4350 Ugerløse,6.980.000,16-03-2013,"
Alm. Salg",36.736,7,Stuehus,190,1945,,
Brændholtvej 35,4350 Ugerløse,1.900.000,08-03-2013,"
Alm. Salg",13.571,6,Villa,140,1947,-5 %,Aktuel værdi
Tingstedvej 28,4350 Ugerløse,1.300.000,05-03-2013,"
Alm. Salg",5.555,7,Villa,234,1977,-16 %,Aktuel værdi
Tølløsevej 356,4350 Ugerløse,519.500,04-02-2013,"
Auktion",6.413,3,Villa,81,1948,,Aktuel værdi
Jonstrupvej 46,4350 Ugerløse,703.755,03-01-2013,"
Alm. Salg",7.330,3,Stuehus,96,1842,,
Lilleskovvej 16,4350 Ugerløse,1.190.000,05-12-2012,"
Fam. Salg",7.437,6,Villa,160,1966,,Aktuel værdi
Nyvænge 6,4350 Ugerløse,1.200.000,30-11-2012,"
Andet",9.523,3,Villa,126,2016,,Aktuel værdi
Sorøvej 131,4350 Ugerløse,1.400.000,15-11-2012,"
Auktion",9.032,5,Stuehus,155,1900,,
Sneppevej 14,4350 Ugerløse,1.195.000,13-11-2012,"
Alm. Salg",10.127,4,Villa,118,1972,-8 %,Aktuel værdi
Nyvænge 2,4350 Ugerløse,1.750.000,15-10-2012,"
Fam. Salg",7.641,7,Stuehus,229,1924,,
Brændholtvej 60,4350 Ugerløse,2.595.000,20-09-2012,"
Alm. Salg",22.179,5,Stuehus,117,1906,0 %,
Abildhaven 15,4350 Ugerløse,1.047.500,17-09-2012,"
Fam. Salg",6.426,6,Villa,163,2007,,Aktuel værdi
Jonstrupvej 120,4350 Ugerløse,165.000,16-07-2012,"
Alm. Salg",1.375,3,Villa,120,1867,-15 %,Aktuel værdi
Bonderupvej 8,4350 Ugerløse,600.000,30-05-2012,"
Alm. Salg",3.174,4,Villa,189,1906,,Aktuel værdi
Tølløsevej 326,4350 Ugerløse,579.500,02-05-2012,"
Andet",5.519,5,Villa,105,1954,,Aktuel værdi
Vibevej 6,4350 Ugerløse,950.000,30-04-2012,"
Alm. Salg",5.792,6,Villa,164,1971,-27 %,Aktuel værdi
Hovedgaden 30,4350 Ugerløse,695.000,11-04-2012,"
Auktion",4.161,5,Villa,167,1910,,Aktuel værdi
Jægergårdsvej 40,4350 Ugerløse,322.800,12-03-2012,"
Alm. Salg",6.456,2,Sommerhus,50,1969,,Aktuel værdi
Toftegårdsvej 15,4350 Ugerløse,560.000,12-03-2012,"
Auktion",4.666,5,Villa,120,1973,,Aktuel værdi
Østrup Skovvej 8,4350 Ugerløse,1.089.293,08-02-2012,"
Alm. Salg",6.682,6,Villa,163,1800,,Aktuel værdi
Skovhusvejen 13,4350 Ugerløse,2.600.000,17-01-2012,"
Alm. Salg",12.500,6,Stuehus,208,1850,30 %,
Hovedgaden 59B,4350 Ugerløse,10.001,21-12-2011,"
Auktion",33,6,Villa,295,1908,,Aktuel værdi
Lyngvejen 8,4350 Ugerløse,400.000,08-12-2011,"
Alm. Salg",4.081,4,Villa,98,1962,-27 %,Aktuel værdi
Skovhusvejen 29,4350 Ugerløse,1.100.000,28-11-2011,"
Alm. Salg",6.875,7,Villa,160,1900,-4 %,Aktuel værdi
Stærvej 14,4350 Ugerløse,1.325.000,20-11-2011,"
Alm. Salg",9.201,4,Villa,144,1976,-1 %,Aktuel værdi
Hulebækvej 10,4350 Ugerløse,62.400,18-11-2011,"
Alm. Salg",1.114,3,Stuehus,56,1852,,
Fævejen 1,4350 Ugerløse,3.900.000,16-11-2011,"
Alm. Salg",19.500,6,Stuehus,200,1880,-22 %,
Syvendeskovvej 39,4350 Ugerløse,875.000,24-10-2011,"
Alm. Salg",3.528,4,Stuehus,248,1928,,
Fævejen 2,4350 Ugerløse,1.200.000,19-10-2011,"
Auktion",6.217,7,Villa,193,1902,,Aktuel værdi
Jægergårdsvej 17,4350 Ugerløse,159.375,06-10-2011,"
Fam. Salg",766,8,Sommerhus,208,1827,,Aktuel værdi
Skovhusvejen 2,4350 Ugerløse,380.000,14-09-2011,"
Auktion",3.454,4,Villa,110,1902,,Aktuel værdi
Toftegårdsvej 4,4350 Ugerløse,1.025.000,30-08-2011,"
Alm. Salg",8.200,4,Villa,125,1973,-6 %,Aktuel værdi
Østrupvej 118,4350 Ugerløse,2.795.000,25-07-2011,"
Alm. Salg",12.821,6,Stuehus,218,1830,0 %,
Lilleskovvej 73,4350 Ugerløse,850.000,14-07-2011,"
Alm. Salg",5.902,4,Villa,144,1967,-15 %,Aktuel værdi
Skovhusvejen 66,4350 Ugerløse,1.658.839,01-06-2011,"
Alm. Salg",12.197,4,Villa,136,2015,,Aktuel værdi
Lilleskovvej 9,4350 Ugerløse,795.000,17-05-2011,"
Alm. Salg",7.227,3,Villa,110,1962,0 %,Aktuel værdi
Sneppevej 10,4350 Ugerløse,917.000,11-04-2011,"
Fam. Salg",5.210,4,Villa,176,1974,,Aktuel værdi
Østrupvej 27,4350 Ugerløse,190.000,04-04-2011,"
Auktion",1.544,4,Villa,123,1900,,Aktuel værdi
Østrupvej 124,4350 Ugerløse,2.357.500,11-03-2011,"
Fam. Salg",10.764,7,Villa,219,1960,,Aktuel værdi
Sorøvej 116,4350 Ugerløse,2.100.000,03-03-2011,"
Alm. Salg",13.043,5,Stuehus,161,1907,,
Nyvænge 8,4350 Ugerløse,2.000.000,28-02-2011,"
Alm. Salg",13.986,4,Stuehus,143,1897,-11 %,
Brorfeldevej 3,4350 Ugerløse,827.451,14-02-2011,"
Auktion",5.479,5,Villa,151,1777,,Aktuel værdi
Hovedgaden 52,4350 Ugerløse,1.250.000,22-01-2011,"
Alm. Salg",7.812,4,Villa,160,1930,-14 %,Aktuel værdi
Fælledvej 5,4350 Ugerløse,1.070.000,02-09-2010,"
Fam. Salg",8.492,4,Stuehus,126,1960,,
Ringstedvej 267,4350 Ugerløse,1.500.000,10-08-2010,"
Alm. Salg",15.625,3,Villa,96,1902,-6 %,Aktuel værdi
Skovtoftevej 10,4350 Ugerløse,2.600.000,06-08-2010,"
Alm. Salg",14.207,7,Stuehus,183,1914,-7 %,
Stenlillevej 6,4350 Ugerløse,355.000,22-07-2010,"
Alm. Salg",3.349,4,Villa,106,1908,-28 %,Aktuel værdi
Toftegårdsvej 25,4350 Ugerløse,865.500,16-07-2010,"
Alm. Salg",5.061,6,Villa,171,1980,-57 %,Aktuel værdi
Sorøvej 148,4350 Ugerløse,1.300.000,07-07-2010,"
Auktion",10.000,3,Stuehus,130,1900,,
Abildhaven 1,4350 Ugerløse,510.000,26-06-2010,"
Alm. Salg",2.588,5,Villa,197,2012,,Aktuel værdi
Stærvej 1,4350 Ugerløse,1.375.000,26-05-2010,"
Alm. Salg",10.110,4,Villa,136,1972,,Aktuel værdi
Tjørneholm 39,4350 Ugerløse,1.705.000,17-05-2010,"
Alm. Salg",9.316,6,Villa,183,2002,-5 %,Aktuel værdi
Tjørneholm 71,4350 Ugerløse,1.900.000,31-03-2010,"
Alm. Salg",14.960,5,Villa,127,2006,-5 %,Aktuel værdi
Østrup Skovvej 2,4350 Ugerløse,1.000.000,19-03-2010,"
Alm. Salg",13.333,3,Villa,75,1905,-16 %,Aktuel værdi
Hovedgaden 9,4350 Ugerløse,650.000,03-03-2010,"
Alm. Salg",5.241,6,Villa,124,1877,,Aktuel værdi
Frederiksvej 9,4350 Ugerløse,330.000,24-02-2010,"
Auktion",3.837,3,Villa,86,1960,-45 %,Aktuel værdi
Tjørneholm 67,4350 Ugerløse,1.425.000,18-01-2010,"
Alm. Salg",10.634,5,Villa,134,2005,-52 %,Aktuel værdi
Hejrevej 18,4350 Ugerløse,1.525.000,21-12-2009,"
Alm. Salg",10.517,5,Villa,145,1987,-15 %,Aktuel værdi
Østrupvej 26,4350 Ugerløse,2.000.000,07-12-2009,"
Fam. Salg",10.416,7,Stuehus,192,1898,,
Egevej 8,4350 Ugerløse,900.000,18-11-2009,"
Alm. Salg",-,5,Villa,120,1968,-18 %,Aktuel værdi
Toftegårdsvej 14,4350 Ugerløse,1.430.000,15-11-2009,"
Alm. Salg",12.434,4,Villa,115,1976,-4 %,Aktuel værdi
Tølløsevej 368,4350 Ugerløse,950.000,28-10-2009,"
Alm. Salg",11.728,3,Villa,81,1955,-5 %,Aktuel værdi
Hovedgaden 39,4350 Ugerløse,1.595.000,17-08-2009,"
Alm. Salg",-,6,Villa,185,1910,0 %,Aktuel værdi
Kristen Boersvej 3,4350 Ugerløse,1.686.501,16-08-2009,"
Andet",10.742,5,Villa,157,1900,-25 %,Aktuel værdi
Østrupvej 14,4350 Ugerløse,740.550,07-07-2009,"
Andet",7.405,6,Stuehus,100,1912,,
Brændholtvej 59,4350 Ugerløse,1.450.000,18-06-2009,"
Alm. Salg",9.006,5,Villa,161,1900,-14 %,Aktuel værdi
Egevej 5,4350 Ugerløse,1.350.000,16-02-2009,"
Alm. Salg",11.946,4,Villa,113,1967,-4 %,Aktuel værdi
Bonderupvej 17,4350 Ugerløse,503.000,10-02-2009,"
Fam. Salg",5.080,5,Villa,99,1944,,Aktuel værdi
Fælledvej 3,4350 Ugerløse,2.200.000,22-01-2009,"
Alm. Salg",17.322,5,Villa,127,1920,-6 %,Aktuel værdi
Østrupvej 60,4350 Ugerløse,2.995.000,22-01-2009,"
Alm. Salg",14.399,8,Stuehus,208,1871,0 %,
Sorøvej 166,4350 Ugerløse,825.000,14-12-2008,"
Alm. Salg",8.684,4,Villa,95,1914,-8 %,Aktuel værdi
Lyngvejen 6,4350 Ugerløse,1.250.000,10-12-2008,"
Alm. Salg",13.440,4,Villa,93,1952,,Aktuel værdi
Bonderupvej 78,4350 Ugerløse,3.000.000,11-11-2008,"
Alm. Salg",22.058,6,Stuehus,136,1924,,
Tingstedvej 17,4350 Ugerløse,1.695.000,22-09-2008,"
Alm. Salg",19.482,3,Villa,87,1827,0 %,Aktuel værdi
Strædet 3,4350 Ugerløse,500.000,21-09-2008,"
Alm. Salg",3.378,5,Villa,148,1905,,Aktuel værdi
Tjørneholm 59,4350 Ugerløse,469.494,24-08-2008,"
Andet",2.407,6,Villa,195,2005,,Aktuel værdi
Tølløsevej 366,4350 Ugerløse,900.000,19-07-2008,"
Andet",9.000,3,Villa,100,1956,,Aktuel værdi
Østrupvej 122,4350 Ugerløse,1.900.000,22-06-2008,"
Alm. Salg",10.000,4,Villa,190,1914,-5 %,Aktuel værdi
Lærkevej 6,4350 Ugerløse,1.100.000,17-06-2008,"
Alm. Salg",11.458,3,Villa,96,1962,,Aktuel værdi
Toftegårdsvej 16,4350 Ugerløse,2.100.000,25-05-2008,"
Alm. Salg",16.030,5,Villa,131,1980,,Aktuel værdi
Tjørneholm 47,4350 Ugerløse,2.425.000,27-04-2008,"
Alm. Salg",13.251,6,Villa,183,1990,-7 %,Aktuel værdi
Hejrevej 7,4350 Ugerløse,1.450.000,21-04-2008,"
Alm. Salg",11.507,4,Villa,126,1977,0 %,Aktuel værdi
Østrupvej 82,4350 Ugerløse,2.250.000,06-03-2008,"
Alm. Salg",15.845,4,Villa,142,1910,-2 %,Aktuel værdi
Vibevej 4,4350 Ugerløse,1.750.000,05-03-2008,"
Alm. Salg",14.112,5,Villa,124,1970,-8 %,Aktuel værdi
Stærvej 10,4350 Ugerløse,1.665.000,18-02-2008,"
Alm. Salg",13.320,4,Villa,125,1972,-2 %,Aktuel værdi
Østrupvej 13,4350 Ugerløse,75.000,14-02-2008,"
Alm. Salg",493,5,Stuehus,152,1912,,
Østrupvej 25,4350 Ugerløse,1.080.000,09-02-2008,"
Alm. Salg",13.846,3,Villa,78,1872,,Aktuel værdi
Kornmarken 37,4350 Ugerløse,200.487,04-02-2008,"
Alm. Salg",1.293,6,Stuehus,155,1948,,
Brændholtvej 70,4350 Ugerløse,700.000,11-01-2008,"
Alm. Salg",10.447,3,Villa,67,1910,-12 %,Aktuel værdi
Hovedgaden 59A,4350 Ugerløse,1.160.000,08-01-2008,"
Alm. Salg",6.304,4,Villa,184,1910,-31 %,Aktuel værdi
Hovedgaden 32,4350 Ugerløse,1.500.000,04-01-2008,"
Alm. Salg",6.912,6,Villa,217,1900,-15 %,Aktuel værdi
Brændholtvej 82,4350 Ugerløse,977.500,01-01-2008,"
Fam. Salg",7.135,4,Villa,137,1972,,Aktuel værdi
Jonstrupvej 44,4350 Ugerløse,1.800.000,16-12-2007,"
Alm. Salg",12.500,6,Villa,144,1850,-8 %,Aktuel værdi
Brændholtvej 88,4350 Ugerløse,975.000,13-12-2007,"
Alm. Salg",-,4,Villa,134,1936,-2 %,Aktuel værdi
Holbæk Landevej 34,4350 Ugerløse,813.000,20-10-2007,"
Fam. Salg",6.504,4,Villa,125,1942,,Aktuel værdi
Hulebækvej 20,4350 Ugerløse,175.000,11-10-2007,"
Alm. Salg",1.620,5,Stuehus,108,1827,,
Brændholtvej 80,4350 Ugerløse,2.268.000,23-09-2007,"
Alm. Salg",11.571,6,Villa,196,1878,-1 %,Aktuel værdi
Hovedgaden 58,4350 Ugerløse,2.572.000,03-09-2007,"
Alm. Salg",12.189,6,Villa,211,1937,,Aktuel værdi
Bøgevej 3,4350 Ugerløse,1.000.000,28-08-2007,"
Alm. Salg",12.820,3,Villa,78,1966,-9 %,Aktuel værdi
Hovedgaden 7,4350 Ugerløse,1.550.000,31-07-2007,"
Alm. Salg",7.908,9,Villa,196,1902,-6 %,Aktuel værdi
Hovedgaden 38,4350 Ugerløse,1.045.000,06-07-2007,"
Alm. Salg",6.698,3,Villa,156,1900,,Aktuel værdi
Kristen Boersvej 6,4350 Ugerløse,1.383.000,22-06-2007,"
Alm. Salg",15.366,2,Villa,90,1960,-1 %,Aktuel værdi
Lilleskovvej 21,4350 Ugerløse,1.815.000,18-06-2007,"
Alm. Salg",13.854,4,Villa,131,1966,,Aktuel værdi
Pileager 9,4350 Ugerløse,2.195.000,15-06-2007,"
Alm. Salg",15.137,4,Villa,145,1979,0 %,Aktuel værdi
Hovedgaden 5,4350 Ugerløse,800.000,01-05-2007,"
Alm. Salg",-,7,Villa,162,1900,-27 %,Aktuel værdi
Bøgevej 12,4350 Ugerløse,1.300.000,17-04-2007,"
Alm. Salg",10.833,4,Villa,120,1966,,Aktuel værdi
Tingstedvej 23,4350 Ugerløse,2.995.000,15-04-2007,"
Alm. Salg",18.836,5,Stuehus,159,1907,0 %,
Hovedgaden 36,4350 Ugerløse,1.395.000,03-04-2007,"
Alm. Salg",10.182,5,Villa,137,1900,0 %,Aktuel værdi
Østrupvej 17,4350 Ugerløse,475.000,26-03-2007,"
Alm. Salg",6.418,3,Villa,74,1937,,Aktuel værdi
Bakkevej 22,4350 Ugerløse,743.750,26-03-2007,"
Fam. Salg",4.677,5,Villa,159,1913,,Aktuel værdi
Tjørneholm 63,4350 Ugerløse,2.845.000,15-03-2007,"
Alm. Salg",18.237,6,Villa,156,2005,,Aktuel værdi
Mågevej 4,4350 Ugerløse,1.935.000,15-03-2007,"
Alm. Salg",15.604,5,Villa,124,1970,0 %,Aktuel værdi
Tjørneholm 65,4350 Ugerløse,2.465.000,13-03-2007,"
Alm. Salg",18.816,6,Villa,131,2007,3 %,Aktuel værdi
Hejrevej 12,4350 Ugerløse,1.375.000,10-02-2007,"
Alm. Salg",13.349,3,Villa,103,1971,,Aktuel værdi
Brændholtvej 40,4350 Ugerløse,5.456.500,09-02-2007,"
Fam. Salg",28.126,8,Stuehus,194,1912,,
Tjørneholm 61,4350 Ugerløse,2.850.000,01-02-2007,"
Alm. Salg",18.387,6,Villa,155,2005,,Aktuel værdi
Lilleskovvej 23,4350 Ugerløse,1.450.000,08-01-2007,"
Alm. Salg",11.068,4,Villa,131,1962,,Aktuel værdi
Østrupvej 115,4350 Ugerløse,2.495.000,28-12-2006,"
Alm. Salg",17.206,4,Villa,145,1946,,Aktuel værdi
Vibevej 12,4350 Ugerløse,1.750.000,19-12-2006,"
Alm. Salg",12.773,5,Villa,137,1974,,Aktuel værdi
Tølløsevej 367,4350 Ugerløse,1.300.000,15-12-2006,"
Alm. Salg",11.016,5,Villa,118,1928,,Aktuel værdi
Brorfeldevej 1,4350 Ugerløse,2.900.000,05-12-2006,"
Alm. Salg",23.966,3,Villa,121,1998,,Aktuel værdi
Østrupvej 61,4350 Ugerløse,825.000,27-11-2006,"
Alm. Salg",2.740,9,Stuehus,301,1872,,
Bonderupvej 80,4350 Ugerløse,60.100,24-11-2006,"
Alm. Salg",-,9,Stuehus,213,1908,,
Skovhusvejen 93,4350 Ugerløse,1.800.000,15-11-2006,"
Fam. Salg",16.981,3,Villa,106,1984,,Aktuel værdi
Abildhaven 19,4350 Ugerløse,550.000,01-11-2006,"
Alm. Salg",2.879,7,Villa,191,2007,,Aktuel værdi
Jonstrupvej 54,4350 Ugerløse,700.000,12-10-2006,"
Alm. Salg",6.862,3,Villa,102,1920,,Aktuel værdi
Lilleskovvej 28,4350 Ugerløse,1.850.000,12-09-2006,"
Alm. Salg",10.755,6,Villa,172,1974,,Aktuel værdi
Abildhaven 5,4350 Ugerløse,625.000,11-09-2006,"
Alm. Salg",3.415,6,Villa,183,2009,,Aktuel værdi
Abildhaven 9,4350 Ugerløse,550.000,09-09-2006,"
Alm. Salg",3.741,3,Villa,147,2007,,Aktuel værdi
Abildhaven 21,4350 Ugerløse,500.000,21-08-2006,"
Alm. Salg",3.067,6,Villa,163,2007,,Aktuel værdi
Holbæk Landevej 42,4350 Ugerløse,4.100.000,14-08-2006,"
Alm. Salg",3.540,31,Døgninstitution,1158,1777,,Aktuel værdi
Vibevej 9,4350 Ugerløse,2.285.000,11-08-2006,"
Alm. Salg",11.778,4,Villa,194,1974,,Aktuel værdi
Strædet 6,4350 Ugerløse,1.225.000,06-08-2006,"
Alm. Salg",16.118,2,Villa,76,1906,,Aktuel værdi
Lilleskovvej 61,4350 Ugerløse,2.395.000,29-07-2006,"
Alm. Salg",-,6,Villa,212,1887,,Aktuel værdi
Tølløsevej 324,4350 Ugerløse,2.075.000,24-07-2006,"
Alm. Salg",10.586,6,Villa,196,1860,,Aktuel værdi
Stærvej 3,4350 Ugerløse,1.475.000,05-07-2006,"
Alm. Salg",13.053,4,Villa,113,1972,,Aktuel værdi
Sorøvej 97,4350 Ugerløse,3.000.000,02-07-2006,"
Alm. Salg",15.625,7,Stuehus,192,1890,,
Brændholtvej 75,4350 Ugerløse,600.000,29-06-2006,"
Alm. Salg",13.953,2,Villa,43,1956,,Aktuel værdi
Sorøvej 178,4350 Ugerløse,1.700.000,26-06-2006,"
Andet",10.059,5,Villa,169,1930,,Aktuel værdi
Østrupvej 5,4350 Ugerløse,1.100.000,24-06-2006,"
Alm. Salg",12.500,2,Villa,88,1930,,Aktuel værdi
Tølløsevej 379,4350 Ugerløse,1.750.000,06-06-2006,"
Alm. Salg",11.824,5,Villa,148,1877,,Aktuel værdi
Strædet 8,4350 Ugerløse,1.596.000,06-06-2006,"
Alm. Salg",19.703,2,Villa,81,1940,,Aktuel værdi
Østrupvej 92,4350 Ugerløse,1.668.000,18-05-2006,"
Alm. Salg",11.583,6,Villa,144,2016,,Aktuel værdi
Hejrevej 6,4350 Ugerløse,1.625.000,17-05-2006,"
Alm. Salg",11.363,4,Villa,143,1973,,Aktuel værdi
Egevej 2,4350 Ugerløse,2.048.000,18-04-2006,"
Alm. Salg",11.636,5,Villa,176,1978,,Aktuel værdi
Holbæk Landevej 2,4350 Ugerløse,750.000,26-03-2006,"
Alm. Salg",3.846,5,Villa,195,1888,,Aktuel værdi
Stærvej 8,4350 Ugerløse,1.310.000,27-01-2006,"
Alm. Salg",9.034,5,Villa,145,1972,,Aktuel værdi
Stenlillevej 1,4350 Ugerløse,1.000.000,18-01-2006,"
Alm. Salg",10.416,4,Villa,96,1880,,Aktuel værdi
Jægergårdsvej 9,4350 Ugerløse,2.700.000,14-12-2005,"
Alm. Salg",13.917,6,Stuehus,194,1890,,
Jonstrupvej 91,4350 Ugerløse,1.695.000,09-11-2005,"
Alm. Salg",7.337,9,Villa,231,1900,,Aktuel værdi
Sorøvej 114,4350 Ugerløse,1.069.000,10-10-2005,"
Alm. Salg",9.718,4,Villa,110,1872,,Aktuel værdi
Bonderupvej 13,4350 Ugerløse,1.095.000,01-10-2005,"
Alm. Salg",-,4,Villa,122,1914,,Aktuel værdi
Nyvænge 12,4350 Ugerløse,3.350.000,15-09-2005,"
Alm. Salg",28.879,4,Stuehus,116,1900,,
Østrupvej 11,4350 Ugerløse,1.095.000,14-09-2005,"
Alm. Salg",17.109,3,Villa,64,1946,,Aktuel værdi
Sorøvej 156,4350 Ugerløse,1.800.000,10-08-2005,"
Alm. Salg",10.588,5,Villa,170,1902,,Aktuel værdi
Tjørneholm 41,4350 Ugerløse,225.000,12-07-2005,"
Andet",1.991,4,Villa,113,2001,,Aktuel værdi
Tølløsevej 362,4350 Ugerløse,1.000.000,07-07-2005,"
Alm. Salg",4.347,10,Villa,230,1939,,Aktuel værdi
Kullegårdsvej 11,4350 Ugerløse,1.800.000,30-06-2005,"
Alm. Salg",8.256,4,Villa,218,1700,,Aktuel værdi
Tjørneholm 69,4350 Ugerløse,255.600,14-06-2005,"
Alm. Salg",1.750,6,Villa,146,2005,,Aktuel værdi
Øgårdsvej 20,4350 Ugerløse,2.026.000,10-06-2005,"
Alm. Salg",15.952,5,Stuehus,127,1900,,
Sneppevej 3,4350 Ugerløse,1.332.000,10-06-2005,"
Alm. Salg",8.377,3,Villa,159,1971,,Aktuel værdi
Hovedgaden 18,4350 Ugerløse,1.375.000,01-06-2005,"
Alm. Salg",8.986,4,Villa,153,1904,,Aktuel værdi
Hejrevej 9,4350 Ugerløse,1.380.000,13-05-2005,"
Alm. Salg",12.212,5,Villa,113,1972,,Aktuel værdi
Tjørneholm 23,4350 Ugerløse,1.600.000,10-05-2005,"
Alm. Salg",10.457,4,Villa,153,1988,,Aktuel værdi
Stenlillevej 2,4350 Ugerløse,339.900,10-04-2005,"
Alm. Salg",2.536,4,Villa,134,1971,,Aktuel værdi
Stærvej 12,4350 Ugerløse,1.300.000,26-03-2005,"
Alm. Salg",10.483,5,Villa,124,1970,,Aktuel værdi
Vibevej 10,4350 Ugerløse,1.395.000,13-03-2005,"
Alm. Salg",12.130,5,Villa,115,1980,,Aktuel værdi
Stenlillevej 10,4350 Ugerløse,2.550.000,11-02-2005,"
Alm. Salg",15.088,5,Stuehus,169,1986,,
Hulebækvej 7,4350 Ugerløse,543.708,13-01-2005,"
Alm. Salg",2.517,6,Stuehus,216,1863,,
Ellegårdsvej 2,4350 Ugerløse,1.025.000,21-12-2004,"
Alm. Salg",7.374,4,Villa,139,1962,,Aktuel værdi
Bonderupvej 15,4350 Ugerløse,775.000,20-12-2004,"
Alm. Salg",9.117,4,Villa,85,1900,,Aktuel værdi
Østrupvej 77,4350 Ugerløse,2.700.000,06-12-2004,"
Alm. Salg",21.093,4,Stuehus,128,1777,,
Ubberupvej 1,4350 Ugerløse,1.161.073,06-12-2004,"
Alm. Salg",9.288,5,Stuehus,125,1700,,
Ringstedvej 265,4350 Ugerløse,2.800.000,08-11-2004,"
Fam. Salg",15.300,7,Stuehus,183,1915,,
Hovedgaden 31,4350 Ugerløse,1.125.000,03-11-2004,"
Alm. Salg",6.944,9,Villa,162,1895,,Aktuel værdi
Lilleskovvej 14,4350 Ugerløse,1.100.000,14-10-2004,"
Alm. Salg",8.088,6,Villa,136,1971,,Aktuel værdi
Tjørneholm 31,4350 Ugerløse,1.945.000,01-10-2004,"
Alm. Salg",11.577,5,Villa,168,2001,,Aktuel værdi
Strædet 1,4350 Ugerløse,835.000,01-10-2004,"
Alm. Salg",6.231,6,Villa,134,1910,,Aktuel værdi
Bonderupvej 11,4350 Ugerløse,1.760.000,25-08-2004,"
Alm. Salg",7.394,5,Villa,238,1922,,Aktuel værdi
Vibevej 1,4350 Ugerløse,1.253.000,15-08-2004,"
Alm. Salg",9.213,5,Villa,136,1973,,Aktuel værdi
Tjørneholm 51,4350 Ugerløse,241.211,28-06-2004,"
Alm. Salg",1.556,6,Villa,155,2005,,Aktuel værdi
Tjørneholm 53,4350 Ugerløse,200.550,28-06-2004,"
Alm. Salg",1.364,5,Villa,147,2007,,Aktuel værdi
Hejrevej 4,4350 Ugerløse,1.345.000,01-06-2004,"
Alm. Salg",9.149,5,Villa,147,2003,,Aktuel værdi
Hovedgaden 40,4350 Ugerløse,900.000,28-05-2004,"
Alm. Salg",4.522,7,Villa,199,1900,,Aktuel værdi
Lilleskovvej 17,4350 Ugerløse,1.135.000,17-05-2004,"
Alm. Salg",8.664,4,Villa,131,1966,,Aktuel værdi
Fælledvej 2,4350 Ugerløse,1.377.633,06-05-2004,"
Alm. Salg",5.009,9,Stuehus,275,2004,,
Tjørneholm 49,4350 Ugerløse,178.800,03-05-2004,"
Alm. Salg",1.124,5,Villa,159,2004,,Aktuel værdi
Hovedgaden 27,4350 Ugerløse,1.695.000,01-05-2004,"
Alm. Salg",8.517,6,Villa,199,1877,,Aktuel værdi
Pileager 8,4350 Ugerløse,1.485.000,28-04-2004,"
Andet",9.339,4,Villa,159,1985,,Aktuel værdi
Hovedgaden 24,4350 Ugerløse,850.000,07-04-2004,"
Alm. Salg",7.391,5,Villa,115,1929,,Aktuel værdi
Sorøvej 106,4350 Ugerløse,1.300.000,30-03-2004,"
Alm. Salg",7.065,3,Villa,184,1925,,Aktuel værdi
Østrupvej 10,4350 Ugerløse,603.500,31-12-2003,"
Fam. Salg",7.184,5,Villa,84,1932,,Aktuel værdi
Holbæk Landevej 8,4350 Ugerløse,750.000,14-12-2003,"
Alm. Salg",4.807,5,Villa,156,1926,,Aktuel værdi
Bakkevej 32,4350 Ugerløse,1.060.128,22-11-2003,"
Andet",2.775,8,Stuehus,382,1981,,
Stærvej 16,4350 Ugerløse,950.000,13-10-2003,"
Alm. Salg",7.661,4,Villa,124,1970,,Aktuel værdi
Bøgevej 5,4350 Ugerløse,995.000,28-09-2003,"
Alm. Salg",9.212,3,Villa,108,1965,,Aktuel værdi
Østrupvej 6,4350 Ugerløse,1.200.000,20-08-2003,"
Alm. Salg",6.122,7,Villa,196,1902,,Aktuel værdi
Sorøvej 180,4350 Ugerløse,1.595.000,23-07-2003,"
Alm. Salg",11.814,4,Villa,135,1930,,Aktuel værdi
Brorfeldevej 5,4350 Ugerløse,1.095.000,19-07-2003,"
Alm. Salg",-,7,Villa,144,1830,,Aktuel værdi
Østrupvej 15,4350 Ugerløse,914.000,14-07-2003,"
Alm. Salg",7.491,4,Villa,122,1979,,Aktuel værdi
Holbæk Landevej 60,4350 Ugerløse,690.000,14-06-2003,"
Alm. Salg",9.583,2,Villa,72,1948,,Aktuel værdi
Bonderupvej 6,4350 Ugerløse,350.000,15-03-2003,"
Alm. Salg",2.916,7,Villa,120,1902,,Aktuel værdi
Brændholtvej 7,4350 Ugerløse,650.000,13-03-2003,"
Alm. Salg",-,5,Villa,133,1890,,Aktuel værdi
Brændholtvej 102,4350 Ugerløse,2.800.000,07-03-2003,"
Alm. Salg",9.090,8,Stuehus,308,2010,,
Bonderupvej 73,4350 Ugerløse,1.220.000,01-03-2003,"
Alm. Salg",8.840,4,Villa,138,1907,,Aktuel værdi
Lilleskovvej 36,4350 Ugerløse,1.135.000,26-02-2003,"
Alm. Salg",10.809,3,Villa,105,1948,,Aktuel værdi
Ringstedvej 256,4350 Ugerløse,350.000,26-01-2003,"
Alm. Salg",-,4,Villa,134,1877,,Aktuel værdi
Pileager 3A,4350 Ugerløse,175.000,30-12-2002,"
Alm. Salg",1.011,6,Villa,173,2004,,Aktuel værdi
Egevej 3,4350 Ugerløse,800.000,05-12-2002,"
Alm. Salg",8.000,3,Villa,100,1967,,Aktuel værdi
Hejrevej 14,4350 Ugerløse,225.000,03-11-2002,"
Alm. Salg",1.730,5,Villa,130,2003,,Aktuel værdi
Brorfeldevej 9,4350 Ugerløse,3.700.000,25-10-2002,"
Alm. Salg",20.000,5,Stuehus,185,1800,,
Ellegårdsvej 1,4350 Ugerløse,865.000,18-10-2002,"
Alm. Salg",7.723,4,Villa,112,1961,,Aktuel værdi
Lilleskovvej 55,4350 Ugerløse,495.812,14-10-2002,"
Alm. Salg",2.694,6,Stuehus,184,1890,,
Flædebækvej 25,4350 Ugerløse,894.980,06-10-2002,"
Alm. Salg",6.485,5,Villa,138,1877,,Aktuel værdi
Sorøvej 154,4350 Ugerløse,1.270.000,05-09-2002,"
Alm. Salg",-,6,Stuehus,203,1900,,
Sneppevej 2,4350 Ugerløse,1.098.000,16-08-2002,"
Alm. Salg",-,4,Villa,119,1973,,Aktuel værdi
Østrupvej 32,4350 Ugerløse,1.850.000,12-08-2002,"
Alm. Salg",9.158,9,Villa,202,1880,,Aktuel værdi
Brorfeldevej 17,4350 Ugerløse,1.950.000,24-07-2002,"
Alm. Salg",12.037,5,Villa,162,1927,,Aktuel værdi
Østrupvej 89,4350 Ugerløse,2.207.373,23-07-2002,"
Alm. Salg",-,7,Stuehus,201,1923,,
Ubberupvej 15,4350 Ugerløse,2.018.898,16-07-2002,"
Alm. Salg",13.195,5,Stuehus,153,1924,,
Tingstedvej 38,4350 Ugerløse,2.300.000,08-07-2002,"
Alm. Salg",-,6,Stuehus,198,1907,,
Brændholtvej 81,4350 Ugerløse,1.600.000,07-07-2002,"
Alm. Salg",6.926,8,Villa,231,1905,,Aktuel værdi
Sorøvej 168,4350 Ugerløse,893.320,13-06-2002,"
Alm. Salg",8.348,3,Villa,107,1953,,Aktuel værdi
Jægergårdsvej 19,4350 Ugerløse,300.000,31-05-2002,"
Alm. Salg",2.112,5,Villa,142,2007,,Aktuel værdi
Fælledvej 1,4350 Ugerløse,700.000,20-04-2002,"
Andet",10.606,3,Stuehus,66,1913,,
Toftegårdsvej 20,4350 Ugerløse,491.880,21-03-2002,"
Andet",2.387,4,Villa,206,1975,,Aktuel værdi
Tølløsevej 312,4350 Ugerløse,1.810.000,07-03-2002,"
Alm. Salg",9.890,8,Stuehus,183,1922,,
Kullegårdsvej 1,4350 Ugerløse,482.004,13-02-2002,"
Fam. Salg",2.362,5,Stuehus,204,1800,,
Skovtoftevej 28,4350 Ugerløse,1.400.000,06-01-2002,"
Alm. Salg",5.600,7,Villa,250,1920,,Aktuel værdi
Østrup Skovvej 4,4350 Ugerløse,914.979,22-10-2001,"
Alm. Salg",7.688,3,Villa,119,1880,,Aktuel værdi
Holbæk Landevej 28,4350 Ugerløse,732.000,04-09-2001,"
Alm. Salg",8.043,4,Villa,91,1950,,Aktuel værdi
Sneppevej 12,4350 Ugerløse,170.157,27-08-2001,"
Fam. Salg",1.442,4,Villa,118,1972,,Aktuel værdi
Tølløsevej 291,4350 Ugerløse,822.426,19-08-2001,"
Alm. Salg",-,8,Villa,193,1900,,Aktuel værdi
Toftegårdsvej 19,4350 Ugerløse,910.270,26-07-2001,"
Alm. Salg",7.522,4,Villa,121,1977,,Aktuel værdi
Tølløsevej 346,4350 Ugerløse,364.110,10-07-2001,"
Auktion",3.371,4,Villa,108,1850,,Aktuel værdi
Vibevej 3,4350 Ugerløse,1.209.120,23-06-2001,"
Alm. Salg",8.338,4,Villa,145,1972,,Aktuel værdi
Stenlillevej 20,4350 Ugerløse,1.958.711,14-06-2001,"
Alm. Salg",15.422,5,Stuehus,127,1972,,
Tølløsevej 327,4350 Ugerløse,828.000,25-04-2001,"
Alm. Salg",7.811,5,Villa,106,1955,,Aktuel værdi
Østrupvej 23,4350 Ugerløse,631.840,25-04-2001,"
Fam. Salg",3.143,6,Stuehus,201,1913,,
Frederiksvej 7,4350 Ugerløse,767.000,06-04-2001,"
Alm. Salg",5.945,4,Villa,129,1961,,Aktuel værdi
Tjørneholm 37,4350 Ugerløse,99.000,27-03-2001,"
Alm. Salg",792,5,Villa,125,2001,,Aktuel værdi
Tølløsevej 376,4350 Ugerløse,812.500,22-03-2001,"
Alm. Salg",7.523,4,Villa,108,1910,,Aktuel værdi
Tjørneholm 27,4350 Ugerløse,380.000,21-02-2001,"
Alm. Salg",4.470,4,Rækkehus,85,1990,,Aktuel værdi
Bakkevej 18,4350 Ugerløse,850.000,28-12-2000,"
Alm. Salg",11.805,4,Stuehus,72,1900,,
Tjørneholm 35,4350 Ugerløse,99.000,05-12-2000,"
Alm. Salg",607,6,Villa,163,2001,,Aktuel værdi
Tjørneholm 45,4350 Ugerløse,99.000,16-11-2000,"
Alm. Salg",600,6,Villa,165,2001,,Aktuel værdi
Tjørneholm 43,4350 Ugerløse,99.000,28-09-2000,"
Alm. Salg",462,6,Villa,214,2005,,Aktuel værdi
Jonstrupvej 95,4350 Ugerløse,1.150.000,27-09-2000,"
Alm. Salg",7.666,7,Villa,150,1852,,Aktuel værdi
Østrupvej 22,4350 Ugerløse,4.453.340,29-08-2000,"
Alm. Salg",26.827,7,Stuehus,166,1898,,
Østrupvej 20,4350 Ugerløse,3.400.000,09-08-2000,"
Fam. Salg",15.454,7,Stuehus,220,1898,,
Brorfeldevej 6A,4350 Ugerløse,1.100.000,07-07-2000,"
Alm. Salg",7.236,4,Villa,152,1976,,Aktuel værdi
Tølløsevej 363,4350 Ugerløse,785.473,26-06-2000,"
Alm. Salg",6.385,5,Villa,123,1934,,Aktuel værdi
Tjørneholm 33,4350 Ugerløse,99.000,16-06-2000,"
Alm. Salg",838,4,Villa,118,2003,,Aktuel værdi
Flædebækvej 27,4350 Ugerløse,1.348.920,31-05-2000,"
Alm. Salg",5.505,7,Villa,245,1827,,Aktuel værdi
Jonstrupvej 1,4350 Ugerløse,692.100,05-04-2000,"
Alm. Salg",5.407,5,Villa,128,1877,,Aktuel værdi
Hejrevej 15,4350 Ugerløse,1.087.448,03-03-2000,"
Alm. Salg",8.176,5,Villa,133,1977,,Aktuel værdi
Østrupvej 7,4350 Ugerløse,300.000,25-02-2000,"
Alm. Salg",1.538,4,Stuehus,195,1899,,
Lærkevej 7,4350 Ugerløse,921.000,09-02-2000,"
Alm. Salg",6.673,4,Villa,138,1962,,Aktuel værdi
Østrupvej 30,4350 Ugerløse,1.726.360,05-02-2000,"
Alm. Salg",-,13,Villa,354,1910,,Aktuel værdi
Østrupvej 28,4350 Ugerløse,1.271.003,07-12-1999,"
Alm. Salg",9.628,4,Villa,132,1880,,Aktuel værdi
Stenlillevej 18,4350 Ugerløse,400.000,19-10-1999,"
Alm. Salg",2.941,5,Villa,136,1870,,Aktuel værdi
Østrupvej 18,4350 Ugerløse,1.325.000,19-10-1999,"
Alm. Salg",-,6,Villa,186,1880,,Aktuel værdi
Skovhusvejen 94,4350 Ugerløse,935.000,07-10-1999,"
Fam. Salg",6.875,4,Stuehus,136,1800,,
Frederiksvej 3,4350 Ugerløse,811.886,21-09-1999,"
Alm. Salg",8.546,3,Villa,95,1957,,Aktuel værdi
Skovhusvejen 21,4350 Ugerløse,1.185.120,15-09-1999,"
Alm. Salg",-,5,Villa,149,1927,,Aktuel værdi
Mågevej 8,4350 Ugerløse,388.138,12-09-1999,"
Andet",2.587,5,Villa,150,1969,,Aktuel værdi
Toftegårdsvej 12,4350 Ugerløse,1.326.000,31-08-1999,"
Alm. Salg",10.958,4,Villa,121,1987,,Aktuel værdi
Nyrupvej 19,4350 Ugerløse,644.000,30-08-1999,"
Alm. Salg",-,6,Villa,144,1900,,Aktuel værdi
Hejrevej 5,4350 Ugerløse,931.000,05-07-1999,"
Alm. Salg",6.947,5,Villa,134,1986,,Aktuel værdi
Mågevej 2,4350 Ugerløse,865.000,22-06-1999,"
Alm. Salg",6.553,3,Villa,132,1967,,Aktuel værdi
Egevej 4,4350 Ugerløse,910.590,24-05-1999,"
Alm. Salg",5.951,5,Villa,153,1972,,Aktuel værdi
Hovedgaden 33,4350 Ugerløse,763.640,01-05-1999,"
Alm. Salg",-,4,Villa,107,1923,,Aktuel værdi
Hovedgaden 61,4350 Ugerløse,702.000,26-04-1999,"
Alm. Salg",5.801,4,Villa,121,1927,,Aktuel værdi
Østrupvej 79,4350 Ugerløse,697.050,08-04-1999,"
Alm. Salg",8.012,5,Villa,87,1900,,Aktuel værdi
Hejrevej 20,4350 Ugerløse,802.395,25-03-1999,"
Alm. Salg",-,7,Villa,171,1979,,Aktuel værdi
Kirkevej 7,4350 Ugerløse,635.000,28-02-1999,"
Alm. Salg",5.772,4,Villa,110,1965,,Aktuel værdi
Østrupvej 116,4350 Ugerløse,505.440,10-02-1999,"
Andet",3.120,5,Villa,162,1941,,Aktuel værdi
Lyngvejen 4,4350 Ugerløse,830.358,09-02-1999,"
Andet",6.150,5,Villa,135,1932,,Aktuel værdi
Frederiksvej 5,4350 Ugerløse,510.763,02-02-1999,"
Alm. Salg",5.675,3,Villa,90,1959,,Aktuel værdi
Lærkevej 5,4350 Ugerløse,280.000,05-11-1998,"
Alm. Salg",3.111,3,Villa,90,1964,,Aktuel værdi
Stærvej 5,4350 Ugerløse,873.560,05-10-1998,"
Alm. Salg",6.376,3,Villa,137,1973,,Aktuel værdi
Pileager 1A,4350 Ugerløse,815.703,16-09-1998,"
Alm. Salg",6.741,5,Rækkehus,121,1981,,Aktuel værdi
Sneppevej 6,4350 Ugerløse,748.000,25-08-1998,"
Alm. Salg",5.158,4,Villa,145,1972,,Aktuel værdi
Hejrevej 1,4350 Ugerløse,807.000,02-08-1998,"
Alm. Salg",-,4,Villa,116,1977,,Aktuel værdi
Brændholtvej 68,4350 Ugerløse,520.000,12-06-1998,"
Alm. Salg",5.777,4,Villa,90,1880,,Aktuel værdi
Pileager 7,4350 Ugerløse,110.000,11-06-1998,"
Alm. Salg",555,4,Villa,198,2001,,Aktuel værdi
Toftegårdsvej 5,4350 Ugerløse,1.037.555,08-05-1998,"
Alm. Salg",6.212,4,Villa,167,1973,,Aktuel værdi
Nyrupvej 21,4350 Ugerløse,712.970,21-04-1998,"
Alm. Salg",-,9,Villa,208,1958,,Aktuel værdi
Øgårdsvej 14,4350 Ugerløse,1.433.344,02-02-1998,"
Alm. Salg",-,6,Stuehus,217,1900,,
Brorfeldevej 7,4350 Ugerløse,140.000,19-10-1997,"
Andet",1.609,3,Villa,87,1908,,Aktuel værdi
Tølløsevej 335,4350 Ugerløse,411.000,22-09-1997,"
Alm. Salg",7.339,3,Stuehus,56,1877,,
Brændholtvej 72,4350 Ugerløse,480.000,18-09-1997,"
Alm. Salg",2.981,4,Villa,161,1902,,Aktuel værdi
Hovedgaden 28,4350 Ugerløse,927.000,15-09-1997,"
Alm. Salg",3.334,11,Villa,278,1917,,Aktuel værdi
Nyrupvej 23,4350 Ugerløse,667.500,24-07-1997,"
Alm. Salg",2.383,11,Villa,280,1848,,Aktuel værdi
Pileager 10,4350 Ugerløse,366.371,21-07-1997,"
Alm. Salg",2.654,5,Villa,138,1979,,Aktuel værdi
Hovedgaden 49,4350 Ugerløse,575.260,04-07-1997,"
Alm. Salg",4.022,3,Villa,143,1935,,Aktuel værdi
Sneppevej 15,4350 Ugerløse,754.000,15-05-1997,"
Alm. Salg",6.032,3,Villa,125,1972,,Aktuel værdi
Hovedgaden 4,4350 Ugerløse,855.000,15-05-1997,"
Alm. Salg",5.150,4,Villa,166,1906,,Aktuel værdi
Holbæk Landevej 20,4350 Ugerløse,1.338.647,04-05-1997,"
Alm. Salg",7.649,8,Stuehus,175,1914,,
Hovedgaden 54,4350 Ugerløse,599.000,29-03-1997,"
Alm. Salg",4.309,6,Villa,139,1925,,Aktuel værdi
Stenlillevej 8,4350 Ugerløse,743.153,11-02-1997,"
Alm. Salg",7.285,4,Stuehus,102,1926,,
Stærvej 4,4350 Ugerløse,722.045,30-12-1996,"
Alm. Salg",5.014,5,Villa,144,1973,,Aktuel værdi
Tjørneholm 25,4350 Ugerløse,1.096.000,06-12-1996,"
Alm. Salg",7.258,4,Villa,151,1988,,Aktuel værdi
Stærvej 6,4350 Ugerløse,730.000,27-11-1996,"
Alm. Salg",5.214,4,Villa,140,1974,,Aktuel værdi
Brændholtvej 41,4350 Ugerløse,930.000,07-10-1996,"
Alm. Salg",6.739,5,Stuehus,138,1906,,
Bonderupvej 4,4350 Ugerløse,1.200.000,16-09-1996,"
Alm. Salg",8.759,4,Villa,137,1990,,Aktuel værdi
Jonstrupvej 52,4350 Ugerløse,3.000.000,30-07-1996,"
Alm. Salg",14.925,9,Stuehus,201,1959,,
Toftegårdsvej 27,4350 Ugerløse,692.000,28-07-1996,"
Alm. Salg",5.406,4,Villa,128,1979,,Aktuel værdi
Lilleskovvej 18,4350 Ugerløse,718.500,03-07-1996,"
Alm. Salg",3.703,6,Villa,194,1970,,Aktuel værdi
Toftegårdsvej 29,4350 Ugerløse,704.850,01-05-1996,"
Alm. Salg",5.873,4,Villa,120,1973,,Aktuel værdi
Lyngvejen 13,4350 Ugerløse,812.000,22-04-1996,"
Alm. Salg",5.841,4,Villa,139,1956,,Aktuel værdi
Toftegårdsvej 10,4350 Ugerløse,569.250,01-04-1996,"
Alm. Salg",4.590,4,Villa,124,1981,,Aktuel værdi
Sorøvej 105,4350 Ugerløse,230.000,20-03-1996,"
Alm. Salg",2.527,2,Villa,91,1827,,Aktuel værdi
Sneppevej 13,4350 Ugerløse,751.000,17-03-1996,"
Alm. Salg",5.913,4,Villa,127,1972,,Aktuel værdi
Hovedgaden 47,4350 Ugerløse,407.581,17-02-1996,"
Alm. Salg",-,4,Villa,130,1937,,Aktuel værdi
Brorfeldevej 15,4350 Ugerløse,465.000,10-07-1995,"
Alm. Salg",-,6,Villa,217,1928,,Aktuel værdi
Holbæk Landevej 95,4350 Ugerløse,320.000,03-06-1995,"
Alm. Salg",3.764,2,Villa,85,1912,,Aktuel værdi
Toftegårdsvej 13,4350 Ugerløse,626.646,01-06-1995,"
Alm. Salg",5.178,4,Villa,121,1974,,Aktuel værdi
Stenlillevej 3,4350 Ugerløse,367.000,28-05-1995,"
Alm. Salg",3.058,5,Villa,120,1953,,Aktuel værdi
Stenlillevej 24,4350 Ugerløse,1.779.000,04-04-1995,"
Alm. Salg",7.906,7,Stuehus,225,1827,,
Hulebækvej 37,4350 Ugerløse,2.500.000,26-03-1995,"
Alm. Salg",-,11,Stuehus,338,1887,,
Flædebækvej 4,4350 Ugerløse,935.000,06-03-1995,"
Alm. Salg",6.275,6,Stuehus,149,1870,,
Østrupvej 8,4350 Ugerløse,1.020.000,21-01-1995,"
Alm. Salg",4.903,4,Stuehus,208,1936,,
Holbæk Landevej 57,4350 Ugerløse,498.250,15-11-1994,"
Alm. Salg",3.986,3,Villa,125,1904,,Aktuel værdi
Stærvej 2,4350 Ugerløse,615.000,22-10-1994,"
Alm. Salg",4.155,4,Villa,148,1972,,Aktuel værdi
Østrupvej 70,4350 Ugerløse,797.000,24-09-1994,"
Alm. Salg",5.012,7,Stuehus,159,1906,,
Østrupvej 2,4350 Ugerløse,1.150.000,05-09-1994,"
Alm. Salg",8.333,5,Stuehus,138,1905,,
Mågevej 11,4350 Ugerløse,645.000,20-05-1994,"
Alm. Salg",3.909,5,Villa,165,1972,,Aktuel værdi
Kornmarken 30,4350 Ugerløse,1.280.000,17-05-1994,"
Fam. Salg",7.150,4,Stuehus,179,1827,,
Sorøvej 103,4350 Ugerløse,491.940,24-04-1994,"
Alm. Salg",3.726,4,Villa,132,1777,,Aktuel værdi
Skovhusvejen 96,4350 Ugerløse,1.285.000,23-02-1994,"
Alm. Salg",8.453,5,Stuehus,152,1969,,
Brændholtvej 94,4350 Ugerløse,560.000,30-01-1994,"
Alm. Salg",6.086,3,Stuehus,92,1823,,
Sneppevej 8,4350 Ugerløse,596.000,16-01-1994,"
Alm. Salg",4.447,4,Villa,134,1978,,Aktuel værdi
Tølløsevej 370,4350 Ugerløse,410.000,13-12-1993,"
Alm. Salg",3.014,5,Villa,136,1915,,Aktuel værdi
Holbæk Landevej 26,4350 Ugerløse,277.600,05-11-1993,"
Alm. Salg",4.270,3,Villa,65,1945,,Aktuel værdi
Jægergårdsvej 30,4350 Ugerløse,932.974,29-10-1993,"
Alm. Salg",11.662,5,Stuehus,80,1951,,
Ellegårdsvej 6,4350 Ugerløse,561.960,17-10-1993,"
Alm. Salg",4.495,4,Villa,125,1962,,Aktuel værdi
Vibevej 8,4350 Ugerløse,310.000,10-07-1993,"
Fam. Salg",1.987,5,Villa,156,1970,,Aktuel værdi
Ellegårdsvej 3,4350 Ugerløse,220.000,17-06-1993,"
Alm. Salg",-,6,Villa,146,1963,,Aktuel værdi
Sneppevej 18,4350 Ugerløse,454.699,26-05-1993,"
Alm. Salg",3.988,3,Villa,114,1981,,Aktuel værdi
Syvendeskovvej 41,4350 Ugerløse,473.140,19-05-1993,"
Alm. Salg",1.987,6,Villa,238,1880,,Aktuel værdi
Toftegårdsvej 23,4350 Ugerløse,500.000,17-04-1993,"
Alm. Salg",4.237,5,Villa,118,1974,,Aktuel værdi
Lyngvejen 24,4350 Ugerløse,936.000,15-04-1993,"
Alm. Salg",-,6,Villa,221,1870,,Aktuel værdi
Sorøvej 152,4350 Ugerløse,423.000,25-03-1993,"
Alm. Salg",3.916,4,Villa,108,1907,,Aktuel værdi
Hejrevej 13,4350 Ugerløse,259.250,04-02-1993,"
Fam. Salg",2.090,4,Villa,124,1980,,Aktuel værdi
Hulebækvej 27,4350 Ugerløse,330.000,22-12-1992,"
Fam. Salg",3.235,4,Villa,102,1827,,Aktuel værdi
Strædet 4,4350 Ugerløse,287.630,08-10-1992,"
Alm. Salg",1.786,5,Villa,161,1900,,Aktuel værdi
Bøgevej 1,4350 Ugerløse,677.500,08-09-1992,"
Alm. Salg",4.106,5,Villa,165,1972,,Aktuel værdi
Vibevej 5,4350 Ugerløse,480.000,03-09-1992,"
Alm. Salg",4.137,4,Villa,116,1971,,Aktuel værdi
Bøgevej 10,4350 Ugerløse,220.000,21-04-1992,"
Fam. Salg",1.964,4,Villa,112,1966,,Aktuel værdi
Kullegårdsvej 15,4350 Ugerløse,585.000,14-04-1992,"
Fam. Salg",3.461,7,Villa,169,1908,,Aktuel værdi
Lilleskovvej 12,4350 Ugerløse,585.000,28-03-1992,"
Fam. Salg",5.518,4,Villa,106,1973,,Aktuel værdi
Hejrevej 16,4350 Ugerløse,630.000,24-02-1992,"
Fam. Salg",4.436,5,Villa,142,1976,,Aktuel værdi
Hovedgaden 20,4350 Ugerløse,660.000,20-01-1992,"
Alm. Salg",3.473,5,Villa,190,1929,,Aktuel værdi
