address,zip_code,price,sell_date,sell_type,price_per_sq_m,no_rooms,housing_type,size_in_sq_m,year_of_construction,price_change_in_pct
Bygaden 45,4370 Store Merløse,550.000,03-05-2017,"
Fam. Salg",5.045,3,Villa,109,1946,,Aktuel værdi
Tåstrupvej 64A,4370 Store Merløse,340.001,12-04-2017,"
Alm. Salg",4.146,2,Rækkehus,82,1980,-24 %,Aktuel værdi
Tåstrupvej 174,4370 Store Merløse,50.000,28-03-2017,"
Alm. Salg",1.000,3,Villa,50,1827,,Aktuel værdi
Mejsevej 10,4370 Store Merløse,925.000,27-03-2017,"
Alm. Salg",6.250,4,Villa,148,1970,-16 %,Aktuel værdi
Åvej 6,4370 Store Merløse,2.085.000,14-03-2017,"
Alm. Salg",12.337,6,Villa,169,2005,-5 %,Aktuel værdi
Drosselvej 2,4370 Store Merløse,1.350.000,10-03-2017,"
Alm. Salg",7.894,5,Villa,171,1969,-10 %,Aktuel værdi
Bakken 16,4370 Store Merløse,1.075.000,19-02-2017,"
Alm. Salg",8.143,4,Villa,132,1962,-10 %,Aktuel værdi
Udstrupvej 40,4370 Store Merløse,600.073,01-02-2017,"
Fam. Salg",4.918,5,Villa,122,1841,,Aktuel værdi
Tåstrupvej 134,4370 Store Merløse,1.000.000,20-01-2017,"
Alm. Salg",14.285,3,Stuehus,70,1900,,
Oldenvej 7,4370 Store Merløse,1.600.000,18-12-2016,"
Alm. Salg",10.322,4,Stuehus,155,1912,-6 %,
Ordrupvej 23,4370 Store Merløse,855.000,29-09-2016,"
Alm. Salg",10.058,4,Villa,85,1877,1 %,Aktuel værdi
Skeevej 37,4370 Store Merløse,1.300.000,29-09-2016,"
Alm. Salg",10.924,4,Villa,119,1959,,Aktuel værdi
Ringstedvej 28,4370 Store Merløse,2.275.000,24-09-2016,"
Alm. Salg",16.851,5,Villa,135,2005,0 %,Aktuel værdi
Ringstedvej 85,4370 Store Merløse,945.000,13-09-2016,"
Alm. Salg",9.000,4,Villa,105,1923,-5 %,Aktuel værdi
Hammershusvej 10,4370 Store Merløse,1.500.000,09-09-2016,"
Alm. Salg",8.720,4,Villa,172,1827,0 %,Aktuel værdi
Bakken 17,4370 Store Merløse,900.000,23-08-2016,"
Alm. Salg",7.258,4,Villa,124,1965,-10 %,Aktuel værdi
Tåstrupvej 79,4370 Store Merløse,695.000,19-08-2016,"
Alm. Salg",12.410,3,Villa,56,1870,0 %,Aktuel værdi
Lille Udstrupvej 18,4370 Store Merløse,900.000,18-08-2016,"
Alm. Salg",7.317,4,Villa,123,1900,-5 %,Aktuel værdi
Bakken 18,4370 Store Merløse,975.000,12-08-2016,"
Alm. Salg",6.170,6,Villa,158,1958,-2 %,Aktuel værdi
Vanløsevej 18,4370 Store Merløse,100.000,14-07-2016,"
Alm. Salg",1.785,2,Villa,56,1909,,Aktuel værdi
"Holbækvej 7B, 1",4370 Store Merløse,895.000,04-07-2016,"
Alm. Salg",10.654,3,Lejlighed,84,1925,0 %,Aktuel værdi
Ringstedvej 60,4370 Store Merløse,700.000,30-06-2016,"
Alm. Salg",4.142,6,Villa,169,1956,-12 %,Aktuel værdi
Stestrupvej 250,4370 Store Merløse,18.500.000,23-06-2016,"
Alm. Salg",98.404,7,Stuehus,188,1900,,
Mejsevej 6,4370 Store Merløse,1.385.000,03-06-2016,"
Alm. Salg",6.533,6,Villa,212,1971,-1 %,Aktuel værdi
Drisdalsvej 5,4370 Store Merløse,1.280.000,25-05-2016,"
Alm. Salg",12.075,5,Villa,106,1964,-5 %,Aktuel værdi
Bagmarken 72,4370 Store Merløse,835.000,21-05-2016,"
Alm. Salg",8.350,3,Villa,100,1953,-5 %,Aktuel værdi
Tåstrupvej 35,4370 Store Merløse,975.000,17-05-2016,"
Auktion",5.327,6,Villa,183,1939,-25 %,Aktuel værdi
Spurvevej 4,4370 Store Merløse,1.250.000,11-05-2016,"
Alm. Salg",7.763,6,Villa,161,1972,-7 %,Aktuel værdi
Have Borupvej 50,4370 Store Merløse,2.510.000,11-05-2016,"
Alm. Salg",9.127,6,Stuehus,275,1877,-3 %,
Vanløsevej 5,4370 Store Merløse,1.510.000,28-04-2016,"
Alm. Salg",9.378,5,Stuehus,161,1915,-24 %,
Vængegårdsvej 8,4370 Store Merløse,2.100.000,18-04-2016,"
Alm. Salg",18.421,4,Stuehus,114,1827,-4 %,
Kastrupvej 102,4370 Store Merløse,165.000,13-04-2016,"
Alm. Salg",2.171,3,Villa,76,1850,-58 %,Aktuel værdi
Stestrupvej 223,4370 Store Merløse,942.500,13-04-2016,"
Andet",9.425,3,Stuehus,100,1913,,
Bakken 21,4370 Store Merløse,657.500,10-04-2016,"
Alm. Salg",5.767,4,Villa,114,1967,,Aktuel værdi
Vængegårdsvej 44,4370 Store Merløse,2.100.000,04-03-2016,"
Alm. Salg",16.535,3,Stuehus,127,1939,-7 %,
Spættevej 6,4370 Store Merløse,800.000,02-03-2016,"
Alm. Salg",5.369,6,Villa,149,1975,-20 %,Aktuel værdi
Åvej 25,4370 Store Merløse,600.000,23-02-2016,"
Alm. Salg",4.878,4,Villa,123,1972,-25 %,Aktuel værdi
Spættevej 7,4370 Store Merløse,1.100.000,05-02-2016,"
Alm. Salg",6.626,5,Villa,166,1973,-15 %,Aktuel værdi
Tåstrupvej 14,4370 Store Merløse,937.500,13-10-2015,"
Alm. Salg",8.600,4,Villa,109,1964,-4 %,Aktuel værdi
Skeevej 31,4370 Store Merløse,1.191.927,13-10-2015,"
Fam. Salg",7.052,7,Stuehus,169,1896,,
Tværvej 8,4370 Store Merløse,845.000,12-10-2015,"
Alm. Salg",6.500,5,Villa,130,1905,0 %,Aktuel værdi
Birkegårdsvej 34,4370 Store Merløse,2.750.000,09-10-2015,"
Alm. Salg",21.653,8,Stuehus,127,1909,,
Hammershusvej 74,4370 Store Merløse,850.000,27-09-2015,"
Alm. Salg",5.666,5,Villa,150,1917,-5 %,Aktuel værdi
Vanløsevej 22,4370 Store Merløse,1.350.000,14-09-2015,"
Alm. Salg",7.670,6,Villa,176,1920,-3 %,Aktuel værdi
Åparken 12,4370 Store Merløse,1.150.000,03-09-2015,"
Alm. Salg",8.984,4,Villa,128,1979,-4 %,Aktuel værdi
Have Borupvej 87,4370 Store Merløse,1.900.000,01-09-2015,"
Alm. Salg",10.106,9,Stuehus,188,1848,,
Åvej 10,4370 Store Merløse,1.895.000,19-08-2015,"
Alm. Salg",11.147,7,Villa,170,2004,0 %,Aktuel værdi
"Holbækvej 7B, 2",4370 Store Merløse,330.000,29-07-2015,"
Alm. Salg",2.920,4,Lejlighed,113,1925,,Aktuel værdi
Bakken 31,4370 Store Merløse,2.075.000,23-07-2015,"
Alm. Salg",10.532,7,Villa,197,1967,-1 %,Aktuel værdi
Bybjærg 12,4370 Store Merløse,715.000,17-07-2015,"
Alm. Salg",6.383,4,Villa,112,1986,,Aktuel værdi
Bakken 6,4370 Store Merløse,900.000,13-07-2015,"
Fam. Salg",6.569,5,Villa,137,1960,,Aktuel værdi
Bygaden 74,4370 Store Merløse,2.200.000,12-07-2015,"
Alm. Salg",6.790,11,Villa,324,1930,-4 %,Aktuel værdi
Bybjærg 14,4370 Store Merløse,800.000,11-07-2015,"
Fam. Salg",7.142,4,Villa,112,1985,,Aktuel værdi
Ordrupvej 78,4370 Store Merløse,2.250.000,17-06-2015,"
Alm. Salg",14.240,6,Stuehus,158,1827,0 %,
Klarupvej 44,4370 Store Merløse,1.345.000,11-06-2015,"
Alm. Salg",11.495,4,Villa,117,1789,-4 %,Aktuel værdi
Åparken 40,4370 Store Merløse,870.000,28-04-2015,"
Alm. Salg",6.904,4,Villa,126,1977,-8 %,Aktuel værdi
Spættevej 3,4370 Store Merløse,900.000,28-04-2015,"
Alm. Salg",8.490,4,Villa,106,1979,-5 %,Aktuel værdi
Drosselvej 14,4370 Store Merløse,424.000,25-04-2015,"
Andet",4.416,4,Villa,96,1968,,Aktuel værdi
Toften 7,4370 Store Merløse,765.000,21-03-2015,"
Alm. Salg",8.793,3,Villa,87,1965,-4 %,Aktuel værdi
Åparken 15,4370 Store Merløse,1.000.000,19-03-2015,"
Alm. Salg",6.289,5,Villa,159,1979,-23 %,Aktuel værdi
Holbækvej 25,4370 Store Merløse,615.000,18-03-2015,"
Alm. Salg",5.970,4,Villa,103,1951,0 %,Aktuel værdi
Bakken 68,4370 Store Merløse,480.000,16-03-2015,"
Auktion",5.161,4,Villa,93,1966,-52 %,Aktuel værdi
Skee-Tåstrupvej 64,4370 Store Merløse,2.470.000,05-03-2015,"
Alm. Salg",6.500,8,Villa,380,1887,-1 %,Aktuel værdi
Kastrupvej 96B,4370 Store Merløse,750.000,05-02-2015,"
Alm. Salg",4.385,5,Villa,171,1880,-6 %,Aktuel værdi
Kastrupvej 95,4370 Store Merløse,430.000,21-01-2015,"
Alm. Salg",4.725,3,Villa,91,1777,-34 %,Aktuel værdi
Allindelillevej 47,4370 Store Merløse,1.060.000,13-01-2015,"
Alm. Salg",10.495,2,Villa,101,1959,-3 %,Aktuel værdi
Bybjærg 3,4370 Store Merløse,650.000,05-01-2015,"
Auktion",3.693,7,Villa,176,1850,-18 %,Aktuel værdi
Enggårdsvej 25,4370 Store Merløse,320.000,17-12-2014,"
Alm. Salg",2.064,5,Villa,155,1735,,Aktuel værdi
Ordrupvej 14,4370 Store Merløse,589.000,24-11-2014,"
Alm. Salg",4.827,4,Villa,122,1971,,Aktuel værdi
Tåstrupvej 67,4370 Store Merløse,1.200.000,13-11-2014,"
Andet",8.888,6,Villa,135,1900,0 %,Aktuel værdi
Holbækvej 39,4370 Store Merløse,665.000,12-11-2014,"
Alm. Salg",6.157,3,Villa,108,1970,-13 %,Aktuel værdi
Bakken 3,4370 Store Merløse,1.200.000,07-11-2014,"
Alm. Salg",8.510,4,Villa,141,1900,,Aktuel værdi
Skee-Tåstrupvej 12,4370 Store Merløse,1.875.000,31-10-2014,"
Alm. Salg",18.028,5,Villa,104,1908,,Aktuel værdi
Vanløsevej 25,4370 Store Merløse,210.000,29-10-2014,"
Auktion",1.962,3,Villa,107,1837,,Aktuel værdi
Oldenvej 4,4370 Store Merløse,2.330.000,30-09-2014,"
Alm. Salg",10.990,6,Stuehus,212,1941,,
Bygaden 44B,4370 Store Merløse,1.100.000,29-08-2014,"
Alm. Salg",7.534,5,Villa,146,1978,-2 %,Aktuel værdi
Åvej 1,4370 Store Merløse,450.000,03-07-2014,"
Alm. Salg",2.678,7,Villa,168,1958,,Aktuel værdi
Bygaden 26,4370 Store Merløse,845.000,17-06-2014,"
Alm. Salg",5.184,6,Villa,163,1900,-6 %,Aktuel værdi
Åparken 52,4370 Store Merløse,533.586,12-06-2014,"
Alm. Salg",3.510,5,Villa,152,1978,,Aktuel værdi
Ringstedvej 139,4370 Store Merløse,900.000,12-04-2014,"
Alm. Salg",6.428,6,Villa,140,1920,-10 %,Aktuel værdi
Oldenvej 14,4370 Store Merløse,2.300.000,25-03-2014,"
Alm. Salg",9.543,5,Stuehus,241,1932,,
Skeevej 63,4370 Store Merløse,775.000,24-03-2014,"
Alm. Salg",6.919,4,Villa,112,1923,,Aktuel værdi
Ordrupvej 27,4370 Store Merløse,1.700.000,13-03-2014,"
Auktion",9.444,4,Stuehus,180,1740,-23 %,
Vanløse Sand 8,4370 Store Merløse,1.000.000,01-11-2013,"
Alm. Salg",7.299,5,Stuehus,137,1875,,
Tåstrupvej 12,4370 Store Merløse,1.300.000,14-10-2013,"
Alm. Salg",7.027,6,Villa,185,1949,-13 %,Aktuel værdi
Bygaden 49,4370 Store Merløse,945.000,10-09-2013,"
Alm. Salg",14.104,3,Villa,67,1955,-21 %,Aktuel værdi
Egholmvej 17,4370 Store Merløse,650.000,12-08-2013,"
Auktion",4.924,6,Villa,132,1926,-35 %,Aktuel værdi
Åparken 30,4370 Store Merløse,2.100.000,06-08-2013,"
Alm. Salg",10.714,5,Villa,196,1977,,Aktuel værdi
Skovvænget 24,4370 Store Merløse,2.550.000,15-05-2013,"
Alm. Salg",12.944,5,Villa,197,1923,-2 %,Aktuel værdi
Kildegårdsvej 28,4370 Store Merløse,335.040,01-05-2013,"
Alm. Salg",1.551,5,Stuehus,216,1900,,
Erantisvej 3,4370 Store Merløse,725.000,22-04-2013,"
Fam. Salg",3.571,3,Villa,203,1971,,Aktuel værdi
Skeevej 100,4370 Store Merløse,400.000,16-04-2013,"
Fam. Salg",3.448,4,Villa,116,1942,,Aktuel værdi
Holbækvej 32,4370 Store Merløse,375.000,11-04-2013,"
Alm. Salg",3.472,3,Villa,108,1955,,Aktuel værdi
Enggårdsvej 10,4370 Store Merløse,1.267.000,18-03-2013,"
Auktion",7.198,4,Stuehus,176,1875,,
Tåstrupvej 51,4370 Store Merløse,236.613,17-03-2013,"
Alm. Salg",920,11,Stuehus,257,1909,,
Holtevej 53,4370 Store Merløse,696.397,13-02-2013,"
Alm. Salg",4.642,4,Stuehus,150,1890,,
Vanløsevej 33,4370 Store Merløse,420.000,05-02-2013,"
Fam. Salg",4.117,3,Villa,102,1817,,Aktuel værdi
Holbækvej 30A,4370 Store Merløse,545.000,25-01-2013,"
Alm. Salg",4.257,3,Villa,128,1955,,Aktuel værdi
Bygaden 88,4370 Store Merløse,875.000,08-01-2013,"
Alm. Salg",6.433,4,Villa,136,1971,-2 %,Aktuel værdi
Egholmvej 20,4370 Store Merløse,725.000,17-12-2012,"
Alm. Salg",8.529,4,Villa,85,1929,-9 %,Aktuel værdi
Stestrupvej 215,4370 Store Merløse,600.000,13-12-2012,"
Alm. Salg",6.521,5,Villa,92,1929,-11 %,Aktuel værdi
Åparken 6,4370 Store Merløse,1.300.000,20-11-2012,"
Alm. Salg",10.833,4,Villa,120,1979,-7 %,Aktuel værdi
Bygaden 46,4370 Store Merløse,725.000,11-11-2012,"
Alm. Salg",8.430,4,Villa,86,1956,-9 %,Aktuel værdi
Tåstrupvej 109,4370 Store Merløse,195.000,16-10-2012,"
Alm. Salg",1.950,4,Villa,100,1870,0 %,Aktuel værdi
Tåstrupvej 114,4370 Store Merløse,830.000,11-10-2012,"
Alm. Salg",11.527,3,Stuehus,72,1900,-17 %,
Mølleskovvej 145,4370 Store Merløse,1.465.000,22-09-2012,"
Alm. Salg",9.638,5,Villa,152,1921,-2 %,Aktuel værdi
Spurvevej 5,4370 Store Merløse,1.250.000,16-08-2012,"
Fam. Salg",6.944,4,Villa,180,1975,,Aktuel værdi
Kildegårdsvej 2,4370 Store Merløse,690.000,08-08-2012,"
Alm. Salg",3.670,6,Villa,188,1870,-31 %,Aktuel værdi
Mølleskovvej 115,4370 Store Merløse,473.000,09-07-2012,"
Alm. Salg",2.687,8,Stuehus,176,1907,,
Åparken 32,4370 Store Merløse,1.200.000,09-07-2012,"
Alm. Salg",7.142,6,Villa,168,1978,-24 %,Aktuel værdi
Åparken 25,4370 Store Merløse,885.000,30-06-2012,"
Alm. Salg",8.349,3,Villa,106,1979,0 %,Aktuel værdi
Skeevej 103,4370 Store Merløse,2.600.000,22-04-2012,"
Alm. Salg",22.807,5,Stuehus,114,1900,,
Åparken 5,4370 Store Merløse,460.000,16-04-2012,"
Auktion",4.893,4,Villa,94,1980,,Aktuel værdi
Kastrupvej 97,4370 Store Merløse,1.265.000,28-03-2012,"
Alm. Salg",17.328,3,Villa,73,1949,-6 %,Aktuel værdi
Kildegårdsvej 3,4370 Store Merløse,450.000,15-03-2012,"
Alm. Salg",3.383,4,Villa,133,1979,,Aktuel værdi
Bygaden 41,4370 Store Merløse,180.000,27-02-2012,"
Auktion",1.005,6,Villa,179,1932,,Aktuel værdi
Tåstrupvej 32,4370 Store Merløse,437.802,24-01-2012,"
Fam. Salg",4.560,3,Villa,96,1962,,Aktuel værdi
Tåstrupvej 33,4370 Store Merløse,835.441,24-01-2012,"
Fam. Salg",6.962,4,Villa,120,1973,,Aktuel værdi
Vanløsevej 7,4370 Store Merløse,1.595.000,16-01-2012,"
Alm. Salg",7.705,6,Villa,207,1890,-6 %,Aktuel værdi
Åparken 10,4370 Store Merløse,896.000,05-01-2012,"
Alm. Salg",7.466,4,Villa,120,1979,-10 %,Aktuel værdi
Egebrovej 15,4370 Store Merløse,1.200.000,01-12-2011,"
Alm. Salg",8.823,6,Villa,136,1945,,Aktuel værdi
Bakken 12,4370 Store Merløse,500.000,31-10-2011,"
Fam. Salg",4.629,4,Villa,108,1966,,Aktuel værdi
Vanløse Sand 4,4370 Store Merløse,1.952.483,12-10-2011,"
Alm. Salg",11.157,7,Stuehus,175,1877,,
Pilevænget 26,4370 Store Merløse,420.000,12-09-2011,"
Auktion",4.666,4,Villa,90,1777,,Aktuel værdi
Skeevej 104,4370 Store Merløse,2.350.000,01-09-2011,"
Alm. Salg",18.359,4,Stuehus,128,1877,,
Vanløse Sand 6,4370 Store Merløse,1.975.000,12-08-2011,"
Alm. Salg",12.993,4,Stuehus,152,1987,-8 %,
Bakken 13,4370 Store Merløse,1.045.000,04-07-2011,"
Alm. Salg",8.360,4,Villa,125,1966,-5 %,Aktuel værdi
Bonderupvej 248,4370 Store Merløse,875.000,02-07-2011,"
Alm. Salg",9.114,2,Villa,96,1964,-27 %,Aktuel værdi
Skovvænget 3,4370 Store Merløse,1.000.000,30-06-2011,"
Alm. Salg",-,6,Stuehus,204,1899,,
Stestrupvej 240,4370 Store Merløse,510.000,29-06-2011,"
Alm. Salg",6.623,4,Villa,77,1801,-14 %,Aktuel værdi
Ringstedvej 68,4370 Store Merløse,300.000,30-05-2011,"
Auktion",2.222,5,Villa,135,1927,,Aktuel værdi
Holbækvej 11A,4370 Store Merløse,625.000,05-05-2011,"
Auktion",4.401,5,Rækkehus,142,2001,,Aktuel værdi
Holbækvej 11B,4370 Store Merløse,625.000,05-05-2011,"
Auktion",4.401,5,Rækkehus,142,2001,,Aktuel værdi
Ordrupvej 18,4370 Store Merløse,1.100.000,03-05-2011,"
Alm. Salg",5.116,8,Villa,215,1777,-12 %,Aktuel værdi
Bakken 24,4370 Store Merløse,1.205.000,29-04-2011,"
Alm. Salg",9.128,5,Villa,132,1964,-7 %,Aktuel værdi
Holbækvej 21,4370 Store Merløse,650.000,04-04-2011,"
Auktion",4.887,5,Villa,133,1949,,Aktuel værdi
Åparken 14,4370 Store Merløse,1.025.000,18-03-2011,"
Alm. Salg",5.510,7,Villa,186,1980,-2 %,Aktuel værdi
Fasanvej 1,4370 Store Merløse,1.600.000,01-03-2011,"
Alm. Salg",9.523,5,Villa,168,1975,-11 %,Aktuel værdi
Skeevej 56,4370 Store Merløse,1.225.000,11-02-2011,"
Auktion",9.074,4,Villa,135,1900,-30 %,Aktuel værdi
Ringstedvej 58,4370 Store Merløse,625.000,07-02-2011,"
Auktion",4.807,5,Villa,130,2002,,Aktuel værdi
Kastrupvej 93,4370 Store Merløse,850.000,27-12-2010,"
Alm. Salg",7.142,3,Villa,119,1944,-15 %,Aktuel værdi
Bygaden 32,4370 Store Merløse,900.000,02-12-2010,"
Auktion",6.164,4,Villa,146,1920,,Aktuel værdi
Bakken 10,4370 Store Merløse,995.000,08-10-2010,"
Alm. Salg",11.055,3,Villa,90,1959,-9 %,Aktuel værdi
Fasanvej 4,4370 Store Merløse,1.295.000,19-09-2010,"
Alm. Salg",7.662,5,Villa,169,1972,0 %,Aktuel værdi
Tåstrupvej 105,4370 Store Merløse,757.894,30-06-2010,"
Alm. Salg",7.149,7,Villa,106,1790,,Aktuel værdi
Bygaden 86,4370 Store Merløse,1.195.000,25-06-2010,"
Alm. Salg",8.786,4,Villa,136,1970,0 %,Aktuel værdi
Bakken 27,4370 Store Merløse,700.000,16-06-2010,"
Alm. Salg",4.347,5,Villa,161,1966,-12 %,Aktuel værdi
Mølleskovvej 144,4370 Store Merløse,650.000,15-06-2010,"
Auktion",4.642,5,Villa,140,1897,,Aktuel værdi
Tåstrupvej 126,4370 Store Merløse,740.000,04-06-2010,"
Alm. Salg",5.967,3,Villa,124,1920,-7 %,Aktuel værdi
Bygaden 21,4370 Store Merløse,626.511,26-05-2010,"
Andet",4.350,4,Villa,144,1912,,Aktuel værdi
Tåstrupvej 8,4370 Store Merløse,717.500,19-05-2010,"
Alm. Salg",7.103,3,Villa,101,1947,,Aktuel værdi
Bakken 36,4370 Store Merløse,604.475,17-05-2010,"
Alm. Salg",4.797,5,Villa,126,1965,,Aktuel værdi
Skeevej 42,4370 Store Merløse,685.000,03-05-2010,"
Alm. Salg",8.353,3,Villa,82,1906,-8 %,Aktuel værdi
Bakkekammen 3,4370 Store Merløse,1.675.000,28-04-2010,"
Alm. Salg",9.410,8,Villa,178,1900,-12 %,Aktuel værdi
Tåstrupvej 49,4370 Store Merløse,1.575.000,25-04-2010,"
Alm. Salg",10.161,6,Villa,155,1974,-7 %,Aktuel værdi
Ringstedvej 62,4370 Store Merløse,850.000,27-03-2010,"
Alm. Salg",8.854,3,Villa,96,1964,-22 %,Aktuel værdi
Spættevej 5,4370 Store Merløse,1.100.000,15-03-2010,"
Alm. Salg",9.166,5,Villa,120,1972,,Aktuel værdi
Hammershusvej 110,4370 Store Merløse,500.000,05-03-2010,"
Alm. Salg",3.333,5,Villa,150,2009,,Aktuel værdi
Holbækvej 15,4370 Store Merløse,1.100.000,29-01-2010,"
Alm. Salg",10.000,6,Villa,110,1937,-4 %,Aktuel værdi
Bakken 54,4370 Store Merløse,525.000,12-01-2010,"
Alm. Salg",4.525,3,Villa,116,1974,,Aktuel værdi
Tåstrupvej 103,4370 Store Merløse,1.020.000,07-01-2010,"
Auktion",6.538,7,Villa,156,1917,,Aktuel værdi
Toften 11B,4370 Store Merløse,665.000,01-12-2009,"
Andet",4.716,5,Villa,141,1827,,Aktuel værdi
Bygaden 36,4370 Store Merløse,1.150.000,13-11-2009,"
Alm. Salg",8.273,7,Villa,139,1907,,Aktuel værdi
Åparken 31,4370 Store Merløse,1.800.000,03-11-2009,"
Alm. Salg",11.320,5,Villa,159,1986,-5 %,Aktuel værdi
Tåstrupvej 5,4370 Store Merløse,650.000,06-10-2009,"
Alm. Salg",-,5,Villa,197,1934,-4 %,Aktuel værdi
Holbækvej 17,4370 Store Merløse,1.030.000,25-09-2009,"
Alm. Salg",7.686,5,Villa,134,1945,-14 %,Aktuel værdi
Tåstrupvej 78,4370 Store Merløse,2.000.000,11-09-2009,"
Alm. Salg",12.121,7,Stuehus,165,1927,-11 %,
Åvej 2,4370 Store Merløse,1.520.000,20-08-2009,"
Auktion",9.500,6,Villa,160,2007,,Aktuel værdi
Holbækvej 5,4370 Store Merløse,760.000,07-08-2009,"
Auktion",6.972,5,Villa,109,1937,,Aktuel værdi
Udstrupvej 44,4370 Store Merløse,6.200.000,30-07-2009,"
Alm. Salg",27.927,7,Stuehus,222,1900,,
Erantisvej 1,4370 Store Merløse,1.225.000,23-07-2009,"
Alm. Salg",11.666,4,Villa,105,1969,-5 %,Aktuel værdi
Pilevænget 6,4370 Store Merløse,995.000,20-07-2009,"
Fam. Salg",8.652,3,Villa,115,1890,,Aktuel værdi
Stestrupvej 209,4370 Store Merløse,2.000.000,20-07-2009,"
Alm. Salg",32.258,3,Villa,62,1882,-7 %,Aktuel værdi
Tåstrupvej 34,4370 Store Merløse,950.000,25-06-2009,"
Alm. Salg",7.916,4,Villa,120,1963,-13 %,Aktuel værdi
Hammershusvej 94,4370 Store Merløse,500.000,25-03-2009,"
Alm. Salg",1.851,8,Stuehus,270,1877,,
Tåstrupvej 16,4370 Store Merløse,562.500,14-03-2009,"
Fam. Salg",5.569,3,Villa,101,1952,,Aktuel værdi
Mølleskovvej 122,4370 Store Merløse,1.675.000,06-03-2009,"
Alm. Salg",11.631,4,Villa,144,1875,-4 %,Aktuel værdi
Bakken 15,4370 Store Merløse,1.550.000,27-02-2009,"
Alm. Salg",12.704,4,Villa,122,1966,-3 %,Aktuel værdi
Bakken 78,4370 Store Merløse,1.100.000,12-02-2009,"
Alm. Salg",11.702,3,Villa,94,1965,-6 %,Aktuel værdi
Tåstrupvej 3,4370 Store Merløse,1.100.000,06-02-2009,"
Alm. Salg",10.784,3,Villa,102,1932,-8 %,Aktuel værdi
Åvej 23,4370 Store Merløse,1.800.000,22-12-2008,"
Alm. Salg",10.112,4,Villa,178,1976,-10 %,Aktuel værdi
Vanløsevej 31,4370 Store Merløse,1.140.000,16-10-2008,"
Alm. Salg",11.400,3,Villa,100,1930,-5 %,Aktuel værdi
Vængegårdsvej 10,4370 Store Merløse,385.200,01-10-2008,"
Alm. Salg",1.667,6,Stuehus,231,1911,,
Holbækvej 29,4370 Store Merløse,1.500.000,22-09-2008,"
Alm. Salg",9.036,6,Villa,166,1960,-6 %,Aktuel værdi
Ordrupvej 33,4370 Store Merløse,2.850.000,08-09-2008,"
Alm. Salg",14.690,4,Stuehus,194,1890,-11 %,
Tåstrupvej 47,4370 Store Merløse,1.300.000,28-08-2008,"
Alm. Salg",10.236,4,Villa,127,1920,0 %,Aktuel værdi
Vængegårdsvej 18,4370 Store Merløse,4.518.107,27-08-2008,"
Alm. Salg",19.816,6,Stuehus,228,1827,,
Bakken 11,4370 Store Merløse,1.000.000,18-08-2008,"
Alm. Salg",8.620,4,Villa,116,1965,,Aktuel værdi
Hammershusvej 12,4370 Store Merløse,675.000,31-07-2008,"
Andet",4.500,5,Villa,150,1862,,Aktuel værdi
Bakken 84,4370 Store Merløse,1.150.000,27-07-2008,"
Alm. Salg",9.200,4,Villa,125,1947,-8 %,Aktuel værdi
Bakken 22,4370 Store Merløse,800.000,14-07-2008,"
Alm. Salg",7.692,4,Villa,104,1964,-6 %,Aktuel værdi
Stestrupvej 222,4370 Store Merløse,1.200.000,30-06-2008,"
Alm. Salg",10.084,5,Villa,119,1978,,Aktuel værdi
Bygaden 76,4370 Store Merløse,890.000,20-06-2008,"
Alm. Salg",7.235,6,Villa,123,1938,,Aktuel værdi
Bakkekammen 9,4370 Store Merløse,2.125.000,18-06-2008,"
Alm. Salg",14.756,5,Villa,144,1952,-3 %,Aktuel værdi
Tåstrupvej 128,4370 Store Merløse,5.525.000,12-06-2008,"
Alm. Salg",45.286,4,Stuehus,122,1915,,
Bagmarken 70,4370 Store Merløse,1.350.000,04-06-2008,"
Alm. Salg",10.000,6,Villa,135,1963,-8 %,Aktuel værdi
Bygaden 59,4370 Store Merløse,2.650.000,12-04-2008,"
Alm. Salg",12.740,6,Villa,208,1967,6 %,Aktuel værdi
Birkegårdsvej 45,4370 Store Merløse,1.250.000,09-04-2008,"
Fam. Salg",10.683,5,Stuehus,117,1902,,
Bakken 1B,4370 Store Merløse,1.065.000,15-03-2008,"
Alm. Salg",15.661,2,Villa,68,1909,-7 %,Aktuel værdi
Møllevejen 8,4370 Store Merløse,340.000,10-03-2008,"
Alm. Salg",4.415,3,Villa,77,1850,,Aktuel værdi
Holtevej 50,4370 Store Merløse,1.060.000,29-02-2008,"
Alm. Salg",17.666,3,Villa,60,1950,-4 %,Aktuel værdi
Lille Udstrupvej 14,4370 Store Merløse,500.000,28-02-2008,"
Fam. Salg",9.090,2,Villa,55,1950,,Aktuel værdi
Skovvænget 23,4370 Store Merløse,3.090.000,08-02-2008,"
Alm. Salg",15.606,6,Villa,198,1905,-3 %,Aktuel værdi
Merløsevej 23,4370 Store Merløse,1.800.000,30-01-2008,"
Alm. Salg",9.000,6,Villa,200,1905,,Aktuel værdi
Skeevej 79,4370 Store Merløse,1.895.000,29-01-2008,"
Alm. Salg",11.554,6,Villa,164,1984,-3 %,Aktuel værdi
"Holbækvej 7A, 1",4370 Store Merløse,1.095.000,20-12-2007,"
Alm. Salg",14.038,3,Lejlighed,78,1925,0 %,Aktuel værdi
Ringstedvej 74,4370 Store Merløse,900.000,22-10-2007,"
Alm. Salg",8.035,5,Villa,112,1735,-10 %,Aktuel værdi
Stestrupvej 238,4370 Store Merløse,1.245.000,05-10-2007,"
Alm. Salg",7.455,5,Villa,167,1910,,Aktuel værdi
Mejsevej 8,4370 Store Merløse,617.000,12-08-2007,"
Andet",4.604,4,Villa,134,1969,,Aktuel værdi
Skeevej 91,4370 Store Merløse,553.334,08-08-2007,"
Fam. Salg",3.816,5,Villa,145,1903,,Aktuel værdi
Bygaden 6,4370 Store Merløse,1.195.000,19-07-2007,"
Alm. Salg",9.053,3,Villa,132,1901,-8 %,Aktuel værdi
Hammershusvej 40,4370 Store Merløse,2.700.000,19-07-2007,"
Alm. Salg",17.419,5,Stuehus,155,1870,-13 %,
Bakken 72,4370 Store Merløse,1.700.000,18-07-2007,"
Alm. Salg",15.454,4,Villa,110,1962,-3 %,Aktuel værdi
Bakkekammen 4,4370 Store Merløse,1.375.000,10-07-2007,"
Alm. Salg",16.369,3,Villa,84,1953,,Aktuel værdi
Skeevej 69,4370 Store Merløse,1.925.000,03-07-2007,"
Alm. Salg",16.452,4,Villa,117,1937,0 %,Aktuel værdi
Bygaden 42,4370 Store Merløse,1.025.000,14-06-2007,"
Fam. Salg",5.310,5,Villa,193,1897,,Aktuel værdi
Bygaden 17,4370 Store Merløse,1.500.000,08-06-2007,"
Alm. Salg",9.803,6,Villa,153,1909,-3 %,Aktuel værdi
Bygaden 61,4370 Store Merløse,1.445.000,04-06-2007,"
Alm. Salg",11.844,5,Villa,122,1940,0 %,Aktuel værdi
Tåstrupvej 39,4370 Store Merløse,2.100.000,21-04-2007,"
Alm. Salg",11.666,6,Villa,180,1934,,Aktuel værdi
Tåstrupvej 93,4370 Store Merløse,1.850.000,21-04-2007,"
Alm. Salg",-,5,Stuehus,228,1900,-7 %,
Skeevej 3,4370 Store Merløse,7.750.000,19-04-2007,"
Alm. Salg",38.750,7,Stuehus,200,1900,,
Skeevej 16,4370 Store Merløse,680.287,27-03-2007,"
Alm. Salg",5.486,4,Villa,124,1900,,Aktuel værdi
Hammershusvej 5,4370 Store Merløse,1.325.000,31-01-2007,"
Alm. Salg",12.619,3,Villa,105,1950,,Aktuel værdi
Merløsevej 25,4370 Store Merløse,938.750,31-01-2007,"
Alm. Salg",6.017,6,Villa,156,1850,,Aktuel værdi
Drosselvej 5,4370 Store Merløse,1.575.000,07-01-2007,"
Alm. Salg",9.905,5,Villa,159,1969,,Aktuel værdi
Hammershusvej 26,4370 Store Merløse,3.800.000,28-11-2006,"
Alm. Salg",20.540,8,Villa,185,1900,,Aktuel værdi
Tåstrupvej 69,4370 Store Merløse,900.000,24-11-2006,"
Alm. Salg",10.588,2,Villa,85,1870,,Aktuel værdi
Tåstrupvej 63A,4370 Store Merløse,1.200.000,22-11-2006,"
Alm. Salg",9.302,6,Rækkehus,129,1850,,Aktuel værdi
Tåstrupvej 4,4370 Store Merløse,1.985.000,19-11-2006,"
Alm. Salg",10.179,5,Villa,195,1974,,Aktuel værdi
Holbækvej 12,4370 Store Merløse,1.695.000,13-11-2006,"
Alm. Salg",11.936,5,Villa,142,1920,,Aktuel værdi
Stestrupvej 200,4370 Store Merløse,3.400.000,12-10-2006,"
Alm. Salg",31.481,4,Stuehus,108,1929,,
Tranevej 3,4370 Store Merløse,2.260.000,07-09-2006,"
Alm. Salg",12.988,5,Villa,174,1972,,Aktuel værdi
Vanløsevej 11A,4370 Store Merløse,3.150.000,28-08-2006,"
Alm. Salg",15.909,10,Stuehus,198,1951,,
Oldenvej 3,4370 Store Merløse,1.305.000,15-08-2006,"
Alm. Salg",4.815,7,Stuehus,271,2010,,
Pilevænget 30,4370 Store Merløse,2.800.000,08-04-2006,"
Alm. Salg",23.333,4,Stuehus,120,1970,,
Hvalsøvej 104,4370 Store Merløse,1.266.000,01-03-2006,"
Andet",5.023,8,Stuehus,252,1877,,
Åvej 8,4370 Store Merløse,1.950.000,07-02-2006,"
Alm. Salg",15.354,5,Villa,127,2008,,Aktuel værdi
Holbækvej 20,4370 Store Merløse,1.648.000,01-02-2006,"
Alm. Salg",13.733,4,Villa,120,1939,,Aktuel værdi
Mejsevej 12,4370 Store Merløse,1.695.000,19-01-2006,"
Alm. Salg",12.555,4,Villa,135,1972,,Aktuel værdi
Hammershusvej 4,4370 Store Merløse,942.747,08-01-2006,"
Alm. Salg",4.384,9,Stuehus,215,1870,,
Møllevejen 12,4370 Store Merløse,3.725.000,01-12-2005,"
Alm. Salg",-,10,Stuehus,284,1864,,
Hammershusvej 22,4370 Store Merløse,3.000.000,24-11-2005,"
Fam. Salg",12.448,5,Stuehus,241,1877,,
Enggårdsvej 6,4370 Store Merløse,1.050.000,15-11-2005,"
Alm. Salg",10.194,3,Villa,103,1850,,Aktuel værdi
Tåstrupvej 125,4370 Store Merløse,850.000,07-11-2005,"
Andet",14.166,3,Villa,60,1925,,Aktuel værdi
Hammershusvej 27,4370 Store Merløse,2.166.120,27-10-2005,"
Alm. Salg",8.236,10,Stuehus,263,1906,,
Tåstrupvej 38,4370 Store Merløse,1.300.000,20-10-2005,"
Alm. Salg",12.037,5,Villa,108,1965,,Aktuel værdi
Hammershusvej 38,4370 Store Merløse,1.395.000,19-10-2005,"
Alm. Salg",-,7,Villa,154,1900,,Aktuel værdi
Vanløsevej 11B,4370 Store Merløse,1.600.000,04-10-2005,"
Alm. Salg",6.349,7,Stuehus,252,1900,,
Vængegårdsvej 38,4370 Store Merløse,1.670.000,03-10-2005,"
Alm. Salg",-,5,Villa,147,1850,,Aktuel værdi
Tranevej 2,4370 Store Merløse,1.550.000,30-09-2005,"
Alm. Salg",10.130,5,Villa,153,1973,,Aktuel værdi
Tranevej 5,4370 Store Merløse,1.425.000,30-09-2005,"
Alm. Salg",9.895,4,Villa,144,1973,,Aktuel værdi
Klarupvej 32,4370 Store Merløse,1.495.000,08-09-2005,"
Alm. Salg",-,6,Villa,246,1900,,Aktuel værdi
Holbækvej 18,4370 Store Merløse,880.000,02-09-2005,"
Alm. Salg",6.984,5,Villa,126,1937,,Aktuel værdi
Bybjærg 4,4370 Store Merløse,215.000,19-08-2005,"
Alm. Salg",1.387,6,Villa,155,2012,,Aktuel værdi
Bakken 30,4370 Store Merløse,1.395.000,16-08-2005,"
Alm. Salg",12.567,4,Villa,111,1969,,Aktuel værdi
Bygaden 44A,4370 Store Merløse,1.185.000,28-07-2005,"
Alm. Salg",8.843,4,Villa,134,1870,,Aktuel værdi
Drisdalsvej 3,4370 Store Merløse,1.045.000,08-07-2005,"
Alm. Salg",12.294,3,Villa,85,1897,,Aktuel værdi
Åvej 4,4370 Store Merløse,200.400,30-06-2005,"
Alm. Salg",1.462,6,Villa,137,2007,,Aktuel værdi
Bakken 43,4370 Store Merløse,1.345.000,30-06-2005,"
Alm. Salg",12.932,4,Villa,104,1962,,Aktuel værdi
Åvej 14,4370 Store Merløse,154.400,24-06-2005,"
Alm. Salg",965,6,Villa,160,2006,,Aktuel værdi
Mølleskovvej 112,4370 Store Merløse,2.600.000,15-06-2005,"
Alm. Salg",9.885,8,Stuehus,263,1907,,
Hvalsøvej 34,4370 Store Merløse,4.100.000,12-06-2005,"
Alm. Salg",23.563,8,Stuehus,174,1935,,
Spættevej 8,4370 Store Merløse,1.600.000,07-06-2005,"
Alm. Salg",8.791,5,Villa,182,1972,,Aktuel værdi
Holbækvej 8,4370 Store Merløse,850.000,26-05-2005,"
Alm. Salg",4.336,6,Villa,196,1905,,Aktuel værdi
Åvej 12,4370 Store Merløse,161.000,25-04-2005,"
Alm. Salg",1.183,6,Villa,136,2005,,Aktuel værdi
Hammershusvej 75,4370 Store Merløse,185.675,24-04-2005,"
Andet",1.205,4,Stuehus,154,1973,,
Banevej 10,4370 Store Merløse,1.700.000,18-04-2005,"
Alm. Salg",11.333,9,Villa,150,1914,,Aktuel værdi
Bogfinkevej 4,4370 Store Merløse,1.275.000,23-03-2005,"
Alm. Salg",10.625,4,Villa,120,1969,,Aktuel værdi
Bogfinkevej 5,4370 Store Merløse,1.255.000,10-03-2005,"
Alm. Salg",10.458,4,Villa,120,1968,,Aktuel værdi
Mølleskovvej 102,4370 Store Merløse,4.540.000,23-02-2005,"
Alm. Salg",29.673,5,Stuehus,153,1977,,
Stestrupvej 206,4370 Store Merløse,1.500.000,16-02-2005,"
Fam. Salg",12.096,5,Stuehus,124,1877,,
Have Borupvej 35,4370 Store Merløse,900.000,27-12-2004,"
Alm. Salg",8.823,6,Villa,102,1898,,Aktuel værdi
Bakken 8,4370 Store Merløse,1.250.000,06-12-2004,"
Alm. Salg",7.062,3,Villa,177,1957,,Aktuel værdi
Bakken 33,4370 Store Merløse,1.545.000,21-11-2004,"
Alm. Salg",10.655,5,Villa,145,1967,,Aktuel værdi
Vanløsevej 21,4370 Store Merløse,710.000,20-10-2004,"
Alm. Salg",8.068,4,Villa,88,1907,,Aktuel værdi
Drosselvej 11,4370 Store Merløse,1.245.000,28-09-2004,"
Alm. Salg",9.576,4,Villa,130,1970,,Aktuel værdi
Vanløsevej 12,4370 Store Merløse,6.000.000,26-09-2004,"
Alm. Salg",22.900,11,Stuehus,262,1863,,
Åparken 42,4370 Store Merløse,1.558.000,09-09-2004,"
Alm. Salg",9.860,3,Villa,158,1977,,Aktuel værdi
Vanløsevej 17,4370 Store Merløse,1.598.050,09-09-2004,"
Alm. Salg",10.653,6,Villa,150,1772,,Aktuel værdi
Tåstrupvej 24,4370 Store Merløse,865.000,03-09-2004,"
Alm. Salg",8.160,5,Villa,106,1963,,Aktuel værdi
Mølleskovvej 135,4370 Store Merløse,4.250.000,18-08-2004,"
Alm. Salg",20.432,6,Stuehus,208,1861,,
Bakken 62,4370 Store Merløse,1.075.227,11-08-2004,"
Alm. Salg",10.338,4,Villa,104,1970,,Aktuel værdi
Hammershusvej 7,4370 Store Merløse,1.040.000,13-07-2004,"
Alm. Salg",9.285,2,Villa,112,1777,,Aktuel værdi
Ordrupvej 25,4370 Store Merløse,350.000,24-06-2004,"
Alm. Salg",3.301,5,Villa,106,1917,,Aktuel værdi
Bygaden 54,4370 Store Merløse,1.095.000,06-06-2004,"
Alm. Salg",7.934,5,Villa,138,1978,,Aktuel værdi
Åparken 2,4370 Store Merløse,629.000,05-06-2004,"
Alm. Salg",4.801,4,Villa,131,1978,,Aktuel værdi
Bagmarken 68,4370 Store Merløse,1.165.198,25-05-2004,"
Alm. Salg",7.148,6,Villa,163,1964,,Aktuel værdi
Åparken 22,4370 Store Merløse,1.300.000,16-05-2004,"
Alm. Salg",8.441,6,Villa,154,1978,,Aktuel værdi
Lille Udstrupvej 32,4370 Store Merløse,2.375.000,13-05-2004,"
Alm. Salg",14.843,5,Stuehus,160,1890,,
Tåstrupvej 26,4370 Store Merløse,700.000,15-04-2004,"
Alm. Salg",8.641,3,Villa,81,1960,,Aktuel værdi
Bakkekammen 7,4370 Store Merløse,600.000,04-04-2004,"
Alm. Salg",-,4,Villa,115,1965,,Aktuel værdi
Hammershusvej 13,4370 Store Merløse,835.000,31-03-2004,"
Alm. Salg",11.133,3,Villa,75,1877,,Aktuel værdi
Bygaden 90,4370 Store Merløse,825.000,16-03-2004,"
Alm. Salg",6.875,4,Villa,120,1969,,Aktuel værdi
Ordrupvej 54,4370 Store Merløse,1.800.000,08-03-2004,"
Alm. Salg",21.176,3,Stuehus,85,1890,,
Holbækvej 22,4370 Store Merløse,582.051,18-02-2004,"
Andet",4.409,4,Villa,132,1944,,Aktuel værdi
Mølleskovvej 121,4370 Store Merløse,907.808,15-02-2004,"
Alm. Salg",5.501,6,Villa,165,1920,,Aktuel værdi
Bygaden 38,4370 Store Merløse,1.025.000,04-02-2004,"
Alm. Salg",7.218,6,Villa,142,1910,,Aktuel værdi
Bakken 39,4370 Store Merløse,1.260.000,28-12-2003,"
Alm. Salg",9.064,6,Villa,139,1918,,Aktuel værdi
Bakken 23,4370 Store Merløse,1.155.000,01-12-2003,"
Alm. Salg",9.390,4,Villa,123,1968,,Aktuel værdi
Bygaden 19,4370 Store Merløse,1.050.000,03-11-2003,"
Alm. Salg",-,6,Villa,153,1900,,Aktuel værdi
Hammershusvej 43,4370 Store Merløse,1.850.000,19-09-2003,"
Alm. Salg",9.250,6,Stuehus,200,1900,,
Mølleskovvej 149,4370 Store Merløse,1.170.000,10-09-2003,"
Alm. Salg",10.833,3,Villa,108,1948,,Aktuel værdi
Skeevej 83,4370 Store Merløse,978.883,05-09-2003,"
Fam. Salg",5.438,5,Stuehus,180,1912,,
Skeevej 102,4370 Store Merløse,1.925.000,25-08-2003,"
Alm. Salg",11.526,4,Villa,167,1935,,Aktuel værdi
Ringstedvej 117,4370 Store Merløse,1.675.000,19-08-2003,"
Alm. Salg",8.862,7,Stuehus,189,1974,,
Hammershusvej 80,4370 Store Merløse,2.300.000,10-08-2003,"
Alm. Salg",12.365,8,Villa,186,1932,,Aktuel værdi
Ringstedvej 100,4370 Store Merløse,867.256,08-08-2003,"
Alm. Salg",6.376,5,Villa,136,1900,,Aktuel værdi
Åparken 50,4370 Store Merløse,1.097.000,21-07-2003,"
Alm. Salg",7.032,5,Villa,156,1977,,Aktuel værdi
Ringstedvej 38,4370 Store Merløse,380.000,14-06-2003,"
Alm. Salg",3.040,5,Villa,125,1880,,Aktuel værdi
Tåstrupvej 61,4370 Store Merløse,1.194.634,03-06-2003,"
Alm. Salg",4.896,8,Villa,244,1880,,Aktuel værdi
Vængegårdsvej 29,4370 Store Merløse,584.000,02-06-2003,"
Alm. Salg",-,8,Villa,180,1877,,Aktuel værdi
Kastrupvej 99,4370 Store Merløse,790.000,25-05-2003,"
Alm. Salg",5.851,5,Villa,135,1903,,Aktuel værdi
Bybjærg 8,4370 Store Merløse,950.000,05-05-2003,"
Alm. Salg",7.661,4,Villa,124,1986,,Aktuel værdi
Stenhallervej 23,4370 Store Merløse,990.000,21-04-2003,"
Alm. Salg",-,4,Villa,115,1800,,Aktuel værdi
Tåstrupvej 41,4370 Store Merløse,1.195.000,20-04-2003,"
Alm. Salg",11.064,4,Villa,108,1916,,Aktuel værdi
Ringstedvej 101,4370 Store Merløse,2.200.000,14-03-2003,"
Fam. Salg",11.827,5,Stuehus,186,1900,,
Bybjærgvej 3,4370 Store Merløse,545.000,04-03-2003,"
Alm. Salg",7.785,2,Villa,70,1900,,Aktuel værdi
Stestrupvej 224,4370 Store Merløse,1.295.000,22-02-2003,"
Alm. Salg",8.519,5,Villa,152,1970,,Aktuel værdi
Åparken 46,4370 Store Merløse,1.385.000,13-02-2003,"
Alm. Salg",6.074,6,Villa,228,1978,,Aktuel værdi
Bakken 38,4370 Store Merløse,800.000,20-01-2003,"
Alm. Salg",7.207,5,Villa,111,1965,,Aktuel værdi
Stestrupvej 236,4370 Store Merløse,1.162.645,13-01-2003,"
Alm. Salg",5.962,7,Villa,195,1964,,Aktuel værdi
Oldenvej 11,4370 Store Merløse,1.420.000,30-12-2002,"
Alm. Salg",9.793,5,Villa,145,1928,,Aktuel værdi
Ordrupvej 9,4370 Store Merløse,1.100.000,01-10-2002,"
Alm. Salg",6.962,6,Villa,158,1827,,Aktuel værdi
Hammershusvej 67,4370 Store Merløse,1.570.000,25-09-2002,"
Alm. Salg",8.263,5,Stuehus,190,1900,,
Mølleskovvej 150,4370 Store Merløse,600.000,18-09-2002,"
Alm. Salg",7.317,4,Villa,82,1926,,Aktuel værdi
Langebjergvej 101,4370 Store Merløse,3.609.128,21-08-2002,"
Fam. Salg",24.060,5,Stuehus,150,1806,,
Ordrupvej 20,4370 Store Merløse,2.758.051,19-08-2002,"
Alm. Salg",14.364,6,Stuehus,192,1890,,
Drosselvej 12,4370 Store Merløse,1.180.215,16-08-2002,"
Alm. Salg",8.678,6,Villa,136,1969,,Aktuel værdi
Bygaden 69,4370 Store Merløse,1.279.296,09-08-2002,"
Alm. Salg",9.203,4,Villa,139,1983,,Aktuel værdi
Kildegårdsvej 53,4370 Store Merløse,778.220,28-06-2002,"
Alm. Salg",5.986,5,Villa,130,1900,,Aktuel værdi
Bakken 48,4370 Store Merløse,1.001.666,24-06-2002,"
Alm. Salg",7.646,4,Villa,131,1968,,Aktuel værdi
Bogfinkevej 2,4370 Store Merløse,850.000,03-05-2002,"
Alm. Salg",9.444,3,Villa,90,1968,,Aktuel værdi
Gyden 2,4370 Store Merløse,1.474.940,28-04-2002,"
Alm. Salg",-,4,Stuehus,161,1827,,
Ringstedvej 36,4370 Store Merløse,1.300.000,24-04-2002,"
Alm. Salg",12.500,4,Stuehus,104,1882,,
Kastrupvej 94,4370 Store Merløse,1.244.659,06-04-2002,"
Alm. Salg",10.459,5,Villa,119,1827,,Aktuel værdi
Toften 15,4370 Store Merløse,438.000,05-02-2002,"
Alm. Salg",6.347,3,Villa,69,1950,,Aktuel værdi
Stestrupvej 212,4370 Store Merløse,892.500,05-02-2002,"
Alm. Salg",7.628,3,Villa,117,1935,,Aktuel værdi
Skee-Tåstrupvej 49,4370 Store Merløse,1.065.000,18-12-2001,"
Alm. Salg",-,6,Villa,149,1897,,Aktuel værdi
Klarupvej 40,4370 Store Merløse,1.853.351,12-12-2001,"
Fam. Salg",6.096,8,Stuehus,304,1877,,
Tranevej 1,4370 Store Merløse,1.085.000,12-12-2001,"
Alm. Salg",8.680,5,Villa,125,1972,,Aktuel værdi
Toften 9,4370 Store Merløse,805.000,26-11-2001,"
Alm. Salg",7.187,4,Villa,112,1963,,Aktuel værdi
Drosselvej 4,4370 Store Merløse,1.065.000,24-11-2001,"
Alm. Salg",7.773,5,Villa,137,1970,,Aktuel værdi
Bogfinkevej 6,4370 Store Merløse,874.663,15-09-2001,"
Alm. Salg",7.169,4,Villa,122,1967,,Aktuel værdi
Drejervej 12,4370 Store Merløse,1.135.492,29-08-2001,"
Alm. Salg",6.204,4,Villa,183,1980,,Aktuel værdi
Spurvevej 1,4370 Store Merløse,1.184.398,16-08-2001,"
Alm. Salg",8.057,5,Villa,147,1973,,Aktuel værdi
Tåstrupvej 118,4370 Store Merløse,1.853.894,14-07-2001,"
Alm. Salg",14.151,7,Villa,131,1937,,Aktuel værdi
Erantisvej 2,4370 Store Merløse,1.098.185,01-07-2001,"
Alm. Salg",7.321,5,Villa,150,1973,,Aktuel værdi
Hvalsøvej 105,4370 Store Merløse,1.377.735,29-06-2001,"
Alm. Salg",7.101,7,Villa,194,1920,,Aktuel værdi
Vanløse Sand 10,4370 Store Merløse,1.194.000,28-06-2001,"
Alm. Salg",5.881,7,Stuehus,203,1982,,
Skee-Tåstrupvej 19,4370 Store Merløse,2.200.000,24-06-2001,"
Alm. Salg",12.222,10,Stuehus,180,1924,,
Bakken 60,4370 Store Merløse,890.000,23-06-2001,"
Alm. Salg",8.396,4,Villa,106,1976,,Aktuel værdi
Holtevej 41,4370 Store Merløse,1.377.038,15-06-2001,"
Andet",10.511,4,Stuehus,131,1930,,
Birkegårdsvej 39,4370 Store Merløse,1.100.052,22-04-2001,"
Alm. Salg",-,8,Stuehus,179,1910,,
Have Borupvej 77,4370 Store Merløse,620.320,11-04-2001,"
Alm. Salg",-,5,Villa,136,1951,,Aktuel værdi
Skeevej 6,4370 Store Merløse,100.000,23-01-2001,"
Fam. Salg",492,5,Villa,203,2002,,Aktuel værdi
Mølleskovvej 7,4370 Store Merløse,1.324.500,16-01-2001,"
Alm. Salg",7.082,10,Villa,187,1973,,Aktuel værdi
Skee-Tåstrupvej 34,4370 Store Merløse,6.525.000,11-01-2001,"
Alm. Salg",37.500,6,Stuehus,174,1947,,
Langebjergvej 97,4370 Store Merløse,1.721.344,08-01-2001,"
Alm. Salg",8.782,8,Villa,196,1931,,Aktuel værdi
Egholmvej 28,4370 Store Merløse,5.250.000,24-12-2000,"
Fam. Salg",26.785,9,Stuehus,196,1923,,
Vanløsevej 13,4370 Store Merløse,472.500,28-09-2000,"
Alm. Salg",6.057,4,Villa,78,1917,,Aktuel værdi
Skeevej 60,4370 Store Merløse,1.000.000,27-09-2000,"
Alm. Salg",7.874,4,Villa,127,1975,,Aktuel værdi
Tåstrupvej 62,4370 Store Merløse,40.000,15-09-2000,"
Alm. Salg",363,4,Stuehus,110,1933,,
Skeevej 22,4370 Store Merløse,1.319.000,06-09-2000,"
Alm. Salg",6.251,8,Villa,211,1900,,Aktuel værdi
Åparken 44,4370 Store Merløse,899.871,18-08-2000,"
Alm. Salg",5.324,5,Villa,169,1977,,Aktuel værdi
Holbækvej 27,4370 Store Merløse,581.806,04-08-2000,"
Alm. Salg",4.848,4,Villa,120,1954,,Aktuel værdi
Vanløsevej 19,4370 Store Merløse,562.120,13-07-2000,"
Alm. Salg",-,4,Villa,115,1872,,Aktuel værdi
Enggårdsvej 15,4370 Store Merløse,705.000,13-06-2000,"
Alm. Salg",5.071,6,Stuehus,139,1875,,
Enggårdsvej 19,4370 Store Merløse,722.913,06-06-2000,"
Alm. Salg",-,10,Villa,241,1850,,Aktuel værdi
Klarupvej 19,4370 Store Merløse,340.000,16-05-2000,"
Alm. Salg",1.497,5,Stuehus,227,2006,,
Stestrupvej 230,4370 Store Merløse,700.000,25-04-2000,"
Alm. Salg",5.035,4,Villa,139,1964,,Aktuel værdi
Kastrupvej 87,4370 Store Merløse,143.049,10-03-2000,"
Alm. Salg",1.571,3,Villa,91,1877,,Aktuel værdi
Bakken 2,4370 Store Merløse,728.900,05-03-2000,"
Alm. Salg",6.687,3,Villa,109,1953,,Aktuel værdi
Tåstrupvej 45,4370 Store Merløse,995.000,15-02-2000,"
Alm. Salg",6.815,4,Villa,146,1902,,Aktuel værdi
Tåstrupvej 184,4370 Store Merløse,1.175.000,07-02-2000,"
Alm. Salg",-,8,Stuehus,207,1827,,
Åparken 34,4370 Store Merløse,1.146.460,21-12-1999,"
Alm. Salg",7.349,5,Villa,156,1978,,Aktuel værdi
Holbækvej 28,4370 Store Merløse,973.000,16-12-1999,"
Alm. Salg",6.710,5,Villa,145,1943,,Aktuel værdi
Kastrupvej 90,4370 Store Merløse,598.902,30-11-1999,"
Alm. Salg",3.522,6,Villa,170,1892,,Aktuel værdi
Tåstrupvej 43,4370 Store Merløse,991.000,28-10-1999,"
Alm. Salg",7.742,4,Villa,128,1910,,Aktuel værdi
Stestrupvej 242,4370 Store Merløse,831.285,05-10-1999,"
Alm. Salg",7.697,4,Villa,108,1973,,Aktuel værdi
Bygaden 84,4370 Store Merløse,916.000,26-09-1999,"
Alm. Salg",7.965,5,Villa,115,1969,,Aktuel værdi
Mølleskovvej 43,4370 Store Merløse,654.768,11-08-1999,"
Alm. Salg",-,5,Villa,152,1947,,Aktuel værdi
Tåstrupvej 81,4370 Store Merløse,999.234,06-08-1999,"
Alm. Salg",8.765,4,Villa,114,1972,,Aktuel værdi
Bakken 66,4370 Store Merløse,544.000,16-07-1999,"
Alm. Salg",-,6,Villa,165,1917,,Aktuel værdi
Holbækvej 26,4370 Store Merløse,1.154.648,11-07-1999,"
Alm. Salg",8.747,4,Villa,132,1948,,Aktuel værdi
Bagmarken 59,4370 Store Merløse,85.000,11-06-1999,"
Alm. Salg",965,4,Villa,88,1916,,Aktuel værdi
Udstrupvej 26,4370 Store Merløse,2.000.000,25-05-1999,"
Fam. Salg",7.782,6,Stuehus,257,1863,,
Banevej 18,4370 Store Merløse,291.000,14-05-1999,"
Alm. Salg",2.466,5,Villa,118,1905,,Aktuel værdi
Bagmarken 52,4370 Store Merløse,910.000,28-04-1999,"
Alm. Salg",6.842,4,Stuehus,133,1900,,
Mølleskovvej 148,4370 Store Merløse,493.000,27-04-1999,"
Alm. Salg",6.162,2,Villa,80,1925,,Aktuel værdi
Enggårdsvej 16,4370 Store Merløse,1.450.000,08-04-1999,"
Alm. Salg",-,5,Stuehus,252,1975,,
Holbækvej 14,4370 Store Merløse,832.123,07-03-1999,"
Alm. Salg",6.029,5,Villa,138,1928,,Aktuel værdi
Ordrupvej 13,4370 Store Merløse,554.000,24-02-1999,"
Alm. Salg",3.574,5,Villa,155,1933,,Aktuel værdi
Bygaden 56,4370 Store Merløse,893.500,03-01-1999,"
Alm. Salg",6.474,4,Villa,138,1965,,Aktuel værdi
Toften 10,4370 Store Merløse,890.000,29-12-1998,"
Fam. Salg",-,5,Villa,157,1977,,Aktuel værdi
Ordrupvej 15,4370 Store Merløse,247.500,27-12-1998,"
Alm. Salg",1.875,4,Villa,132,1927,,Aktuel værdi
Drosselvej 8,4370 Store Merløse,677.000,20-12-1998,"
Fam. Salg",5.373,5,Villa,126,1969,,Aktuel værdi
Skee-Tåstrupvej 58,4370 Store Merløse,1.117.666,17-12-1998,"
Alm. Salg",7.451,4,Stuehus,150,1912,,
Stestrupvej 214,4370 Store Merløse,188.000,18-09-1998,"
Alm. Salg",3.133,2,Villa,60,1827,,Aktuel værdi
Bygaden 58,4370 Store Merløse,767.660,31-08-1998,"
Alm. Salg",6.092,4,Villa,126,1965,,Aktuel værdi
Holbækvej 33,4370 Store Merløse,672.935,20-08-1998,"
Alm. Salg",6.008,4,Villa,112,1960,,Aktuel værdi
Bakken 58,4370 Store Merløse,984.200,31-07-1998,"
Alm. Salg",6.741,6,Villa,146,1972,,Aktuel værdi
Hammershusvej 45,4370 Store Merløse,699.940,17-07-1998,"
Alm. Salg",-,4,Villa,233,1903,,Aktuel værdi
Skee-Tåstrupvej 10,4370 Store Merløse,3.600.000,15-07-1998,"
Alm. Salg",-,10,Stuehus,325,1915,,
Kastrupvej 91,4370 Store Merløse,667.400,06-07-1998,"
Alm. Salg",4.390,4,Villa,152,1895,,Aktuel værdi
Tåstrupvej 104,4370 Store Merløse,438.461,11-06-1998,"
Alm. Salg",-,7,Villa,226,1800,,Aktuel værdi
Åparken 27,4370 Store Merløse,823.000,04-06-1998,"
Alm. Salg",7.094,4,Villa,116,1979,,Aktuel værdi
Vanløsevej 10,4370 Store Merløse,1.002.634,01-06-1998,"
Alm. Salg",5.141,5,Stuehus,195,1927,,
Vanløsevej 8,4370 Store Merløse,2.220.000,07-05-1998,"
Alm. Salg",12.333,6,Villa,180,1985,,Aktuel værdi
Bygaden 82,4370 Store Merløse,944.225,04-05-1998,"
Alm. Salg",7.263,5,Villa,130,1954,,Aktuel værdi
Holtevej 48,4370 Store Merløse,985.000,22-04-1998,"
Alm. Salg",-,3,Stuehus,106,1891,,
Klarupvej 7,4370 Store Merløse,1.633.480,27-03-1998,"
Alm. Salg",5.057,11,Villa,323,1862,,Aktuel værdi
Murervej 2,4370 Store Merløse,700.000,26-02-1998,"
Alm. Salg",-,7,Villa,198,1988,,Aktuel værdi
Bakken 41,4370 Store Merløse,654.610,24-02-1998,"
Alm. Salg",5.742,4,Villa,114,1965,,Aktuel værdi
Mølleskovvej 147,4370 Store Merløse,444.820,18-02-1998,"
Alm. Salg",3.132,3,Villa,142,1912,,Aktuel værdi
Lille Udstrupvej 16,4370 Store Merløse,1.554.540,18-01-1998,"
Alm. Salg",17.272,5,Stuehus,90,1912,,
Mejsevej 1,4370 Store Merløse,767.000,14-10-1997,"
Alm. Salg",5.854,5,Villa,131,1978,,Aktuel værdi
Oldenvej 10,4370 Store Merløse,777.094,02-10-1997,"
Alm. Salg",5.112,5,Villa,152,1880,,Aktuel værdi
Enggårdsvej 14,4370 Store Merløse,481.610,28-09-1997,"
Alm. Salg",5.016,4,Villa,96,1922,,Aktuel værdi
Tåstrupvej 205,4370 Store Merløse,805.000,22-09-1997,"
Alm. Salg",4.735,5,Stuehus,170,1870,,
Falkevej 1,4370 Store Merløse,569.120,20-08-1997,"
Alm. Salg",-,5,Villa,135,1843,,Aktuel værdi
Birkegårdsvej 41,4370 Store Merløse,615.000,04-08-1997,"
Alm. Salg",4.330,5,Villa,142,1961,,Aktuel værdi
Åparken 48,4370 Store Merløse,1.096.020,20-06-1997,"
Alm. Salg",7.306,5,Villa,150,1977,,Aktuel værdi
Bakken 70,4370 Store Merløse,735.000,18-06-1997,"
Alm. Salg",5.880,4,Villa,125,1790,,Aktuel værdi
Hammershusvej 64,4370 Store Merløse,643.000,23-05-1997,"
Alm. Salg",7.390,3,Villa,87,1877,,Aktuel værdi
Bygaden 30,4370 Store Merløse,291.874,02-05-1997,"
Alm. Salg",4.169,3,Villa,70,1700,,Aktuel værdi
Åparken 26,4370 Store Merløse,912.000,30-04-1997,"
Alm. Salg",7.125,4,Villa,128,1977,,Aktuel værdi
Drosselvej 10,4370 Store Merløse,876.100,16-04-1997,"
Alm. Salg",5.246,4,Villa,167,1971,,Aktuel værdi
Vanløse Sand 1,4370 Store Merløse,944.388,07-04-1997,"
Alm. Salg",4.606,5,Villa,205,1925,,Aktuel værdi
Bakken 35,4370 Store Merløse,704.650,13-03-1997,"
Alm. Salg",6.022,5,Villa,117,1964,,Aktuel værdi
Ordrupvej 29,4370 Store Merløse,795.000,03-03-1997,"
Alm. Salg",6.516,4,Villa,122,1935,,Aktuel værdi
Holbækvej 24,4370 Store Merløse,631.500,31-01-1997,"
Alm. Salg",4.510,6,Villa,140,1946,,Aktuel værdi
Bakken 29,4370 Store Merløse,681.742,21-01-1997,"
Alm. Salg",6.492,4,Villa,105,1967,,Aktuel værdi
Mejsevej 3,4370 Store Merløse,733.946,10-01-1997,"
Alm. Salg",6.015,4,Villa,122,1970,,Aktuel værdi
Tværvej 6,4370 Store Merløse,518.000,08-01-1997,"
Alm. Salg",3.894,7,Rækkehus,133,1908,,Aktuel værdi
Tåstrupvej 106,4370 Store Merløse,840.000,30-12-1996,"
Alm. Salg",-,5,Stuehus,149,1902,,
Udstrupvej 8,4370 Store Merløse,610.140,19-12-1996,"
Alm. Salg",5.546,3,Stuehus,110,1850,,
Tværvej 4,4370 Store Merløse,430.197,07-11-1996,"
Alm. Salg",2.576,5,Villa,167,1902,,Aktuel værdi
Bygaden 37,4370 Store Merløse,525.000,25-10-1996,"
Alm. Salg",4.525,3,Villa,116,1900,,Aktuel værdi
Bygaden 8,4370 Store Merløse,615.000,10-10-1996,"
Alm. Salg",2.847,7,Villa,216,1946,,Aktuel værdi
Drosselvej 1,4370 Store Merløse,630.000,12-09-1996,"
Alm. Salg",4.200,6,Villa,150,1969,,Aktuel værdi
Bygaden 78,4370 Store Merløse,471.500,05-09-1996,"
Alm. Salg",5.419,3,Villa,87,1937,,Aktuel værdi
Egholmvej 15,4370 Store Merløse,1.500.000,04-09-1996,"
Alm. Salg",11.538,5,Stuehus,130,1882,,
Skee-Tåstrupvej 29,4370 Store Merløse,1.508.200,22-06-1996,"
Alm. Salg",6.557,8,Stuehus,230,1916,,
Bagmarken 62,4370 Store Merløse,412.000,03-06-1996,"
Alm. Salg",4.336,3,Villa,95,1952,,Aktuel værdi
Drosselvej 7,4370 Store Merløse,710.000,29-02-1996,"
Alm. Salg",-,5,Villa,136,1969,,Aktuel værdi
Vanløse Sand 2,4370 Store Merløse,1.313.880,25-01-1996,"
Alm. Salg",6.569,6,Villa,200,1987,,Aktuel værdi
Tåstrupvej 102,4370 Store Merløse,520.000,19-01-1996,"
Alm. Salg",4.601,5,Villa,113,1920,,Aktuel værdi
Åparken 36,4370 Store Merløse,730.000,12-12-1995,"
Alm. Salg",4.866,5,Villa,150,1977,,Aktuel værdi
Spættevej 2,4370 Store Merløse,641.180,13-11-1995,"
Alm. Salg",5.212,5,Villa,123,1972,,Aktuel værdi
Banevej 20,4370 Store Merløse,197.642,03-11-1995,"
Alm. Salg",1.703,4,Villa,116,1902,,Aktuel værdi
Skee-Tåstrupvej 41,4370 Store Merløse,480.000,26-10-1995,"
Alm. Salg",-,8,Stuehus,178,1926,,
Lille Udstrupvej 19,4370 Store Merløse,60.000,07-10-1995,"
Alm. Salg",-,5,Stuehus,161,1850,,
Tåstrupvej 85,4370 Store Merløse,593.620,25-09-1995,"
Alm. Salg",4.711,3,Villa,126,1935,,Aktuel værdi
Holbækvej 19,4370 Store Merløse,540.000,25-09-1995,"
Alm. Salg",4.060,5,Villa,133,1946,,Aktuel værdi
Tåstrupvej 73,4370 Store Merløse,778.000,23-09-1995,"
Alm. Salg",5.557,5,Villa,140,1875,,Aktuel værdi
Bygaden 31,4370 Store Merløse,613.000,29-08-1995,"
Alm. Salg",4.474,6,Villa,137,1935,,Aktuel værdi
Skeevej 67,4370 Store Merløse,353.350,16-08-1995,"
Alm. Salg",2.617,4,Villa,135,1942,,Aktuel værdi
Stestrupvej 211,4370 Store Merløse,314.300,11-08-1995,"
Alm. Salg",3.143,3,Villa,100,1777,,Aktuel værdi
Holbækvej 23,4370 Store Merløse,550.000,10-08-1995,"
Alm. Salg",2.972,9,Engroshandel,185,1947,,Aktuel værdi
Ordrupvej 11,4370 Store Merløse,755.000,01-08-1995,"
Alm. Salg",4.631,5,Villa,163,1980,,Aktuel værdi
Kildegårdsvej 21,4370 Store Merløse,266.667,14-07-1995,"
Alm. Salg",2.515,2,Stuehus,106,1990,,
Spættevej 1,4370 Store Merløse,595.000,14-07-1995,"
Alm. Salg",4.837,4,Villa,123,1974,,Aktuel værdi
Bygaden 53,4370 Store Merløse,785.110,30-04-1995,"
Alm. Salg",4.313,6,Villa,182,1954,,Aktuel værdi
Vanløsevej 9,4370 Store Merløse,935.000,27-02-1995,"
Alm. Salg",5.880,6,Stuehus,159,1920,,
Bonderupvej 260,4370 Store Merløse,1.014.000,23-01-1995,"
Alm. Salg",9.657,5,Stuehus,105,1938,,
Kastrupvej 100,4370 Store Merløse,177.000,05-01-1995,"
Alm. Salg",1.669,4,Villa,106,1936,,Aktuel værdi
Fasanvej 6,4370 Store Merløse,640.000,04-01-1995,"
Alm. Salg",3.855,5,Villa,166,1973,,Aktuel værdi
Ringstedvej 137,4370 Store Merløse,344.230,27-12-1994,"
Alm. Salg",-,4,Stuehus,148,1870,,
Udstrupvej 42,4370 Store Merløse,585.780,07-12-1994,"
Alm. Salg",2.524,8,Villa,232,1920,,Aktuel værdi
Ordrupvej 32,4370 Store Merløse,1.732.600,31-10-1994,"
Fam. Salg",7.071,7,Stuehus,245,1916,,
Allindelillevej 49,4370 Store Merløse,575.000,25-10-1994,"
Alm. Salg",-,6,Villa,144,1958,,Aktuel værdi
Bygaden 50,4370 Store Merløse,615.000,21-10-1994,"
Alm. Salg",1.727,10,Villa,356,1885,,Aktuel værdi
Vængegårdsvej 53,4370 Store Merløse,920.000,09-10-1994,"
Alm. Salg",-,6,Stuehus,180,1900,,
Tåstrupvej 64B,4370 Store Merløse,422.500,01-09-1994,"
Alm. Salg",5.152,2,Rækkehus,82,1980,,Aktuel værdi
Bygaden 47,4370 Store Merløse,525.000,23-08-1994,"
Alm. Salg",5.585,3,Villa,94,1947,,Aktuel værdi
Bakken 42,4370 Store Merløse,565.000,17-08-1994,"
Alm. Salg",5.231,4,Villa,108,1969,,Aktuel værdi
Tåstrupvej 37,4370 Store Merløse,637.567,21-07-1994,"
Alm. Salg",4.140,5,Villa,154,1947,,Aktuel værdi
Udstrupvej 11,4370 Store Merløse,578.913,20-07-1994,"
Alm. Salg",4.352,3,Villa,133,1907,,Aktuel værdi
Skee-Tåstrupvej 26,4370 Store Merløse,650.160,14-07-1994,"
Alm. Salg",3.802,6,Villa,171,1922,,Aktuel værdi
Hammershusvej 71,4370 Store Merløse,520.000,13-07-1994,"
Alm. Salg",4.521,4,Villa,115,1957,,Aktuel værdi
Bakken 40,4370 Store Merløse,440.000,07-07-1994,"
Alm. Salg",3.333,5,Villa,132,1966,,Aktuel værdi
Bakkekammen 6,4370 Store Merløse,402.000,29-06-1994,"
Alm. Salg",-,4,Villa,113,1953,,Aktuel værdi
Bagmarken 66,4370 Store Merløse,400.000,23-03-1994,"
Auktion",-,5,Villa,133,1970,,Aktuel værdi
Vanløse Sand 3,4370 Store Merløse,750.000,11-01-1994,"
Alm. Salg",7.211,5,Villa,104,1904,,Aktuel værdi
Mølleskovvej 151,4370 Store Merløse,690.000,15-12-1993,"
Alm. Salg",4.662,6,Villa,148,1900,,Aktuel værdi
Bogfinkevej 3,4370 Store Merløse,580.000,30-11-1993,"
Alm. Salg",-,6,Villa,174,1969,,Aktuel værdi
Hammershusvej 20,4370 Store Merløse,600.000,10-10-1993,"
Alm. Salg",3.750,4,Stuehus,160,1800,,
Mølleskovvej 38,4370 Store Merløse,447.093,31-08-1993,"
Fam. Salg",3.605,5,Stuehus,124,1895,,
Skee-Tåstrupvej 46,4370 Store Merløse,775.000,26-08-1993,"
Alm. Salg",-,6,Villa,138,1900,,Aktuel værdi
Mølleskovvej 146,4370 Store Merløse,977.500,15-08-1993,"
Fam. Salg",9.399,4,Stuehus,104,1967,,
Toften 3,4370 Store Merløse,500.000,09-06-1993,"
Alm. Salg",2.577,8,Villa,194,1900,,Aktuel værdi
Skeevej 75,4370 Store Merløse,425.000,25-02-1993,"
Alm. Salg",2.442,5,Villa,174,1910,,Aktuel værdi
Åparken 29,4370 Store Merløse,550.000,15-02-1993,"
Alm. Salg",3.741,4,Villa,147,1979,,Aktuel værdi
Skeevej 93,4370 Store Merløse,685.000,26-11-1992,"
Alm. Salg",3.549,6,Villa,193,1946,,Aktuel værdi
Tåstrupvej 63B,4370 Store Merløse,330.000,21-10-1992,"
Alm. Salg",2.640,4,Rækkehus,125,1976,,Aktuel værdi
Tåstrupvej 18,4370 Store Merløse,535.000,29-09-1992,"
Alm. Salg",5.815,3,Villa,92,1950,,Aktuel værdi
Bygaden 14,4370 Store Merløse,398.000,09-07-1992,"
Alm. Salg",-,7,Villa,161,1910,,Aktuel værdi
Hammershusvej 8,4370 Store Merløse,320.000,05-06-1992,"
Alm. Salg",3.440,4,Villa,93,1900,,Aktuel værdi
Lille Udstrupvej 12,4370 Store Merløse,425.432,29-05-1992,"
Alm. Salg",3.082,4,Villa,138,1986,,Aktuel værdi
Vanløsevej 15,4370 Store Merløse,950.000,11-05-1992,"
Alm. Salg",-,3,Stuehus,192,1900,,
Bygaden 1,4370 Store Merløse,500.000,03-05-1992,"
Alm. Salg",2.118,10,Detailhandel,236,1898,,Aktuel værdi
Klarupvej 24,4370 Store Merløse,1.210.000,27-03-1992,"
Alm. Salg",4.918,4,Stuehus,246,1827,,
Bybjærg 10,4370 Store Merløse,730.000,25-02-1992,"
Alm. Salg",4.802,5,Villa,152,1986,,Aktuel værdi
Tåstrupvej 124,4370 Store Merløse,1.308.008,17-02-1992,"
Alm. Salg",5.787,6,Villa,226,1877,,Aktuel værdi
