address,zip_code,price,sell_date,sell_type,price_per_sq_m,no_rooms,housing_type,size_in_sq_m,year_of_construction,price_change_in_pct
Klovbyvej 18,4490 Jerslev Sjælland,827.156,01-05-2017,"
Fam. Salg",3.335,4,Stuehus,248,1917,,
Fugledevej 5,4490 Jerslev Sjælland,503.500,08-04-2017,"
Alm. Salg",5.035,4,Villa,100,1900,-8 %,Aktuel værdi
Klovbyvej 8,4490 Jerslev Sjælland,4.785.000,16-03-2017,"
Alm. Salg",25.864,8,Stuehus,185,1912,,
Bøgevej 1,4490 Jerslev Sjælland,1.595.000,27-02-2017,"
Alm. Salg",9.011,5,Villa,177,1972,0 %,Aktuel værdi
Enggårdsvej 58,4490 Jerslev Sjælland,1.100.000,12-02-2017,"
Alm. Salg",6.875,5,Villa,160,1973,-4 %,Aktuel værdi
Søndergade 79,4490 Jerslev Sjælland,1.095.000,05-02-2017,"
Alm. Salg",8.902,3,Villa,123,1974,0 %,Aktuel værdi
Wiekærvej 6,4490 Jerslev Sjælland,1.400.000,23-01-2017,"
Alm. Salg",10.294,5,Villa,136,1971,-20 %,Aktuel værdi
Klovbygade 36,4490 Jerslev Sjælland,611.000,18-01-2017,"
Fam. Salg",5.049,5,Villa,121,1900,,Aktuel værdi
Hørkærhaven 22B,4490 Jerslev Sjælland,635.000,16-01-2017,"
Alm. Salg",7.650,3,Rækkehus,83,1987,0 %,Aktuel værdi
Skolevang 1,4490 Jerslev Sjælland,550.000,19-12-2016,"
Alm. Salg",5.500,4,Villa,100,1942,0 %,Aktuel værdi
Parkvej 24,4490 Jerslev Sjælland,1.535.000,06-12-2016,"
Alm. Salg",11.043,3,Villa,139,2008,-4 %,Aktuel værdi
Hovedgaden 37,4490 Jerslev Sjælland,595.000,23-11-2016,"
Alm. Salg",5.265,3,Villa,113,1900,-8 %,Aktuel værdi
Hovvej 4,4490 Jerslev Sjælland,400.000,18-11-2016,"
Alm. Salg",3.200,3,Villa,125,1930,-27 %,Aktuel værdi
Hørkærhaven 18,4490 Jerslev Sjælland,1.983.500,07-11-2016,"
Alm. Salg",14.067,5,Villa,141,2002,-5 %,Aktuel værdi
Søndergade 27,4490 Jerslev Sjælland,1.395.000,29-10-2016,"
Alm. Salg",8.506,5,Villa,164,1972,0 %,Aktuel værdi
Yppenbjerg 1,4490 Jerslev Sjælland,2.120.000,20-10-2016,"
Alm. Salg",7.851,7,Stuehus,270,1934,-3 %,
Søndergade 39,4490 Jerslev Sjælland,940.000,10-10-2016,"
Alm. Salg",9.494,3,Villa,99,1972,-5 %,Aktuel værdi
Tissøvej 21,4490 Jerslev Sjælland,655.000,01-10-2016,"
Andet",10.234,3,Stuehus,64,1847,,
Søvang 23,4490 Jerslev Sjælland,1.295.000,30-09-2016,"
Alm. Salg",7.194,4,Villa,180,1847,0 %,Aktuel værdi
Hovvej 29,4490 Jerslev Sjælland,635.000,28-09-2016,"
Alm. Salg",5.879,4,Villa,108,1960,0 %,Aktuel værdi
Skolevej 2,4490 Jerslev Sjælland,750.000,30-08-2016,"
Alm. Salg",6.578,5,Villa,114,1902,-6 %,Aktuel værdi
Kelleklintevej 33,4490 Jerslev Sjælland,495.000,23-08-2016,"
Alm. Salg",4.950,3,Villa,100,1900,0 %,Aktuel værdi
Bygaden 10,4490 Jerslev Sjælland,750.000,11-07-2016,"
Alm. Salg",3.886,10,Villa,193,1917,-16 %,Aktuel værdi
Klovbyvej 11,4490 Jerslev Sjælland,1.750.000,05-07-2016,"
Alm. Salg",9.459,7,Villa,185,1904,-3 %,Aktuel værdi
Tissøvej 31,4490 Jerslev Sjælland,1.100.000,03-07-2016,"
Alm. Salg",15.068,3,Villa,73,1931,,Aktuel værdi
Katholm 2,4490 Jerslev Sjælland,400.000,22-06-2016,"
Alm. Salg",6.666,2,Villa,60,1877,-8 %,Aktuel værdi
Acacievej 14,4490 Jerslev Sjælland,895.000,02-06-2016,"
Alm. Salg",7.217,4,Villa,124,1969,-5 %,Aktuel værdi
Klovbygade 2,4490 Jerslev Sjælland,2.170.000,06-05-2016,"
Alm. Salg",14.662,3,Villa,148,2006,-5 %,Aktuel værdi
Søvang 29,4490 Jerslev Sjælland,663.816,30-04-2016,"
Alm. Salg",5.625,4,Villa,118,1885,,Aktuel værdi
Skolevej 12,4490 Jerslev Sjælland,1.300.000,27-04-2016,"
Alm. Salg",5.000,9,Stuehus,260,1880,-18 %,
Nordkrogvej 1D,4490 Jerslev Sjælland,575.000,18-04-2016,"
Alm. Salg",4.956,4,Villa,116,1940,-17 %,Aktuel værdi
Hovedgaden 65,4490 Jerslev Sjælland,600.000,15-04-2016,"
Alm. Salg",4.687,4,Villa,128,1902,,Aktuel værdi
Kelleklintevej 9,4490 Jerslev Sjælland,625.000,06-04-2016,"
Alm. Salg",2.332,7,Villa,268,1877,-16 %,Aktuel værdi
Birkevej 14,4490 Jerslev Sjælland,715.000,05-04-2016,"
Alm. Salg",6.327,5,Villa,113,1967,-10 %,Aktuel værdi
Birkevej 21,4490 Jerslev Sjælland,331.000,01-04-2016,"
Auktion",2.565,4,Villa,129,1967,,Aktuel værdi
Søndergade 68,4490 Jerslev Sjælland,600.000,22-03-2016,"
Alm. Salg",5.454,4,Villa,110,1971,-14 %,Aktuel værdi
Møllevej 10,4490 Jerslev Sjælland,800.000,17-02-2016,"
Alm. Salg",6.201,4,Villa,129,1947,-8 %,Aktuel værdi
Skrænten 3,4490 Jerslev Sjælland,575.000,05-02-2016,"
Alm. Salg",4.713,4,Villa,122,1912,0 %,Aktuel værdi
Hvidebækvej 2,4490 Jerslev Sjælland,875.000,05-02-2016,"
Alm. Salg",5.681,4,Villa,154,1970,-2 %,Aktuel værdi
Gartnervænget 11,4490 Jerslev Sjælland,628.750,29-01-2016,"
Alm. Salg",7.397,3,Rækkehus,85,1979,-10 %,Aktuel værdi
Skrænten 4,4490 Jerslev Sjælland,320.000,19-01-2016,"
Alm. Salg",3.368,4,Villa,95,1900,,Aktuel værdi
Kelleklintevej 53,4490 Jerslev Sjælland,120.000,05-01-2016,"
Alm. Salg",1.666,5,Villa,72,1897,-51 %,Aktuel værdi
Enggårdsvej 24,4490 Jerslev Sjælland,800.000,03-12-2015,"
Alm. Salg",5.095,4,Villa,157,1972,0 %,Aktuel værdi
Hovvej 11,4490 Jerslev Sjælland,550.000,21-11-2015,"
Alm. Salg",3.819,6,Villa,144,1939,-6 %,Aktuel værdi
Bredsten 6,4490 Jerslev Sjælland,1.600.000,12-11-2015,"
Fam. Salg",5.734,9,Stuehus,279,1970,,
Værslevvej 17,4490 Jerslev Sjælland,320.000,06-11-2015,"
Alm. Salg",1.684,6,Villa,190,1944,-41 %,Aktuel værdi
Hovedgaden 80,4490 Jerslev Sjælland,300.000,21-10-2015,"
Alm. Salg",1.724,6,Villa,174,1948,-13 %,Aktuel værdi
Bygaden 15,4490 Jerslev Sjælland,855.000,05-10-2015,"
Alm. Salg",7.990,4,Villa,107,1897,-4 %,Aktuel værdi
Dyssevej 2,4490 Jerslev Sjælland,1.650.000,30-09-2015,"
Alm. Salg",9.537,5,Villa,173,1905,-17 %,Aktuel værdi
Enggårdsvej 81,4490 Jerslev Sjælland,650.000,11-09-2015,"
Alm. Salg",4.452,4,Villa,146,1976,-6 %,Aktuel værdi
Pilevej 17,4490 Jerslev Sjælland,516.000,29-08-2015,"
Alm. Salg",4.300,3,Villa,120,1966,-19 %,Aktuel værdi
Hovvej 43,4490 Jerslev Sjælland,3.700.000,28-08-2015,"
Alm. Salg",14.800,9,Stuehus,250,1911,-14 %,
Parkvej 29,4490 Jerslev Sjælland,1.350.000,27-08-2015,"
Alm. Salg",7.803,5,Villa,173,2009,,Aktuel værdi
Fugledevej 1,4490 Jerslev Sjælland,795.000,15-08-2015,"
Alm. Salg",1.992,6,Villa,399,1904,0 %,Aktuel værdi
Klovbyvej 10,4490 Jerslev Sjælland,1.850.000,30-06-2015,"
Alm. Salg",11.280,7,Villa,164,1901,-4 %,Aktuel værdi
Kelleklintevej 37,4490 Jerslev Sjælland,45.000,21-06-2015,"
Alm. Salg",661,2,Villa,68,1827,,Aktuel værdi
Søndergade 15,4490 Jerslev Sjælland,1.065.000,15-06-2015,"
Alm. Salg",7.888,4,Villa,135,1971,-3 %,Aktuel værdi
Bymarken 44,4490 Jerslev Sjælland,828.101,16-03-2015,"
Fam. Salg",7.264,4,Villa,114,1980,,Aktuel værdi
Enggårdsvej 61,4490 Jerslev Sjælland,610.000,05-03-2015,"
Alm. Salg",5.350,4,Villa,114,1981,-12 %,Aktuel værdi
Hovedgaden 22,4490 Jerslev Sjælland,350.000,02-03-2015,"
Alm. Salg",2.991,2,Villa,117,1914,-22 %,Aktuel værdi
Enggårdsvej 48,4490 Jerslev Sjælland,700.000,02-03-2015,"
Alm. Salg",4.046,6,Villa,173,1973,-30 %,Aktuel værdi
Krogen 2,4490 Jerslev Sjælland,595.393,17-02-2015,"
Alm. Salg",3.253,7,Villa,183,1961,,Aktuel værdi
Hørkærhaven 30,4490 Jerslev Sjælland,1.520.000,12-02-2015,"
Alm. Salg",10.482,5,Villa,145,2003,-4 %,Aktuel værdi
Pilevej 8,4490 Jerslev Sjælland,600.000,05-02-2015,"
Alm. Salg",3.370,5,Villa,178,1968,-25 %,Aktuel værdi
Hovedgaden 27,4490 Jerslev Sjælland,397.500,04-02-2015,"
Andet",3.426,4,Villa,116,1907,,Aktuel værdi
Klovbyvej 15,4490 Jerslev Sjælland,2.200.000,29-01-2015,"
Alm. Salg",8.764,7,Stuehus,251,1907,,
Hovedgaden 68,4490 Jerslev Sjælland,425.000,26-01-2015,"
Fam. Salg",3.035,5,Villa,140,1928,,Aktuel værdi
Bymarken 16,4490 Jerslev Sjælland,1.000.000,19-12-2014,"
Alm. Salg",8.064,4,Villa,124,1978,-4 %,Aktuel værdi
Søndergade 70,4490 Jerslev Sjælland,925.000,05-12-2014,"
Alm. Salg",6.801,4,Villa,136,1971,-7 %,Aktuel værdi
Lindsvej 4,4490 Jerslev Sjælland,950.000,25-11-2014,"
Alm. Salg",5.588,7,Villa,170,1908,0 %,Aktuel værdi
Græshaven 7,4490 Jerslev Sjælland,620.000,24-11-2014,"
Alm. Salg",4.525,4,Villa,137,1976,-11 %,Aktuel værdi
Bygaden 34,4490 Jerslev Sjælland,705.298,23-11-2014,"
Alm. Salg",4.864,6,Villa,145,1926,,Aktuel værdi
Bygaden 58,4490 Jerslev Sjælland,469.000,19-11-2014,"
Auktion",5.390,3,Villa,87,1954,,Aktuel værdi
Bymarken 58,4490 Jerslev Sjælland,768.000,19-11-2014,"
Auktion",4.891,6,Villa,157,1980,,Aktuel værdi
Vesterbygårdvej 1,4490 Jerslev Sjælland,1.350.000,25-10-2014,"
Alm. Salg",10.305,4,Villa,131,1900,-7 %,Aktuel værdi
Forsingevej 10,4490 Jerslev Sjælland,685.000,16-10-2014,"
Alm. Salg",5.036,6,Villa,136,1907,-1 %,Aktuel værdi
Dyssevej 9,4490 Jerslev Sjælland,750.000,06-10-2014,"
Alm. Salg",5.769,4,Villa,130,1877,-14 %,Aktuel værdi
Lærkevej 3,4490 Jerslev Sjælland,400.000,24-09-2014,"
Auktion",5.714,2,Villa,70,2001,,Aktuel værdi
Markmosen 12,4490 Jerslev Sjælland,1.900.000,03-09-2014,"
Alm. Salg",11.515,7,Stuehus,165,1909,,
Rugtvedvej 29,4490 Jerslev Sjælland,490.000,19-08-2014,"
Alm. Salg",4.454,4,Villa,110,1966,-11 %,Aktuel værdi
Enggårdsvej 2,4490 Jerslev Sjælland,550.000,31-07-2014,"
Alm. Salg",3.985,4,Villa,138,1975,-21 %,Aktuel værdi
Søndergade 44,4490 Jerslev Sjælland,995.000,18-07-2014,"
Alm. Salg",6.141,6,Villa,162,1970,0 %,Aktuel værdi
Søndergade 67,4490 Jerslev Sjælland,1.360.000,30-06-2014,"
Alm. Salg",6.538,6,Villa,208,1973,,Aktuel værdi
Fugledevej 7,4490 Jerslev Sjælland,375.000,23-06-2014,"
Alm. Salg",3.472,4,Villa,108,1930,-24 %,Aktuel værdi
Hovedgaden 11,4490 Jerslev Sjælland,205.000,18-06-2014,"
Auktion",1.423,3,Villa,144,1941,,Aktuel værdi
Søndergade 46,4490 Jerslev Sjælland,700.000,28-05-2014,"
Alm. Salg",5.147,4,Villa,136,1971,-6 %,Aktuel værdi
Klovbygade 28,4490 Jerslev Sjælland,3.000.000,28-04-2014,"
Alm. Salg",13.888,7,Stuehus,216,1905,-6 %,
Nordkrogvej 6,4490 Jerslev Sjælland,600.000,25-04-2014,"
Alm. Salg",10.000,2,Villa,60,1890,103 %,Aktuel værdi
Esbern Snaresvej 1,4490 Jerslev Sjælland,450.000,23-04-2014,"
Auktion",3.125,3,Villa,144,1962,-55 %,Aktuel værdi
Esbern Snaresvej 2,4490 Jerslev Sjælland,522.000,15-04-2014,"
Andet",3.650,6,Villa,143,1948,-58 %,Aktuel værdi
Pilevej 19,4490 Jerslev Sjælland,1.195.000,13-04-2014,"
Alm. Salg",7.709,5,Villa,155,1967,0 %,Aktuel værdi
Kelleklintevej 1,4490 Jerslev Sjælland,2.000.000,31-03-2014,"
Alm. Salg",8.849,6,Stuehus,226,2013,,
Enggårdsvej 12,4490 Jerslev Sjælland,750.000,27-03-2014,"
Auktion",5.172,6,Villa,145,1974,,Aktuel værdi
Søndergade 49,4490 Jerslev Sjælland,1.020.000,22-03-2014,"
Alm. Salg",7.338,4,Villa,139,1971,-7 %,Aktuel værdi
Birkevej 15,4490 Jerslev Sjælland,800.000,25-02-2014,"
Alm. Salg",5.333,6,Villa,150,1968,,Aktuel værdi
Søndergade 55,4490 Jerslev Sjælland,850.000,25-01-2014,"
Alm. Salg",6.250,4,Villa,136,1974,-5 %,Aktuel værdi
Hovedgaden 75,4490 Jerslev Sjælland,500.000,02-01-2014,"
Auktion",4.807,3,Villa,104,1959,,Aktuel værdi
Søndergade 40,4490 Jerslev Sjælland,700.000,20-12-2013,"
Alm. Salg",5.645,3,Villa,124,1973,-12 %,Aktuel værdi
Hørkærhaven 3,4490 Jerslev Sjælland,978.602,04-12-2013,"
Fam. Salg",7.956,4,Villa,123,2001,,Aktuel værdi
Nordkrogvej 13,4490 Jerslev Sjælland,780.000,19-11-2013,"
Fam. Salg",5.777,3,Villa,135,1844,,Aktuel værdi
Søvejen 5,4490 Jerslev Sjælland,550.000,07-11-2013,"
Auktion",5.789,3,Stuehus,95,1817,,
Kelleklintevej 51,4490 Jerslev Sjælland,470.000,16-10-2013,"
Alm. Salg",4.234,4,Villa,111,1977,-22 %,Aktuel værdi
Kæret 19,4490 Jerslev Sjælland,238.088,14-10-2013,"
Fam. Salg",4.960,3,Villa,48,1886,,Aktuel værdi
Bygaden 46,4490 Jerslev Sjælland,1.295.000,13-10-2013,"
Alm. Salg",7.754,5,Villa,167,1959,-4 %,Aktuel værdi
Klovbyvej 19,4490 Jerslev Sjælland,1.280.000,11-10-2013,"
Fam. Salg",6.432,8,Villa,199,2009,,Aktuel værdi
Hovedgaden 79,4490 Jerslev Sjælland,1.225.000,09-10-2013,"
Alm. Salg",8.166,3,Villa,150,1955,-12 %,Aktuel værdi
Hovedgaden 20,4490 Jerslev Sjælland,250.000,23-09-2013,"
Alm. Salg",2.314,6,Villa,108,1911,-37 %,Aktuel værdi
Søndergade 61,4490 Jerslev Sjælland,625.000,04-09-2013,"
Fam. Salg",4.310,5,Villa,145,1973,-55 %,Aktuel værdi
Søndergade 4,4490 Jerslev Sjælland,1.400.000,04-08-2013,"
Alm. Salg",10.937,4,Villa,128,1970,,Aktuel værdi
Kelleklintevej 45,4490 Jerslev Sjælland,1.068.621,30-07-2013,"
Alm. Salg",7.319,4,Villa,146,1932,-2 %,Aktuel værdi
Enggårdsvej 15,4490 Jerslev Sjælland,730.000,29-07-2013,"
Alm. Salg",6.186,4,Villa,118,1980,-6 %,Aktuel værdi
Toftager 5,4490 Jerslev Sjælland,1.125.000,26-07-2013,"
Fam. Salg",7.352,5,Stuehus,153,2014,,
Katholm 5,4490 Jerslev Sjælland,1.850.000,11-07-2013,"
Alm. Salg",8.333,6,Villa,222,1906,-7 %,Aktuel værdi
Yppenbjerg 21,4490 Jerslev Sjælland,900.000,10-07-2013,"
Alm. Salg",5.732,9,Villa,157,1908,-18 %,Aktuel værdi
Bygaden 52,4490 Jerslev Sjælland,1.330.000,24-05-2013,"
Fam. Salg",10.310,3,Villa,129,1950,,Aktuel værdi
Hovedgaden 88,4490 Jerslev Sjælland,550.000,14-05-2013,"
Alm. Salg",3.125,4,Villa,176,1915,-8 %,Aktuel værdi
Fugledevej 17,4490 Jerslev Sjælland,1.330.000,29-04-2013,"
Alm. Salg",6.820,5,Villa,195,1910,-11 %,Aktuel værdi
Smediestræde 4,4490 Jerslev Sjælland,284.500,24-04-2013,"
Auktion",3.556,6,Villa,80,1915,-52 %,Aktuel værdi
Enggårdsvej 51,4490 Jerslev Sjælland,1.150.000,19-03-2013,"
Alm. Salg",9.913,4,Villa,116,1977,-8 %,Aktuel værdi
Skrænten 2A,4490 Jerslev Sjælland,375.000,27-02-2013,"
Auktion",4.076,3,Villa,92,1917,,Aktuel værdi
Enggårdsvej 30,4490 Jerslev Sjælland,700.000,19-02-2013,"
Alm. Salg",5.833,4,Villa,120,1972,,Aktuel værdi
Hovedgaden 76,4490 Jerslev Sjælland,370.000,07-02-2013,"
Auktion",4.625,3,Villa,80,1953,,Aktuel værdi
Pilevej 23,4490 Jerslev Sjælland,500.000,24-01-2013,"
Alm. Salg",4.385,3,Villa,114,1968,-28 %,Aktuel værdi
Søvejen 1,4490 Jerslev Sjælland,950.000,23-12-2012,"
Alm. Salg",5.523,6,Villa,172,1916,-13 %,Aktuel værdi
Markmosen 8,4490 Jerslev Sjælland,600.000,17-12-2012,"
Auktion",2.955,5,Villa,203,1907,,Aktuel værdi
Acacievej 3,4490 Jerslev Sjælland,269.123,05-12-2012,"
Alm. Salg",2.224,4,Villa,121,1969,,Aktuel værdi
Rugtvedvej 38,4490 Jerslev Sjælland,1.350.000,05-12-2012,"
Auktion",13.500,3,Stuehus,100,1905,,
Kelleklintevej 2,4490 Jerslev Sjælland,331.957,26-11-2012,"
Fam. Salg",2.573,4,Villa,129,1910,,Aktuel værdi
Bygaden 8,4490 Jerslev Sjælland,800.000,29-10-2012,"
Auktion",3.375,6,Villa,237,1922,-11 %,Aktuel værdi
Fugledevej 6,4490 Jerslev Sjælland,850.000,24-10-2012,"
Fam. Salg",4.166,8,Stuehus,204,1900,,
Gartnervænget 1,4490 Jerslev Sjælland,750.000,23-10-2012,"
Alm. Salg",8.823,3,Rækkehus,85,1978,-9 %,Aktuel værdi
Enggårdsvej 63,4490 Jerslev Sjælland,925.000,18-10-2012,"
Alm. Salg",7.838,4,Villa,118,1977,-3 %,Aktuel værdi
Enggårdsvej 19,4490 Jerslev Sjælland,520.000,03-10-2012,"
Auktion",3.466,5,Villa,150,1976,-58 %,Aktuel værdi
Bymarken 54,4490 Jerslev Sjælland,600.000,26-09-2012,"
Auktion",4.477,5,Villa,134,1977,,Aktuel værdi
Bymarken 11,4490 Jerslev Sjælland,1.085.000,31-08-2012,"
Alm. Salg",7.431,4,Villa,146,1979,-6 %,Aktuel værdi
Søvang 16,4490 Jerslev Sjælland,2.000.000,16-08-2012,"
Alm. Salg",7.194,7,Stuehus,278,2016,,
Enggårdsvej 73,4490 Jerslev Sjælland,650.000,30-07-2012,"
Alm. Salg",3.714,7,Villa,175,1977,-13 %,Aktuel værdi
Jorløse Byvej 62,4490 Jerslev Sjælland,550.000,26-06-2012,"
Alm. Salg",3.055,5,Villa,180,1943,,Aktuel værdi
Bygaden 28,4490 Jerslev Sjælland,407.500,26-06-2012,"
Alm. Salg",2.716,7,Villa,150,1900,,Aktuel værdi
Lindsvej 5,4490 Jerslev Sjælland,670.500,22-05-2012,"
Fam. Salg",7.450,3,Rækkehus,90,2004,,Aktuel værdi
Tissøvej 19,4490 Jerslev Sjælland,234.832,10-05-2012,"
Alm. Salg",1.334,4,Stuehus,176,1934,,
Birkevej 8,4490 Jerslev Sjælland,845.000,09-05-2012,"
Alm. Salg",6.653,3,Villa,127,1966,-6 %,Aktuel værdi
Enggårdsvej 50,4490 Jerslev Sjælland,1.300.000,03-05-2012,"
Alm. Salg",5.555,7,Villa,234,1972,-13 %,Aktuel værdi
Dyssevej 5,4490 Jerslev Sjælland,110.000,02-05-2012,"
Auktion",956,4,Villa,115,1902,-63 %,Aktuel værdi
Enggårdsvej 10,4490 Jerslev Sjælland,800.000,30-04-2012,"
Fam. Salg",6.250,5,Villa,128,1973,,Aktuel værdi
Søvejen 10,4490 Jerslev Sjælland,875.000,18-04-2012,"
Auktion",5.303,4,Villa,165,1930,,Aktuel værdi
Søndergade 71,4490 Jerslev Sjælland,900.000,23-02-2012,"
Alm. Salg",5.421,3,Villa,166,1974,-18 %,Aktuel værdi
Engvej 3,4490 Jerslev Sjælland,310.000,23-02-2012,"
Auktion",2.279,4,Villa,136,1930,,Aktuel værdi
Kæret 9,4490 Jerslev Sjælland,935.000,03-02-2012,"
Alm. Salg",8.274,3,Villa,113,1777,,Aktuel værdi
Enggårdsvej 35,4490 Jerslev Sjælland,815.000,27-01-2012,"
Alm. Salg",6.791,4,Villa,120,1977,-9 %,Aktuel værdi
Kelleklintevej 19,4490 Jerslev Sjælland,250.000,16-01-2012,"
Alm. Salg",2.747,3,Villa,91,1900,-37 %,Aktuel værdi
Dyssevej 8,4490 Jerslev Sjælland,1.795.000,20-12-2011,"
Alm. Salg",11.012,4,Villa,163,1910,0 %,Aktuel værdi
Klovbygade 17,4490 Jerslev Sjælland,200.000,19-12-2011,"
Auktion",1.428,6,Villa,140,1777,,Aktuel værdi
Hovvej 40,4490 Jerslev Sjælland,1.100.000,02-12-2011,"
Alm. Salg",9.090,5,Stuehus,121,1935,-8 %,
Enggårdsvej 53,4490 Jerslev Sjælland,575.000,17-11-2011,"
Alm. Salg",4.423,4,Villa,130,1977,,Aktuel værdi
Hørkærhaven 62,4490 Jerslev Sjælland,1.444.000,15-11-2011,"
Alm. Salg",9.890,6,Villa,146,1989,-9 %,Aktuel værdi
Klovbyvej 7,4490 Jerslev Sjælland,495.000,09-11-2011,"
Auktion",4.669,4,Villa,106,1907,-17 %,Aktuel værdi
Enggårdsvej 4,4490 Jerslev Sjælland,775.000,07-11-2011,"
Alm. Salg",7.908,2,Villa,98,1973,-3 %,Aktuel værdi
Kæret 6A,4490 Jerslev Sjælland,220.000,06-10-2011,"
Auktion",2.200,3,Villa,100,1827,,Aktuel værdi
Hørkærhaven 1,4490 Jerslev Sjælland,708.666,26-09-2011,"
Andet",5.580,4,Villa,127,2002,-58 %,Aktuel værdi
"Stationsvej 10B, ST",4490 Jerslev Sjælland,2.800.000,22-09-2011,"
Auktion",25.454,3,Lejlighed,110,1910,,Aktuel værdi
"Stationsvej 10D, 1",4490 Jerslev Sjælland,2.800.000,22-09-2011,"
Auktion",33.734,3,Lejlighed,83,1910,,Aktuel værdi
Græshaven 15,4490 Jerslev Sjælland,1.200.000,22-09-2011,"
Alm. Salg",6.629,5,Villa,181,1976,21 %,Aktuel værdi
Birkevej 5,4490 Jerslev Sjælland,629.214,01-09-2011,"
Fam. Salg",4.166,4,Villa,151,1965,,Aktuel værdi
Søvang 18,4490 Jerslev Sjælland,1.150.000,25-08-2011,"
Alm. Salg",8.846,4,Villa,130,1885,-23 %,Aktuel værdi
Birkevej 17,4490 Jerslev Sjælland,820.000,13-07-2011,"
Auktion",4.456,9,Villa,184,1971,-48 %,Aktuel værdi
Hørkærhaven 11A,4490 Jerslev Sjælland,975.000,09-06-2011,"
Alm. Salg",10.833,4,Rækkehus,90,1986,-2 %,Aktuel værdi
Søndergade 59,4490 Jerslev Sjælland,740.000,07-06-2011,"
Auktion",5.441,4,Villa,136,1973,,Aktuel værdi
Bygaden 3,4490 Jerslev Sjælland,900.000,30-05-2011,"
Auktion",4.761,9,Villa,189,1800,-49 %,Aktuel værdi
Birkevej 11,4490 Jerslev Sjælland,1.000.000,12-05-2011,"
Auktion",7.812,4,Villa,128,1969,-16 %,Aktuel værdi
Lindsvej 10,4490 Jerslev Sjælland,825.000,09-05-2011,"
Alm. Salg",6.066,4,Villa,136,1907,-15 %,Aktuel værdi
Hovedgaden 17,4490 Jerslev Sjælland,335.000,14-04-2011,"
Andet",3.489,3,Villa,96,1910,,Aktuel værdi
Yppenbjerg 6,4490 Jerslev Sjælland,800.000,11-04-2011,"
Auktion",7.476,3,Stuehus,107,1900,-51 %,
Skolevej 3,4490 Jerslev Sjælland,750.000,12-03-2011,"
Alm. Salg",4.629,6,Villa,162,1955,,Aktuel værdi
Esbern Snaresvej 7,4490 Jerslev Sjælland,720.000,12-03-2011,"
Alm. Salg",7.826,4,Villa,92,1877,-9 %,Aktuel værdi
Jorløse Byvej 55,4490 Jerslev Sjælland,375.000,02-03-2011,"
Auktion",2.500,5,Villa,150,1860,,Aktuel værdi
Lærkevej 4,4490 Jerslev Sjælland,895.000,13-02-2011,"
Alm. Salg",8.443,4,Villa,106,1963,-10 %,Aktuel værdi
Markmosen 4,4490 Jerslev Sjælland,4.995.000,28-01-2011,"
Alm. Salg",20.812,3,Stuehus,240,1877,0 %,
Bymarken 64,4490 Jerslev Sjælland,800.000,10-01-2011,"
Auktion",5.128,6,Villa,156,1978,-36 %,Aktuel værdi
Klovbygade 14,4490 Jerslev Sjælland,550.000,09-01-2011,"
Alm. Salg",5.000,5,Villa,110,1964,,Aktuel værdi
Bymarken 74,4490 Jerslev Sjælland,575.000,28-12-2010,"
Alm. Salg",4.457,4,Villa,129,1978,,Aktuel værdi
Fugledevej 16,4490 Jerslev Sjælland,500.000,18-12-2010,"
Alm. Salg",2.049,8,Stuehus,244,1877,,
Hovedgaden 83,4490 Jerslev Sjælland,747.000,04-11-2010,"
Fam. Salg",5.659,4,Villa,132,1932,-56 %,Aktuel værdi
Søndergade 57,4490 Jerslev Sjælland,1.200.000,28-10-2010,"
Alm. Salg",8.571,5,Villa,140,1974,-4 %,Aktuel værdi
Møllevej 9,4490 Jerslev Sjælland,750.000,28-09-2010,"
Alm. Salg",8.620,3,Villa,87,1971,-6 %,Aktuel værdi
Gartnervænget 13,4490 Jerslev Sjælland,925.000,21-09-2010,"
Alm. Salg",10.882,3,Rækkehus,85,1979,,Aktuel værdi
Hovedgaden 21,4490 Jerslev Sjælland,1.050.000,20-09-2010,"
Auktion",5.865,3,Villa,179,1917,-25 %,Aktuel værdi
Jomfrustræde 2,4490 Jerslev Sjælland,475.000,02-09-2010,"
Alm. Salg",6.785,2,Villa,70,1900,-4 %,Aktuel værdi
Engvej 1,4490 Jerslev Sjælland,800.000,01-09-2010,"
Alm. Salg",7.619,5,Villa,105,1931,-6 %,Aktuel værdi
Søvejen 2,4490 Jerslev Sjælland,1.585.000,25-08-2010,"
Alm. Salg",10.856,3,Villa,146,1914,0 %,Aktuel værdi
Enggårdsvej 55,4490 Jerslev Sjælland,1.300.000,20-08-2010,"
Alm. Salg",9.923,4,Villa,131,1979,-6 %,Aktuel værdi
Kelleklintevej 8,4490 Jerslev Sjælland,1.175.000,16-08-2010,"
Auktion",5.439,4,Villa,216,1857,-9 %,Aktuel værdi
Becksvej 3,4490 Jerslev Sjælland,450.000,06-08-2010,"
Alm. Salg",-,4,Villa,248,1756,,Aktuel værdi
Skolevej 13,4490 Jerslev Sjælland,895.000,21-07-2010,"
Alm. Salg",7.458,4,Villa,120,1877,-10 %,Aktuel værdi
Værslevvej 7,4490 Jerslev Sjælland,1.100.000,14-06-2010,"
Auktion",5.445,7,Stuehus,202,1908,,
Hørkærhaven 9A,4490 Jerslev Sjælland,695.000,04-06-2010,"
Alm. Salg",9.788,2,Rækkehus,71,1987,0 %,Aktuel værdi
Acacievej 4,4490 Jerslev Sjælland,1.955.000,27-05-2010,"
Alm. Salg",11.171,6,Villa,175,1968,-2 %,Aktuel værdi
Parkvej 26,4490 Jerslev Sjælland,340.000,20-05-2010,"
Alm. Salg",2.222,5,Villa,153,2011,-4 %,Aktuel værdi
Toftager 3,4490 Jerslev Sjælland,2.225.000,04-05-2010,"
Alm. Salg",13.088,8,Stuehus,170,1878,-1 %,
Søndergade 56,4490 Jerslev Sjælland,1.350.000,03-05-2010,"
Alm. Salg",8.881,4,Villa,152,1973,-3 %,Aktuel værdi
Klovbygade 22,4490 Jerslev Sjælland,1.125.000,28-04-2010,"
Auktion",4.573,7,Villa,246,1973,,Aktuel værdi
Søvang 26,4490 Jerslev Sjælland,550.000,08-04-2010,"
Auktion",5.500,4,Villa,100,1910,-31 %,Aktuel værdi
Klovbygade 23,4490 Jerslev Sjælland,500.000,18-03-2010,"
Auktion",4.385,4,Villa,114,1877,,Aktuel værdi
Hovvej 1A,4490 Jerslev Sjælland,2.700.000,11-03-2010,"
Auktion",26.732,3,Lejlighed,101,1900,,Aktuel værdi
Hovedgaden 32B,4490 Jerslev Sjælland,2.700.000,11-03-2010,"
Auktion",33.333,3,Lejlighed,81,1900,,Aktuel værdi
Klovbyvej 2,4490 Jerslev Sjælland,487.500,11-03-2010,"
Fam. Salg",3.869,4,Villa,126,1907,,Aktuel værdi
Enggårdsvej 43,4490 Jerslev Sjælland,999.000,08-03-2010,"
Alm. Salg",7.239,1,Villa,138,1978,0 %,Aktuel værdi
Kelleklintevej 43,4490 Jerslev Sjælland,320.000,03-03-2010,"
Alm. Salg",969,7,Stuehus,330,1931,,
Bygaden 14,4490 Jerslev Sjælland,3.900.000,03-03-2010,"
Alm. Salg",18.840,7,Stuehus,207,1827,,
Kærvej 1,4490 Jerslev Sjælland,400.000,18-02-2010,"
Auktion",1.550,9,Villa,258,1877,,Aktuel værdi
Skrænten 7,4490 Jerslev Sjælland,775.000,18-01-2010,"
Auktion",5.698,7,Villa,136,1877,,Aktuel værdi
Torvet 9,4490 Jerslev Sjælland,1.700.000,22-12-2009,"
Alm. Salg",8.252,6,Villa,206,1976,,Aktuel værdi
Hovedgaden 67,4490 Jerslev Sjælland,300.000,16-12-2009,"
Auktion",3.409,5,Anden handel/transport,88,1958,,Aktuel værdi
Hovvej 27,4490 Jerslev Sjælland,850.000,04-11-2009,"
Alm. Salg",9.659,3,Villa,88,1957,-8 %,Aktuel værdi
Bymarken 40,4490 Jerslev Sjælland,1.275.000,23-10-2009,"
Alm. Salg",10.282,5,Villa,124,1978,-9 %,Aktuel værdi
Søndergade 33,4490 Jerslev Sjælland,800.000,21-10-2009,"
Alm. Salg",8.510,4,Villa,94,1971,-9 %,Aktuel værdi
Dyssevej 10,4490 Jerslev Sjælland,1.025.000,21-10-2009,"
Auktion",4.183,7,Stuehus,245,1902,,
Hovedgaden 38,4490 Jerslev Sjælland,900.000,13-10-2009,"
Auktion",4.054,11,Villa,222,1920,,Aktuel værdi
Bygaden 17,4490 Jerslev Sjælland,1.400.000,08-10-2009,"
Alm. Salg",15.909,5,Villa,88,1946,,Aktuel værdi
Bygaden 62,4490 Jerslev Sjælland,800.000,15-09-2009,"
Alm. Salg",6.837,3,Villa,117,1951,-15 %,Aktuel værdi
Hovvej 6,4490 Jerslev Sjælland,485.000,27-08-2009,"
Auktion",4.110,3,Villa,118,1913,,Aktuel værdi
Søvejen 23,4490 Jerslev Sjælland,1.470.000,19-08-2009,"
Alm. Salg",13.486,2,Villa,109,1877,-2 %,Aktuel værdi
Kelleklintevej 13,4490 Jerslev Sjælland,1.000.000,05-08-2009,"
Auktion",6.578,5,Villa,152,1877,,Aktuel værdi
Kæret 14,4490 Jerslev Sjælland,1.200.000,16-07-2009,"
Alm. Salg",7.741,6,Villa,155,1900,-14 %,Aktuel værdi
Yppenbjerg 20,4490 Jerslev Sjælland,1.720.000,02-07-2009,"
Auktion",8.643,8,Villa,199,1877,,Aktuel værdi
Dyssevej 20,4490 Jerslev Sjælland,1.000.000,02-07-2009,"
Alm. Salg",9.259,4,Stuehus,108,1900,,
Hørkærhaven 36A,4490 Jerslev Sjælland,1.000.000,02-07-2009,"
Alm. Salg",12.048,3,Rækkehus,83,1986,,Aktuel værdi
Søndergade 24,4490 Jerslev Sjælland,745.000,24-06-2009,"
Alm. Salg",9.430,3,Villa,79,1971,-12 %,Aktuel værdi
Hørkærhaven 7B,4490 Jerslev Sjælland,875.000,13-06-2009,"
Alm. Salg",12.681,2,Rækkehus,69,1987,0 %,Aktuel værdi
Pilevej 12,4490 Jerslev Sjælland,110.000,03-06-2009,"
Auktion",516,7,Villa,213,1969,,Aktuel værdi
Forsingevej 12,4490 Jerslev Sjælland,1.000.000,05-05-2009,"
Alm. Salg",7.936,5,Villa,126,1969,-16 %,Aktuel værdi
Pilevej 14,4490 Jerslev Sjælland,1.420.000,04-05-2009,"
Alm. Salg",10.215,3,Villa,139,1971,-5 %,Aktuel værdi
Hørkærhaven 5C,4490 Jerslev Sjælland,975.000,03-05-2009,"
Alm. Salg",9.558,3,Rækkehus,102,1987,-11 %,Aktuel værdi
Gartnervænget 5,4490 Jerslev Sjælland,925.000,27-04-2009,"
Alm. Salg",10.882,3,Rækkehus,85,1979,-3 %,Aktuel værdi
Nordkrogvej 7,4490 Jerslev Sjælland,995.000,06-04-2009,"
Alm. Salg",6.722,4,Villa,148,1925,0 %,Aktuel værdi
Søvejen 15,4490 Jerslev Sjælland,2.200.000,31-03-2009,"
Alm. Salg",18.333,3,Stuehus,120,1928,-8 %,
Stationsvej 6,4490 Jerslev Sjælland,745.000,30-03-2009,"
Alm. Salg",4.656,5,Villa,160,1908,-12 %,Aktuel værdi
Søvang 28,4490 Jerslev Sjælland,740.000,24-03-2009,"
Alm. Salg",-,5,Villa,161,1920,-7 %,Aktuel værdi
Klovbygade 27,4490 Jerslev Sjælland,790.000,14-01-2009,"
Alm. Salg",-,5,Villa,125,1906,0 %,Aktuel værdi
Lindsvej 2,4490 Jerslev Sjælland,1.555.000,08-01-2009,"
Andet",10.506,5,Villa,148,1976,,Aktuel værdi
Hovedgaden 92,4490 Jerslev Sjælland,1.500.000,17-12-2008,"
Fam. Salg",9.803,8,Villa,153,1965,,Aktuel værdi
Enggårdsvej 6,4490 Jerslev Sjælland,1.340.000,19-11-2008,"
Alm. Salg",9.571,4,Villa,140,1975,-3 %,Aktuel værdi
Birkevej 1,4490 Jerslev Sjælland,792.000,12-11-2008,"
Andet",5.781,8,Villa,137,1959,,Aktuel værdi
Hørkærhaven 7A,4490 Jerslev Sjælland,825.000,09-10-2008,"
Alm. Salg",11.956,2,Rækkehus,69,1987,-4 %,Aktuel værdi
Søndergade 23,4490 Jerslev Sjælland,1.100.000,05-10-2008,"
Alm. Salg",9.401,4,Villa,117,1974,-8 %,Aktuel værdi
Hørkærhaven 11B,4490 Jerslev Sjælland,1.178.300,24-09-2008,"
Andet",13.092,3,Rækkehus,90,1986,,Aktuel værdi
Klovbyvej 23,4490 Jerslev Sjælland,2.638.785,04-09-2008,"
Fam. Salg",10.033,3,Stuehus,263,1922,,
Skrænten 1,4490 Jerslev Sjælland,710.000,31-08-2008,"
Alm. Salg",7.717,5,Villa,92,1932,-11 %,Aktuel værdi
Hovedgaden 54,4490 Jerslev Sjælland,830.000,25-08-2008,"
Alm. Salg",10.000,4,Villa,83,1902,0 %,Aktuel værdi
Enggårdsvej 60,4490 Jerslev Sjælland,1.295.000,22-08-2008,"
Alm. Salg",9.664,4,Villa,134,1973,0 %,Aktuel værdi
Søvang 13,4490 Jerslev Sjælland,1.787.500,12-08-2008,"
Andet",6.453,8,Stuehus,277,1847,-54 %,
Klovbygade 4,4490 Jerslev Sjælland,1.565.000,01-08-2008,"
Alm. Salg",10.433,4,Villa,150,1957,-6 %,Aktuel værdi
Fugledevej 21,4490 Jerslev Sjælland,2.300.000,09-07-2008,"
Alm. Salg",14.935,6,Stuehus,154,1915,-6 %,
Bygaden 4,4490 Jerslev Sjælland,1.195.000,03-07-2008,"
Alm. Salg",16.830,2,Villa,71,1949,-8 %,Aktuel værdi
Møllevej 20,4490 Jerslev Sjælland,600.000,28-06-2008,"
Alm. Salg",6.000,3,Villa,100,1897,,Aktuel værdi
Søndergade 60,4490 Jerslev Sjælland,975.000,21-06-2008,"
Alm. Salg",9.848,4,Villa,99,1971,-5 %,Aktuel værdi
Hovvej 44,4490 Jerslev Sjælland,1.700.000,20-06-2008,"
Alm. Salg",9.444,5,Villa,180,1900,-1 %,Aktuel værdi
Søndergade 16,4490 Jerslev Sjælland,1.795.000,06-06-2008,"
Alm. Salg",12.294,4,Villa,146,1969,0 %,Aktuel værdi
Parkvej 39,4490 Jerslev Sjælland,2.125.000,02-06-2008,"
Alm. Salg",15.625,5,Villa,136,2008,,Aktuel værdi
Vænget 4,4490 Jerslev Sjælland,1.995.000,24-04-2008,"
Alm. Salg",13.854,5,Villa,144,1972,0 %,Aktuel værdi
Søndergade 47,4490 Jerslev Sjælland,1.050.000,09-04-2008,"
Alm. Salg",7.608,5,Villa,138,1971,,Aktuel værdi
Mellemvej 2,4490 Jerslev Sjælland,940.000,14-03-2008,"
Alm. Salg",9.894,3,Villa,95,1880,-3 %,Aktuel værdi
Lindsvej 7,4490 Jerslev Sjælland,1.450.000,09-03-2008,"
Alm. Salg",16.111,3,Rækkehus,90,2004,0 %,Aktuel værdi
Hovedgaden 51,4490 Jerslev Sjælland,940.000,26-02-2008,"
Alm. Salg",6.962,5,Villa,135,1877,-6 %,Aktuel værdi
Bymarken 42,4490 Jerslev Sjælland,1.700.000,22-02-2008,"
Alm. Salg",11.724,5,Villa,145,1979,-5 %,Aktuel værdi
Kelleklintevej 49,4490 Jerslev Sjælland,995.000,21-02-2008,"
Alm. Salg",12.437,3,Villa,80,1883,0 %,Aktuel værdi
Søvejen 13,4490 Jerslev Sjælland,3.100.000,21-02-2008,"
Alm. Salg",19.018,6,Stuehus,163,1924,-45 %,
Bymarken 37,4490 Jerslev Sjælland,1.750.000,07-02-2008,"
Alm. Salg",12.237,4,Villa,143,1980,0 %,Aktuel værdi
Klovbygade 12,4490 Jerslev Sjælland,1.795.000,26-01-2008,"
Alm. Salg",10.436,4,Villa,172,1973,0 %,Aktuel værdi
Hovedgaden 43,4490 Jerslev Sjælland,646.000,09-01-2008,"
Alm. Salg",-,4,Villa,91,1900,,Aktuel værdi
Kirkestien 2,4490 Jerslev Sjælland,704.500,31-12-2007,"
Fam. Salg",3.522,7,Villa,200,1897,,Aktuel værdi
Hovedgaden 30,4490 Jerslev Sjælland,1.200.000,21-12-2007,"
Auktion",7.692,5,Villa,156,1905,-16 %,Aktuel værdi
Klovbygade 33,4490 Jerslev Sjælland,786.716,04-12-2007,"
Alm. Salg",4.252,4,Villa,185,1921,,Aktuel værdi
Nordkrogvej 16,4490 Jerslev Sjælland,1.245.000,15-11-2007,"
Alm. Salg",9.576,7,Villa,130,1967,-4 %,Aktuel værdi
Parkvej 35,4490 Jerslev Sjælland,325.000,05-11-2007,"
Alm. Salg",2.070,4,Villa,157,2009,,Aktuel værdi
Parkvej 27,4490 Jerslev Sjælland,395.000,23-10-2007,"
Alm. Salg",2.651,4,Villa,149,2009,,Aktuel værdi
Hørkærhaven 38A,4490 Jerslev Sjælland,1.065.000,17-10-2007,"
Alm. Salg",12.831,3,Rækkehus,83,1986,,Aktuel værdi
Torvet 13A,4490 Jerslev Sjælland,795.000,16-10-2007,"
Alm. Salg",10.743,2,Villa,74,1981,,Aktuel værdi
Kelleklintevej 31,4490 Jerslev Sjælland,1.565.000,15-10-2007,"
Alm. Salg",10.503,5,Villa,149,1979,0 %,Aktuel værdi
Klovbygade 20,4490 Jerslev Sjælland,895.000,09-10-2007,"
Alm. Salg",7.715,3,Villa,116,1962,,Aktuel værdi
Hovvej 8,4490 Jerslev Sjælland,1.250.000,27-09-2007,"
Alm. Salg",9.398,5,Villa,133,1926,-13 %,Aktuel værdi
Klovbyvej 21,4490 Jerslev Sjælland,630.000,24-09-2007,"
Alm. Salg",-,3,Villa,86,1895,,Aktuel værdi
Nordkrogvej 11,4490 Jerslev Sjælland,750.000,14-09-2007,"
Alm. Salg",6.818,4,Villa,110,1939,,Aktuel værdi
Fugledevej 15,4490 Jerslev Sjælland,1.157.205,05-09-2007,"
Alm. Salg",8.901,3,Stuehus,130,1907,,
Skolevej 4A,4490 Jerslev Sjælland,752.000,30-08-2007,"
Alm. Salg",12.129,3,Villa,62,1962,8 %,Aktuel værdi
Klovbygade 8,4490 Jerslev Sjælland,995.000,17-08-2007,"
Alm. Salg",8.361,4,Villa,119,1877,,Aktuel værdi
Acacievej 8,4490 Jerslev Sjælland,1.200.000,08-08-2007,"
Alm. Salg",8.955,4,Villa,134,1969,,Aktuel værdi
Parkvej 18,4490 Jerslev Sjælland,335.000,07-08-2007,"
Alm. Salg",2.120,4,Villa,158,2009,,Aktuel værdi
Parkvej 37,4490 Jerslev Sjælland,305.000,02-08-2007,"
Alm. Salg",2.089,5,Villa,146,2008,,Aktuel værdi
Enggårdsvej 56,4490 Jerslev Sjælland,1.100.000,11-07-2007,"
Fam. Salg",8.661,4,Villa,127,1977,,Aktuel værdi
Birkevej 4,4490 Jerslev Sjælland,1.015.000,11-07-2007,"
Alm. Salg",10.572,4,Villa,96,1964,-3 %,Aktuel værdi
Tissøvej 33,4490 Jerslev Sjælland,995.000,02-07-2007,"
Alm. Salg",9.567,4,Villa,104,1942,0 %,Aktuel værdi
Nordkrogvej 22,4490 Jerslev Sjælland,330.000,25-06-2007,"
Alm. Salg",3.437,3,Villa,96,1935,,Aktuel værdi
Søvejen 19,4490 Jerslev Sjælland,2.495.000,22-06-2007,"
Alm. Salg",21.324,4,Stuehus,117,1877,0 %,
Esbern Snaresvej 9,4490 Jerslev Sjælland,1.275.000,15-06-2007,"
Alm. Salg",8.916,4,Villa,143,1934,,Aktuel værdi
Nordkrogvej 15,4490 Jerslev Sjælland,1.500.000,07-06-2007,"
Alm. Salg",12.931,3,Villa,116,1949,,Aktuel værdi
Acacievej 11,4490 Jerslev Sjælland,1.880.000,04-06-2007,"
Alm. Salg",10.621,7,Villa,177,1968,-1 %,Aktuel værdi
Hørkærhaven 5B,4490 Jerslev Sjælland,1.100.000,04-06-2007,"
Alm. Salg",11.111,3,Rækkehus,99,1987,-4 %,Aktuel værdi
Hovvej 21,4490 Jerslev Sjælland,673.000,28-05-2007,"
Alm. Salg",4.912,5,Villa,137,1945,,Aktuel værdi
Møllevej 2,4490 Jerslev Sjælland,100.000,28-05-2007,"
Alm. Salg",396,7,Stuehus,252,1925,,
Smediestræde 1,4490 Jerslev Sjælland,600.000,20-05-2007,"
Andet",4.285,7,Villa,140,1905,,Aktuel værdi
Møllevej 1,4490 Jerslev Sjælland,1.030.000,15-05-2007,"
Alm. Salg",13.376,3,Villa,77,1947,,Aktuel værdi
Enggårdsvej 62,4490 Jerslev Sjælland,1.295.000,03-05-2007,"
Alm. Salg",10.360,5,Villa,125,1974,,Aktuel værdi
Krogen 1A,4490 Jerslev Sjælland,1.300.000,21-04-2007,"
Andet",9.558,7,Villa,136,1902,,Aktuel værdi
Vesterbygårdvej 14,4490 Jerslev Sjælland,2.300.000,20-04-2007,"
Alm. Salg",-,9,Stuehus,275,1907,-2 %,
Esbern Snaresvej 8,4490 Jerslev Sjælland,1.500.000,17-04-2007,"
Alm. Salg",8.108,6,Villa,185,1936,,Aktuel værdi
Esbern Snaresvej 11,4490 Jerslev Sjælland,1.450.000,16-04-2007,"
Alm. Salg",13.809,4,Villa,105,1967,0 %,Aktuel værdi
Bøgevej 3,4490 Jerslev Sjælland,1.375.000,05-04-2007,"
Alm. Salg",11.088,4,Villa,124,1969,,Aktuel værdi
Birkevej 6,4490 Jerslev Sjælland,1.125.000,04-04-2007,"
Alm. Salg",10.416,4,Villa,108,1964,,Aktuel værdi
Rugtvedvej 43,4490 Jerslev Sjælland,1.199.000,04-04-2007,"
Alm. Salg",12.234,4,Villa,98,1827,0 %,Aktuel værdi
Klovbyvej 3,4490 Jerslev Sjælland,1.350.000,02-04-2007,"
Alm. Salg",12.272,5,Villa,110,1930,,Aktuel værdi
Skolevej 7,4490 Jerslev Sjælland,1.445.000,27-03-2007,"
Alm. Salg",11.560,5,Villa,125,1955,0 %,Aktuel værdi
Hovvej 5,4490 Jerslev Sjælland,645.000,20-03-2007,"
Alm. Salg",8.376,2,Villa,77,1903,-7 %,Aktuel værdi
Bygaden 56,4490 Jerslev Sjælland,1.150.000,06-03-2007,"
Alm. Salg",9.126,4,Villa,126,1957,0 %,Aktuel værdi
Rugvænget 5,4490 Jerslev Sjælland,975.000,05-03-2007,"
Alm. Salg",5.416,4,Villa,180,1999,,Aktuel værdi
Søndergade 19,4490 Jerslev Sjælland,1.160.000,01-03-2007,"
Alm. Salg",8.923,4,Villa,130,1972,,Aktuel værdi
Klovbygade 48,4490 Jerslev Sjælland,9.003.000,23-02-2007,"
Fam. Salg",27.364,7,Stuehus,329,2006,,
Græshaven 2,4490 Jerslev Sjælland,613.500,07-02-2007,"
Andet",4.578,5,Villa,134,1970,,Aktuel værdi
Nordkrogvej 27,4490 Jerslev Sjælland,800.000,26-01-2007,"
Alm. Salg",7.843,4,Villa,102,1900,,Aktuel værdi
Rugtvedvej 32,4490 Jerslev Sjælland,595.000,26-01-2007,"
Alm. Salg",5.173,4,Villa,115,1970,0 %,Aktuel værdi
Hovedgaden 5,4490 Jerslev Sjælland,1.395.000,17-01-2007,"
Alm. Salg",12.345,5,Villa,113,1937,0 %,Aktuel værdi
Hovvej 1C,4490 Jerslev Sjælland,10.000.000,05-01-2007,"
Alm. Salg",83.333,4,Rækkehus,120,2006,,Aktuel værdi
Hovvej 1B,4490 Jerslev Sjælland,10.000.000,05-01-2007,"
Alm. Salg",83.333,4,Rækkehus,120,2006,,Aktuel værdi
Vesterbygårdvej 2,4490 Jerslev Sjælland,2.295.000,04-01-2007,"
Alm. Salg",25.500,3,Stuehus,90,1857,0 %,
Parkvej 28,4490 Jerslev Sjælland,322.500,18-12-2006,"
Alm. Salg",2.303,4,Villa,140,2008,,Aktuel værdi
Kæret 15,4490 Jerslev Sjælland,525.000,09-12-2006,"
Alm. Salg",7.000,2,Villa,75,1827,,Aktuel værdi
Bymarken 29,4490 Jerslev Sjælland,1.445.000,08-12-2006,"
Alm. Salg",11.653,5,Villa,124,1980,,Aktuel værdi
Hovedgaden 45,4490 Jerslev Sjælland,1.100.000,06-11-2006,"
Alm. Salg",8.800,4,Villa,125,1950,,Aktuel værdi
Søvejen 6,4490 Jerslev Sjælland,1.795.000,06-11-2006,"
Alm. Salg",14.360,5,Stuehus,125,1840,,
Enggårdsvej 69,4490 Jerslev Sjælland,615.871,02-11-2006,"
Fam. Salg",4.811,5,Villa,128,1979,,Aktuel værdi
Klovbyvej 6,4490 Jerslev Sjælland,2.465.000,31-10-2006,"
Alm. Salg",10.717,5,Villa,230,1982,,Aktuel værdi
Bymarken 39,4490 Jerslev Sjælland,1.295.000,27-10-2006,"
Alm. Salg",11.068,4,Villa,117,1979,,Aktuel værdi
Klovbygade 21,4490 Jerslev Sjælland,1.165.000,28-09-2006,"
Alm. Salg",12.135,3,Villa,96,1983,,Aktuel værdi
Søvejen 31,4490 Jerslev Sjælland,4.000.000,24-09-2006,"
Alm. Salg",12.345,7,Stuehus,324,1912,,
Møllevej 13,4490 Jerslev Sjælland,5.200.000,20-09-2006,"
Alm. Salg",29.050,5,Stuehus,179,1986,,
Klovbygade 1B,4490 Jerslev Sjælland,2.600.000,16-09-2006,"
Alm. Salg",18.055,5,Stuehus,144,1857,,
Bygaden 24,4490 Jerslev Sjælland,975.000,14-09-2006,"
Alm. Salg",6.543,5,Villa,149,1927,,Aktuel værdi
Søndergade 29,4490 Jerslev Sjælland,1.750.000,12-09-2006,"
Alm. Salg",12.867,5,Villa,136,1972,,Aktuel værdi
Bøgevej 9,4490 Jerslev Sjælland,1.545.000,11-09-2006,"
Alm. Salg",9.251,6,Villa,167,1975,,Aktuel værdi
Klovbygade 25,4490 Jerslev Sjælland,1.950.000,06-09-2006,"
Alm. Salg",6.964,8,Stuehus,280,1911,,
Acacievej 16,4490 Jerslev Sjælland,1.060.000,30-08-2006,"
Alm. Salg",9.636,4,Villa,110,1968,,Aktuel værdi
Kæret 3,4490 Jerslev Sjælland,586.500,08-08-2006,"
Alm. Salg",7.616,2,Villa,77,1900,,Aktuel værdi
Søvang 11,4490 Jerslev Sjælland,750.000,24-07-2006,"
Fam. Salg",9.375,2,Stuehus,80,1933,,
Skolevang 3,4490 Jerslev Sjælland,1.095.000,11-07-2006,"
Fam. Salg",9.954,2,Villa,110,1948,,Aktuel værdi
Bygaden 13,4490 Jerslev Sjælland,850.000,21-06-2006,"
Alm. Salg",7.083,4,Villa,120,1898,,Aktuel værdi
Hørkærhaven 9C,4490 Jerslev Sjælland,825.000,15-06-2006,"
Alm. Salg",11.785,2,Rækkehus,70,1987,,Aktuel værdi
Skolevej 4C,4490 Jerslev Sjælland,1.785.000,14-06-2006,"
Alm. Salg",12.482,5,Villa,143,2006,,Aktuel værdi
Rugtvedvej 37,4490 Jerslev Sjælland,750.000,03-06-2006,"
Alm. Salg",-,3,Villa,94,1877,,Aktuel værdi
Acacievej 5,4490 Jerslev Sjælland,1.625.000,01-06-2006,"
Alm. Salg",8.333,7,Villa,195,1969,,Aktuel værdi
Klovbyvej 12,4490 Jerslev Sjælland,1.325.000,22-05-2006,"
Alm. Salg",9.671,7,Stuehus,137,1900,,
Kæret 5,4490 Jerslev Sjælland,650.000,14-05-2006,"
Alm. Salg",8.666,3,Villa,75,1875,,Aktuel værdi
Krogen 3,4490 Jerslev Sjælland,950.000,03-05-2006,"
Alm. Salg",8.407,5,Villa,113,1877,,Aktuel værdi
Søndergade 13,4490 Jerslev Sjælland,551.265,27-04-2006,"
Alm. Salg",4.410,3,Villa,125,1971,,Aktuel værdi
Kelleklintevej 4,4490 Jerslev Sjælland,875.000,23-04-2006,"
Alm. Salg",6.944,4,Villa,126,1873,,Aktuel værdi
Hørkærhaven 14,4490 Jerslev Sjælland,1.695.000,20-04-2006,"
Alm. Salg",13.780,4,Villa,123,2001,,Aktuel værdi
Skolevej 8D,4490 Jerslev Sjælland,1.640.000,07-04-2006,"
Alm. Salg",12.424,5,Villa,132,2006,,Aktuel værdi
Lindsvej 3,4490 Jerslev Sjælland,275.000,18-03-2006,"
Alm. Salg",2.570,5,Villa,107,1920,,Aktuel værdi
Møllevej 14,4490 Jerslev Sjælland,700.000,14-03-2006,"
Alm. Salg",7.000,4,Villa,100,1885,,Aktuel værdi
Hovvej 31,4490 Jerslev Sjælland,2.400.000,09-03-2006,"
Alm. Salg",22.222,4,Villa,108,1967,,Aktuel værdi
Hovedgaden 73,4490 Jerslev Sjælland,1.595.000,05-03-2006,"
Alm. Salg",7.818,8,Villa,204,1900,,Aktuel værdi
Hørkærhaven 46B,4490 Jerslev Sjælland,875.000,04-03-2006,"
Alm. Salg",10.542,3,Rækkehus,83,1986,,Aktuel værdi
Yppenbjerg 18,4490 Jerslev Sjælland,680.000,17-02-2006,"
Alm. Salg",4.250,6,Villa,160,1850,,Aktuel værdi
Kelleklintevej 14,4490 Jerslev Sjælland,404.691,13-02-2006,"
Alm. Salg",1.983,6,Villa,204,2007,,Aktuel værdi
Kelleklintevej 22,4490 Jerslev Sjælland,1.650.000,13-02-2006,"
Alm. Salg",10.784,6,Villa,153,1930,,Aktuel værdi
Markmosen 3,4490 Jerslev Sjælland,843.651,09-02-2006,"
Alm. Salg",5.408,3,Stuehus,156,1827,,
Klovbyvej 4,4490 Jerslev Sjælland,1.700.000,08-02-2006,"
Alm. Salg",8.133,1,Villa,209,1895,,Aktuel værdi
Skolevej 8C,4490 Jerslev Sjælland,1.590.000,07-02-2006,"
Alm. Salg",12.137,5,Villa,131,2006,,Aktuel værdi
Søndergade 25,4490 Jerslev Sjælland,875.000,30-01-2006,"
Alm. Salg",6.076,6,Villa,144,1969,,Aktuel værdi
Acacievej 7,4490 Jerslev Sjælland,1.535.000,11-01-2006,"
Alm. Salg",9.475,5,Villa,162,1968,,Aktuel værdi
Enggårdsvej 40,4490 Jerslev Sjælland,1.585.000,10-01-2006,"
Alm. Salg",9.548,7,Villa,166,1973,,Aktuel værdi
Hovedgaden 59,4490 Jerslev Sjælland,1.300.000,30-12-2005,"
Alm. Salg",9.027,7,Villa,144,1904,,Aktuel værdi
Bymarken 31,4490 Jerslev Sjælland,1.337.500,22-12-2005,"
Alm. Salg",9.160,5,Villa,146,1979,,Aktuel værdi
Kelleklintevej 39,4490 Jerslev Sjælland,315.000,22-12-2005,"
Andet",2.266,3,Villa,139,2007,,Aktuel værdi
Dyssevej 16,4490 Jerslev Sjælland,1.800.000,29-11-2005,"
Alm. Salg",9.729,5,Stuehus,185,1930,,
Søndergade 9,4490 Jerslev Sjælland,1.095.000,17-11-2005,"
Alm. Salg",8.830,4,Villa,124,1970,,Aktuel værdi
Nordkrogvej 28,4490 Jerslev Sjælland,1.485.000,15-11-2005,"
Alm. Salg",11.423,6,Villa,130,1940,,Aktuel værdi
Bygaden 7,4490 Jerslev Sjælland,461.461,08-11-2005,"
Andet",3.272,5,Villa,141,1927,,Aktuel værdi
Søndergade 36,4490 Jerslev Sjælland,1.200.000,06-11-2005,"
Alm. Salg",9.230,4,Villa,130,1969,,Aktuel værdi
Skolevej 5,4490 Jerslev Sjælland,1.130.000,25-10-2005,"
Alm. Salg",7.847,3,Villa,144,1955,,Aktuel værdi
Bymarken 4,4490 Jerslev Sjælland,1.385.000,14-10-2005,"
Alm. Salg",8.445,4,Villa,164,1979,,Aktuel værdi
Klovbygade 19,4490 Jerslev Sjælland,1.095.000,07-10-2005,"
Alm. Salg",7.604,5,Villa,144,1900,,Aktuel værdi
Søndergade 52,4490 Jerslev Sjælland,995.000,06-10-2005,"
Alm. Salg",8.652,4,Villa,115,1971,,Aktuel værdi
Enggårdsvej 22,4490 Jerslev Sjælland,1.600.000,19-09-2005,"
Alm. Salg",7.655,9,Villa,209,1973,,Aktuel værdi
Hovvej 25,4490 Jerslev Sjælland,875.000,30-08-2005,"
Alm. Salg",9.210,3,Villa,95,1949,,Aktuel værdi
Markmosen 6,4490 Jerslev Sjælland,2.195.000,19-08-2005,"
Alm. Salg",14.731,6,Villa,149,1924,,Aktuel værdi
Fugledevej 8,4490 Jerslev Sjælland,1.125.000,12-08-2005,"
Alm. Salg",6.656,3,Villa,169,1927,,Aktuel værdi
Nordkrogvej 26,4490 Jerslev Sjælland,850.000,02-07-2005,"
Alm. Salg",4.521,5,Villa,188,1928,,Aktuel værdi
Klovbygade 26,4490 Jerslev Sjælland,8.000.000,22-06-2005,"
Alm. Salg",51.948,6,Stuehus,154,1984,,
Rugtvedvej 26,4490 Jerslev Sjælland,821.919,09-06-2005,"
Alm. Salg",3.735,6,Stuehus,220,1827,,
Esbern Snaresvej 10,4490 Jerslev Sjælland,925.000,04-06-2005,"
Alm. Salg",7.581,4,Villa,122,1935,,Aktuel værdi
Enggårdsvej 68,4490 Jerslev Sjælland,1.330.000,01-06-2005,"
Alm. Salg",7.777,4,Villa,171,1974,,Aktuel værdi
Søndergade 37,4490 Jerslev Sjælland,1.200.000,23-05-2005,"
Alm. Salg",9.090,5,Villa,132,1972,,Aktuel værdi
Møllevej 24,4490 Jerslev Sjælland,795.000,17-05-2005,"
Alm. Salg",-,7,Villa,162,1900,,Aktuel værdi
Klovbyvej 17,4490 Jerslev Sjælland,1.675.000,16-05-2005,"
Alm. Salg",7.411,7,Stuehus,226,1919,,
Hovvej 20,4490 Jerslev Sjælland,1.175.000,02-05-2005,"
Alm. Salg",8.274,3,Villa,142,1948,,Aktuel værdi
Fugledevej 19,4490 Jerslev Sjælland,4.600.000,26-04-2005,"
Alm. Salg",17.968,6,Stuehus,256,1881,,
Yppenbjerg 16,4490 Jerslev Sjælland,180.000,20-04-2005,"
Alm. Salg",882,6,Stuehus,204,1900,,
Klovbygade 29,4490 Jerslev Sjælland,420.000,04-04-2005,"
Alm. Salg",1.354,9,Villa,310,1922,,Aktuel værdi
Lærkevej 1,4490 Jerslev Sjælland,770.000,21-03-2005,"
Alm. Salg",8.020,2,Villa,96,1960,,Aktuel værdi
Yppenbjerg 10,4490 Jerslev Sjælland,935.000,25-02-2005,"
Alm. Salg",13.357,2,Villa,70,1900,,Aktuel værdi
Dyssevej 12,4490 Jerslev Sjælland,2.000.000,21-02-2005,"
Alm. Salg",8.000,9,Stuehus,250,1900,,
Hovedgaden 84,4490 Jerslev Sjælland,890.000,15-02-2005,"
Alm. Salg",10.113,3,Villa,88,1950,,Aktuel værdi
Jorløse Byvej 51,4490 Jerslev Sjælland,1.995.000,08-02-2005,"
Alm. Salg",12.314,5,Stuehus,162,1920,,
Enggårdsvej 75,4490 Jerslev Sjælland,980.000,15-01-2005,"
Alm. Salg",7.716,4,Villa,127,1977,,Aktuel værdi
Hørkærhaven 48A,4490 Jerslev Sjælland,1.170.000,12-01-2005,"
Alm. Salg",12.061,4,Rækkehus,97,2003,,Aktuel værdi
Hovvej 14E,4490 Jerslev Sjælland,1.817.500,31-12-2004,"
Alm. Salg",7.867,7,Villa,231,1932,,Aktuel værdi
Klovbygade 31,4490 Jerslev Sjælland,840.000,23-12-2004,"
Alm. Salg",6.131,5,Villa,137,1926,,Aktuel værdi
Klovbygade 3,4490 Jerslev Sjælland,912.000,06-12-2004,"
Alm. Salg",8.603,4,Villa,106,1857,,Aktuel værdi
Hovedgaden 2A,4490 Jerslev Sjælland,70.000,04-12-2004,"
Andet",518,4,Villa,135,1953,,Aktuel værdi
Elmevej 6,4490 Jerslev Sjælland,575.000,01-12-2004,"
Alm. Salg",3.304,5,Villa,174,1972,,Aktuel værdi
Bymarken 46,4490 Jerslev Sjælland,1.150.000,30-11-2004,"
Alm. Salg",9.055,3,Villa,127,1979,,Aktuel værdi
Klovbygade 30,4490 Jerslev Sjælland,1.295.000,30-11-2004,"
Alm. Salg",6.225,7,Villa,208,1962,,Aktuel værdi
Søvang 32,4490 Jerslev Sjælland,1.150.000,25-11-2004,"
Fam. Salg",7.278,2,Stuehus,158,1999,,
Dyssevej 7,4490 Jerslev Sjælland,1.385.000,22-11-2004,"
Alm. Salg",8.147,5,Stuehus,170,1845,,
Forsingevej 6,4490 Jerslev Sjælland,1.200.000,18-11-2004,"
Fam. Salg",5.714,5,Stuehus,210,1810,,
Hørkærhaven 9B,4490 Jerslev Sjælland,675.000,17-11-2004,"
Alm. Salg",9.926,2,Rækkehus,68,1987,,Aktuel værdi
Lindsvej 11,4490 Jerslev Sjælland,1.075.000,29-10-2004,"
Alm. Salg",11.944,3,Rækkehus,90,2004,,Aktuel værdi
Hovedgaden 26,4490 Jerslev Sjælland,655.000,27-10-2004,"
Alm. Salg",7.197,2,Villa,91,1900,,Aktuel værdi
Fugledevej 14,4490 Jerslev Sjælland,378.000,14-10-2004,"
Alm. Salg",2.885,4,Villa,131,1909,,Aktuel værdi
Klovbygade 42,4490 Jerslev Sjælland,210.000,11-10-2004,"
Alm. Salg",2.100,6,Villa,100,1912,,Aktuel værdi
Fugledevej 3,4490 Jerslev Sjælland,725.000,08-10-2004,"
Alm. Salg",4.531,5,Villa,160,1930,,Aktuel værdi
Søndergade 63,4490 Jerslev Sjælland,1.182.916,08-10-2004,"
Alm. Salg",8.449,4,Villa,140,1973,,Aktuel værdi
Yppenbjerg 7,4490 Jerslev Sjælland,1.550.000,08-10-2004,"
Alm. Salg",7.416,6,Villa,209,1897,,Aktuel værdi
Nordkrogvej 20,4490 Jerslev Sjælland,1.070.000,30-09-2004,"
Alm. Salg",6.645,6,Villa,161,1912,,Aktuel værdi
Forsingevej 8,4490 Jerslev Sjælland,2.823.820,27-09-2004,"
Fam. Salg",11.205,8,Stuehus,252,1881,,
Bøgevej 2,4490 Jerslev Sjælland,1.125.000,24-09-2004,"
Alm. Salg",7.550,3,Villa,149,1973,,Aktuel værdi
Elmevej 2,4490 Jerslev Sjælland,1.175.000,22-09-2004,"
Alm. Salg",7.121,6,Villa,165,1970,,Aktuel værdi
Lindsvej 9,4490 Jerslev Sjælland,1.095.000,08-09-2004,"
Alm. Salg",12.166,3,Rækkehus,90,2004,,Aktuel værdi
Kelleklintevej 35,4490 Jerslev Sjælland,395.000,09-08-2004,"
Alm. Salg",-,5,Villa,140,1900,,Aktuel værdi
Tissøvej 37,4490 Jerslev Sjælland,1.035.920,01-07-2004,"
Fam. Salg",-,4,Villa,215,1898,,Aktuel værdi
Hovedgaden 82,4490 Jerslev Sjælland,975.000,02-06-2004,"
Alm. Salg",8.863,6,Villa,110,1946,,Aktuel værdi
Søndergade 32,4490 Jerslev Sjælland,1.125.000,28-05-2004,"
Alm. Salg",8.858,4,Villa,127,1971,,Aktuel værdi
Elmevej 1,4490 Jerslev Sjælland,925.000,28-05-2004,"
Alm. Salg",7.341,4,Villa,126,1972,,Aktuel værdi
Enggårdsvej 52,4490 Jerslev Sjælland,1.245.000,19-05-2004,"
Alm. Salg",6.073,6,Villa,205,1974,,Aktuel værdi
Kirkestien 1,4490 Jerslev Sjælland,348.000,21-04-2004,"
Alm. Salg",6.327,3,Villa,55,1877,,Aktuel værdi
Hovedgaden 61,4490 Jerslev Sjælland,950.000,16-04-2004,"
Alm. Salg",7.089,5,Villa,134,1951,,Aktuel værdi
Hovedgaden 63,4490 Jerslev Sjælland,950.000,26-03-2004,"
Alm. Salg",5.307,5,Villa,179,1948,,Aktuel værdi
Kelleklintevej 20,4490 Jerslev Sjælland,845.000,24-03-2004,"
Alm. Salg",5.868,5,Stuehus,144,1909,,
Birkevej 19,4490 Jerslev Sjælland,650.000,24-03-2004,"
Alm. Salg",4.814,3,Villa,135,1966,,Aktuel værdi
Hovedgaden 47,4490 Jerslev Sjælland,1.309.080,29-01-2004,"
Alm. Salg",7.232,7,Villa,181,1900,,Aktuel værdi
Nordkrogvej 10,4490 Jerslev Sjælland,843.000,22-01-2004,"
Alm. Salg",5.773,5,Villa,146,1922,,Aktuel værdi
Enggårdsvej 77,4490 Jerslev Sjælland,900.000,19-01-2004,"
Alm. Salg",8.035,4,Villa,112,1977,,Aktuel værdi
Kelleklintevej 55,4490 Jerslev Sjælland,52.000,08-12-2003,"
Alm. Salg",412,4,Villa,126,2004,,Aktuel værdi
Søndergade 65,4490 Jerslev Sjælland,1.595.000,26-11-2003,"
Alm. Salg",6.182,6,Villa,258,1975,,Aktuel værdi
Klovbygade 13,4490 Jerslev Sjælland,450.000,07-11-2003,"
Alm. Salg",6.923,2,Villa,65,1877,,Aktuel værdi
Enggårdsvej 29,4490 Jerslev Sjælland,1.085.000,03-11-2003,"
Alm. Salg",7.695,4,Villa,141,1977,,Aktuel værdi
Skrænten 10,4490 Jerslev Sjælland,714.700,28-10-2003,"
Alm. Salg",6.381,5,Villa,112,1936,,Aktuel værdi
Enggårdsvej 32,4490 Jerslev Sjælland,537.651,26-10-2003,"
Andet",3.089,5,Villa,174,1974,,Aktuel værdi
Græshaven 9,4490 Jerslev Sjælland,1.300.920,22-10-2003,"
Alm. Salg",7.697,4,Villa,169,1975,,Aktuel værdi
Klovbygade 6,4490 Jerslev Sjælland,1.850.000,15-10-2003,"
Alm. Salg",4.129,11,Stuehus,448,1880,,
Klovbygade 16,4490 Jerslev Sjælland,565.000,03-10-2003,"
Alm. Salg",5.765,3,Villa,98,1962,,Aktuel værdi
Søndergade 38,4490 Jerslev Sjælland,1.059.149,27-08-2003,"
Fam. Salg",7.156,4,Villa,148,1969,,Aktuel værdi
Møllevej 6,4490 Jerslev Sjælland,675.000,22-08-2003,"
Alm. Salg",8.231,4,Villa,82,1882,,Aktuel værdi
Søndergade 10,4490 Jerslev Sjælland,900.000,13-07-2003,"
Andet",8.737,3,Villa,103,1969,,Aktuel værdi
Skolevej 11,4490 Jerslev Sjælland,750.000,01-07-2003,"
Alm. Salg",6.000,5,Villa,125,1954,,Aktuel værdi
Kelleklintevej 61,4490 Jerslev Sjælland,470.000,27-06-2003,"
Fam. Salg",2.098,6,Villa,224,1957,,Aktuel værdi
Rugtvedvej 23,4490 Jerslev Sjælland,1.450.000,18-06-2003,"
Alm. Salg",7.286,6,Villa,199,1900,,Aktuel værdi
Enggårdsvej 64,4490 Jerslev Sjælland,895.000,08-06-2003,"
Alm. Salg",8.136,4,Villa,110,1973,,Aktuel værdi
Klovbyvej 13,4490 Jerslev Sjælland,289.430,06-06-2003,"
Alm. Salg",-,7,Villa,286,1904,,Aktuel værdi
Hovedgaden 78,4490 Jerslev Sjælland,650.000,04-06-2003,"
Alm. Salg",6.632,4,Villa,98,1947,,Aktuel værdi
Torvet 1,4490 Jerslev Sjælland,820.000,03-06-2003,"
Alm. Salg",4.880,4,Villa,168,1900,,Aktuel værdi
Bymarken 66,4490 Jerslev Sjælland,995.000,22-05-2003,"
Alm. Salg",7.262,4,Villa,137,1978,,Aktuel værdi
Klovbygade 34,4490 Jerslev Sjælland,625.000,22-05-2003,"
Alm. Salg",7.352,3,Villa,85,1877,,Aktuel værdi
Søndergade 22,4490 Jerslev Sjælland,794.021,21-05-2003,"
Alm. Salg",6.616,4,Villa,120,1968,,Aktuel værdi
Bymarken 33,4490 Jerslev Sjælland,1.030.000,10-05-2003,"
Alm. Salg",8.373,4,Villa,123,1981,,Aktuel værdi
Klovbygade 46,4490 Jerslev Sjælland,490.000,30-04-2003,"
Alm. Salg",-,4,Villa,104,1900,,Aktuel værdi
Møllevej 8,4490 Jerslev Sjælland,725.000,16-04-2003,"
Alm. Salg",7.178,4,Villa,101,1880,,Aktuel værdi
Hovedgaden 55,4490 Jerslev Sjælland,465.000,10-04-2003,"
Auktion",3.576,3,Villa,130,1930,,Aktuel værdi
Kelleklintevej 5,4490 Jerslev Sjælland,765.000,24-03-2003,"
Alm. Salg",5.066,4,Villa,151,1946,,Aktuel værdi
Krogen 9,4490 Jerslev Sjælland,1.195.000,19-03-2003,"
Alm. Salg",-,7,Villa,164,1977,,Aktuel værdi
Hørkærhaven 44A,4490 Jerslev Sjælland,750.000,14-03-2003,"
Alm. Salg",9.036,3,Rækkehus,83,1987,,Aktuel værdi
Bymarken 72,4490 Jerslev Sjælland,1.095.000,10-03-2003,"
Alm. Salg",7.821,5,Villa,140,1978,,Aktuel værdi
Enggårdsvej 27,4490 Jerslev Sjælland,1.050.000,06-02-2003,"
Alm. Salg",9.375,4,Villa,112,1977,,Aktuel værdi
Nordkrogvej 18,4490 Jerslev Sjælland,292.844,16-01-2003,"
Fam. Salg",2.988,4,Stuehus,98,1912,,
Bymarken 50,4490 Jerslev Sjælland,995.000,10-12-2002,"
Alm. Salg",8.883,4,Villa,112,1981,,Aktuel værdi
Kelleklintevej 23,4490 Jerslev Sjælland,600.000,06-12-2002,"
Alm. Salg",3.821,5,Villa,157,1927,,Aktuel værdi
Bymarken 56,4490 Jerslev Sjælland,999.999,11-11-2002,"
Alm. Salg",4.999,6,Villa,200,1977,,Aktuel værdi
Nordkrogvej 19,4490 Jerslev Sjælland,1.248.477,06-11-2002,"
Alm. Salg",5.973,5,Villa,209,1927,,Aktuel værdi
Kæret 7,4490 Jerslev Sjælland,395.000,23-10-2002,"
Alm. Salg",5.724,3,Villa,69,1877,,Aktuel værdi
Hovvej 18,4490 Jerslev Sjælland,1.150.000,18-10-2002,"
Alm. Salg",7.666,6,Villa,150,1936,,Aktuel værdi
Spurvevej 2,4490 Jerslev Sjælland,795.000,16-10-2002,"
Alm. Salg",7.871,4,Villa,101,1968,,Aktuel værdi
Vesterbygårdvej 5,4490 Jerslev Sjælland,1.475.000,11-10-2002,"
Alm. Salg",6.674,5,Villa,221,1923,,Aktuel værdi
Enggårdsvej 45,4490 Jerslev Sjælland,1.050.000,10-10-2002,"
Alm. Salg",6.953,3,Villa,151,1976,,Aktuel værdi
Hørkærhaven 50,4490 Jerslev Sjælland,1.435.000,03-10-2002,"
Alm. Salg",9.318,3,Villa,154,2003,,Aktuel værdi
Hovvej 19,4490 Jerslev Sjælland,1.150.000,01-10-2002,"
Alm. Salg",6.084,6,Villa,189,1954,,Aktuel værdi
Esbern Snaresvej 6,4490 Jerslev Sjælland,1.375.000,01-10-2002,"
Alm. Salg",10.261,4,Villa,134,1913,,Aktuel værdi
Yppenbjerg 17,4490 Jerslev Sjælland,1.131.315,17-09-2002,"
Alm. Salg",7.696,4,Stuehus,147,1904,,
Hovedgaden 31,4490 Jerslev Sjælland,525.000,13-09-2002,"
Alm. Salg",5.833,4,Villa,90,1900,,Aktuel værdi
Vænget 2,4490 Jerslev Sjælland,1.095.000,11-09-2002,"
Alm. Salg",9.279,4,Villa,118,1979,,Aktuel værdi
Hørkærhaven 36B,4490 Jerslev Sjælland,725.394,08-09-2002,"
Alm. Salg",8.739,3,Rækkehus,83,1986,,Aktuel værdi
Sæbyvej 62,4490 Jerslev Sjælland,1.065.158,28-08-2002,"
Alm. Salg",9.182,3,Villa,116,1944,,Aktuel værdi
Nordkrogvej 5,4490 Jerslev Sjælland,640.437,27-08-2002,"
Alm. Salg",5.929,5,Villa,108,1924,,Aktuel værdi
Jorløse Byvej 57,4490 Jerslev Sjælland,1.075.000,14-08-2002,"
Alm. Salg",8.600,5,Villa,125,1966,,Aktuel værdi
Bygaden 38,4490 Jerslev Sjælland,1.230.000,18-07-2002,"
Alm. Salg",8.200,5,Villa,150,1928,,Aktuel værdi
Skolevej 6,4490 Jerslev Sjælland,1.042.000,11-07-2002,"
Alm. Salg",6.432,5,Villa,162,1965,,Aktuel værdi
Hovedgaden 52,4490 Jerslev Sjælland,957.790,20-06-2002,"
Alm. Salg",7.424,7,Villa,129,1925,,Aktuel værdi
Gartnervænget 7,4490 Jerslev Sjælland,695.000,14-06-2002,"
Alm. Salg",8.176,3,Rækkehus,85,1978,,Aktuel værdi
Søvang 21,4490 Jerslev Sjælland,500.000,12-06-2002,"
Alm. Salg",5.434,5,Villa,92,1827,,Aktuel værdi
Hallebyorevej 2,4490 Jerslev Sjælland,1.290.000,10-06-2002,"
Alm. Salg",-,9,Villa,210,1916,,Aktuel værdi
Vænget 1,4490 Jerslev Sjælland,300.000,28-04-2002,"
Alm. Salg",2.307,3,Villa,130,1970,,Aktuel værdi
Elmevej 5,4490 Jerslev Sjælland,845.607,23-04-2002,"
Alm. Salg",6.040,4,Villa,140,1969,,Aktuel værdi
Hørkærhaven 40A,4490 Jerslev Sjælland,830.000,20-04-2002,"
Alm. Salg",8.058,4,Rækkehus,103,1988,,Aktuel værdi
Enggårdsvej 36,4490 Jerslev Sjælland,1.050.000,19-04-2002,"
Alm. Salg",8.076,4,Villa,130,1973,,Aktuel værdi
Græshaven 17,4490 Jerslev Sjælland,1.003.000,25-03-2002,"
Alm. Salg",6.917,5,Villa,145,1973,,Aktuel værdi
Søndergade 31,4490 Jerslev Sjælland,1.046.111,01-02-2002,"
Alm. Salg",7.748,3,Villa,135,1972,,Aktuel værdi
Søndergade 74A,4490 Jerslev Sjælland,1.550.000,14-01-2002,"
Alm. Salg",8.857,5,Villa,175,1969,,Aktuel værdi
Rugtvedvej 34,4490 Jerslev Sjælland,272.575,07-01-2002,"
Alm. Salg",-,7,Villa,216,1944,,Aktuel værdi
Kæret 8,4490 Jerslev Sjælland,350.000,21-11-2001,"
Alm. Salg",5.384,2,Villa,65,1900,,Aktuel værdi
Hovedgaden 1,4490 Jerslev Sjælland,1.525.986,15-11-2001,"
Alm. Salg",-,8,Villa,215,1897,,Aktuel værdi
Nordkrogvej 24,4490 Jerslev Sjælland,1.151.000,03-11-2001,"
Alm. Salg",9.922,4,Villa,116,1900,,Aktuel værdi
Tissøvej 29,4490 Jerslev Sjælland,1.218.868,30-10-2001,"
Alm. Salg",11.080,3,Stuehus,110,1877,,
Kæret 12,4490 Jerslev Sjælland,182.166,16-09-2001,"
Fam. Salg",1.052,4,Villa,173,1907,,Aktuel værdi
Kelleklintevej 18,4490 Jerslev Sjælland,765.420,11-09-2001,"
Alm. Salg",2.333,11,Stuehus,328,1928,,
Rugtvedvej 21,4490 Jerslev Sjælland,56.498,11-09-2001,"
Alm. Salg",564,3,Stuehus,100,1900,,
Enggårdsvej 83,4490 Jerslev Sjælland,1.210.000,10-09-2001,"
Alm. Salg",8.705,5,Villa,139,1980,,Aktuel værdi
Krogen 5B,4490 Jerslev Sjælland,882.078,05-09-2001,"
Alm. Salg",7.350,4,Villa,120,1970,,Aktuel værdi
Hovedgaden 35,4490 Jerslev Sjælland,936.952,29-08-2001,"
Alm. Salg",4.398,6,Villa,213,1900,,Aktuel værdi
Klovbyvej 16,4490 Jerslev Sjælland,600.000,16-08-2001,"
Fam. Salg",6.818,3,Stuehus,88,1897,,
Hørkærhaven 28,4490 Jerslev Sjælland,54.912,07-08-2001,"
Alm. Salg",419,5,Villa,131,2003,,Aktuel værdi
Skolevej 15,4490 Jerslev Sjælland,1.000.500,21-07-2001,"
Alm. Salg",-,7,Stuehus,207,1887,,
Bygaden 66,4490 Jerslev Sjælland,893.315,08-07-2001,"
Alm. Salg",6.871,5,Villa,130,1869,,Aktuel værdi
Bygaden 22,4490 Jerslev Sjælland,575.000,02-07-2001,"
Fam. Salg",2.385,7,Villa,241,1911,,Aktuel værdi
Hovedgaden 57,4490 Jerslev Sjælland,474.998,25-06-2001,"
Andet",2.729,7,Villa,174,1906,,Aktuel værdi
Bymarken 18,4490 Jerslev Sjælland,985.466,10-05-2001,"
Alm. Salg",7.465,5,Villa,132,1978,,Aktuel værdi
Bymarken 60,4490 Jerslev Sjælland,907.472,03-05-2001,"
Alm. Salg",7.960,4,Villa,114,1987,,Aktuel værdi
Kelleklintevej 17,4490 Jerslev Sjælland,797.963,05-04-2001,"
Alm. Salg",9.387,3,Stuehus,85,1900,,
Vesterbygårdvej 3,4490 Jerslev Sjælland,1.400.000,04-04-2001,"
Alm. Salg",-,5,Stuehus,163,1885,,
Hovedgaden 24,4490 Jerslev Sjælland,1.149.999,31-03-2001,"
Alm. Salg",-,10,Villa,344,1923,,Aktuel værdi
Pilevej 29,4490 Jerslev Sjælland,654.027,30-03-2001,"
Alm. Salg",6.957,4,Villa,94,1970,,Aktuel værdi
Bymarken 13,4490 Jerslev Sjælland,1.151.000,21-03-2001,"
Alm. Salg",7.572,5,Villa,152,1980,,Aktuel værdi
Rugtvedvej 27,4490 Jerslev Sjælland,1.310.146,27-02-2001,"
Alm. Salg",7.486,7,Stuehus,175,1915,,
Pilevej 1,4490 Jerslev Sjælland,820.000,18-01-2001,"
Alm. Salg",6.307,5,Villa,130,1963,,Aktuel værdi
Bymarken 5,4490 Jerslev Sjælland,850.000,03-01-2001,"
Alm. Salg",4.250,8,Villa,200,1982,,Aktuel værdi
Bymarken 8,4490 Jerslev Sjælland,798.000,29-11-2000,"
Alm. Salg",5.824,4,Villa,137,1979,,Aktuel værdi
Græshaven 16,4490 Jerslev Sjælland,1.000.000,21-11-2000,"
Alm. Salg",7.299,4,Villa,137,1975,,Aktuel værdi
Pilevej 4,4490 Jerslev Sjælland,926.713,27-10-2000,"
Alm. Salg",7.128,6,Villa,130,1967,,Aktuel værdi
Bøgevej 5,4490 Jerslev Sjælland,980.000,26-09-2000,"
Alm. Salg",-,5,Villa,176,1971,,Aktuel værdi
Søndergade 58,4490 Jerslev Sjælland,979.270,31-08-2000,"
Alm. Salg",8.515,5,Villa,115,1976,,Aktuel værdi
Rugtvedvej 31,4490 Jerslev Sjælland,327.310,31-08-2000,"
Alm. Salg",-,4,Villa,148,1935,,Aktuel værdi
Søvejen 35,4490 Jerslev Sjælland,1.160.000,28-08-2000,"
Fam. Salg",6.904,7,Villa,168,1957,,Aktuel værdi
Hovedgaden 12,4490 Jerslev Sjælland,597.420,19-08-2000,"
Alm. Salg",3.982,8,Villa,150,1900,,Aktuel værdi
Hovedgaden 64,4490 Jerslev Sjælland,1.150.000,13-08-2000,"
Andet",10.087,4,Villa,114,1903,,Aktuel værdi
Hovvej 17,4490 Jerslev Sjælland,694.231,07-08-2000,"
Alm. Salg",3.922,7,Villa,177,1933,,Aktuel værdi
Kelleklintevej 25,4490 Jerslev Sjælland,215.712,31-07-2000,"
Alm. Salg",3.595,2,Villa,60,1863,,Aktuel værdi
Enggårdsvej 49,4490 Jerslev Sjælland,893.440,26-07-2000,"
Alm. Salg",6.618,5,Villa,135,1977,,Aktuel værdi
Yppenbjerg 14,4490 Jerslev Sjælland,1.217.000,10-07-2000,"
Alm. Salg",6.439,7,Stuehus,189,1840,,
Bymarken 10,4490 Jerslev Sjælland,775.269,21-06-2000,"
Alm. Salg",4.875,6,Villa,159,1979,,Aktuel værdi
Enggårdsvej 89,4490 Jerslev Sjælland,920.000,14-05-2000,"
Alm. Salg",6.715,4,Villa,137,1977,,Aktuel værdi
Søndergade 3,4490 Jerslev Sjælland,730.000,13-05-2000,"
Alm. Salg",5.748,5,Villa,127,1971,,Aktuel værdi
Bygaden 50,4490 Jerslev Sjælland,525.000,08-04-2000,"
Fam. Salg",4.487,5,Villa,117,1959,,Aktuel værdi
Hørkærhaven 13B,4490 Jerslev Sjælland,625.000,21-03-2000,"
Alm. Salg",6.944,3,Villa,90,1987,,Aktuel værdi
Dyssevej 6,4490 Jerslev Sjælland,435.000,20-03-2000,"
Auktion",3.425,2,Stuehus,127,1904,,
Søvejen 3,4490 Jerslev Sjælland,779.050,15-03-2000,"
Alm. Salg",5.770,5,Villa,135,1902,,Aktuel værdi
Enggårdsvej 39,4490 Jerslev Sjælland,676.000,22-02-2000,"
Alm. Salg",5.827,4,Villa,116,1977,,Aktuel værdi
Enggårdsvej 14,4490 Jerslev Sjælland,815.000,08-02-2000,"
Alm. Salg",6.174,4,Villa,132,1973,,Aktuel værdi
Søndergade 43,4490 Jerslev Sjælland,947.344,21-12-1999,"
Alm. Salg",7.122,5,Villa,133,1973,,Aktuel værdi
Hovedgaden 49,4490 Jerslev Sjælland,355.000,08-12-1999,"
Alm. Salg",3.287,4,Villa,108,1880,,Aktuel værdi
Skrænten 5,4490 Jerslev Sjælland,275.000,25-09-1999,"
Alm. Salg",-,5,Villa,122,1827,,Aktuel værdi
Hovedgaden 70,4490 Jerslev Sjælland,613.623,22-09-1999,"
Alm. Salg",4.351,5,Villa,141,1950,,Aktuel værdi
Bymarken 22,4490 Jerslev Sjælland,861.824,13-09-1999,"
Alm. Salg",7.559,4,Villa,114,1987,,Aktuel værdi
Søvang 10,4490 Jerslev Sjælland,2.033.000,09-09-1999,"
Alm. Salg",12.706,4,Stuehus,160,1931,,
Søvang 15,4490 Jerslev Sjælland,514.580,12-07-1999,"
Alm. Salg",3.756,6,Villa,137,1902,,Aktuel værdi
Søvang 19,4490 Jerslev Sjælland,198.000,08-07-1999,"
Alm. Salg",1.010,4,Stuehus,196,1830,,
Fugledevej 18,4490 Jerslev Sjælland,1.147.920,04-07-1999,"
Alm. Salg",6.957,5,Stuehus,165,1890,,
Søndergade 75,4490 Jerslev Sjælland,920.000,21-06-1999,"
Alm. Salg",5.287,7,Villa,174,1978,,Aktuel værdi
Bymarken 25,4490 Jerslev Sjælland,338.483,31-05-1999,"
Fam. Salg",2.039,5,Villa,166,1979,,Aktuel værdi
Møllevej 7,4490 Jerslev Sjælland,568.935,15-05-1999,"
Alm. Salg",5.418,4,Villa,105,1963,,Aktuel værdi
Bygaden 48,4490 Jerslev Sjælland,326.792,03-05-1999,"
Alm. Salg",4.538,2,Villa,72,1950,,Aktuel værdi
Rugtvedvej 36,4490 Jerslev Sjælland,340.000,03-05-1999,"
Alm. Salg",-,4,Villa,205,1911,,Aktuel værdi
Hovedgaden 71,4490 Jerslev Sjælland,850.000,23-04-1999,"
Alm. Salg",7.203,9,Servicevirksomhed,118,1850,,Aktuel værdi
Hovvej 33,4490 Jerslev Sjælland,293.621,13-04-1999,"
Alm. Salg",2.348,4,Villa,125,1964,,Aktuel værdi
Lindsvej 8,4490 Jerslev Sjælland,616.161,18-02-1999,"
Alm. Salg",4.929,5,Villa,125,1907,,Aktuel værdi
Hørkærhaven 26,4490 Jerslev Sjælland,89.496,09-02-1999,"
Alm. Salg",688,4,Villa,130,1999,,Aktuel værdi
Dyssevej 18,4490 Jerslev Sjælland,800.000,05-02-1999,"
Fam. Salg",3.448,5,Stuehus,232,2003,,
Jorløse Byvej 53,4490 Jerslev Sjælland,670.000,26-11-1998,"
Alm. Salg",-,7,Villa,232,1931,,Aktuel værdi
Enggårdsvej 44,4490 Jerslev Sjælland,590.000,26-11-1998,"
Alm. Salg",4.916,4,Villa,120,1973,,Aktuel værdi
Hørkærhaven 16,4490 Jerslev Sjælland,67.358,12-10-1998,"
Alm. Salg",461,5,Villa,146,1999,,Aktuel værdi
Enggårdsvej 54,4490 Jerslev Sjælland,948.509,30-09-1998,"
Alm. Salg",6.199,6,Villa,153,1975,,Aktuel værdi
Skolevej 17,4490 Jerslev Sjælland,917.240,16-09-1998,"
Alm. Salg",7.397,5,Villa,124,1930,,Aktuel værdi
Katholm 3,4490 Jerslev Sjælland,854.000,20-08-1998,"
Alm. Salg",4.880,5,Villa,175,1877,,Aktuel værdi
Krogen 5A,4490 Jerslev Sjælland,578.000,04-08-1998,"
Alm. Salg",3.567,5,Villa,162,1897,,Aktuel værdi
Dyssevej 24,4490 Jerslev Sjælland,1.512.080,24-07-1998,"
Alm. Salg",-,5,Stuehus,329,1948,,
Smediestræde 5,4490 Jerslev Sjælland,350.000,22-06-1998,"
Alm. Salg",3.500,3,Villa,100,1877,,Aktuel værdi
Lærkevej 2,4490 Jerslev Sjælland,649.000,16-06-1998,"
Alm. Salg",5.900,3,Villa,110,1979,,Aktuel værdi
Nordkrogvej 12,4490 Jerslev Sjælland,512.000,20-05-1998,"
Alm. Salg",3.849,4,Villa,133,1928,,Aktuel værdi
Dyssevej 22,4490 Jerslev Sjælland,1.452.960,13-05-1998,"
Alm. Salg",6.372,6,Stuehus,228,1980,,
Værslevvej 6,4490 Jerslev Sjælland,425.000,09-05-1998,"
Alm. Salg",9.444,2,Stuehus,45,1907,,
Værslevvej 4,4490 Jerslev Sjælland,1.419.624,01-05-1998,"
Alm. Salg",8.205,5,Stuehus,173,1903,,
Pilevej 16,4490 Jerslev Sjælland,780.900,01-05-1998,"
Alm. Salg",4.067,6,Villa,192,1969,,Aktuel værdi
"Bygaden 26, ST",4490 Jerslev Sjælland,586.000,11-04-1998,"
Alm. Salg",2.253,12,Villa,260,1902,,Aktuel værdi
Hørkærhaven 42B,4490 Jerslev Sjælland,30.000,07-04-1998,"
Alm. Salg",277,4,Rækkehus,108,1987,,Aktuel værdi
Skrænten 2B,4490 Jerslev Sjælland,502.000,02-04-1998,"
Alm. Salg",5.020,3,Villa,100,1932,,Aktuel værdi
Bymarken 34,4490 Jerslev Sjælland,738.880,30-03-1998,"
Alm. Salg",6.369,4,Villa,116,1979,,Aktuel værdi
Hørkærhaven 32B,4490 Jerslev Sjælland,464.560,12-02-1998,"
Alm. Salg",5.597,3,Rækkehus,83,1986,,Aktuel værdi
Hørkærhaven 34B,4490 Jerslev Sjælland,440.000,22-12-1997,"
Alm. Salg",5.301,3,Rækkehus,83,1985,,Aktuel værdi
Hørkærhaven 15,4490 Jerslev Sjælland,40.000,10-12-1997,"
Alm. Salg",336,3,Villa,119,1999,,Aktuel værdi
Hørkærhaven 44B,4490 Jerslev Sjælland,500.000,07-11-1997,"
Alm. Salg",6.024,4,Rækkehus,83,1987,,Aktuel værdi
Bymarken 70,4490 Jerslev Sjælland,606.000,31-10-1997,"
Alm. Salg",-,4,Villa,121,1978,,Aktuel værdi
Hørkærhaven 60,4490 Jerslev Sjælland,21.838,01-10-1997,"
Alm. Salg",148,6,Villa,147,1998,,Aktuel værdi
Hørkærhaven 38B,4490 Jerslev Sjælland,437.000,11-09-1997,"
Alm. Salg",5.265,3,Rækkehus,83,1986,,Aktuel værdi
Hovvej 22,4490 Jerslev Sjælland,900.000,25-08-1997,"
Alm. Salg",4.368,6,Villa,206,1962,,Aktuel værdi
Markmosen 5,4490 Jerslev Sjælland,615.000,04-08-1997,"
Alm. Salg",4.920,5,Stuehus,125,1948,,
Hovvej 28,4490 Jerslev Sjælland,1.067.000,18-07-1997,"
Andet",5.615,8,Stuehus,190,1927,,
Hørkærhaven 20A,4490 Jerslev Sjælland,454.083,13-07-1997,"
Alm. Salg",5.470,3,Rækkehus,83,1987,,Aktuel værdi
Hovedgaden 2B,4490 Jerslev Sjælland,800.000,08-07-1997,"
Alm. Salg",3.404,7,Villa,235,1966,,Aktuel værdi
Søndergade 48,4490 Jerslev Sjælland,690.000,01-07-1997,"
Alm. Salg",4.312,5,Villa,160,1971,,Aktuel værdi
Enggårdsvej 9,4490 Jerslev Sjælland,637.000,12-06-1997,"
Alm. Salg",5.539,3,Villa,115,1976,,Aktuel værdi
Bymarken 48,4490 Jerslev Sjælland,915.000,04-06-1997,"
Alm. Salg",5.350,6,Villa,171,1979,,Aktuel værdi
Hovedgaden 56,4490 Jerslev Sjælland,523.150,31-05-1997,"
Alm. Salg",2.615,6,Villa,200,1877,,Aktuel værdi
Hørkærhaven 46A,4490 Jerslev Sjælland,401.000,25-05-1997,"
Fam. Salg",4.831,3,Rækkehus,83,1986,,Aktuel værdi
Markmosen 2,4490 Jerslev Sjælland,204.092,14-05-1997,"
Alm. Salg",-,6,Villa,189,1912,,Aktuel værdi
Klovbygade 11,4490 Jerslev Sjælland,516.520,05-05-1997,"
Alm. Salg",3.715,6,Villa,139,1971,,Aktuel værdi
Forsingevej 3,4490 Jerslev Sjælland,3.758.625,28-04-1997,"
Alm. Salg",23.491,6,Stuehus,160,1890,,
Bygaden 2A,4490 Jerslev Sjælland,350.000,03-04-1997,"
Alm. Salg",2.692,6,Stuehus,130,1920,,
Rugtvedvej 41,4490 Jerslev Sjælland,420.000,17-03-1997,"
Alm. Salg",2.957,4,Villa,142,1920,,Aktuel værdi
Krogen 7,4490 Jerslev Sjælland,335.000,14-03-1997,"
Alm. Salg",-,6,Villa,217,1877,,Aktuel værdi
Bredsten 4,4490 Jerslev Sjælland,307.074,09-02-1997,"
Alm. Salg",1.650,5,Villa,186,1982,,Aktuel værdi
Rugtvedvej 28,4490 Jerslev Sjælland,375.000,31-01-1997,"
Alm. Salg",3.205,3,Villa,117,1860,,Aktuel værdi
Hørkærhaven 20B,4490 Jerslev Sjælland,419.680,30-01-1997,"
Alm. Salg",5.056,3,Rækkehus,83,1987,,Aktuel værdi
Hovedgaden 33,4490 Jerslev Sjælland,580.000,29-01-1997,"
Alm. Salg",4.328,6,Villa,134,1917,,Aktuel værdi
Hovvej 23,4490 Jerslev Sjælland,495.000,09-12-1996,"
Alm. Salg",4.304,3,Villa,115,1949,,Aktuel værdi
Klovbyvej 5,4490 Jerslev Sjælland,114.674,06-12-1996,"
Alm. Salg",1.135,1,Villa,101,1933,,Aktuel værdi
Enggårdsvej 34,4490 Jerslev Sjælland,540.000,22-11-1996,"
Alm. Salg",4.354,4,Villa,124,1973,,Aktuel værdi
Saltoftevej 2,4490 Jerslev Sjælland,337.500,21-11-1996,"
Alm. Salg",1.687,8,Stuehus,200,1867,,
Bygaden 36,4490 Jerslev Sjælland,571.173,01-11-1996,"
Alm. Salg",3.833,5,Villa,149,1914,,Aktuel værdi
Enggårdsvej 11,4490 Jerslev Sjælland,685.000,12-10-1996,"
Alm. Salg",4.628,5,Villa,148,1975,,Aktuel værdi
Bygaden 32,4490 Jerslev Sjælland,455.354,07-10-1996,"
Alm. Salg",3.229,6,Villa,141,1900,,Aktuel værdi
Møllevej 12,4490 Jerslev Sjælland,365.000,23-09-1996,"
Alm. Salg",-,5,Villa,151,1965,,Aktuel værdi
Bygaden 40,4490 Jerslev Sjælland,430.000,13-09-1996,"
Alm. Salg",3.583,5,Villa,120,1939,,Aktuel værdi
Hovedgaden 41,4490 Jerslev Sjælland,345.000,17-08-1996,"
Alm. Salg",2.674,3,Villa,129,1900,,Aktuel værdi
Værslevvej 11,4490 Jerslev Sjælland,600.000,15-08-1996,"
Alm. Salg",8.450,3,Stuehus,71,1908,,
Hallebyorevej 1,4490 Jerslev Sjælland,176.221,12-08-1996,"
Alm. Salg",1.559,3,Villa,113,1997,,Aktuel værdi
Skolevej 8,4490 Jerslev Sjælland,275.000,29-07-1996,"
Alm. Salg",3.313,2,Villa,83,1955,,Aktuel værdi
Klovbygade 18,4490 Jerslev Sjælland,465.000,01-07-1996,"
Alm. Salg",3.100,7,Stuehus,150,1919,,
Søvejen 9,4490 Jerslev Sjælland,282.000,01-07-1996,"
Alm. Salg",1.410,7,Stuehus,200,1925,,
Møllevej 11,4490 Jerslev Sjælland,765.000,07-05-1996,"
Fam. Salg",3.768,6,Stuehus,203,1827,,
Pilevej 25,4490 Jerslev Sjælland,550.000,07-05-1996,"
Fam. Salg",5.188,3,Villa,106,1967,,Aktuel værdi
Lærkevej 6,4490 Jerslev Sjælland,180.000,16-04-1996,"
Fam. Salg",1.782,5,Villa,101,1961,,Aktuel værdi
Hovvej 15,4490 Jerslev Sjælland,669.000,21-03-1996,"
Alm. Salg",-,4,Villa,141,1932,,Aktuel værdi
Bøgevej 7,4490 Jerslev Sjælland,543.000,20-03-1996,"
Alm. Salg",-,4,Villa,148,1971,,Aktuel værdi
Hovedgaden 23,4490 Jerslev Sjælland,475.000,09-03-1996,"
Alm. Salg",3.275,4,Villa,145,1917,,Aktuel værdi
Hovvej 37B,4490 Jerslev Sjælland,645.000,05-03-1996,"
Alm. Salg",3.486,7,Stuehus,185,1902,,
Esbern Snaresvej 4,4490 Jerslev Sjælland,516.000,19-02-1996,"
Alm. Salg",3.225,4,Villa,160,1932,,Aktuel værdi
Yppenbjerg 22,4490 Jerslev Sjælland,470.000,29-12-1995,"
Alm. Salg",-,7,Villa,163,1962,,Aktuel værdi
Nordkrogvej 31,4490 Jerslev Sjælland,450.000,16-12-1995,"
Fam. Salg",1.973,9,Stuehus,228,2006,,
Yppenbjerg 2,4490 Jerslev Sjælland,706.000,24-11-1995,"
Alm. Salg",4.128,6,Villa,171,1900,,Aktuel værdi
Bymarken 28,4490 Jerslev Sjælland,660.000,04-11-1995,"
Alm. Salg",5.238,4,Villa,126,1980,,Aktuel værdi
Søvang 24,4490 Jerslev Sjælland,1.205.000,25-10-1995,"
Alm. Salg",6.116,6,Villa,197,1979,,Aktuel værdi
Birkevej 3,4490 Jerslev Sjælland,350.000,17-10-1995,"
Fam. Salg",3.763,3,Villa,93,1963,,Aktuel værdi
Hovvej 39,4490 Jerslev Sjælland,597.190,09-10-1995,"
Alm. Salg",8.654,4,Villa,69,1946,,Aktuel værdi
Pilevej 27,4490 Jerslev Sjælland,700.000,17-07-1995,"
Alm. Salg",4.022,6,Villa,174,1969,,Aktuel værdi
Søndergade 73,4490 Jerslev Sjælland,562.960,13-07-1995,"
Alm. Salg",4.109,5,Villa,137,1972,,Aktuel værdi
Søndergade 42,4490 Jerslev Sjælland,380.000,06-07-1995,"
Alm. Salg",3.518,4,Villa,108,1970,,Aktuel værdi
Nordkrogvej 21,4490 Jerslev Sjælland,10.000,06-07-1995,"
Auktion",86,5,Villa,115,1924,,Aktuel værdi
Bymarken 27,4490 Jerslev Sjælland,528.729,12-06-1995,"
Alm. Salg",4.558,4,Villa,116,1979,,Aktuel værdi
Hovedgaden 14,4490 Jerslev Sjælland,520.527,11-06-1995,"
Alm. Salg",5.915,4,Villa,88,1910,,Aktuel værdi
Kelleklintevej 47,4490 Jerslev Sjælland,200.000,24-05-1995,"
Alm. Salg",2.666,6,Villa,75,1900,,Aktuel værdi
Enggårdsvej 41,4490 Jerslev Sjælland,530.000,30-04-1995,"
Alm. Salg",-,6,Villa,175,1977,,Aktuel værdi
Hovedgaden 3,4490 Jerslev Sjælland,630.000,29-03-1995,"
Alm. Salg",3.559,4,Villa,177,1974,,Aktuel værdi
Græshaven 6,4490 Jerslev Sjælland,595.000,22-03-1995,"
Alm. Salg",4.219,5,Villa,141,1970,,Aktuel værdi
Jorløse Byvej 60,4490 Jerslev Sjælland,806.263,23-01-1995,"
Alm. Salg",5.039,4,Stuehus,160,1880,,
Kærvej 2,4490 Jerslev Sjælland,900.000,24-11-1994,"
Alm. Salg",5.769,6,Stuehus,156,1872,,
Hørkærhaven 32A,4490 Jerslev Sjælland,300.000,21-11-1994,"
Alm. Salg",3.614,3,Rækkehus,83,1986,,Aktuel værdi
Søndergade 45,4490 Jerslev Sjælland,345.000,07-11-1994,"
Alm. Salg",-,4,Villa,94,1971,,Aktuel værdi
Hovvej 46,4490 Jerslev Sjælland,63.600,03-10-1994,"
Alm. Salg",722,2,Stuehus,88,1820,,
Klovbyvej 1,4490 Jerslev Sjælland,370.000,03-10-1994,"
Alm. Salg",2.126,6,Villa,174,1777,,Aktuel værdi
Vesterbygårdvej 12,4490 Jerslev Sjælland,315.000,29-08-1994,"
Alm. Salg",3.281,3,Villa,96,1927,,Aktuel værdi
Bymarken 9,4490 Jerslev Sjælland,530.000,11-08-1994,"
Alm. Salg",4.491,3,Villa,118,1981,,Aktuel værdi
Bymarken 24,4490 Jerslev Sjælland,570.000,18-07-1994,"
Alm. Salg",5.000,4,Villa,114,1980,,Aktuel værdi
Hovvej 2,4490 Jerslev Sjælland,675.000,08-07-1994,"
Alm. Salg",-,6,Villa,189,1897,,Aktuel værdi
Birkevej 16,4490 Jerslev Sjælland,550.000,08-06-1994,"
Alm. Salg",3.525,5,Villa,156,1969,,Aktuel værdi
Rugtvedvej 45,4490 Jerslev Sjælland,765.000,16-05-1994,"
Alm. Salg",3.787,5,Stuehus,202,1868,,
Klovbygade 15,4490 Jerslev Sjælland,495.000,31-03-1994,"
Alm. Salg",3.807,4,Villa,130,1931,,Aktuel værdi
Yppenbjerg 12,4490 Jerslev Sjælland,150.000,01-03-1994,"
Alm. Salg",1.470,5,Stuehus,102,1920,,
Værslevvej 8,4490 Jerslev Sjælland,845.500,16-02-1994,"
Alm. Salg",3.522,4,Villa,240,1897,,Aktuel værdi
Pilevej 10,4490 Jerslev Sjælland,440.000,16-02-1994,"
Alm. Salg",3.697,4,Villa,119,1969,,Aktuel værdi
Birkevej 13,4490 Jerslev Sjælland,336.000,21-01-1994,"
Alm. Salg",2.225,4,Villa,151,1964,,Aktuel værdi
Dyssevej 4,4490 Jerslev Sjælland,703.400,20-12-1993,"
Alm. Salg",3.168,6,Stuehus,222,1904,,
Enggårdsvej 91,4490 Jerslev Sjælland,491.000,17-12-1993,"
Alm. Salg",-,4,Villa,117,1978,,Aktuel værdi
Klovbygade 38,4490 Jerslev Sjælland,695.958,25-11-1993,"
Fam. Salg",7.101,4,Stuehus,98,1939,,
Yppenbjerg 15,4490 Jerslev Sjælland,120.000,12-10-1993,"
Alm. Salg",833,3,Villa,144,1863,,Aktuel værdi
Nordkrogvej 3,4490 Jerslev Sjælland,448.000,19-08-1993,"
Alm. Salg",3.446,4,Villa,130,1930,,Aktuel værdi
Bymarken 62,4490 Jerslev Sjælland,505.000,27-06-1993,"
Alm. Salg",3.825,5,Villa,132,1978,,Aktuel værdi
Søndergade 21,4490 Jerslev Sjælland,485.000,20-06-1993,"
Alm. Salg",4.217,5,Villa,115,1971,,Aktuel værdi
Hovvej 36,4490 Jerslev Sjælland,2.000.000,03-06-1993,"
Fam. Salg",-,8,Stuehus,200,1827,,
Enggårdsvej 66,4490 Jerslev Sjælland,435.000,16-04-1993,"
Alm. Salg",3.246,4,Villa,134,1973,,Aktuel værdi
Klovbyvej 9,4490 Jerslev Sjælland,773.537,01-11-1992,"
Alm. Salg",2.864,18,Villa,270,1877,,Aktuel værdi
Rugvænget 9,4490 Jerslev Sjælland,445.000,23-09-1992,"
Alm. Salg",3.588,5,Villa,124,1980,,Aktuel værdi
Søvejen 7,4490 Jerslev Sjælland,1.119.478,28-08-1992,"
Alm. Salg",7.130,6,Stuehus,157,1973,,
Møllevej 18,4490 Jerslev Sjælland,625.000,22-07-1992,"
Fam. Salg",4.251,4,Villa,147,1887,,Aktuel værdi
Fugledevej 4,4490 Jerslev Sjælland,450.000,11-07-1992,"
Fam. Salg",3.461,7,Stuehus,130,1902,,
Yppenbjerg 9,4490 Jerslev Sjælland,11.915,09-07-1992,"
Alm. Salg",78,6,Stuehus,152,1909,,
Kelleklintevej 59,4490 Jerslev Sjælland,524.000,03-07-1992,"
Alm. Salg",-,7,Villa,203,1870,,Aktuel værdi
Tissøvej 27,4490 Jerslev Sjælland,425.000,19-04-1992,"
Alm. Salg",4.166,3,Villa,102,1850,,Aktuel værdi
Bygaden 6,4490 Jerslev Sjælland,300.000,20-02-1992,"
Fam. Salg",2.777,9,Villa,108,1926,,Aktuel værdi
Bymarken 36,4490 Jerslev Sjælland,356.161,21-01-1992,"
Alm. Salg",2.268,4,Villa,157,1980,,Aktuel værdi
