address,zip_code,price,sell_date,sell_type,price_per_sq_m,no_rooms,housing_type,size_in_sq_m,year_of_construction,price_change_in_pct
Byvej 31,4532 Gislinge,1.225.000,11-03-2017,"
Alm. Salg",10.560,3,Villa,116,1949,-2 %,Aktuel værdi
Hejrevej 18B,4532 Gislinge,440.000,07-03-2017,"
Alm. Salg",5.866,3,Rækkehus,75,1989,,Aktuel værdi
Birkekær 4,4532 Gislinge,1.415.000,20-02-2017,"
Alm. Salg",7.369,4,Villa,192,1972,,Aktuel værdi
Ny Hagestedvej 36,4532 Gislinge,8.840.000,16-02-2017,"
Fam. Salg",45.333,8,Stuehus,195,1920,,
Birkekær 11,4532 Gislinge,782.000,06-01-2017,"
Alm. Salg",7.045,3,Villa,111,1967,,Aktuel værdi
Hejrevej 10B,4532 Gislinge,860.000,21-12-2016,"
Alm. Salg",11.466,3,Rækkehus,75,1990,-4 %,Aktuel værdi
Bryggerivej 9,4532 Gislinge,595.381,18-11-2016,"
Fam. Salg",4.725,4,Villa,126,1940,,Aktuel værdi
Sandbyvej 15C,4532 Gislinge,1.250.000,08-11-2016,"
Alm. Salg",9.842,4,Villa,127,1969,-13 %,Aktuel værdi
Byvej 29,4532 Gislinge,950.000,22-10-2016,"
Alm. Salg",6.690,3,Villa,142,1912,-9 %,Aktuel værdi
Adelers Alle 222,4532 Gislinge,1.375.000,19-10-2016,"
Alm. Salg",15.988,3,Villa,86,1941,-1 %,Aktuel værdi
Østre Vej 1A,4532 Gislinge,132.900,13-10-2016,"
Alm. Salg",1.080,3,Stuehus,123,1900,,
Byvej 65,4532 Gislinge,1.000.000,04-10-2016,"
Alm. Salg",5.747,5,Villa,174,1777,-17 %,Aktuel værdi
Tranekær 72,4532 Gislinge,1.100.000,29-08-2016,"
Fam. Salg",6.214,5,Villa,177,2005,,Aktuel værdi
Tranekær 67,4532 Gislinge,2.500.000,23-08-2016,"
Alm. Salg",12.500,6,Villa,200,2005,-4 %,Aktuel værdi
Grevingevej 3,4532 Gislinge,1.950.000,27-07-2016,"
Alm. Salg",8.944,5,Stuehus,218,1915,-2 %,
Hejrevej 16B,4532 Gislinge,795.000,14-07-2016,"
Alm. Salg",10.600,3,Rækkehus,75,1990,-6 %,Aktuel værdi
Gislinge Fjordvej 16,4532 Gislinge,635.000,07-07-2016,"
Alm. Salg",5.291,5,Villa,120,1920,-7 %,Aktuel værdi
Hovedgaden 36,4532 Gislinge,1.045.000,04-07-2016,"
Alm. Salg",6.531,5,Villa,160,1915,-5 %,Aktuel værdi
Birkekær 10,4532 Gislinge,1.000.000,29-06-2016,"
Alm. Salg",7.692,3,Villa,130,1973,-9 %,Aktuel værdi
Teknikvej 10,4532 Gislinge,3.195.000,28-06-2016,"
Andet",16.994,6,Villa,188,2004,,Aktuel værdi
Birkekær 50,4532 Gislinge,1.400.000,28-06-2016,"
Alm. Salg",10.218,4,Villa,137,1973,-6 %,Aktuel værdi
Nyvej 4,4532 Gislinge,500.000,20-06-2016,"
Alm. Salg",4.807,4,Villa,104,1957,-9 %,Aktuel værdi
Idrætsvej 48,4532 Gislinge,2.325.000,14-06-2016,"
Alm. Salg",12.988,5,Villa,179,2008,-7 %,Aktuel værdi
Tranekær 57,4532 Gislinge,1.950.000,13-06-2016,"
Alm. Salg",13.732,5,Villa,142,2004,-2 %,Aktuel værdi
Th. Bartholins Have 23,4532 Gislinge,2.900.000,03-06-2016,"
Alm. Salg",14.572,5,Villa,199,2015,-2 %,Aktuel værdi
Gislinge Fjordvej 2,4532 Gislinge,2.800.000,26-05-2016,"
Alm. Salg",13.397,6,Villa,209,1912,-7 %,Aktuel værdi
Hagestedvej 31,4532 Gislinge,375.000,03-05-2016,"
Alm. Salg",4.687,3,Villa,80,1900,-12 %,Aktuel værdi
Præstebrovej 25,4532 Gislinge,1.495.000,02-05-2016,"
Alm. Salg",7.475,6,Stuehus,200,1916,,
Adelers Alle 193,4532 Gislinge,1.225.000,19-04-2016,"
Alm. Salg",10.937,4,Villa,112,1877,-2 %,Aktuel værdi
Hejrevej 24B,4532 Gislinge,775.000,02-03-2016,"
Alm. Salg",10.333,3,Rækkehus,75,1989,-8 %,Aktuel værdi
Idrætsvej 20,4532 Gislinge,1.480.000,01-03-2016,"
Alm. Salg",11.044,5,Villa,134,2007,-4 %,Aktuel værdi
Morelhaven 1,4532 Gislinge,175.000,27-01-2016,"
Alm. Salg",972,6,Villa,180,2016,-10 %,Aktuel værdi
Landevejen 30,4532 Gislinge,1.850.000,14-01-2016,"
Alm. Salg",7.226,7,Stuehus,256,1903,-7 %,
Elmegårdsvej 18,4532 Gislinge,2.395.000,11-01-2016,"
Alm. Salg",13.379,5,Villa,179,2008,,Aktuel værdi
Morelhaven 4,4532 Gislinge,195.000,05-01-2016,"
Alm. Salg",1.147,5,Villa,170,2016,0 %,Aktuel værdi
Ny Hagestedvej 55,4532 Gislinge,750.000,21-12-2015,"
Andet",5.474,5,Villa,137,1960,,Aktuel værdi
Tranekær 42,4532 Gislinge,2.650.000,07-12-2015,"
Alm. Salg",9.706,9,Villa,273,2000,-5 %,Aktuel værdi
Tranekær 61,4532 Gislinge,2.100.000,20-11-2015,"
Alm. Salg",13.636,7,Villa,154,2005,-8 %,Aktuel værdi
Lærkevej 2,4532 Gislinge,681.875,24-10-2015,"
Andet",2.663,8,Villa,256,1973,,Aktuel værdi
Sømandsvejen 1,4532 Gislinge,1.145.000,20-10-2015,"
Alm. Salg",15.266,3,Stuehus,75,2009,36 %,
Tranekær 71,4532 Gislinge,2.750.000,15-10-2015,"
Alm. Salg",13.033,6,Villa,211,2008,-5 %,Aktuel værdi
Morelhaven 9,4532 Gislinge,175.000,15-10-2015,"
Alm. Salg",1.073,5,Villa,163,2016,-10 %,Aktuel værdi
Hagestedvej 23,4532 Gislinge,577.738,28-09-2015,"
Alm. Salg",5.502,4,Stuehus,105,1777,,
Idrætsvej 8,4532 Gislinge,1.988.000,13-09-2015,"
Alm. Salg",14.200,5,Villa,140,2015,0 %,Aktuel værdi
Østre Vej 7,4532 Gislinge,1.741.000,06-09-2015,"
Alm. Salg",11.606,4,Stuehus,150,1926,-19 %,
Byvej 10,4532 Gislinge,1.012.500,05-08-2015,"
Alm. Salg",7.972,3,Villa,127,1877,-6 %,Aktuel værdi
Tranekær 34,4532 Gislinge,1.400.000,30-07-2015,"
Alm. Salg",8.860,6,Villa,158,1978,,Aktuel værdi
Morelhaven 10,4532 Gislinge,190.000,14-07-2015,"
Alm. Salg",913,5,Villa,208,2016,-3 %,Aktuel værdi
Hejrevej 16A,4532 Gislinge,685.000,11-06-2015,"
Alm. Salg",7.696,4,Rækkehus,89,1990,-14 %,Aktuel værdi
Idrætsvej 86,4532 Gislinge,2.200.000,09-06-2015,"
Alm. Salg",14.569,6,Villa,151,2010,-4 %,Aktuel værdi
Lærkevej 5,4532 Gislinge,940.000,03-06-2015,"
Alm. Salg",7.343,4,Villa,128,1965,5 %,Aktuel værdi
Morelhaven 2,4532 Gislinge,175.000,02-06-2015,"
Alm. Salg",777,6,Villa,225,2016,-10 %,Aktuel værdi
Morelhaven 11,4532 Gislinge,180.000,28-05-2015,"
Alm. Salg",1.090,5,Villa,165,2016,-8 %,Aktuel værdi
Birkekær 13,4532 Gislinge,1.150.000,24-05-2015,"
Alm. Salg",7.324,5,Villa,157,1974,-11 %,Aktuel værdi
Vibevej 11,4532 Gislinge,1.365.000,06-05-2015,"
Alm. Salg",11.097,3,Villa,123,1972,-7 %,Aktuel værdi
Morelhaven 12,4532 Gislinge,180.000,05-05-2015,"
Alm. Salg",1.097,5,Villa,164,2015,-8 %,Aktuel værdi
Gl. Præstebrovej 4,4532 Gislinge,630.000,21-04-2015,"
Alm. Salg",2.727,7,Stuehus,231,1932,,
Kirkevej 12D,4532 Gislinge,1.485.000,01-03-2015,"
Alm. Salg",3.043,9,Døgninstitution,488,1959,,Aktuel værdi
Ny Hagestedvej 10,4532 Gislinge,300.000,19-02-2015,"
Alm. Salg",3.571,3,Villa,84,1960,-24 %,Aktuel værdi
Elmegårdsvej 31,4532 Gislinge,1.520.000,13-01-2015,"
Alm. Salg",10.935,5,Villa,139,2009,,Aktuel værdi
Birkekær 6,4532 Gislinge,595.000,12-01-2015,"
Auktion",6.918,4,Villa,86,1971,,Aktuel værdi
Birkekær 48,4532 Gislinge,734.500,08-01-2015,"
Alm. Salg",4.800,5,Villa,153,1973,-54 %,Aktuel værdi
Ny Hagestedvej 19,4532 Gislinge,850.000,07-01-2015,"
Alm. Salg",8.415,4,Villa,101,1965,-15 %,Aktuel værdi
Tranekær 12,4532 Gislinge,1.245.000,19-12-2014,"
Alm. Salg",12.835,4,Villa,97,1977,-4 %,Aktuel værdi
Solvej 2,4532 Gislinge,1.085.000,16-12-2014,"
Alm. Salg",13.231,3,Villa,82,1965,-1 %,Aktuel værdi
Landevejen 71,4532 Gislinge,655.000,04-12-2014,"
Alm. Salg",4.781,6,Stuehus,137,1827,-11 %,
Idrætsvej 56,4532 Gislinge,2.250.000,23-11-2014,"
Alm. Salg",13.636,6,Villa,165,2012,,Aktuel værdi
Landevejen 53,4532 Gislinge,725.000,24-10-2014,"
Alm. Salg",4.738,5,Villa,153,1880,-19 %,Aktuel værdi
Præstebrovej 52,4532 Gislinge,1.050.000,15-09-2014,"
Alm. Salg",4.976,6,Stuehus,211,1908,-32 %,
Birkekær 18,4532 Gislinge,1.425.000,15-09-2014,"
Alm. Salg",8.850,6,Villa,161,1973,-5 %,Aktuel værdi
Idrætsvej 66,4532 Gislinge,175.000,16-07-2014,"
Alm. Salg",1.198,4,Villa,146,2016,,Aktuel værdi
Idrætsvej 9,4532 Gislinge,200.000,07-07-2014,"
Alm. Salg",1.058,5,Villa,189,2016,,Aktuel værdi
Hagestedvej 32,4532 Gislinge,14.500.000,20-05-2014,"
Alm. Salg",75.520,5,Stuehus,192,1875,,
Ny Hagestedvej 15,4532 Gislinge,621.530,08-04-2014,"
Alm. Salg",5.404,3,Villa,115,1963,,Aktuel værdi
Idrætsvej 44,4532 Gislinge,2.225.000,30-03-2014,"
Alm. Salg",13.244,5,Villa,168,2007,-3 %,Aktuel værdi
Østre Vej 16,4532 Gislinge,496.740,28-03-2014,"
Andet",2.838,4,Stuehus,175,1800,,
Birkekær 38,4532 Gislinge,1.065.000,19-03-2014,"
Alm. Salg",5.819,6,Villa,183,1977,0 %,Aktuel værdi
Byvej 38,4532 Gislinge,550.000,05-03-2014,"
Alm. Salg",5.555,4,Villa,99,1950,0 %,Aktuel værdi
Morelhaven 6,4532 Gislinge,250.000,05-03-2014,"
Alm. Salg",1.644,5,Villa,152,2015,0 %,Aktuel værdi
Hejrevej 6B,4532 Gislinge,780.000,17-01-2014,"
Alm. Salg",8.666,4,Rækkehus,90,1989,-13 %,Aktuel værdi
Ny Hagestedvej 41,4532 Gislinge,150.000,03-01-2014,"
Alm. Salg",1.171,4,Villa,128,1904,,Aktuel værdi
Sandbyvej 27,4532 Gislinge,1.000.000,09-12-2013,"
Alm. Salg",13.333,3,Stuehus,75,1912,,
Morelhaven 8,4532 Gislinge,250.000,22-11-2013,"
Alm. Salg",1.404,5,Villa,178,2014,0 %,Aktuel værdi
Vibevej 14B,4532 Gislinge,960.000,12-11-2013,"
Alm. Salg",10.909,4,Rækkehus,88,1991,-4 %,Aktuel værdi
Tuse Huse 10,4532 Gislinge,200.000,24-10-2013,"
Alm. Salg",2.127,4,Stuehus,94,1800,,
Gl. Præstebrovej 28,4532 Gislinge,1.450.000,23-09-2013,"
Alm. Salg",11.693,4,Stuehus,124,1908,,
Birkekær 58,4532 Gislinge,995.000,20-09-2013,"
Alm. Salg",7.896,4,Villa,126,1975,0 %,Aktuel værdi
Sandbyvej 23A,4532 Gislinge,875.050,10-09-2013,"
Andet",5.469,5,Stuehus,160,1904,,
Strandvejen 18,4532 Gislinge,220.000,14-08-2013,"
Auktion",1.605,6,Villa,137,1900,,Aktuel værdi
Hejrevej 18A,4532 Gislinge,600.000,01-08-2013,"
Alm. Salg",8.000,3,Rækkehus,75,1989,-8 %,Aktuel værdi
Elmegårdsvej 24,4532 Gislinge,2.000.000,10-07-2013,"
Alm. Salg",12.820,5,Villa,156,2009,-5 %,Aktuel værdi
Gislinge Fjordvej 4,4532 Gislinge,2.100.000,01-07-2013,"
Alm. Salg",14.893,5,Stuehus,141,1890,-4 %,
Th. Bartholins Have 24,4532 Gislinge,1.575.000,13-06-2013,"
Alm. Salg",12.115,4,Villa,130,2009,-4 %,Aktuel værdi
Birkekær 44,4532 Gislinge,1.075.000,21-02-2013,"
Alm. Salg",9.684,5,Villa,111,1974,-7 %,Aktuel værdi
Trønninge Nord 7,4532 Gislinge,500.000,15-02-2013,"
Fam. Salg",4.166,2,Sommerhus,120,1900,,Aktuel værdi
Idrætsvej 84,4532 Gislinge,751.000,05-02-2013,"
Andet",6.530,4,Villa,115,2011,-61 %,Aktuel værdi
Idrætsvej 7,4532 Gislinge,2.400.000,01-02-2013,"
Fam. Salg",12.765,5,Villa,188,2008,,Aktuel værdi
Idrætsvej 10,4532 Gislinge,1.493.000,14-01-2013,"
Auktion",10.664,5,Villa,140,2016,,Aktuel værdi
Hagestedvej 24,4532 Gislinge,1.150.000,21-11-2012,"
Alm. Salg",10.550,4,Stuehus,109,1877,,
Østre Vej 3,4532 Gislinge,3.145.000,07-11-2012,"
Alm. Salg",11.562,8,Stuehus,272,1907,-5 %,
Bryggerivej 3,4532 Gislinge,1.090.000,05-11-2012,"
Alm. Salg",8.014,3,Villa,136,1930,0 %,Aktuel værdi
Tranekær 62,4532 Gislinge,1.750.000,22-10-2012,"
Alm. Salg",9.776,7,Villa,179,2004,,Aktuel værdi
Hovedgaden 34,4532 Gislinge,1.100.000,01-10-2012,"
Alm. Salg",12.941,3,Villa,85,1950,,Aktuel værdi
Ny Hagestedvej 8,4532 Gislinge,209.500,16-08-2012,"
Alm. Salg",1.976,4,Villa,106,1961,,Aktuel værdi
Th. Bartholins Have 38,4532 Gislinge,640.000,30-07-2012,"
Alm. Salg",4.923,4,Rækkehus,130,2008,-36 %,Aktuel værdi
Th. Bartholins Have 36,4532 Gislinge,800.000,30-07-2012,"
Alm. Salg",6.153,4,Rækkehus,130,2008,-20 %,Aktuel værdi
Tranekær 74,4532 Gislinge,1.925.000,26-07-2012,"
Alm. Salg",13.275,5,Villa,145,2004,-4 %,Aktuel værdi
Idrætsvej 17,4532 Gislinge,1.550.000,05-06-2012,"
Alm. Salg",4.378,9,Villa,354,2012,,Aktuel værdi
Vibevej 15,4532 Gislinge,600.000,18-05-2012,"
Alm. Salg",4.379,3,Villa,137,1974,-54 %,Aktuel værdi
Idrætsvej 70,4532 Gislinge,1.125.000,15-05-2012,"
Fam. Salg",8.152,5,Villa,138,2007,,Aktuel værdi
Gl. Præstebrovej 5,4532 Gislinge,1.058.000,01-05-2012,"
Alm. Salg",5.370,6,Stuehus,197,1777,,
"Byvej 15, ST",4532 Gislinge,250.000,01-05-2012,"
Alm. Salg",1.712,5,Villa,146,1877,,Aktuel værdi
Th. Bartholins Have 1,4532 Gislinge,1.900.000,30-04-2012,"
Alm. Salg",10.270,7,Villa,185,1974,-5 %,Aktuel værdi
Hejrevej 4,4532 Gislinge,950.000,02-03-2012,"
Alm. Salg",-,3,Villa,121,1989,-17 %,Aktuel værdi
Idrætsvej 13,4532 Gislinge,375.000,02-03-2012,"
Alm. Salg",2.604,5,Villa,144,2012,,Aktuel værdi
Øvejen 8,4532 Gislinge,1.850.000,12-01-2012,"
Alm. Salg",9.438,5,Stuehus,196,1912,,
Kirsebærhaven 19,4532 Gislinge,1.600.000,12-12-2011,"
Alm. Salg",12.030,5,Villa,133,2006,-11 %,Aktuel værdi
Th. Bartholins Have 40,4532 Gislinge,838.935,04-12-2011,"
Fam. Salg",6.453,4,Villa,130,2008,,Aktuel værdi
Sandbyvej 13,4532 Gislinge,500.000,24-10-2011,"
Auktion",2.358,7,Stuehus,212,1923,,
Hovedgaden 12A,4532 Gislinge,410.000,12-10-2011,"
Auktion",3.106,4,Villa,132,1914,,Aktuel værdi
Idrætsvej 82,4532 Gislinge,2.275.000,22-09-2011,"
Alm. Salg",15.268,5,Villa,149,2007,,Aktuel værdi
Gislinge Fjordvej 14,4532 Gislinge,810.000,10-08-2011,"
Alm. Salg",8.526,4,Villa,95,1895,-14 %,Aktuel værdi
Tranekær 54,4532 Gislinge,1.920.000,21-07-2011,"
Alm. Salg",13.617,4,Villa,141,1999,-4 %,Aktuel værdi
Ny Hagestedvej 39,4532 Gislinge,1.600.000,14-07-2011,"
Fam. Salg",14.285,4,Stuehus,112,1902,,
Elmegårdsvej 14,4532 Gislinge,995.000,10-05-2011,"
Alm. Salg",4.028,5,Villa,247,2012,0 %,Aktuel værdi
Byvej 20,4532 Gislinge,995.000,25-03-2011,"
Alm. Salg",9.212,5,Villa,108,1968,-5 %,Aktuel værdi
Mosegårdsvej 1,4532 Gislinge,2.750.000,15-02-2011,"
Alm. Salg",20.220,7,Stuehus,136,1880,,
Ny Hagestedvej 43,4532 Gislinge,740.000,07-01-2011,"
Auktion",7.184,3,Villa,103,1958,,Aktuel værdi
Skolevej 6,4532 Gislinge,1.900.000,15-12-2010,"
Alm. Salg",12.582,6,Villa,151,2008,-9 %,Aktuel værdi
Idrætsvej 74,4532 Gislinge,550.000,08-12-2010,"
Alm. Salg",3.179,6,Villa,173,2011,,Aktuel værdi
Idrætsvej 46,4532 Gislinge,1.191.500,25-11-2010,"
Alm. Salg",7.838,6,Villa,152,2008,-52 %,Aktuel værdi
Adelers Alle 207,4532 Gislinge,425.000,16-11-2010,"
Alm. Salg",7.083,3,Villa,60,1952,-15 %,Aktuel værdi
Tranekær 24,4532 Gislinge,1.325.000,10-11-2010,"
Alm. Salg",10.351,5,Villa,128,1978,-8 %,Aktuel værdi
Ny Hagestedvej 9,4532 Gislinge,966.000,04-10-2010,"
Andet",7.546,3,Villa,128,1964,-41 %,Aktuel værdi
Hovedgaden 16,4532 Gislinge,575.000,04-10-2010,"
Alm. Salg",2.860,5,Villa,201,1914,-17 %,Aktuel værdi
Idrætsvej 98,4532 Gislinge,365.000,29-09-2010,"
Alm. Salg",2.534,5,Villa,144,2013,-3 %,Aktuel værdi
Hagestedvej 9,4532 Gislinge,1.100.000,22-09-2010,"
Auktion",11.224,3,Villa,98,1948,,Aktuel værdi
Adelers Alle 204,4532 Gislinge,1.200.000,12-08-2010,"
Alm. Salg",9.836,5,Villa,122,1950,-7 %,Aktuel værdi
Byvej 53,4532 Gislinge,1.600.000,05-08-2010,"
Alm. Salg",14.953,5,Villa,107,1930,-6 %,Aktuel værdi
Hagestedvej 18,4532 Gislinge,1.900.000,10-07-2010,"
Alm. Salg",10.555,5,Villa,180,1949,-5 %,Aktuel værdi
Strandvejen 1,4532 Gislinge,446.040,08-07-2010,"
Alm. Salg",2.478,7,Stuehus,180,1956,,
Grevingevej 2,4532 Gislinge,72.000,08-07-2010,"
Alm. Salg",165,8,Engroshandel,434,1962,,Aktuel værdi
Sølyst 1,4532 Gislinge,72.000,08-07-2010,"
Alm. Salg",300,9,Stuehus,240,1932,,
Hagestedvej 11,4532 Gislinge,870.000,03-07-2010,"
Alm. Salg",8.700,4,Villa,100,1955,-13 %,Aktuel værdi
Gl. Præstebrovej 14,4532 Gislinge,600.000,01-07-2010,"
Fam. Salg",4.000,3,Villa,150,1960,,Aktuel værdi
Vibevej 7,4532 Gislinge,1.100.000,29-06-2010,"
Alm. Salg",10.377,3,Villa,106,1964,-8 %,Aktuel værdi
Tranekær 47,4532 Gislinge,2.250.000,01-05-2010,"
Alm. Salg",14.610,5,Villa,154,1998,-2 %,Aktuel værdi
Tuse Huse 16,4532 Gislinge,925.000,28-04-2010,"
Alm. Salg",3.280,5,Villa,282,1727,-54 %,Aktuel værdi
Landevejen 20,4532 Gislinge,1.500.000,09-04-2010,"
Alm. Salg",6.666,6,Stuehus,225,1916,-25 %,
Hovedgaden 30,4532 Gislinge,1.300.000,07-04-2010,"
Alm. Salg",9.701,4,Villa,134,1965,-7 %,Aktuel værdi
Hejrevej 24A,4532 Gislinge,950.000,30-03-2010,"
Alm. Salg",10.555,4,Rækkehus,90,1989,,Aktuel værdi
Sandbyvej 12,4532 Gislinge,732.907,01-03-2010,"
Fam. Salg",5.349,5,Villa,137,1940,,Aktuel værdi
Th. Bartholins Have 29,4532 Gislinge,325.000,18-01-2010,"
Alm. Salg",2.181,4,Villa,149,2011,-24 %,Aktuel værdi
Hejrevej 8,4532 Gislinge,987.500,06-01-2010,"
Alm. Salg",9.495,3,Villa,104,1989,,Aktuel værdi
Solvej 9,4532 Gislinge,995.000,28-12-2009,"
Alm. Salg",10.050,4,Villa,99,1970,0 %,Aktuel værdi
Kirkevej 18,4532 Gislinge,780.000,23-12-2009,"
Auktion",7.027,3,Villa,111,1877,,Aktuel værdi
Tranekær 60,4532 Gislinge,1.317.500,30-11-2009,"
Fam. Salg",6.654,7,Villa,198,2003,,Aktuel værdi
Ny Hagestedvej 20,4532 Gislinge,607.502,23-11-2009,"
Alm. Salg",4.339,5,Villa,140,1923,,Aktuel værdi
Ny Hagestedvej 18,4532 Gislinge,650.000,10-11-2009,"
Andet",4.333,6,Villa,150,1857,,Aktuel værdi
Byvej 17,4532 Gislinge,900.000,29-10-2009,"
Alm. Salg",6.000,5,Villa,150,1932,-18 %,Aktuel værdi
Birkekær 36,4532 Gislinge,1.450.000,28-10-2009,"
Alm. Salg",10.139,4,Villa,143,1975,-9 %,Aktuel værdi
Idrætsvej 54,4532 Gislinge,650.000,11-09-2009,"
Alm. Salg",3.693,4,Villa,176,2011,,Aktuel værdi
Ny Hagestedvej 75,4532 Gislinge,1.485.000,24-08-2009,"
Alm. Salg",12.478,4,Villa,119,1966,-12 %,Aktuel værdi
Byvej 24,4532 Gislinge,1.050.000,11-08-2009,"
Alm. Salg",10.396,4,Villa,101,1915,-4 %,Aktuel værdi
Tuse Huse 22,4532 Gislinge,1.450.000,08-08-2009,"
Alm. Salg",11.417,5,Stuehus,127,1800,-9 %,
Sandbyvej 8B,4532 Gislinge,950.000,20-07-2009,"
Alm. Salg",10.000,4,Rækkehus,95,1982,-5 %,Aktuel værdi
Kirkevej 15A,4532 Gislinge,1.150.000,02-07-2009,"
Alm. Salg",10.176,4,Villa,113,1974,-6 %,Aktuel værdi
Byvej 63,4532 Gislinge,800.000,07-06-2009,"
Alm. Salg",6.956,5,Villa,115,1947,,Aktuel værdi
Tranekær 39,4532 Gislinge,1.625.000,23-05-2009,"
Alm. Salg",12.404,5,Villa,131,2000,-2 %,Aktuel værdi
Adelers Alle 195,4532 Gislinge,1.700.000,11-05-2009,"
Alm. Salg",6.415,6,Villa,265,1777,-10 %,Aktuel værdi
Byvej 32,4532 Gislinge,1.535.000,04-05-2009,"
Alm. Salg",10.302,5,Villa,149,1949,-4 %,Aktuel værdi
Hejrevej 2,4532 Gislinge,1.500.000,25-02-2009,"
Alm. Salg",11.363,3,Villa,132,1988,-9 %,Aktuel værdi
Præstebrovej 50,4532 Gislinge,4.271.250,06-01-2009,"
Fam. Salg",22.840,7,Stuehus,187,1890,,
Idrætsvej 3,4532 Gislinge,1.800.000,22-12-2008,"
Alm. Salg",14.400,5,Villa,125,2009,-18 %,Aktuel værdi
Nyvej 3,4532 Gislinge,700.000,22-10-2008,"
Alm. Salg",7.368,4,Villa,95,1951,,Aktuel værdi
Tranekær 22,4532 Gislinge,1.365.000,03-09-2008,"
Alm. Salg",10.263,4,Villa,133,1977,-9 %,Aktuel værdi
Adelers Alle 215,4532 Gislinge,2.300.000,01-07-2008,"
Alm. Salg",16.312,5,Villa,141,1958,,Aktuel værdi
Nyvej 5,4532 Gislinge,1.810.000,27-06-2008,"
Alm. Salg",15.739,5,Villa,115,1961,-2 %,Aktuel værdi
"Teknikvej 6, 1",4532 Gislinge,2.046.515,27-06-2008,"
Andet",17.054,4,Lejlighed,120,2010,,Aktuel værdi
Byvej 1A,4532 Gislinge,1.700.000,11-06-2008,"
Alm. Salg",-,5,Villa,184,1930,-5 %,Aktuel værdi
Adelers Alle 191,4532 Gislinge,750.000,03-06-2008,"
Alm. Salg",5.244,6,Villa,143,1900,,Aktuel værdi
Hejrevej 20,4532 Gislinge,1.106.612,02-06-2008,"
Andet",6.586,6,Villa,168,1989,-59 %,Aktuel værdi
Byvej 26,4532 Gislinge,500.000,02-06-2008,"
Alm. Salg",3.105,5,Stuehus,161,1857,-86 %,
Lærkevej 15,4532 Gislinge,1.625.000,25-05-2008,"
Alm. Salg",13.655,4,Villa,119,1966,-6 %,Aktuel værdi
Strandvejen 7,4532 Gislinge,1.750.000,19-05-2008,"
Alm. Salg",18.229,3,Stuehus,96,1912,-5 %,
Tranekær 1,4532 Gislinge,1.300.000,14-05-2008,"
Alm. Salg",13.402,4,Villa,97,1977,,Aktuel værdi
Stationsvej 1,4532 Gislinge,1.465.000,11-05-2008,"
Alm. Salg",11.015,6,Villa,133,1923,-2 %,Aktuel værdi
Vænget 3A,4532 Gislinge,1.025.000,08-05-2008,"
Alm. Salg",13.141,3,Rækkehus,78,1979,-9 %,Aktuel værdi
Thorsvænge 4,4532 Gislinge,2.100.000,01-05-2008,"
Alm. Salg",13.125,5,Villa,160,1945,-8 %,Aktuel værdi
Idrætsvej 34,4532 Gislinge,512.000,27-04-2008,"
Alm. Salg",3.103,5,Villa,165,2009,,Aktuel værdi
Tranekær 4,4532 Gislinge,1.687.500,09-04-2008,"
Alm. Salg",11.968,5,Villa,141,1977,-3 %,Aktuel værdi
Idrætsvej 72,4532 Gislinge,2.400.125,12-03-2008,"
Alm. Salg",15.894,5,Villa,151,2009,4 %,Aktuel værdi
Elmegårdsvej 20,4532 Gislinge,2.695.000,25-02-2008,"
Alm. Salg",18.586,5,Villa,145,2008,0 %,Aktuel værdi
Elmegårdsvej 22,4532 Gislinge,2.695.000,23-02-2008,"
Alm. Salg",18.586,5,Villa,145,2008,0 %,Aktuel værdi
Hagestedvej 7,4532 Gislinge,6.500.000,20-02-2008,"
Alm. Salg",9.002,9,Villa,722,1920,-13 %,Aktuel værdi
Gl. Præstebrovej 7,4532 Gislinge,1.900.000,19-02-2008,"
Alm. Salg",16.964,4,Stuehus,112,1876,,
Sandbyvej 23B,4532 Gislinge,350.000,05-02-2008,"
Alm. Salg",1.032,6,Villa,339,2008,,Aktuel værdi
Idrætsvej 68,4532 Gislinge,605.000,30-01-2008,"
Alm. Salg",3.734,5,Villa,162,2010,,Aktuel værdi
Tranekær 17,4532 Gislinge,1.825.000,18-01-2008,"
Alm. Salg",13.619,4,Villa,134,1977,0 %,Aktuel værdi
Idrætsvej 16,4532 Gislinge,2.700.000,10-01-2008,"
Alm. Salg",16.564,6,Villa,163,2008,,Aktuel værdi
Sandbyvej 8A,4532 Gislinge,600.000,02-01-2008,"
Alm. Salg",4.137,5,Villa,145,2009,-8 %,Aktuel værdi
Byvej 21,4532 Gislinge,1.150.000,27-12-2007,"
Alm. Salg",13.690,4,Villa,84,1840,-4 %,Aktuel værdi
Kirkevej 2,4532 Gislinge,886.041,26-11-2007,"
Alm. Salg",4.364,6,Villa,203,1901,,Aktuel værdi
Idrætsvej 6,4532 Gislinge,2.449.000,22-11-2007,"
Alm. Salg",16.218,6,Villa,151,2008,7 %,Aktuel værdi
Birkekær 17,4532 Gislinge,1.650.000,12-11-2007,"
Alm. Salg",-,4,Villa,115,1970,0 %,Aktuel værdi
Birkekær 21B,4532 Gislinge,1.095.000,06-11-2007,"
Alm. Salg",18.879,2,Rækkehus,58,1973,,Aktuel værdi
Idrætsvej 116,4532 Gislinge,625.000,01-11-2007,"
Alm. Salg",4.432,5,Villa,141,2009,-79 %,Aktuel værdi
Nyvej 2,4532 Gislinge,1.385.000,22-10-2007,"
Alm. Salg",15.388,5,Villa,90,1978,0 %,Aktuel værdi
Tranekær 15,4532 Gislinge,1.750.000,27-08-2007,"
Alm. Salg",10.802,5,Villa,162,1977,,Aktuel værdi
Tranekær 52,4532 Gislinge,2.345.000,27-08-2007,"
Alm. Salg",13.875,4,Villa,169,1999,-2 %,Aktuel værdi
Idrætsvej 30,4532 Gislinge,650.000,13-08-2007,"
Alm. Salg",3.651,6,Villa,178,2008,,Aktuel værdi
Landevejen 75,4532 Gislinge,980.000,09-08-2007,"
Alm. Salg",9.800,4,Villa,100,1929,,Aktuel værdi
Idrætsvej 60,4532 Gislinge,430.000,07-08-2007,"
Alm. Salg",-,5,Villa,179,2008,,Aktuel værdi
Landevejen 65,4532 Gislinge,2.198.000,03-08-2007,"
Alm. Salg",19.451,3,Stuehus,113,1957,0 %,
Elmegårdsvej 8,4532 Gislinge,3.150.000,27-07-2007,"
Alm. Salg",19.325,5,Villa,163,2007,-4 %,Aktuel værdi
Idrætsvej 108,4532 Gislinge,690.000,19-07-2007,"
Alm. Salg",4.312,6,Villa,160,2009,,Aktuel værdi
Vibevej 4,4532 Gislinge,1.600.000,11-07-2007,"
Alm. Salg",12.598,3,Villa,127,1963,,Aktuel værdi
Idrætsvej 88,4532 Gislinge,590.000,03-07-2007,"
Alm. Salg",4.720,5,Villa,125,2009,,Aktuel værdi
Vænget 5,4532 Gislinge,1.550.000,29-06-2007,"
Alm. Salg",16.315,4,Villa,95,1962,-2 %,Aktuel værdi
Th. Bartholins Have 26,4532 Gislinge,527.250,26-06-2007,"
Alm. Salg",4.055,4,Villa,130,2012,-4 %,Aktuel værdi
Th. Bartholins Have 32,4532 Gislinge,499.500,26-06-2007,"
Alm. Salg",3.842,4,Villa,130,2010,-2 %,Aktuel værdi
Idrætsvej 78,4532 Gislinge,583.000,20-06-2007,"
Alm. Salg",4.416,5,Villa,132,2008,,Aktuel værdi
Idrætsvej 42,4532 Gislinge,3.084.163,15-06-2007,"
Alm. Salg",18.249,6,Villa,169,2008,,Aktuel værdi
Idrætsvej 21,4532 Gislinge,540.000,21-05-2007,"
Alm. Salg",3.802,5,Villa,142,2012,,Aktuel værdi
Hovedgaden 28,4532 Gislinge,1.330.000,14-05-2007,"
Alm. Salg",8.986,6,Villa,148,1888,,Aktuel værdi
Idrætsvej 52,4532 Gislinge,408.100,30-04-2007,"
Alm. Salg",2.414,5,Villa,169,2008,,Aktuel værdi
Landevejen 85,4532 Gislinge,2.275.000,19-04-2007,"
Alm. Salg",12.926,5,Villa,176,1917,0 %,Aktuel værdi
Strædet 4,4532 Gislinge,1.250.000,14-04-2007,"
Alm. Salg",16.666,2,Villa,75,1850,-7 %,Aktuel værdi
Byvej 43,4532 Gislinge,1.800.000,10-04-2007,"
Alm. Salg",11.111,5,Villa,162,1912,,Aktuel værdi
Birkekær 60,4532 Gislinge,1.100.000,30-03-2007,"
Fam. Salg",8.148,4,Villa,135,1978,,Aktuel værdi
Idrætsvej 90,4532 Gislinge,550.000,20-03-2007,"
Alm. Salg",3.900,5,Villa,141,2007,,Aktuel værdi
Hovedgaden 32,4532 Gislinge,1.000.000,20-03-2007,"
Alm. Salg",9.433,4,Villa,106,1944,,Aktuel værdi
Vibevej 2,4532 Gislinge,1.100.000,15-03-2007,"
Alm. Salg",12.222,3,Villa,90,1961,,Aktuel værdi
Byvej 49,4532 Gislinge,1.840.000,09-03-2007,"
Alm. Salg",12.867,4,Villa,143,1930,-3 %,Aktuel værdi
Hovedgaden 4,4532 Gislinge,980.000,01-03-2007,"
Alm. Salg",14.848,2,Villa,66,1900,,Aktuel værdi
Gl. Præstebrovej 18,4532 Gislinge,1.300.000,28-02-2007,"
Fam. Salg",16.049,3,Stuehus,81,1880,,
Tranekær 32,4532 Gislinge,1.500.000,27-02-2007,"
Alm. Salg",13.513,5,Villa,111,1978,-2 %,Aktuel værdi
Elmegårdsvej 27,4532 Gislinge,650.000,27-01-2007,"
Alm. Salg",3.757,6,Villa,173,2009,,Aktuel værdi
Idrætsvej 106,4532 Gislinge,550.000,17-01-2007,"
Alm. Salg",4.400,5,Villa,125,2008,,Aktuel værdi
Kirkevej 3,4532 Gislinge,1.500.000,12-01-2007,"
Alm. Salg",8.152,8,Stuehus,184,1939,,
Idrætsvej 80,4532 Gislinge,605.000,03-01-2007,"
Alm. Salg",4.060,6,Villa,149,2012,,Aktuel værdi
Idrætsvej 38,4532 Gislinge,550.000,22-12-2006,"
Alm. Salg",3.273,6,Villa,168,2009,,Aktuel værdi
Idrætsvej 5,4532 Gislinge,650.000,22-12-2006,"
Alm. Salg",3.611,5,Villa,180,2007,,Aktuel værdi
Idrætsvej 19,4532 Gislinge,565.000,22-12-2006,"
Alm. Salg",3.621,5,Villa,156,2013,,Aktuel værdi
Elmegårdsvej 10,4532 Gislinge,2.990.000,29-11-2006,"
Alm. Salg",19.044,5,Villa,157,2006,,Aktuel værdi
Tranekær 65,4532 Gislinge,1.075.000,13-10-2006,"
Fam. Salg",7.026,5,Villa,153,2004,,Aktuel værdi
Strandvejen 15,4532 Gislinge,1.535.000,13-10-2006,"
Alm. Salg",14.345,4,Villa,107,1967,,Aktuel værdi
Tranekær 53,4532 Gislinge,2.485.000,30-09-2006,"
Alm. Salg",16.904,4,Villa,147,2005,,Aktuel værdi
Byvej 12,4532 Gislinge,1.795.000,22-09-2006,"
Alm. Salg",8.799,6,Villa,204,1917,,Aktuel værdi
Birkekær 47,4532 Gislinge,1.785.000,30-08-2006,"
Alm. Salg",14.055,5,Villa,127,1973,,Aktuel værdi
Sandbyvej 15B,4532 Gislinge,1.625.000,15-07-2006,"
Alm. Salg",13.104,4,Villa,124,1973,,Aktuel værdi
Idrætsvej 22,4532 Gislinge,443.450,15-07-2006,"
Alm. Salg",1.802,7,Villa,246,2011,,Aktuel værdi
Idrætsvej 18,4532 Gislinge,362.995,13-07-2006,"
Alm. Salg",1.941,6,Villa,187,2007,,Aktuel værdi
Idrætsvej 26,4532 Gislinge,477.800,13-07-2006,"
Alm. Salg",2.475,7,Villa,193,2008,,Aktuel værdi
Idrætsvej 58,4532 Gislinge,531.050,13-07-2006,"
Alm. Salg",2.026,8,Villa,262,2008,,Aktuel værdi
Idrætsvej 64,4532 Gislinge,340.000,13-07-2006,"
Alm. Salg",2.151,6,Villa,158,2007,,Aktuel værdi
Idrætsvej 62,4532 Gislinge,402.000,13-07-2006,"
Alm. Salg",2.662,5,Villa,151,2008,,Aktuel værdi
Idrætsvej 28,4532 Gislinge,408.800,13-07-2006,"
Alm. Salg",2.962,5,Villa,138,2009,,Aktuel værdi
Idrætsvej 50,4532 Gislinge,401.000,13-07-2006,"
Alm. Salg",2.386,7,Villa,168,2007,,Aktuel værdi
Idrætsvej 32,4532 Gislinge,419.300,13-07-2006,"
Alm. Salg",2.303,6,Villa,182,2011,,Aktuel værdi
Sandbyvej 1,4532 Gislinge,1.750.000,03-07-2006,"
Alm. Salg",8.883,7,Villa,197,1963,,Aktuel værdi
Kirkevej 5,4532 Gislinge,1.995.000,19-06-2006,"
Alm. Salg",14.456,5,Villa,138,1910,,Aktuel værdi
Hagestedvej 12,4532 Gislinge,1.640.000,16-06-2006,"
Alm. Salg",10.061,5,Villa,163,1946,,Aktuel værdi
Flægkær 2,4532 Gislinge,4.387.215,02-06-2006,"
Alm. Salg",14.061,12,Stuehus,312,1916,,
Solvej 24,4532 Gislinge,1.650.000,29-05-2006,"
Alm. Salg",10.443,6,Villa,158,1972,,Aktuel værdi
Trønninge Nord 1,4532 Gislinge,795.000,26-05-2006,"
Alm. Salg",8.932,2,Villa,89,1900,,Aktuel værdi
Landevejen 18,4532 Gislinge,2.100.000,23-05-2006,"
Alm. Salg",11.111,6,Villa,189,1916,,Aktuel værdi
Landevejen 83,4532 Gislinge,1.500.000,22-05-2006,"
Alm. Salg",11.450,4,Villa,131,1920,,Aktuel værdi
Sandbyvej 17,4532 Gislinge,750.000,10-05-2006,"
Andet",6.696,5,Villa,112,1908,,Aktuel værdi
Solvej 8,4532 Gislinge,1.500.000,03-05-2006,"
Alm. Salg",10.869,6,Villa,138,1979,,Aktuel værdi
Tværvej 4,4532 Gislinge,300.000,01-05-2006,"
Alm. Salg",1.034,4,Stuehus,290,1900,,
Vænget 7,4532 Gislinge,1.150.000,20-04-2006,"
Alm. Salg",11.500,3,Villa,100,1963,,Aktuel værdi
Birkekær 56,4532 Gislinge,1.872.000,12-04-2006,"
Alm. Salg",9.000,7,Villa,208,1975,,Aktuel værdi
Tranekær 76,4532 Gislinge,666.348,02-04-2006,"
Alm. Salg",4.595,5,Villa,145,2005,,Aktuel værdi
Sandbyvej 21,4532 Gislinge,600.000,21-03-2006,"
Andet",4.255,6,Villa,141,1905,,Aktuel værdi
Strandvejen 5,4532 Gislinge,1.700.000,18-03-2006,"
Alm. Salg",8.095,7,Stuehus,210,1910,,
Ny Hagestedvej 67,4532 Gislinge,1.750.000,07-03-2006,"
Alm. Salg",9.162,6,Villa,191,1941,,Aktuel værdi
Lærkevej 16,4532 Gislinge,1.310.000,28-02-2006,"
Alm. Salg",12.843,4,Villa,102,1965,,Aktuel værdi
Th. Bartholins Have 34,4532 Gislinge,1.535.000,27-02-2006,"
Alm. Salg",11.807,4,Villa,130,2008,,Aktuel værdi
Hovedgaden 11,4532 Gislinge,1.575.000,22-02-2006,"
Alm. Salg",12.500,5,Villa,126,1917,,Aktuel værdi
Østre Vej 5,4532 Gislinge,1.875.000,17-02-2006,"
Alm. Salg",11.029,5,Stuehus,170,1900,,
Kirkevej 22,4532 Gislinge,895.000,22-12-2005,"
Alm. Salg",12.430,2,Villa,72,1878,,Aktuel værdi
Ny Hagestedvej 47,4532 Gislinge,1.798.000,21-12-2005,"
Alm. Salg",14.617,5,Villa,123,1962,,Aktuel værdi
Elmegårdsvej 29,4532 Gislinge,395.000,16-12-2005,"
Alm. Salg",2.182,6,Villa,181,2009,,Aktuel værdi
Ternevej 6,4532 Gislinge,775.000,14-12-2005,"
Andet",5.419,5,Villa,143,1986,,Aktuel værdi
Elmegårdsvej 26,4532 Gislinge,425.000,08-12-2005,"
Alm. Salg",3.057,5,Villa,139,2007,,Aktuel værdi
Elmegårdsvej 5,4532 Gislinge,350.000,05-12-2005,"
Alm. Salg",2.173,6,Villa,161,2008,,Aktuel værdi
Elmegårdsvej 23,4532 Gislinge,350.000,05-12-2005,"
Alm. Salg",1.758,8,Villa,199,2007,,Aktuel værdi
Ny Hagestedvej 44B,4532 Gislinge,5.500.000,27-11-2005,"
Fam. Salg",25.000,7,Stuehus,220,1904,,
"Landevejen 16, ST",4532 Gislinge,6.421.400,24-11-2005,"
Alm. Salg",41.969,4,Stuehus,153,1917,,
Kirsebærhaven 17,4532 Gislinge,351.001,22-11-2005,"
Alm. Salg",1.526,7,Villa,230,2006,,Aktuel værdi
Byvej 39,4532 Gislinge,2.695.000,22-11-2005,"
Alm. Salg",17.165,5,Villa,157,1926,,Aktuel værdi
Adelers Alle 221,4532 Gislinge,580.000,22-10-2005,"
Fam. Salg",7.435,4,Villa,78,1958,,Aktuel værdi
Byvej 2,4532 Gislinge,1.395.000,07-10-2005,"
Alm. Salg",10.333,5,Villa,135,1900,,Aktuel værdi
Byvej 51,4532 Gislinge,1.050.000,02-10-2005,"
Alm. Salg",7.777,5,Villa,135,1930,,Aktuel værdi
Byvej 40,4532 Gislinge,950.000,14-09-2005,"
Alm. Salg",12.500,3,Villa,76,1952,,Aktuel værdi
Vibevej 5,4532 Gislinge,1.195.000,07-09-2005,"
Alm. Salg",11.950,4,Villa,100,1961,,Aktuel værdi
Byvej 30,4532 Gislinge,2.195.000,04-09-2005,"
Alm. Salg",18.760,5,Stuehus,117,1910,,
Kirkevej 7,4532 Gislinge,1.175.000,02-09-2005,"
Alm. Salg",8.768,5,Villa,134,1917,,Aktuel værdi
Tranekær 18,4532 Gislinge,1.295.000,26-08-2005,"
Alm. Salg",7.316,6,Villa,177,1977,,Aktuel værdi
Kirkevej 19,4532 Gislinge,820.000,17-08-2005,"
Alm. Salg",15.769,1,Villa,52,1842,,Aktuel værdi
Gl. Præstebrovej 24,4532 Gislinge,1.575.000,17-08-2005,"
Alm. Salg",7.325,4,Stuehus,215,2006,,
Gl. Præstebrovej 3,4532 Gislinge,703.400,13-08-2005,"
Andet",4.720,4,Stuehus,149,1877,,
Byvej 44,4532 Gislinge,795.000,13-07-2005,"
Alm. Salg",-,7,Villa,142,1951,,Aktuel værdi
Ternevej 17,4532 Gislinge,1.550.000,13-07-2005,"
Alm. Salg",11.654,5,Villa,133,1981,,Aktuel værdi
Adelers Alle 209,4532 Gislinge,1.450.000,10-06-2005,"
Alm. Salg",11.885,4,Villa,122,1941,,Aktuel værdi
Bymarken 1,4532 Gislinge,1.430.000,25-05-2005,"
Alm. Salg",14.444,3,Villa,99,1983,,Aktuel værdi
Kirsebærhaven 21,4532 Gislinge,251.700,24-05-2005,"
Alm. Salg",1.398,5,Villa,180,2006,,Aktuel værdi
Kirsebærhaven 23,4532 Gislinge,355.600,19-05-2005,"
Alm. Salg",-,7,Villa,193,2006,,Aktuel værdi
Kirsebærhaven 27,4532 Gislinge,360.000,19-05-2005,"
Alm. Salg",2.666,5,Villa,135,2006,,Aktuel værdi
Hagestedvej 13,4532 Gislinge,1.325.000,13-05-2005,"
Alm. Salg",11.228,5,Villa,118,1957,,Aktuel værdi
Hagestedvej 16,4532 Gislinge,1.350.000,07-05-2005,"
Alm. Salg",15.340,3,Villa,88,1947,,Aktuel værdi
Birkekær 45,4532 Gislinge,1.375.000,30-03-2005,"
Alm. Salg",10.826,5,Villa,127,1973,,Aktuel værdi
Bryggerivej 1,4532 Gislinge,1.037.000,09-03-2005,"
Alm. Salg",6.867,6,Villa,151,1928,,Aktuel værdi
Hejrevej 22,4532 Gislinge,1.795.000,02-03-2005,"
Alm. Salg",10.813,5,Villa,166,1989,,Aktuel værdi
Landevejen 24,4532 Gislinge,130.000,22-02-2005,"
Alm. Salg",1.083,4,Stuehus,120,1924,,
Tranekær 66,4532 Gislinge,225.000,11-01-2005,"
Alm. Salg",1.939,5,Villa,116,2006,,Aktuel værdi
Gislinge Fjordvej 10,4532 Gislinge,1.507.095,21-12-2004,"
Alm. Salg",6.359,7,Stuehus,237,1937,,
Strandvejen 4,4532 Gislinge,2.000.000,30-11-2004,"
Alm. Salg",19.230,5,Stuehus,104,1908,,
Landevejen 57,4532 Gislinge,950.000,29-11-2004,"
Alm. Salg",7.196,4,Villa,132,1917,,Aktuel værdi
Hagestedvej 25,4532 Gislinge,1.500.000,25-11-2004,"
Alm. Salg",10.344,4,Villa,145,1906,,Aktuel værdi
Landevejen 22,4532 Gislinge,1.150.000,11-11-2004,"
Fam. Salg",9.663,5,Stuehus,119,1916,,
Tranekær 59,4532 Gislinge,402.000,07-10-2004,"
Alm. Salg",2.697,5,Villa,149,2006,,Aktuel værdi
Adelers Alle 226,4532 Gislinge,495.000,09-09-2004,"
Alm. Salg",4.125,4,Villa,120,1940,,Aktuel værdi
Adelers Alle 224,4532 Gislinge,1.250.000,01-09-2004,"
Alm. Salg",14.204,3,Villa,88,1954,,Aktuel værdi
Landevejen 49,4532 Gislinge,1.388.372,30-08-2004,"
Alm. Salg",6.873,6,Stuehus,202,1914,,
Thorsvænge 1,4532 Gislinge,895.000,07-08-2004,"
Alm. Salg",9.040,4,Villa,99,1954,,Aktuel værdi
Tranekær 51,4532 Gislinge,215.000,23-07-2004,"
Alm. Salg",1.604,5,Villa,134,2007,,Aktuel værdi
Tranekær 70,4532 Gislinge,225.000,19-07-2004,"
Alm. Salg",1.520,5,Villa,148,2005,,Aktuel værdi
Bryggerivej 5,4532 Gislinge,795.000,13-07-2004,"
Alm. Salg",5.335,7,Villa,149,1937,,Aktuel værdi
Tranekær 68,4532 Gislinge,225.000,25-06-2004,"
Alm. Salg",1.584,6,Villa,142,2005,,Aktuel værdi
Vibevej 6,4532 Gislinge,855.000,23-06-2004,"
Alm. Salg",8.382,4,Villa,102,1965,,Aktuel værdi
Kirkevej 8,4532 Gislinge,1.110.000,18-06-2004,"
Alm. Salg",7.816,3,Villa,142,1900,,Aktuel værdi
Hagestedvej 27,4532 Gislinge,895.000,27-05-2004,"
Alm. Salg",6.347,5,Villa,141,1925,,Aktuel værdi
Kirkevej 17,4532 Gislinge,59.948,26-05-2004,"
Alm. Salg",302,6,Stuehus,198,1856,,
Landevejen 51,4532 Gislinge,1.808.808,28-04-2004,"
Alm. Salg",12.058,4,Stuehus,150,1900,,
Trønninge Nord 3,4532 Gislinge,9.520.000,06-04-2004,"
Fam. Salg",66.111,7,Stuehus,144,1873,,
Nyvej 1,4532 Gislinge,750.000,19-03-2004,"
Alm. Salg",8.620,3,Villa,87,1952,,Aktuel værdi
Landevejen 36,4532 Gislinge,604.123,15-03-2004,"
Alm. Salg",5.346,4,Villa,113,1890,,Aktuel værdi
Vænget 2,4532 Gislinge,726.842,23-02-2004,"
Andet",3.825,4,Villa,190,1969,,Aktuel værdi
Tranekær 31,4532 Gislinge,1.295.000,23-01-2004,"
Alm. Salg",9.736,5,Villa,133,1978,,Aktuel værdi
Lærkevej 11,4532 Gislinge,1.415.000,22-01-2004,"
Alm. Salg",8.843,4,Villa,160,1964,,Aktuel værdi
Solvej 4,4532 Gislinge,1.094.590,20-01-2004,"
Alm. Salg",8.899,4,Villa,123,1973,,Aktuel værdi
Adelers Alle 216,4532 Gislinge,1.215.000,15-12-2003,"
Alm. Salg",12.150,4,Villa,100,1957,,Aktuel værdi
Tranekær 45,4532 Gislinge,1.698.000,14-12-2003,"
Alm. Salg",10.167,7,Villa,167,1997,,Aktuel værdi
Thorsvænge 3,4532 Gislinge,760.000,08-12-2003,"
Alm. Salg",8.085,3,Villa,94,1945,,Aktuel værdi
Gl. Præstebrovej 16,4532 Gislinge,860.000,18-11-2003,"
Alm. Salg",10.487,2,Villa,82,1900,,Aktuel værdi
Stationsvej 2,4532 Gislinge,360.621,07-10-2003,"
Alm. Salg",1.646,12,Villa,219,1900,,Aktuel værdi
Teknikvej 7,4532 Gislinge,132.440,28-09-2003,"
Alm. Salg",812,5,Villa,163,2005,,Aktuel værdi
Tranekær 69,4532 Gislinge,327.752,24-09-2003,"
Alm. Salg",2.244,4,Villa,146,2005,,Aktuel værdi
Ny Hagestedvej 51,4532 Gislinge,1.300.000,15-09-2003,"
Alm. Salg",8.074,5,Villa,161,1960,,Aktuel værdi
Byvej 8,4532 Gislinge,750.000,04-09-2003,"
Alm. Salg",4.010,7,Villa,187,1912,,Aktuel værdi
Birkekær 15,4532 Gislinge,1.420.000,08-07-2003,"
Alm. Salg",7.634,7,Villa,186,1969,,Aktuel værdi
Byvej 57,4532 Gislinge,1.175.000,03-07-2003,"
Alm. Salg",9.325,4,Villa,126,1930,,Aktuel værdi
Gl. Præstebrovej 20,4532 Gislinge,1.695.000,27-06-2003,"
Alm. Salg",7.369,7,Villa,230,1827,,Aktuel værdi
Flægkær 5,4532 Gislinge,773.000,25-06-2003,"
Alm. Salg",4.417,6,Villa,175,1902,,Aktuel værdi
Teknikvej 4,4532 Gislinge,100.000,13-05-2003,"
Alm. Salg",543,6,Villa,184,2003,,Aktuel værdi
Adelers Alle 189,4532 Gislinge,575.000,14-04-2003,"
Fam. Salg",5.867,4,Villa,98,1953,,Aktuel værdi
Ny Hagestedvej 31,4532 Gislinge,1.375.000,30-03-2003,"
Alm. Salg",6.909,6,Villa,199,1904,,Aktuel værdi
Birkekær 49,4532 Gislinge,1.119.028,25-03-2003,"
Alm. Salg",8.811,5,Villa,127,1973,,Aktuel værdi
Vibevej 3,4532 Gislinge,1.000.000,19-03-2003,"
Alm. Salg",7.692,4,Villa,130,1962,,Aktuel værdi
Mosegårdsvej 2,4532 Gislinge,395.000,31-01-2003,"
Alm. Salg",4.438,3,Villa,89,1920,,Aktuel værdi
Sandbyvej 10B,4532 Gislinge,1.200.000,29-01-2003,"
Alm. Salg",8.000,5,Villa,150,1980,,Aktuel værdi
Teknikvej 5,4532 Gislinge,1.950.000,29-01-2003,"
Fam. Salg",11.403,5,Villa,171,2001,,Aktuel værdi
Teknikvej 9,4532 Gislinge,95.800,16-01-2003,"
Alm. Salg",731,5,Villa,131,2003,,Aktuel værdi
Byvej 22,4532 Gislinge,778.316,06-12-2002,"
Alm. Salg",7.206,4,Villa,108,1915,,Aktuel værdi
Tranekær 55,4532 Gislinge,215.000,17-10-2002,"
Alm. Salg",1.604,3,Villa,134,2003,,Aktuel værdi
Sandbyvej 5,4532 Gislinge,875.000,01-10-2002,"
Alm. Salg",7.882,3,Villa,111,1929,,Aktuel værdi
Byvej 27,4532 Gislinge,1.495.000,02-09-2002,"
Alm. Salg",4.933,8,Villa,303,1923,,Aktuel værdi
Tranekær 36,4532 Gislinge,1.000.000,25-08-2002,"
Alm. Salg",8.130,4,Villa,123,1980,,Aktuel værdi
Hagestedvej 30,4532 Gislinge,1.700.000,16-07-2002,"
Alm. Salg",-,7,Villa,228,1926,,Aktuel værdi
Sandbyvej 3,4532 Gislinge,1.074.830,10-06-2002,"
Alm. Salg",-,5,Villa,151,1929,,Aktuel værdi
Sandbyvej 29,4532 Gislinge,445.671,17-05-2002,"
Alm. Salg",1.904,5,Stuehus,234,1900,,
Øvejen 10A,4532 Gislinge,1.402.000,12-05-2002,"
Alm. Salg",10.308,6,Stuehus,136,1942,,
Adelers Alle 208,4532 Gislinge,10.150.000,22-04-2002,"
Alm. Salg",49.512,5,Stuehus,205,1995,,
Tranekær 64,4532 Gislinge,275.000,18-04-2002,"
Alm. Salg",1.361,6,Villa,202,2004,,Aktuel værdi
Adelers Alle 220,4532 Gislinge,1.299.642,14-04-2002,"
Alm. Salg",9.997,4,Villa,130,1943,,Aktuel værdi
Nyvej 6,4532 Gislinge,749.720,12-04-2002,"
Alm. Salg",4.868,4,Villa,154,1954,,Aktuel værdi
Byvej 48,4532 Gislinge,1.139.780,29-11-2001,"
Andet",7.598,7,Villa,150,1927,,Aktuel værdi
Birkekær 20,4532 Gislinge,1.211.220,02-11-2001,"
Alm. Salg",6.408,6,Villa,189,1972,,Aktuel værdi
Tuse Huse 2,4532 Gislinge,490.000,20-10-2001,"
Alm. Salg",5.833,3,Villa,84,1802,,Aktuel værdi
Adelers Alle 213,4532 Gislinge,818.560,05-10-2001,"
Alm. Salg",6.296,3,Villa,130,1950,,Aktuel værdi
Hagestedvej 26,4532 Gislinge,1.775.662,05-09-2001,"
Alm. Salg",10.893,6,Villa,163,1910,,Aktuel værdi
Byvej 28,4532 Gislinge,1.061.000,05-08-2001,"
Alm. Salg",-,7,Villa,165,1960,,Aktuel værdi
Tranekær 35,4532 Gislinge,1.185.404,25-07-2001,"
Alm. Salg",8.912,5,Villa,133,1978,,Aktuel værdi
Byvej 13,4532 Gislinge,410.000,10-07-2001,"
Alm. Salg",3.253,5,Villa,126,1915,,Aktuel værdi
Adelers Alle 201,4532 Gislinge,662.112,02-07-2001,"
Alm. Salg",5.911,5,Villa,112,1941,,Aktuel værdi
Ny Hagestedvej 11,4532 Gislinge,1.069.000,26-06-2001,"
Alm. Salg",7.918,4,Villa,135,1970,,Aktuel værdi
Kirkevej 24,4532 Gislinge,1.061.000,13-05-2001,"
Alm. Salg",6.241,6,Villa,170,1915,,Aktuel værdi
Ny Hagestedvej 53,4532 Gislinge,999.000,01-05-2001,"
Alm. Salg",7.928,5,Villa,126,1964,,Aktuel værdi
Bryggerivej 7,4532 Gislinge,510.000,26-04-2001,"
Alm. Salg",-,7,Villa,223,1932,,Aktuel værdi
Ny Hagestedvej 21,4532 Gislinge,760.000,20-04-2001,"
Alm. Salg",7.307,4,Villa,104,1960,,Aktuel værdi
Gl. Præstebrovej 22,4532 Gislinge,762.560,16-03-2001,"
Alm. Salg",6.052,5,Villa,126,1927,,Aktuel værdi
Østre Vej 1B,4532 Gislinge,665.050,13-03-2001,"
Alm. Salg",9.366,3,Stuehus,71,1902,,
Hagestedvej 15,4532 Gislinge,450.000,01-03-2001,"
Fam. Salg",4.891,3,Villa,92,1959,,Aktuel værdi
Strædet 6,4532 Gislinge,678.000,12-02-2001,"
Alm. Salg",4.291,7,Villa,158,1963,,Aktuel værdi
Lærkevej 9,4532 Gislinge,689.842,30-01-2001,"
Alm. Salg",5.796,4,Villa,119,1966,,Aktuel værdi
Ternevej 2,4532 Gislinge,1.596.112,22-01-2001,"
Alm. Salg",6.909,8,Villa,231,1987,,Aktuel værdi
Mosegårdsvej 3,4532 Gislinge,90.000,22-12-2000,"
Alm. Salg",588,6,Stuehus,153,1913,,
Ny Hagestedvej 48,4532 Gislinge,910.000,14-12-2000,"
Fam. Salg",6.107,3,Villa,149,1971,,Aktuel værdi
Hagestedvej 1,4532 Gislinge,820.000,30-11-2000,"
Alm. Salg",6.721,4,Villa,122,1910,,Aktuel værdi
Solvej 19,4532 Gislinge,975.000,28-11-2000,"
Alm. Salg",5.508,6,Villa,177,1971,,Aktuel værdi
Ny Hagestedvej 13,4532 Gislinge,976.500,15-11-2000,"
Alm. Salg",7.233,4,Villa,135,1967,,Aktuel værdi
Ny Hagestedvej 71,4532 Gislinge,3.075.000,18-09-2000,"
Alm. Salg",15.298,6,Stuehus,201,1872,,
Landevejen 45,4532 Gislinge,1.295.700,13-08-2000,"
Alm. Salg",7.900,8,Villa,164,1900,,Aktuel værdi
Landevejen 34,4532 Gislinge,1.457.000,29-07-2000,"
Alm. Salg",9.280,5,Stuehus,157,1912,,
Tranekær 46,4532 Gislinge,175.000,19-07-2000,"
Alm. Salg",1.388,5,Villa,126,2001,,Aktuel værdi
Vænget 14,4532 Gislinge,810.460,16-07-2000,"
Alm. Salg",6.868,4,Villa,118,1967,,Aktuel værdi
Thorsvænge 5,4532 Gislinge,588.000,20-06-2000,"
Auktion",5.495,4,Villa,107,1946,,Aktuel værdi
Thorsvænge 2,4532 Gislinge,633.000,15-06-2000,"
Alm. Salg",9.042,2,Villa,70,1946,,Aktuel værdi
Byvej 36,4532 Gislinge,775.000,14-05-2000,"
Alm. Salg",6.054,4,Villa,128,1954,,Aktuel værdi
Nyvej 8,4532 Gislinge,499.586,09-05-2000,"
Alm. Salg",4.421,4,Villa,113,1960,,Aktuel værdi
Strandvejen 11,4532 Gislinge,1.188.460,30-03-2000,"
Alm. Salg",4.697,7,Stuehus,253,1914,,
Kirkevej 14,4532 Gislinge,899.000,19-03-2000,"
Alm. Salg",4.586,7,Villa,196,1915,,Aktuel værdi
Lærkevej 3,4532 Gislinge,890.000,21-02-2000,"
Alm. Salg",6.953,4,Villa,128,1978,,Aktuel værdi
Hovedgaden 1,4532 Gislinge,128.000,22-09-1999,"
Alm. Salg",800,4,Villa,160,1860,,Aktuel værdi
Adelers Alle 197,4532 Gislinge,2.570.000,21-09-1999,"
Alm. Salg",16.062,7,Stuehus,160,1965,,
Birkekær 21A,4532 Gislinge,440.000,17-09-1999,"
Alm. Salg",7.586,2,Rækkehus,58,1973,,Aktuel værdi
Gislinge Fjordvej 12,4532 Gislinge,800.000,11-09-1999,"
Alm. Salg",7.017,3,Stuehus,114,1909,,
Øvejen 6,4532 Gislinge,350.000,21-08-1999,"
Fam. Salg",4.605,2,Villa,76,1917,,Aktuel værdi
Lundemarken 19,4532 Gislinge,1.697.000,27-07-1999,"
Alm. Salg",9.480,5,Stuehus,179,1916,,
Sandbyvej 19,4532 Gislinge,1.232.000,13-07-1999,"
Auktion",7.512,5,Villa,164,1951,,Aktuel værdi
Birkekær 21D,4532 Gislinge,467.000,27-06-1999,"
Alm. Salg",7.915,2,Rækkehus,59,1973,,Aktuel værdi
Birkekær 21C,4532 Gislinge,436.000,12-06-1999,"
Alm. Salg",7.517,2,Rækkehus,58,1973,,Aktuel værdi
Ny Hagestedvej 4,4532 Gislinge,634.755,08-06-1999,"
Alm. Salg",-,4,Villa,181,1958,,Aktuel værdi
Adelers Alle 228,4532 Gislinge,1.591.000,08-05-1999,"
Alm. Salg",11.446,10,Villa,139,1946,,Aktuel værdi
Ternevej 13,4532 Gislinge,800.000,04-05-1999,"
Alm. Salg",-,4,Villa,130,1981,,Aktuel værdi
Ny Hagestedvej 61,4532 Gislinge,1.061.000,28-04-1999,"
Alm. Salg",6.590,4,Stuehus,161,1790,,
Strandvejen 2,4532 Gislinge,1.000.000,19-02-1999,"
Alm. Salg",5.681,9,Stuehus,176,1875,,
Trønninge Nord 5,4532 Gislinge,550.000,02-02-1999,"
Alm. Salg",5.729,3,Stuehus,96,1900,,
Landevejen 32,4532 Gislinge,1.300.000,25-12-1998,"
Fam. Salg",5.200,9,Stuehus,250,2011,,
Kirkevej 9,4532 Gislinge,531.930,07-11-1998,"
Alm. Salg",5.910,5,Villa,90,1877,,Aktuel værdi
Præstebrovej 48A,4532 Gislinge,142.973,26-10-1998,"
Alm. Salg",1.374,4,Villa,104,1945,,Aktuel værdi
Hovedgaden 8,4532 Gislinge,680.000,26-10-1998,"
Fam. Salg",5.666,4,Villa,120,1910,,Aktuel værdi
Landevejen 47,4532 Gislinge,991.855,04-09-1998,"
Alm. Salg",3.295,8,Villa,301,1900,,Aktuel værdi
Tranekær 28,4532 Gislinge,815.460,28-08-1998,"
Alm. Salg",6.131,4,Villa,133,1978,,Aktuel værdi
Tranekær 48,4532 Gislinge,175.000,08-06-1998,"
Alm. Salg",1.080,5,Villa,162,1998,,Aktuel værdi
Sandbyvej 16A,4532 Gislinge,358.643,06-06-1998,"
Alm. Salg",4.219,4,Villa,85,1956,,Aktuel værdi
Birkekær 42,4532 Gislinge,874.524,03-04-1998,"
Alm. Salg",6.526,4,Villa,134,1974,,Aktuel værdi
Ny Hagestedvej 30,4532 Gislinge,710.000,21-03-1998,"
Alm. Salg",-,6,Villa,184,1960,,Aktuel værdi
Kirkevej 16,4532 Gislinge,392.851,27-02-1998,"
Alm. Salg",-,5,Villa,197,1877,,Aktuel værdi
Tranekær 41,4532 Gislinge,135.000,29-10-1997,"
Alm. Salg",906,5,Villa,149,1998,,Aktuel værdi
Vænget 10,4532 Gislinge,898.000,08-09-1997,"
Alm. Salg",5.647,6,Villa,159,1974,,Aktuel værdi
Ternevej 8,4532 Gislinge,877.750,01-09-1997,"
Alm. Salg",6.095,4,Villa,144,1984,,Aktuel værdi
Hagestedvej 2,4532 Gislinge,230.000,17-08-1997,"
Alm. Salg",-,5,Stuehus,96,1934,,
Byvej 55,4532 Gislinge,467.280,25-06-1997,"
Alm. Salg",-,4,Villa,183,1930,,Aktuel værdi
Tranekær 50,4532 Gislinge,135.000,19-06-1997,"
Alm. Salg",1.088,4,Villa,124,1998,,Aktuel værdi
Strandvejen 8,4532 Gislinge,781.160,12-06-1997,"
Alm. Salg",5.007,7,Villa,156,1913,,Aktuel værdi
Vibevej 14A,4532 Gislinge,580.000,08-06-1997,"
Alm. Salg",6.590,4,Rækkehus,88,1991,,Aktuel værdi
Byvej 4,4532 Gislinge,356.000,14-05-1997,"
Alm. Salg",-,4,Villa,148,1885,,Aktuel værdi
Tranekær 43,4532 Gislinge,150.000,22-04-1997,"
Alm. Salg",1.119,5,Villa,134,1998,,Aktuel værdi
Sandbyvej 2,4532 Gislinge,464.000,02-04-1997,"
Alm. Salg",5.800,3,Villa,80,1963,,Aktuel værdi
Adelers Alle 210,4532 Gislinge,972.000,01-04-1997,"
Alm. Salg",7.253,4,Stuehus,134,1900,,
Hagestedvej 7A,4532 Gislinge,711.000,02-03-1997,"
Alm. Salg",2.844,6,Villa,250,1900,,Aktuel værdi
Adelers Alle 206,4532 Gislinge,500.000,09-01-1997,"
Fam. Salg",2.994,4,Villa,167,1884,,Aktuel værdi
Hagestedvej 10,4532 Gislinge,522.720,20-12-1996,"
Alm. Salg",4.625,3,Rækkehus,113,1947,,Aktuel værdi
Ny Hagestedvej 49,4532 Gislinge,578.000,18-12-1996,"
Alm. Salg",5.070,3,Villa,114,1947,,Aktuel værdi
Birkekær 55,4532 Gislinge,784.560,12-11-1996,"
Alm. Salg",4.842,6,Villa,162,1973,,Aktuel værdi
Birkekær 2,4532 Gislinge,892.000,25-10-1996,"
Alm. Salg",3.878,7,Villa,230,1968,,Aktuel værdi
Byvej 69,4532 Gislinge,565.000,11-10-1996,"
Alm. Salg",3.817,4,Villa,148,1958,,Aktuel værdi
Byvej 46,4532 Gislinge,485.000,02-10-1996,"
Alm. Salg",6.381,4,Villa,76,1948,,Aktuel værdi
Tuse Huse 8,4532 Gislinge,583.000,30-08-1996,"
Alm. Salg",4.554,4,Villa,128,1830,,Aktuel værdi
Lundemarken 17,4532 Gislinge,501.970,25-08-1996,"
Alm. Salg",-,5,Villa,173,1916,,Aktuel værdi
Tranekær 33,4532 Gislinge,550.000,20-08-1996,"
Alm. Salg",5.140,3,Villa,107,1978,,Aktuel værdi
Østre Vej 4,4532 Gislinge,180.000,29-06-1996,"
Alm. Salg",825,7,Stuehus,218,1877,,
Byvej 6,4532 Gislinge,641.000,30-05-1996,"
Alm. Salg",5.211,4,Villa,123,1967,,Aktuel værdi
Bringergården 4,4532 Gislinge,1.335.000,15-05-1996,"
Alm. Salg",-,5,Stuehus,164,1875,,
Tranekær 27,4532 Gislinge,776.000,12-04-1996,"
Alm. Salg",6.158,4,Villa,126,1979,,Aktuel værdi
Birkekær 30,4532 Gislinge,640.000,25-03-1996,"
Alm. Salg",5.378,4,Villa,119,1974,,Aktuel værdi
Ny Hagestedvej 44A,4532 Gislinge,425.000,02-01-1996,"
Alm. Salg",-,4,Villa,152,1913,,Aktuel værdi
Ny Hagestedvej 35,4532 Gislinge,1.280.000,01-12-1995,"
Alm. Salg",7.664,5,Stuehus,167,1904,,
Solvej 11,4532 Gislinge,585.000,17-10-1995,"
Alm. Salg",5.969,4,Villa,98,1970,,Aktuel værdi
Hovedgaden 7,4532 Gislinge,622.000,30-09-1995,"
Alm. Salg",3.189,7,Villa,195,1860,,Aktuel værdi
Vænget 12,4532 Gislinge,712.280,28-09-1995,"
Alm. Salg",5.237,4,Villa,136,1965,,Aktuel værdi
Ny Hagestedvej 50,4532 Gislinge,495.780,17-08-1995,"
Alm. Salg",3.618,4,Villa,137,1900,,Aktuel værdi
Tranekær 7,4532 Gislinge,615.000,16-06-1995,"
Alm. Salg",6.340,4,Villa,97,1977,,Aktuel værdi
Østre Vej 18,4532 Gislinge,192.000,30-05-1995,"
Alm. Salg",2.042,4,Villa,94,1908,,Aktuel værdi
Tranekær 25,4532 Gislinge,315.000,29-05-1995,"
Fam. Salg",2.560,4,Villa,123,1978,,Aktuel værdi
Flægkær 11,4532 Gislinge,460.000,16-05-1995,"
Alm. Salg",4.035,5,Stuehus,114,1877,,
Flægkær 3,4532 Gislinge,544.055,18-03-1995,"
Alm. Salg",-,3,Stuehus,114,1902,,
Vibevej 16,4532 Gislinge,795.960,14-03-1995,"
Alm. Salg",6.076,4,Villa,131,1978,,Aktuel værdi
Tranekær 9,4532 Gislinge,765.000,13-03-1995,"
Alm. Salg",5.666,5,Villa,135,1977,,Aktuel værdi
Lærkevej 8,4532 Gislinge,675.000,01-03-1995,"
Alm. Salg",4.017,6,Villa,168,1968,,Aktuel værdi
Ny Hagestedvej 2,4532 Gislinge,103.234,26-01-1995,"
Andet",345,10,Villa,299,1877,,Aktuel værdi
Øvejen 10B,4532 Gislinge,575.000,25-01-1995,"
Alm. Salg",2.153,6,Villa,267,1949,,Aktuel værdi
Byvej 41,4532 Gislinge,380.000,13-12-1994,"
Alm. Salg",-,6,Villa,140,1898,,Aktuel værdi
Lærkevej 13,4532 Gislinge,627.000,12-12-1994,"
Alm. Salg",3.993,4,Villa,157,1965,,Aktuel værdi
Østre Vej 10,4532 Gislinge,270.000,30-10-1994,"
Alm. Salg",1.232,6,Villa,219,1900,,Aktuel værdi
Gl. Præstebrovej 30,4532 Gislinge,235.000,28-10-1994,"
Alm. Salg",1.516,4,Villa,155,1857,,Aktuel værdi
Sandbyvej 6,4532 Gislinge,425.000,10-10-1994,"
Alm. Salg",3.794,6,Villa,112,1942,,Aktuel værdi
Ny Hagestedvej 24,4532 Gislinge,450.000,05-08-1994,"
Alm. Salg",3.879,4,Villa,116,1926,,Aktuel værdi
Hovedgaden 26,4532 Gislinge,265.000,04-08-1994,"
Alm. Salg",-,7,Villa,110,1915,,Aktuel værdi
Præstebrovej 21,4532 Gislinge,615.000,19-07-1994,"
Alm. Salg",-,8,Villa,214,1917,,Aktuel værdi
Flægkær 7,4532 Gislinge,450.000,02-07-1994,"
Alm. Salg",5.294,3,Villa,85,1902,,Aktuel værdi
Vænget 1B,4532 Gislinge,455.420,27-05-1994,"
Alm. Salg",-,3,Rækkehus,77,1979,,Aktuel værdi
Landevejen 44,4532 Gislinge,750.000,01-05-1994,"
Alm. Salg",5.067,5,Stuehus,148,1897,,
Ny Hagestedvej 17,4532 Gislinge,610.000,20-04-1994,"
Alm. Salg",4.326,4,Villa,141,1962,,Aktuel værdi
Lærkevej 1,4532 Gislinge,580.000,23-03-1994,"
Alm. Salg",3.085,6,Villa,188,1974,,Aktuel værdi
Gl. Præstebrovej 8,4532 Gislinge,460.600,11-03-1994,"
Alm. Salg",4.797,3,Villa,96,1974,,Aktuel værdi
Grevingevej 1,4532 Gislinge,197.087,17-01-1994,"
Alm. Salg",1.417,9,Villa,139,1827,,Aktuel værdi
Vænget 6,4532 Gislinge,470.000,21-10-1993,"
Alm. Salg",3.760,4,Villa,125,1963,,Aktuel værdi
Hejrevej 12,4532 Gislinge,520.495,19-10-1993,"
Alm. Salg",2.514,6,Villa,207,1989,,Aktuel værdi
Hagestedvej 19,4532 Gislinge,188.562,18-10-1993,"
Alm. Salg",1.571,5,Villa,120,1836,,Aktuel værdi
Tranekær 3,4532 Gislinge,650.000,01-10-1993,"
Fam. Salg",3.421,7,Villa,190,1977,,Aktuel værdi
Gl. Præstebrovej 9,4532 Gislinge,35.780,17-09-1993,"
Andet",214,5,Stuehus,167,1916,,
Byvej 47,4532 Gislinge,475.000,07-09-1993,"
Alm. Salg",3.298,6,Villa,144,1928,,Aktuel værdi
Hagestedvej 8,4532 Gislinge,213.600,09-08-1993,"
Alm. Salg",4.359,3,Rækkehus,49,1947,,Aktuel værdi
Landevejen 14,4532 Gislinge,775.000,06-07-1993,"
Alm. Salg",4.558,7,Stuehus,170,1916,,
Landevejen 59,4532 Gislinge,460.000,05-05-1993,"
Alm. Salg",2.323,9,Engroshandel,198,1887,,Aktuel værdi
Hovedgaden 12B,4532 Gislinge,150.000,30-03-1993,"
Alm. Salg",1.704,4,Villa,88,1930,,Aktuel værdi
Hovedgaden 14,4532 Gislinge,231.000,24-02-1993,"
Alm. Salg",2.887,3,Villa,80,1900,,Aktuel værdi
Byvej 14,4532 Gislinge,320.098,01-02-1993,"
Alm. Salg",3.169,3,Villa,101,1907,,Aktuel værdi
Birkekær 26,4532 Gislinge,675.000,17-12-1992,"
Alm. Salg",5.400,4,Villa,125,1973,,Aktuel værdi
Landevejen 79,4532 Gislinge,300.000,02-12-1992,"
Alm. Salg",2.222,6,Villa,135,1939,,Aktuel værdi
Adelers Alle 205,4532 Gislinge,829.000,13-10-1992,"
Alm. Salg",-,5,Villa,137,1953,,Aktuel værdi
Sandbyvej 15A,4532 Gislinge,450.000,05-08-1992,"
Alm. Salg",2.319,6,Villa,194,1725,,Aktuel værdi
Byvej 73,4532 Gislinge,515.000,04-06-1992,"
Alm. Salg",3.366,6,Villa,153,1959,,Aktuel værdi
Hovedgaden 5,4532 Gislinge,490.500,04-06-1992,"
Alm. Salg",3.832,7,Industri o.l.,128,1964,,Aktuel værdi
Ny Hagestedvej 59A,4532 Gislinge,118.764,12-04-1992,"
Alm. Salg",-,6,Stuehus,157,1920,,
Lærkevej 10,4532 Gislinge,510.000,13-01-1992,"
Alm. Salg",4.214,4,Villa,121,1969,,Aktuel værdi
