address,zip_code,price,sell_date,sell_type,price_per_sq_m,no_rooms,housing_type,size_in_sq_m,year_of_construction,price_change_in_pct
Sejerøvej 55,4592 Sejerø,100.000,07-04-2017,"
Alm. Salg",943,3,Stuehus,106,1909,,
Sejerøvej 14,4592 Sejerø,85.000,24-03-2017,"
Fam. Salg",833,5,Stuehus,102,1914,,
Svaleklint 55,4592 Sejerø,100.000,16-03-2017,"
Alm. Salg",2.777,2,Sommerhus,36,1973,,Aktuel værdi
Ryevej 7,4592 Sejerø,550.000,06-03-2017,"
Fam. Salg",9.322,3,Sommerhus,59,1956,,Aktuel værdi
Sejerøvej 21,4592 Sejerø,77.935,13-02-2017,"
Alm. Salg",728,5,Stuehus,107,1912,,
Vestervej 25,4592 Sejerø,510.000,30-01-2017,"
Alm. Salg",8.095,3,Villa,63,1945,3 %,Aktuel værdi
Gniben 16A,4592 Sejerø,147.500,16-01-2017,"
Fam. Salg",1.798,4,Sommerhus,82,1933,,Aktuel værdi
Sejerøvej 19,4592 Sejerø,200.000,13-01-2017,"
Fam. Salg",1.680,5,Villa,119,1910,,Aktuel værdi
Knopurtvej 2A,4592 Sejerø,463.000,20-12-2016,"
Fam. Salg",3.307,5,Sommerhus,140,2012,,Aktuel værdi
Mastrupvej 49,4592 Sejerø,739.500,26-11-2016,"
Fam. Salg",4.154,7,Villa,178,1889,,Aktuel værdi
Gniben Strand 4,4592 Sejerø,340.000,19-11-2016,"
Fam. Salg",7.234,1,Sommerhus,47,1980,,Aktuel værdi
Sejerbyvej 60,4592 Sejerø,750.000,03-11-2016,"
Alm. Salg",6.198,5,Villa,121,1912,-6 %,Aktuel værdi
Gniben Strand 7,4592 Sejerø,790.500,10-10-2016,"
Fam. Salg",10.682,4,Sommerhus,74,2013,,Aktuel værdi
Svaleklint 24,4592 Sejerø,515.000,30-09-2016,"
Fam. Salg",9.196,4,Sommerhus,56,1977,,Aktuel værdi
Mastrupvej 25,4592 Sejerø,550.000,03-09-2016,"
Alm. Salg",4.230,4,Villa,130,1973,-8 %,Aktuel værdi
Kongstrupvej 26,4592 Sejerø,331.500,24-08-2016,"
Fam. Salg",3.250,5,Villa,102,1877,,Aktuel værdi
Lundehøj 4,4592 Sejerø,459.000,24-06-2016,"
Fam. Salg",9.978,3,Sommerhus,46,1970,,Aktuel værdi
Kongstrupvej 34,4592 Sejerø,825.000,09-06-2016,"
Alm. Salg",5.892,6,Villa,140,1900,-17 %,Aktuel værdi
Svaleklint 54,4592 Sejerø,625.000,05-04-2016,"
Alm. Salg",12.254,3,Sommerhus,51,1981,-4 %,Aktuel værdi
Brovej 15B,4592 Sejerø,600.000,01-03-2016,"
Andet",4.255,4,Villa,141,1977,,Aktuel værdi
Sejerbyvej 23,4592 Sejerø,111.000,24-02-2016,"
Auktion",1.144,4,Villa,97,1902,-50 %,Aktuel værdi
Kongstrupvej 4,4592 Sejerø,60.000,23-02-2016,"
Alm. Salg",606,3,Villa,99,1935,,Aktuel værdi
Sejerøvej 39,4592 Sejerø,1.420.000,16-02-2016,"
Fam. Salg",8.554,6,Stuehus,166,1876,,
Brovej 1,4592 Sejerø,131.000,08-02-2016,"
Auktion",635,5,Villa,206,1904,,Aktuel værdi
Ryevej 21,4592 Sejerø,365.000,30-12-2015,"
Alm. Salg",7.765,3,Sommerhus,47,1965,,Aktuel værdi
Svaleklint 37,4592 Sejerø,425.000,06-12-2015,"
Fam. Salg",10.119,3,Sommerhus,42,1975,,Aktuel værdi
Mastrupvej 45,4592 Sejerø,580.000,01-12-2015,"
Fam. Salg",6.987,3,Sommerhus,83,1796,,Aktuel værdi
Sejerøvej 10,4592 Sejerø,300.000,28-11-2015,"
Alm. Salg",2.727,3,Villa,110,1965,-24 %,Aktuel værdi
Vestervej 43,4592 Sejerø,1.400.000,26-11-2015,"
Alm. Salg",24.561,3,Sommerhus,57,2008,-26 %,Aktuel værdi
Skelbjergvej 1,4592 Sejerø,775.000,18-11-2015,"
Alm. Salg",7.524,4,Villa,103,1877,,Aktuel værdi
Lydebjergvej 7,4592 Sejerø,300.000,17-11-2015,"
Alm. Salg",-,1,Sommerhus,25,1992,,Aktuel værdi
Sejerbyvej 29,4592 Sejerø,400.000,25-09-2015,"
Alm. Salg",3.883,5,Villa,103,1950,-15 %,Aktuel værdi
Gniben Strand 21,4592 Sejerø,890.000,24-09-2015,"
Alm. Salg",15.892,3,Sommerhus,56,1973,,Aktuel værdi
Lejlighedsvej 6,4592 Sejerø,330.000,22-09-2015,"
Fam. Salg",8.684,3,Sommerhus,38,1978,,Aktuel værdi
Drengediget 3,4592 Sejerø,800.000,11-09-2015,"
Alm. Salg",16.000,2,Sommerhus,50,1971,-11 %,Aktuel værdi
Fruergårdsvej 9,4592 Sejerø,650.000,06-09-2015,"
Alm. Salg",6.435,4,Sommerhus,101,1981,-4 %,Aktuel værdi
Gniben Strand 102,4592 Sejerø,250.000,13-08-2015,"
Alm. Salg",6.250,3,Sommerhus,40,1969,-15 %,Aktuel værdi
Brovej 20,4592 Sejerø,207.000,12-08-2015,"
Auktion",1.522,7,Villa,136,1973,-65 %,Aktuel værdi
Vestervej 6A,4592 Sejerø,1.695.000,10-08-2015,"
Alm. Salg",24.926,3,Sommerhus,68,1900,0 %,Aktuel værdi
Sejerbyvej 10,4592 Sejerø,325.500,07-08-2015,"
Alm. Salg",3.576,5,Villa,91,1900,0 %,Aktuel værdi
Gniben Strand 22,4592 Sejerø,1.135.000,24-07-2015,"
Alm. Salg",12.611,3,Sommerhus,90,1972,-5 %,Aktuel værdi
Svaleklint 33,4592 Sejerø,1.375.000,28-06-2015,"
Alm. Salg",18.581,3,Sommerhus,74,2003,,Aktuel værdi
Kongstrupvej 10,4592 Sejerø,875.000,01-04-2015,"
Alm. Salg",5.177,5,Villa,169,1981,-5 %,Aktuel værdi
Sejerøvej 37,4592 Sejerø,3.195.000,30-03-2015,"
Alm. Salg",18.362,5,Stuehus,174,1945,,
Gniben Strand 26,4592 Sejerø,442.000,02-03-2015,"
Fam. Salg",10.279,4,Sommerhus,43,1967,,Aktuel værdi
Gniben 19,4592 Sejerø,3.200.000,08-01-2015,"
Alm. Salg",18.181,7,Villa,176,1852,,Aktuel værdi
Sejerøvej 2,4592 Sejerø,550.000,01-01-2015,"
Alm. Salg",5.188,4,Stuehus,106,1900,,
Skansevej 7,4592 Sejerø,663.000,21-12-2014,"
Fam. Salg",4.333,4,Villa,153,1966,,Aktuel værdi
Kongstrupvej 19A,4592 Sejerø,305.000,03-11-2014,"
Alm. Salg",5.648,2,Sommerhus,54,2005,-19 %,Aktuel værdi
Malurtvej 6,4592 Sejerø,450.000,23-10-2014,"
Alm. Salg",9.574,3,Sommerhus,47,1959,,Aktuel værdi
Sejerøvej 43,4592 Sejerø,333.362,16-10-2014,"
Fam. Salg",2.732,5,Stuehus,122,1793,,
Svaleklint 13,4592 Sejerø,75.000,24-09-2014,"
Alm. Salg",1.315,2,Sommerhus,57,1973,,Aktuel værdi
Kyllingevej 4,4592 Sejerø,572.500,05-09-2014,"
Alm. Salg",4.209,6,Sommerhus,136,1905,-42 %,Aktuel værdi
Svaleklint 10,4592 Sejerø,900.000,01-09-2014,"
Fam. Salg",15.517,4,Sommerhus,58,1969,,Aktuel værdi
Kongstrupvej 19B,4592 Sejerø,300.000,01-09-2014,"
Alm. Salg",5.555,2,Sommerhus,54,2005,,Aktuel værdi
Tobisvej 4,4592 Sejerø,750.000,22-08-2014,"
Alm. Salg",17.045,3,Sommerhus,44,1981,,Aktuel værdi
Brovej 7,4592 Sejerø,450.000,26-07-2014,"
Alm. Salg",4.787,4,Villa,94,1907,0 %,Aktuel værdi
Vestervej 14,4592 Sejerø,2.150.000,21-07-2014,"
Alm. Salg",13.437,6,Villa,160,1914,,Aktuel værdi
Vester Strandvej 23,4592 Sejerø,650.000,20-06-2014,"
Alm. Salg",10.156,4,Sommerhus,64,1966,-24 %,Aktuel værdi
Knoldebjerg 27,4592 Sejerø,850.000,02-06-2014,"
Alm. Salg",11.184,3,Sommerhus,76,1976,,Aktuel værdi
Kongstrupvej 8,4592 Sejerø,320.000,24-05-2014,"
Alm. Salg",2.519,4,Villa,127,1940,,Aktuel værdi
Gniben Strand 30,4592 Sejerø,775.000,21-05-2014,"
Alm. Salg",14.903,4,Sommerhus,52,1968,,Aktuel værdi
Lydebjergvej 12,4592 Sejerø,208.080,15-04-2014,"
Fam. Salg",2.890,4,Sommerhus,72,2015,,Aktuel værdi
Sejerøvej 25,4592 Sejerø,367.261,21-01-2014,"
Fam. Salg",4.270,2,Villa,86,1890,,Aktuel værdi
Kongstrupvej 20,4592 Sejerø,2.245.000,12-01-2014,"
Alm. Salg",14.867,4,Stuehus,151,1870,,
Mastrupvej 71,4592 Sejerø,720.000,26-10-2013,"
Alm. Salg",17.142,1,Sommerhus,42,2012,,Aktuel værdi
Kongstrupvej 19C,4592 Sejerø,650.000,01-10-2013,"
Alm. Salg",12.037,2,Sommerhus,54,2005,,Aktuel værdi
Vestervej 16,4592 Sejerø,405.000,27-09-2013,"
Alm. Salg",8.100,4,Sommerhus,50,1968,,Aktuel værdi
Svaleklint 12,4592 Sejerø,200.000,26-09-2013,"
Fam. Salg",3.508,5,Sommerhus,57,1960,,Aktuel værdi
Sejerbyvej 5,4592 Sejerø,238.000,04-09-2013,"
Fam. Salg",2.016,4,Villa,118,1906,,Aktuel værdi
Sejerøvej 40,4592 Sejerø,700.000,01-08-2013,"
Alm. Salg",5.426,3,Stuehus,129,1912,,
Sejerøvej 20,4592 Sejerø,500.000,22-06-2013,"
Alm. Salg",4.385,2,Villa,114,1890,-12 %,Aktuel værdi
Gniben Strand 90,4592 Sejerø,101.660,20-06-2013,"
Fam. Salg",2.541,2,Sommerhus,40,2014,,Aktuel værdi
Gniben Strand 14,4592 Sejerø,1.700.000,18-05-2013,"
Alm. Salg",28.333,3,Sommerhus,60,1974,,Aktuel værdi
Svaleklint 38,4592 Sejerø,850.000,17-05-2013,"
Alm. Salg",15.740,4,Sommerhus,54,2004,,Aktuel værdi
Gniben Strand 51,4592 Sejerø,525.000,10-05-2013,"
Alm. Salg",7.954,3,Sommerhus,66,1971,,Aktuel værdi
Kongstrupvej 19E,4592 Sejerø,335.000,29-04-2013,"
Alm. Salg",6.203,2,Sommerhus,54,2005,,Aktuel værdi
Brovej 12,4592 Sejerø,175.000,10-04-2013,"
Alm. Salg",1.590,10,Servicevirksomhed,110,1847,-30 %,Aktuel værdi
Svaleklint 41,4592 Sejerø,675.000,06-04-2013,"
Alm. Salg",13.500,5,Sommerhus,50,1973,,Aktuel værdi
Sejerbyvej 9,4592 Sejerø,975.000,02-04-2013,"
Alm. Salg",5.446,4,Villa,179,1975,,Aktuel værdi
Gniben Strand 114I,4592 Sejerø,130.000,20-03-2013,"
Alm. Salg",2.653,2,Sommerhus,49,2015,-13 %,Aktuel værdi
Brovej 16,4592 Sejerø,675.000,09-03-2013,"
Alm. Salg",6.490,5,Villa,104,1968,,Aktuel værdi
Sejerøvej 30,4592 Sejerø,775.000,22-02-2013,"
Alm. Salg",6.798,5,Villa,114,1900,,Aktuel værdi
Sejerøvej 33,4592 Sejerø,60.000,21-02-2013,"
Alm. Salg",317,5,Villa,189,2005,,Aktuel værdi
Gniben Strand 39,4592 Sejerø,375.000,01-02-2013,"
Fam. Salg",3.906,5,Sommerhus,96,2008,,Aktuel værdi
Svaleklint 53,4592 Sejerø,255.000,15-01-2013,"
Alm. Salg",7.285,2,Sommerhus,35,1985,,Aktuel værdi
Kongstrupvej 32,4592 Sejerø,790.344,10-01-2013,"
Fam. Salg",4.272,5,Villa,185,1900,,Aktuel værdi
Kongstrupvej 1,4592 Sejerø,165.000,24-12-2012,"
Alm. Salg",937,4,Villa,176,1900,,Aktuel værdi
Svaleklint 42,4592 Sejerø,705.500,20-12-2012,"
Fam. Salg",10.853,3,Sommerhus,65,2007,,Aktuel værdi
Sejerøvej 26,4592 Sejerø,50.000,19-11-2012,"
Auktion",520,4,Stuehus,96,1780,,
Brobjergvej 3,4592 Sejerø,430.000,19-11-2012,"
Auktion",6.323,4,Sommerhus,68,1978,,Aktuel værdi
Gniben Strand 100,4592 Sejerø,325.000,19-11-2012,"
Fam. Salg",5.701,2,Sommerhus,57,1973,,Aktuel værdi
Gniben Strand 23,4592 Sejerø,550.000,01-11-2012,"
Alm. Salg",11.000,3,Sommerhus,50,1968,-31 %,Aktuel værdi
Svaleklint 46,4592 Sejerø,600.000,19-09-2012,"
Alm. Salg",8.695,4,Sommerhus,69,1970,,Aktuel værdi
Sejerbyvej 2,4592 Sejerø,550.000,21-08-2012,"
Alm. Salg",8.088,5,Biograf o.l.,68,1890,,Aktuel værdi
Gniben Strand 114G,4592 Sejerø,1.685.000,14-08-2012,"
Alm. Salg",16.047,4,Sommerhus,105,2008,,Aktuel værdi
Gniben Strand 114E,4592 Sejerø,160.000,07-08-2012,"
Alm. Salg",2.162,4,Sommerhus,74,2014,-18 %,Aktuel værdi
Gniben Strand 24A,4592 Sejerø,150.000,31-05-2012,"
Alm. Salg",1.190,3,Sommerhus,126,1938,,Aktuel værdi
Sejerbyvej 20,4592 Sejerø,130.000,30-04-2012,"
Alm. Salg",1.382,3,Villa,94,1880,,Aktuel værdi
Gniben Strand 41,4592 Sejerø,800.000,21-03-2012,"
Alm. Salg",12.903,3,Sommerhus,62,2007,,Aktuel værdi
Sejerbyvej 42J,4592 Sejerø,600.000,05-03-2012,"
Alm. Salg",4.411,6,Villa,136,1929,,Aktuel værdi
Brovej 10,4592 Sejerø,575.000,18-02-2012,"
Alm. Salg",4.831,5,Villa,119,1949,,Aktuel værdi
Malurtvej 3,4592 Sejerø,710.000,18-01-2012,"
Fam. Salg",12.033,3,Sommerhus,59,1976,,Aktuel værdi
Svaleklint 30,4592 Sejerø,168.000,13-01-2012,"
Andet",3.818,2,Sommerhus,44,1969,,Aktuel værdi
Svaleklint 11,4592 Sejerø,266.700,23-12-2011,"
Fam. Salg",4.762,4,Sommerhus,56,1971,,Aktuel værdi
Mastrupvej 35,4592 Sejerø,860.000,30-11-2011,"
Alm. Salg",6.013,6,Villa,143,1969,,Aktuel værdi
Svaleklint 45,4592 Sejerø,587.000,30-11-2011,"
Fam. Salg",15.864,2,Sommerhus,37,1970,,Aktuel værdi
Lundehøj 3,4592 Sejerø,550.000,08-11-2011,"
Alm. Salg",12.222,2,Sommerhus,45,1974,,Aktuel værdi
Kongstrupvej 24A,4592 Sejerø,2.985.500,14-10-2011,"
Fam. Salg",-,7,Stuehus,318,1900,,
Fribrøndsvej 1,4592 Sejerø,285.134,17-09-2011,"
Fam. Salg",3.905,2,Villa,73,1910,,Aktuel værdi
Gniben 7,4592 Sejerø,475.000,31-08-2011,"
Alm. Salg",4.947,4,Stuehus,96,1870,,
Sejerbyvej 11,4592 Sejerø,775.000,13-07-2011,"
Alm. Salg",5.381,4,Villa,144,1975,,Aktuel værdi
"Vestervej 33, ST. TV",4592 Sejerø,875.000,01-07-2011,"
Alm. Salg",11.217,3,Lejlighed,78,1920,,Aktuel værdi
Sejerbyvej 69,4592 Sejerø,2.345.000,17-06-2011,"
Alm. Salg",13.323,8,Stuehus,176,1937,-33 %,
Mastrupvej 63A,4592 Sejerø,222.250,05-06-2011,"
Alm. Salg",1.462,4,Stuehus,152,1902,,
Gniben Strand 65,4592 Sejerø,850.000,23-05-2011,"
Alm. Salg",6.746,4,Sommerhus,126,1980,-19 %,Aktuel værdi
Knoldebjerg 22,4592 Sejerø,120.000,17-05-2011,"
Fam. Salg",3.157,3,Sommerhus,38,1973,,Aktuel værdi
Svaleklint 23,4592 Sejerø,340.000,01-04-2011,"
Alm. Salg",8.717,1,Sommerhus,39,1980,,Aktuel værdi
Vestervej 4,4592 Sejerø,300.000,28-02-2011,"
Alm. Salg",1.754,3,Villa,171,1900,,Aktuel værdi
Gniben Strand 35,4592 Sejerø,646.000,17-12-2010,"
Fam. Salg",14.043,3,Sommerhus,46,1974,,Aktuel værdi
Gniben 8,4592 Sejerø,1.500.000,26-11-2010,"
Alm. Salg",8.241,5,Stuehus,182,1920,,
Mastrupvej 5,4592 Sejerø,170.000,06-10-2010,"
Auktion",1.634,4,Villa,104,1915,-65 %,Aktuel værdi
Fribrøndsvej 3,4592 Sejerø,430.000,24-09-2010,"
Alm. Salg",6.515,2,Villa,66,1934,0 %,Aktuel værdi
Lejlighedsvej 1,4592 Sejerø,470.000,14-09-2010,"
Alm. Salg",14.687,1,Sommerhus,32,1973,,Aktuel værdi
Kongstrupvej 9,4592 Sejerø,750.000,04-08-2010,"
Alm. Salg",4.746,8,Villa,158,1938,,Aktuel værdi
Sejerøvej 23A,4592 Sejerø,416.500,29-07-2010,"
Fam. Salg",3.929,3,Villa,106,1901,,Aktuel værdi
Sejerbyvej 8,4592 Sejerø,625.000,25-07-2010,"
Alm. Salg",4.921,3,Villa,127,1880,-9 %,Aktuel værdi
Sejerbyvej 53,4592 Sejerø,120.000,23-06-2010,"
Alm. Salg",845,5,Villa,142,1890,-88 %,Aktuel værdi
Gniben Strand 69,4592 Sejerø,720.000,14-06-2010,"
Alm. Salg",9.350,4,Sommerhus,77,1976,-4 %,Aktuel værdi
Tjørnevej 22,4592 Sejerø,595.000,31-05-2010,"
Alm. Salg",10.084,4,Sommerhus,59,1975,,Aktuel værdi
Gniben Strand 43,4592 Sejerø,675.000,15-05-2010,"
Alm. Salg",14.062,3,Sommerhus,48,1980,,Aktuel værdi
Mastrupvej 43,4592 Sejerø,1.760.500,23-04-2010,"
Alm. Salg",25.150,3,Villa,70,1780,,Aktuel værdi
Nordbyvej 1,4592 Sejerø,400.000,02-04-2010,"
Alm. Salg",4.705,3,Villa,85,1900,,Aktuel værdi
Mastrupvej 6,4592 Sejerø,335.750,30-03-2010,"
Fam. Salg",3.610,4,Villa,93,1927,,Aktuel værdi
Gniben Strand 37,4592 Sejerø,46.700,26-03-2010,"
Andet",1.015,2,Sommerhus,46,1967,,Aktuel værdi
Mastrupvej 9,4592 Sejerø,305.000,01-12-2009,"
Alm. Salg",3.244,4,Villa,94,1907,,Aktuel værdi
Vestervej 51,4592 Sejerø,921.300,26-11-2009,"
Fam. Salg",9.401,6,Sommerhus,98,1910,,Aktuel værdi
Gniben Strand 5,4592 Sejerø,10.050,25-11-2009,"
Fam. Salg",116,4,Sommerhus,86,2011,,Aktuel værdi
Svaleklint 63,4592 Sejerø,700.000,29-09-2009,"
Alm. Salg",14.285,2,Sommerhus,49,1977,-12 %,Aktuel værdi
Brovej 31,4592 Sejerø,1.150.000,01-06-2009,"
Alm. Salg",11.616,4,Villa,99,1959,-10 %,Aktuel værdi
Gniben Strand 114D,4592 Sejerø,1.475.000,29-05-2009,"
Alm. Salg",14.047,4,Sommerhus,105,2007,-12 %,Aktuel værdi
Vestervej 45,4592 Sejerø,1.650.000,24-05-2009,"
Alm. Salg",18.333,3,Stuehus,90,1900,-1 %,
Kongstrupvej 41,4592 Sejerø,962.500,19-05-2009,"
Alm. Salg",7.578,6,Villa,127,1864,-19 %,Aktuel værdi
Kongstrupvej 17,4592 Sejerø,1.000.000,04-05-2009,"
Alm. Salg",8.771,4,Villa,114,1941,-5 %,Aktuel værdi
Sejerbyvej 49,4592 Sejerø,1.100.000,28-03-2009,"
Alm. Salg",15.492,8,Erhverv,71,1900,,Aktuel værdi
Sejerbyvej 75,4592 Sejerø,300.000,02-03-2009,"
Alm. Salg",3.797,4,Villa,79,1880,,Aktuel værdi
Sejerøvej 16,4592 Sejerø,800.000,20-02-2009,"
Fam. Salg",5.970,3,Stuehus,134,1880,,
Vestervej 35,4592 Sejerø,527.000,02-02-2009,"
Fam. Salg",11.212,3,Sommerhus,47,1953,,Aktuel værdi
Sejerbyvej 54,4592 Sejerø,310.000,09-01-2009,"
Alm. Salg",2.743,4,Villa,113,2012,-37 %,Aktuel værdi
Lundehøj 6,4592 Sejerø,493.000,23-12-2008,"
Fam. Salg",13.694,3,Sommerhus,36,1971,,Aktuel værdi
"Vestervej 33, ST. TH",4592 Sejerø,1.000.000,11-12-2008,"
Alm. Salg",12.987,3,Lejlighed,77,1920,,Aktuel værdi
Brovej 6,4592 Sejerø,730.000,01-12-2008,"
Fam. Salg",6.347,5,Villa,115,1952,,Aktuel værdi
Gniben Strand 15,4592 Sejerø,1.600.000,07-11-2008,"
Alm. Salg",35.555,3,Sommerhus,45,1969,,Aktuel værdi
Sejerøvej 32,4592 Sejerø,2.000.000,03-11-2008,"
Alm. Salg",24.096,3,Stuehus,83,1909,,
Gniben Strand 16,4592 Sejerø,892.500,18-09-2008,"
Fam. Salg",11.442,4,Sommerhus,78,1982,,Aktuel værdi
Gniben Strand 17,4592 Sejerø,714.000,18-09-2008,"
Fam. Salg",14.571,3,Sommerhus,49,1922,,Aktuel værdi
Sejerøvej 38,4592 Sejerø,2.600.000,29-08-2008,"
Alm. Salg",17.931,5,Stuehus,145,1931,-7 %,
Sejerbyvej 63,4592 Sejerø,342.000,18-08-2008,"
Alm. Salg",5.516,2,Villa,62,1903,,Aktuel værdi
Tjørnevej 37,4592 Sejerø,700.000,19-07-2008,"
Alm. Salg",21.212,2,Sommerhus,33,1986,-12 %,Aktuel værdi
Sejerøvej 28,4592 Sejerø,1.190.000,01-07-2008,"
Andet",8.321,5,Stuehus,143,1927,,
Sejerøvej 41,4592 Sejerø,3.460.000,30-06-2008,"
Alm. Salg",16.244,5,Stuehus,213,1920,,
Kongstrupvej 29,4592 Sejerø,2.300.000,22-05-2008,"
Alm. Salg",10.502,4,Stuehus,219,1921,,
Vester Strandvej 35,4592 Sejerø,940.000,15-05-2008,"
Alm. Salg",18.076,4,Sommerhus,52,1979,,Aktuel værdi
Knoldebjerg 15,4592 Sejerø,1.050.000,09-04-2008,"
Alm. Salg",16.406,4,Sommerhus,64,1974,0 %,Aktuel værdi
Gniben Strand 25,4592 Sejerø,1.200.000,05-04-2008,"
Alm. Salg",25.531,4,Sommerhus,47,1986,0 %,Aktuel værdi
Gniben Strand 48,4592 Sejerø,765.000,12-03-2008,"
Alm. Salg",14.433,2,Sommerhus,53,1973,-4 %,Aktuel værdi
Gniben Strand 33,4592 Sejerø,350.000,04-03-2008,"
Alm. Salg",3.888,4,Sommerhus,90,2009,-10 %,Aktuel værdi
Brobjergvej 4,4592 Sejerø,1.090.000,08-02-2008,"
Alm. Salg",14.155,2,Sommerhus,77,1976,,Aktuel værdi
Kongstrupvej 5A,4592 Sejerø,750.000,27-01-2008,"
Alm. Salg",7.894,4,Villa,95,1923,,Aktuel værdi
Mastrupvej 51,4592 Sejerø,4.000.000,14-01-2008,"
Alm. Salg",35.087,5,Stuehus,114,1939,,
Sejerbyvej 30,4592 Sejerø,775.000,14-11-2007,"
Alm. Salg",-,5,Villa,73,1938,-11 %,Aktuel værdi
Vestervej 10,4592 Sejerø,800.000,21-08-2007,"
Fam. Salg",21.052,2,Sommerhus,38,1965,,Aktuel værdi
Ryevej 4,4592 Sejerø,690.000,04-08-2007,"
Alm. Salg",12.105,2,Sommerhus,57,1978,-5 %,Aktuel værdi
Sejerøvej 53,4592 Sejerø,185.000,31-07-2007,"
Fam. Salg",2.032,4,Sommerhus,91,1930,,Aktuel værdi
Svaleklint 40,4592 Sejerø,75.000,01-07-2007,"
Alm. Salg",1.271,3,Sommerhus,59,2010,,Aktuel værdi
Sejerbyvej 62,4592 Sejerø,140.000,01-07-2007,"
Alm. Salg",1.029,5,Villa,136,1933,,Aktuel værdi
Knoldebjerg 3,4592 Sejerø,800.000,25-06-2007,"
Alm. Salg",16.000,2,Sommerhus,50,1981,-3 %,Aktuel værdi
Knopurtvej 1,4592 Sejerø,1.800.000,06-06-2007,"
Alm. Salg",24.324,3,Sommerhus,74,2002,,Aktuel værdi
Gniben Strand 79,4592 Sejerø,735.000,27-05-2007,"
Alm. Salg",15.978,2,Sommerhus,46,1978,-11 %,Aktuel værdi
Sejerbyvej 22,4592 Sejerø,390.000,25-05-2007,"
Alm. Salg",3.421,4,Villa,114,1932,,Aktuel værdi
Svaleklint 64,4592 Sejerø,710.000,10-05-2007,"
Alm. Salg",18.205,2,Sommerhus,39,1975,-10 %,Aktuel værdi
Sejerøvej 11,4592 Sejerø,690.000,01-05-2007,"
Alm. Salg",5.897,3,Villa,117,1909,,Aktuel værdi
Sejerbyvej 47,4592 Sejerø,260.000,18-04-2007,"
Fam. Salg",3.768,3,Rækkehus,69,1875,,Aktuel værdi
Brovej 27,4592 Sejerø,272.000,01-04-2007,"
Fam. Salg",3.317,3,Villa,82,1903,,Aktuel værdi
Kongstrupvej 14,4592 Sejerø,1.245.000,02-03-2007,"
Alm. Salg",12.326,5,Stuehus,101,1941,-4 %,
Gniben Strand 108,4592 Sejerø,175.800,06-02-2007,"
Alm. Salg",1.440,3,Sommerhus,122,2010,,Aktuel værdi
Kongstrupvej 18,4592 Sejerø,91.000,19-01-2007,"
Alm. Salg",-,4,Sommerhus,118,1923,,Aktuel værdi
Mastrupvej 29,4592 Sejerø,1.830.000,07-12-2006,"
Alm. Salg",11.090,5,Stuehus,165,1857,,
Sejerbyvej 25,4592 Sejerø,161.500,22-11-2006,"
Fam. Salg",1.900,2,Villa,85,1874,,Aktuel værdi
Kongstrupvej 26A,4592 Sejerø,2.000.000,08-11-2006,"
Alm. Salg",20.833,2,Villa,96,1980,,Aktuel værdi
Knoldebjerg 14,4592 Sejerø,1.350.000,06-11-2006,"
Alm. Salg",27.551,2,Sommerhus,49,1979,,Aktuel værdi
Sejerbyvej 71,4592 Sejerø,725.000,24-09-2006,"
Alm. Salg",5.105,7,Villa,142,1932,,Aktuel værdi
Gniben Strand 55,4592 Sejerø,57.000,09-09-2006,"
Fam. Salg",721,4,Sommerhus,79,2007,,Aktuel værdi
Svaleklint 16,4592 Sejerø,450.000,28-07-2006,"
Andet",6.923,3,Sommerhus,65,1979,,Aktuel værdi
Gniben Strand 52,4592 Sejerø,1.010.000,14-07-2006,"
Alm. Salg",18.703,2,Sommerhus,54,2000,,Aktuel værdi
Kongstrupvej 30,4592 Sejerø,1.825.000,04-07-2006,"
Alm. Salg",12.852,6,Villa,142,1900,,Aktuel værdi
Sejerbyvej 57,4592 Sejerø,500.000,03-07-2006,"
Alm. Salg",3.333,6,Villa,150,1897,,Aktuel værdi
Svaleklint 1,4592 Sejerø,100.000,02-07-2006,"
Alm. Salg",1.111,4,Sommerhus,90,2009,,Aktuel værdi
Gniben Strand 9,4592 Sejerø,1.800.000,22-06-2006,"
Alm. Salg",20.224,5,Sommerhus,89,1974,,Aktuel værdi
Sejerbyvej 36,4592 Sejerø,375.000,18-06-2006,"
Alm. Salg",2.483,5,Villa,151,1892,,Aktuel værdi
Ryevej 11,4592 Sejerø,750.000,26-05-2006,"
Alm. Salg",22.058,2,Sommerhus,34,1959,,Aktuel værdi
Gniben Strand 72,4592 Sejerø,425.000,23-05-2006,"
Andet",8.500,3,Sommerhus,50,1983,,Aktuel værdi
Gniben Strand 96B,4592 Sejerø,8.300.000,22-03-2006,"
Andet",120.289,3,Sommerhus,69,2009,,Aktuel værdi
Gniben Strand 96A,4592 Sejerø,904.700,22-03-2006,"
Andet",13.111,3,Sommerhus,69,2009,,Aktuel værdi
Svaleklint 6,4592 Sejerø,450.000,04-03-2006,"
Alm. Salg",7.758,3,Sommerhus,58,2007,,Aktuel værdi
Gniben Strand 40,4592 Sejerø,830.000,19-01-2006,"
Alm. Salg",8.300,3,Sommerhus,100,1968,,Aktuel værdi
Svaleklint 5,4592 Sejerø,204.000,31-12-2005,"
Fam. Salg",10.200,2,Sommerhus,20,1971,,Aktuel værdi
Knopurtvej 10,4592 Sejerø,290.000,30-12-2005,"
Alm. Salg",3.258,3,Sommerhus,89,2009,,Aktuel værdi
Gniben Strand 67,4592 Sejerø,150.000,30-12-2005,"
Alm. Salg",1.562,3,Sommerhus,96,2007,,Aktuel værdi
Sejerøvej 24,4592 Sejerø,1.200.000,16-11-2005,"
Alm. Salg",12.121,4,Villa,99,1894,,Aktuel værdi
Strædet 1,4592 Sejerø,800.000,13-11-2005,"
Fam. Salg",8.080,4,Sommerhus,99,1970,,Aktuel værdi
Gniben Strand 44,4592 Sejerø,745.000,05-11-2005,"
Alm. Salg",12.627,3,Sommerhus,59,1970,,Aktuel værdi
Fruergårdsvej 7,4592 Sejerø,250.000,31-08-2005,"
Alm. Salg",3.012,4,Sommerhus,83,2007,,Aktuel værdi
Sejerøvej 3,4592 Sejerø,1.350.000,26-08-2005,"
Alm. Salg",32.926,9,"Ferie, andet",41,1896,,Aktuel værdi
Knopurtvej 8,4592 Sejerø,240.000,16-08-2005,"
Alm. Salg",3.809,3,Sommerhus,63,2008,,Aktuel værdi
Gniben Strand 62,4592 Sejerø,790.000,14-08-2005,"
Alm. Salg",13.859,4,Sommerhus,57,1972,,Aktuel værdi
Tjørnevej 3,4592 Sejerø,1.150.000,18-06-2005,"
Alm. Salg",11.386,5,Sommerhus,101,1974,,Aktuel værdi
Nordbyvej 5,4592 Sejerø,475.000,25-05-2005,"
Alm. Salg",4.279,4,Villa,111,1973,,Aktuel værdi
Nordbyvej 7,4592 Sejerø,475.000,25-05-2005,"
Alm. Salg",4.279,4,Villa,111,1973,,Aktuel værdi
Sejerbyvej 27,4592 Sejerø,650.000,22-05-2005,"
Alm. Salg",4.452,6,Stuehus,146,1900,,
Lydebjergvej 6,4592 Sejerø,875.000,28-04-2005,"
Alm. Salg",16.203,3,Sommerhus,54,1988,,Aktuel værdi
Tjørnevej 32,4592 Sejerø,280.000,27-04-2005,"
Alm. Salg",4.516,3,Sommerhus,62,1977,,Aktuel værdi
Gniben Strand 82,4592 Sejerø,875.000,22-04-2005,"
Alm. Salg",11.666,4,Sommerhus,75,1973,,Aktuel værdi
Gniben Strand 45,4592 Sejerø,730.000,18-04-2005,"
Alm. Salg",15.869,3,Sommerhus,46,2005,,Aktuel værdi
Sejerøvej 9,4592 Sejerø,575.000,09-04-2005,"
Alm. Salg",3.911,5,Villa,147,1909,,Aktuel værdi
Sejerbyvej 56,4592 Sejerø,375.000,11-03-2005,"
Alm. Salg",3.826,4,Villa,98,1900,,Aktuel værdi
Vester Strandvej 14,4592 Sejerø,250.000,19-02-2005,"
Alm. Salg",4.098,3,Sommerhus,61,2008,,Aktuel værdi
Knopurtvej 2C,4592 Sejerø,110.000,22-01-2005,"
Alm. Salg",687,3,Villa,160,1939,,Aktuel værdi
Fruergårdsvej 3,4592 Sejerø,160.000,03-12-2004,"
Alm. Salg",1.523,4,Sommerhus,105,2009,,Aktuel værdi
Vestervej 41,4592 Sejerø,116.666,01-12-2004,"
Fam. Salg",2.916,3,Sommerhus,40,1963,,Aktuel værdi
Sejerøvej 18,4592 Sejerø,200.000,17-10-2004,"
Alm. Salg",1.834,3,Villa,109,1890,,Aktuel værdi
Fruergårdsvej 2,4592 Sejerø,140.000,13-08-2004,"
Alm. Salg",2.333,3,Sommerhus,60,2006,,Aktuel værdi
Svaleklint 57,4592 Sejerø,540.000,03-08-2004,"
Alm. Salg",8.437,3,Sommerhus,64,1973,,Aktuel værdi
Brovej 5,4592 Sejerø,240.000,28-07-2004,"
Alm. Salg",-,7,Villa,194,1899,,Aktuel værdi
Sejerøvej 23B,4592 Sejerø,840.000,11-07-2004,"
Alm. Salg",9.130,4,Sommerhus,92,1971,,Aktuel værdi
Tjørnevej 25,4592 Sejerø,330.000,05-07-2004,"
Alm. Salg",-,4,Sommerhus,51,1983,,Aktuel værdi
Mastrupvej 63B,4592 Sejerø,700.000,27-06-2004,"
Alm. Salg",-,6,Villa,182,1978,,Aktuel værdi
Kongstrupvej 31,4592 Sejerø,50.000,21-06-2004,"
Fam. Salg",-,3,Villa,138,1882,,Aktuel værdi
Knopurtvej 11,4592 Sejerø,850.000,27-05-2004,"
Alm. Salg",9.444,4,Sommerhus,90,1983,,Aktuel værdi
Tjørnevej 30,4592 Sejerø,550.000,25-05-2004,"
Alm. Salg",-,4,Sommerhus,76,1992,,Aktuel værdi
Vestervej 19,4592 Sejerø,340.000,25-04-2004,"
Alm. Salg",3.541,3,Villa,96,1900,,Aktuel værdi
Malurtvej 8,4592 Sejerø,525.000,29-03-2004,"
Alm. Salg",11.170,3,Sommerhus,47,1960,,Aktuel værdi
Mastrupvej 21,4592 Sejerø,208.000,25-03-2004,"
Alm. Salg",1.650,5,Rækkehus,126,1932,,Aktuel værdi
Vestervej 17,4592 Sejerø,460.000,14-03-2004,"
Alm. Salg",3.622,6,Villa,127,1941,,Aktuel værdi
Gniben Strand 13,4592 Sejerø,900.000,26-02-2004,"
Alm. Salg",18.000,3,Sommerhus,50,1992,,Aktuel værdi
Vestervej 29,4592 Sejerø,850.000,04-02-2004,"
Alm. Salg",4.086,5,Villa,208,1935,,Aktuel værdi
Gniben Strand 3,4592 Sejerø,300.000,25-12-2003,"
Fam. Salg",7.317,3,Sommerhus,41,1982,,Aktuel værdi
Gniben Strand 87,4592 Sejerø,238.000,22-12-2003,"
Fam. Salg",4.666,3,Sommerhus,51,1975,,Aktuel værdi
Gniben Strand 95,4592 Sejerø,704.000,19-11-2003,"
Alm. Salg",9.025,4,Sommerhus,78,1977,,Aktuel værdi
Gniben Strand 96,4592 Sejerø,150.000,03-09-2003,"
Alm. Salg",2.343,3,Sommerhus,64,2008,,Aktuel værdi
Gniben Strand 66,4592 Sejerø,115.000,25-08-2003,"
Alm. Salg",1.306,4,Sommerhus,88,2005,,Aktuel værdi
Sejerbyvej 52,4592 Sejerø,140.000,21-08-2003,"
Alm. Salg",2.222,2,Villa,63,1830,,Aktuel værdi
Tjørnevej 4,4592 Sejerø,325.000,12-08-2003,"
Alm. Salg",-,4,Sommerhus,80,1976,,Aktuel værdi
Knoldebjerg 21,4592 Sejerø,510.000,05-08-2003,"
Alm. Salg",6.455,4,Sommerhus,79,1969,,Aktuel værdi
Knoldebjerg 4,4592 Sejerø,50.000,28-07-2003,"
Alm. Salg",574,4,Sommerhus,87,2005,,Aktuel værdi
Gniben Strand 109,4592 Sejerø,725.000,03-07-2003,"
Alm. Salg",10.357,4,Sommerhus,70,2000,,Aktuel værdi
Sejerbyvej 14,4592 Sejerø,287.000,18-06-2003,"
Alm. Salg",3.878,3,Stuehus,74,1892,,
Sejerbyvej 61,4592 Sejerø,450.000,05-06-2003,"
Alm. Salg",6.250,4,Villa,72,1923,,Aktuel værdi
Malurtvej 10,4592 Sejerø,272.000,30-05-2003,"
Fam. Salg",-,4,Sommerhus,73,1960,,Aktuel værdi
Tobisvej 5,4592 Sejerø,183.260,15-05-2003,"
Fam. Salg",-,5,Sommerhus,106,1978,,Aktuel værdi
Tjørnevej 28,4592 Sejerø,100.000,17-04-2003,"
Alm. Salg",1.694,1,Sommerhus,59,2009,,Aktuel værdi
Vester Strandvej 27,4592 Sejerø,500.000,20-03-2003,"
Alm. Salg",9.259,2,Sommerhus,54,1977,,Aktuel værdi
Gniben Strand 75,4592 Sejerø,75.000,02-03-2003,"
Alm. Salg",675,4,Sommerhus,111,2012,,Aktuel værdi
Kongstrupvej 12,4592 Sejerø,828.547,20-02-2003,"
Alm. Salg",4.430,9,Stuehus,187,1870,,
Gniben Strand 20,4592 Sejerø,790.000,30-11-2002,"
Alm. Salg",10.821,4,Sommerhus,73,1968,,Aktuel værdi
Ryevej 2,4592 Sejerø,280.000,25-11-2002,"
Fam. Salg",5.490,3,Sommerhus,51,1974,,Aktuel værdi
Sejerbyvej 55,4592 Sejerø,195.500,31-10-2002,"
Fam. Salg",2.538,3,Villa,77,1915,,Aktuel værdi
Sejerøvej 29,4592 Sejerø,340.000,26-10-2002,"
Alm. Salg",3.090,3,Stuehus,110,1911,,
Knopurtvej 5,4592 Sejerø,150.000,16-09-2002,"
Alm. Salg",2.083,3,Sommerhus,72,2004,,Aktuel værdi
Mastrupvej 39,4592 Sejerø,128.835,16-09-2002,"
Alm. Salg",991,5,Stuehus,130,1930,,
Vestervej 23,4592 Sejerø,170.000,30-08-2002,"
Alm. Salg",2.361,3,Villa,72,1950,,Aktuel værdi
Tjørnevej 26,4592 Sejerø,478.600,21-08-2002,"
Fam. Salg",5.317,2,Sommerhus,90,1976,,Aktuel værdi
Gniben Strand 83,4592 Sejerø,52.000,01-08-2002,"
Alm. Salg",1.677,2,Sommerhus,31,2006,,Aktuel værdi
Gniben Strand 111,4592 Sejerø,615.000,26-07-2002,"
Alm. Salg",5.801,4,Sommerhus,106,1991,,Aktuel værdi
Vester Strandvej 17,4592 Sejerø,725.000,13-07-2002,"
Alm. Salg",16.860,3,Sommerhus,43,1984,,Aktuel værdi
Vestervej 37,4592 Sejerø,822.200,18-06-2002,"
Alm. Salg",7.982,4,Stuehus,103,1936,,
Vester Strandvej 15,4592 Sejerø,298.000,15-06-2002,"
Fam. Salg",5.622,3,Sommerhus,53,1982,,Aktuel værdi
Svaleklint 22,4592 Sejerø,89.500,14-04-2002,"
Alm. Salg",1.028,4,Sommerhus,87,2002,,Aktuel værdi
Knoldebjerg 6,4592 Sejerø,331.500,08-04-2002,"
Fam. Salg",3.810,4,Sommerhus,87,1970,,Aktuel værdi
Svaleklint 15,4592 Sejerø,440.000,21-03-2002,"
Alm. Salg",8.148,3,Sommerhus,54,1985,,Aktuel værdi
Kongstrupvej 3,4592 Sejerø,246.500,04-03-2002,"
Fam. Salg",2.240,3,Villa,110,1917,,Aktuel værdi
Fruergårdsvej 8,4592 Sejerø,444.064,26-02-2002,"
Alm. Salg",5.842,5,Sommerhus,76,1981,,Aktuel værdi
Kongstrupvej 19F,4592 Sejerø,425.000,07-02-2002,"
Fam. Salg",2.871,4,Stuehus,148,1940,,
Vestervej 2,4592 Sejerø,790.000,01-12-2001,"
Alm. Salg",4.293,6,Villa,184,1951,,Aktuel værdi
Sejerøvej 8,4592 Sejerø,315.000,20-11-2001,"
Alm. Salg",3.423,3,Villa,92,1938,,Aktuel værdi
Vestervej 6,4592 Sejerø,544.000,07-11-2001,"
Fam. Salg",-,5,Stuehus,197,1870,,
Skansevej 9,4592 Sejerø,1.300.000,17-10-2001,"
Alm. Salg",13.684,5,Stuehus,95,1882,,
Tjørnevej 31,4592 Sejerø,470.000,07-10-2001,"
Alm. Salg",6.527,3,Sommerhus,72,1976,,Aktuel værdi
Sejerøvej 31,4592 Sejerø,325.000,01-10-2001,"
Alm. Salg",2.321,4,Stuehus,140,1926,,
Tjørnevej 27,4592 Sejerø,605.000,31-08-2001,"
Alm. Salg",11.203,5,Sommerhus,54,1992,,Aktuel værdi
Sejerøvej 13,4592 Sejerø,380.000,27-08-2001,"
Alm. Salg",3.838,3,Villa,99,1970,,Aktuel værdi
Svaleklint 34,4592 Sejerø,100.000,14-08-2001,"
Fam. Salg",1.204,3,Sommerhus,83,2001,,Aktuel værdi
Knoldebjerg 18,4592 Sejerø,85.000,05-08-2001,"
Alm. Salg",3.400,2,Sommerhus,25,2005,,Aktuel værdi
Svaleklint 59,4592 Sejerø,261.098,30-07-2001,"
Alm. Salg",6.871,3,Sommerhus,38,1976,,Aktuel værdi
Svaleklint 14,4592 Sejerø,50.000,27-06-2001,"
Alm. Salg",649,4,Sommerhus,77,2009,,Aktuel værdi
Mastrupvej 8,4592 Sejerø,360.000,21-06-2001,"
Alm. Salg",3.956,4,Villa,91,1907,,Aktuel værdi
Tjørnevej 12,4592 Sejerø,65.000,12-06-2001,"
Alm. Salg",1.250,3,Sommerhus,52,2002,,Aktuel værdi
Lydebjergvej 11,4592 Sejerø,247.500,06-06-2001,"
Andet",3.055,3,Sommerhus,81,1985,,Aktuel værdi
Vester Strandvej 13,4592 Sejerø,180.000,14-05-2001,"
Alm. Salg",2.168,4,Sommerhus,83,2002,,Aktuel værdi
Knopurtvej 3,4592 Sejerø,320.000,25-04-2001,"
Alm. Salg",7.441,3,Sommerhus,43,1978,,Aktuel værdi
Sejerbyvej 59,4592 Sejerø,465.000,24-04-2001,"
Alm. Salg",3.750,5,Villa,124,1905,,Aktuel værdi
Mastrupvej 57,4592 Sejerø,1.050.000,11-04-2001,"
Alm. Salg",7.954,4,Stuehus,132,1911,,
Fruergårdsvej 18,4592 Sejerø,190.000,08-04-2001,"
Alm. Salg",3.584,3,Sommerhus,53,2002,,Aktuel værdi
Mastrupvej 7B,4592 Sejerø,220.000,31-01-2001,"
Fam. Salg",2.340,7,Villa,94,1968,,Aktuel værdi
Gniben Strand 57,4592 Sejerø,320.000,18-12-2000,"
Alm. Salg",-,3,Sommerhus,57,1979,,Aktuel værdi
Vester Strandvej 31,4592 Sejerø,45.000,02-11-2000,"
Fam. Salg",1.184,2,Sommerhus,38,2008,,Aktuel værdi
Vestervej 12,4592 Sejerø,650.000,16-10-2000,"
Alm. Salg",-,4,Villa,144,1954,,Aktuel værdi
Svaleklint 61,4592 Sejerø,45.000,02-10-2000,"
Alm. Salg",1.800,1,Sommerhus,25,2002,,Aktuel værdi
Gniben Strand 19,4592 Sejerø,191.360,24-09-2000,"
Fam. Salg",3.479,3,Sommerhus,55,1968,,Aktuel værdi
Gniben Strand 112,4592 Sejerø,35.000,30-08-2000,"
Alm. Salg",2.333,1,Sommerhus,15,2012,,Aktuel værdi
Mastrupvej 10,4592 Sejerø,350.000,20-08-2000,"
Alm. Salg",3.333,5,Villa,105,1926,,Aktuel værdi
Vester Strandvej 5,4592 Sejerø,250.000,26-07-2000,"
Alm. Salg",-,3,Sommerhus,71,1978,,Aktuel værdi
Gniben 3,4592 Sejerø,200.000,11-07-2000,"
Alm. Salg",3.333,3,Sommerhus,60,1971,,Aktuel værdi
Kongstrupvej 15,4592 Sejerø,190.000,04-07-2000,"
Alm. Salg",736,3,Stuehus,258,1875,,
Tjørnevej 18,4592 Sejerø,100.000,15-06-2000,"
Alm. Salg",1.111,4,Sommerhus,90,1974,,Aktuel værdi
Kyllingevej 1,4592 Sejerø,70.000,27-05-2000,"
Fam. Salg",3.500,2,Sommerhus,20,1968,,Aktuel værdi
Fruergårdsvej 5,4592 Sejerø,40.000,15-05-2000,"
Alm. Salg",800,3,Sommerhus,50,2005,,Aktuel værdi
Mastrupvej 4,4592 Sejerø,300.000,07-05-2000,"
Fam. Salg",1.898,3,Villa,158,1900,,Aktuel værdi
Lejlighedsvej 2,4592 Sejerø,1.150.000,25-03-2000,"
Alm. Salg",9.200,4,Stuehus,125,1940,,
Mastrupvej 3,4592 Sejerø,199.000,24-02-2000,"
Alm. Salg",1.672,6,Villa,119,1910,,Aktuel værdi
Sejerøvej 36,4592 Sejerø,75.000,02-02-2000,"
Alm. Salg",833,2,Villa,90,1933,,Aktuel værdi
Svaleklint 32,4592 Sejerø,55.000,01-02-2000,"
Alm. Salg",1.486,2,Sommerhus,37,2001,,Aktuel værdi
Kongstrupvej 2B,4592 Sejerø,190.000,31-01-2000,"
Alm. Salg",1.049,6,Villa,181,1934,,Aktuel værdi
Mastrupvej 41,4592 Sejerø,557.600,21-12-1999,"
Fam. Salg",3.319,4,Villa,168,1901,,Aktuel værdi
Gniben Strand 61,4592 Sejerø,205.333,21-12-1999,"
Alm. Salg",2.599,4,Sommerhus,79,1970,,Aktuel værdi
Vester Strandvej 6,4592 Sejerø,260.000,16-12-1999,"
Alm. Salg",4.062,3,Sommerhus,64,1972,,Aktuel værdi
Gniben 5,4592 Sejerø,451.000,14-12-1999,"
Fam. Salg",2.562,5,Sommerhus,176,1930,,Aktuel værdi
Gniben 20,4592 Sejerø,400.000,19-11-1999,"
Fam. Salg",5.405,3,Villa,74,1950,,Aktuel værdi
Svaleklint 62,4592 Sejerø,200.000,18-10-1999,"
Alm. Salg",2.500,2,Sommerhus,80,1979,,Aktuel værdi
Svaleklint 2,4592 Sejerø,200.000,17-10-1999,"
Alm. Salg",5.000,3,Sommerhus,40,1968,,Aktuel værdi
Brovej 29,4592 Sejerø,370.000,06-10-1999,"
Alm. Salg",2.761,5,Villa,134,1957,,Aktuel værdi
Mastrupvej 11,4592 Sejerø,278.345,12-06-1999,"
Alm. Salg",3.163,4,Villa,88,1906,,Aktuel værdi
Gniben Strand 6,4592 Sejerø,491.902,15-05-1999,"
Alm. Salg",7.933,4,Sommerhus,62,1969,,Aktuel værdi
Svaleklint 48,4592 Sejerø,120.000,19-04-1999,"
Fam. Salg",3.870,3,Sommerhus,31,1969,,Aktuel værdi
Tjørnevej 35,4592 Sejerø,298.930,15-04-1999,"
Alm. Salg",7.290,3,Sommerhus,41,1975,,Aktuel værdi
Lydebjergvej 8,4592 Sejerø,35.000,29-03-1999,"
Alm. Salg",777,3,Sommerhus,45,2010,,Aktuel værdi
Skelbjergvej 4,4592 Sejerø,950.000,09-03-1999,"
Alm. Salg",3.754,4,Stuehus,253,2004,,
Sejerbyvej 64,4592 Sejerø,480.000,07-03-1999,"
Alm. Salg",1.771,8,Villa,271,1890,,Aktuel værdi
Gniben Strand 58,4592 Sejerø,290.000,17-09-1998,"
Alm. Salg",4.603,5,Sommerhus,63,1972,,Aktuel værdi
Svaleklint 19,4592 Sejerø,240.000,30-08-1998,"
Alm. Salg",-,3,Sommerhus,48,1977,,Aktuel værdi
Mastrupvej 33,4592 Sejerø,142.273,19-07-1998,"
Alm. Salg",1.778,2,Sommerhus,80,1961,,Aktuel værdi
Lydebjergvej 2,4592 Sejerø,32.500,01-07-1998,"
Alm. Salg",541,2,Sommerhus,60,2000,,Aktuel værdi
Lejlighedsvej 5,4592 Sejerø,102.000,22-06-1998,"
Fam. Salg",-,3,Sommerhus,30,1971,,Aktuel værdi
"Vestervej 33, 1",4592 Sejerø,390.408,18-06-1998,"
Alm. Salg",2.518,4,Lejlighed,155,1920,,Aktuel værdi
Gniben Strand 76,4592 Sejerø,130.000,31-05-1998,"
Fam. Salg",-,3,Sommerhus,48,1969,,Aktuel værdi
Sejerbyvej 44,4592 Sejerø,180.000,18-05-1998,"
Alm. Salg",1.111,5,Villa,162,1850,,Aktuel værdi
Gniben Strand 92,4592 Sejerø,40.000,04-05-1998,"
Alm. Salg",500,4,Sommerhus,80,1999,,Aktuel værdi
Sejerøvej 45,4592 Sejerø,215.000,25-04-1998,"
Alm. Salg",3.909,3,Villa,55,1973,,Aktuel værdi
Ryevej 3,4592 Sejerø,278.842,22-03-1998,"
Alm. Salg",3.168,4,Sommerhus,88,1976,,Aktuel værdi
Vester Strandvej 8A,4592 Sejerø,180.000,26-01-1998,"
Alm. Salg",3.600,3,Sommerhus,50,1969,,Aktuel værdi
Vestervej 27,4592 Sejerø,30.000,25-11-1997,"
Alm. Salg",389,4,Villa,77,1914,,Aktuel værdi
Gniben 2,4592 Sejerø,255.000,24-11-1997,"
Alm. Salg",2.236,4,Sommerhus,114,1930,,Aktuel værdi
Gniben Strand 10,4592 Sejerø,170.000,23-11-1997,"
Alm. Salg",3.333,4,Sommerhus,51,1974,,Aktuel værdi
Fruergårdsvej 20,4592 Sejerø,90.000,25-09-1997,"
Alm. Salg",-,3,Sommerhus,57,2012,,Aktuel værdi
Brovej 8,4592 Sejerø,287.000,01-08-1997,"
Alm. Salg",3.119,5,Villa,92,1954,,Aktuel værdi
Vestervej 39,4592 Sejerø,333.370,19-07-1997,"
Alm. Salg",4.219,2,Villa,79,1960,,Aktuel værdi
Gniben 17,4592 Sejerø,250.000,10-07-1997,"
Fam. Salg",2.577,4,Sommerhus,97,1920,,Aktuel værdi
Gniben Strand 53,4592 Sejerø,240.000,01-07-1997,"
Alm. Salg",4.285,4,Sommerhus,56,1977,,Aktuel værdi
Mastrupvej 23,4592 Sejerø,160.000,29-06-1997,"
Alm. Salg",1.344,4,Rækkehus,119,1920,,Aktuel værdi
Svaleklint 31,4592 Sejerø,222.489,06-06-1997,"
Alm. Salg",5.426,2,Sommerhus,41,1987,,Aktuel værdi
Kongstrupvej 35,4592 Sejerø,575.000,10-05-1997,"
Alm. Salg",4.136,4,Villa,139,1973,,Aktuel værdi
Vestervej 21,4592 Sejerø,186.000,28-04-1997,"
Alm. Salg",3.206,3,Villa,58,1880,,Aktuel værdi
Sejerøvej 27,4592 Sejerø,153.321,23-04-1997,"
Alm. Salg",-,1,Sommerhus,151,1907,,Aktuel værdi
Kongstrupvej 25,4592 Sejerø,121.425,04-02-1997,"
Fam. Salg",1.113,2,Villa,109,1920,,Aktuel værdi
Sejerbyvej 40,4592 Sejerø,97.000,07-01-1997,"
Alm. Salg",1.168,3,Villa,83,1926,,Aktuel værdi
Gniben Strand 49,4592 Sejerø,155.000,18-12-1996,"
Alm. Salg",2.279,4,Sommerhus,68,1970,,Aktuel værdi
Sejerbyvej 15,4592 Sejerø,360.000,01-12-1996,"
Alm. Salg",2.500,3,Villa,144,1963,,Aktuel værdi
Kongstrupvej 39,4592 Sejerø,137.500,21-11-1996,"
Alm. Salg",-,6,Stuehus,216,1910,,
Mastrupvej 37,4592 Sejerø,509.000,22-09-1996,"
Alm. Salg",3.856,4,Stuehus,132,1932,,
Ryevej 17,4592 Sejerø,245.000,17-09-1996,"
Alm. Salg",-,4,Sommerhus,91,1969,,Aktuel værdi
Lejlighedsvej 4,4592 Sejerø,210.000,06-09-1996,"
Alm. Salg",3.559,3,Sommerhus,59,1977,,Aktuel værdi
Gniben Strand 73,4592 Sejerø,280.000,03-09-1996,"
Alm. Salg",5.600,3,Sommerhus,50,1978,,Aktuel værdi
Gniben Strand 36,4592 Sejerø,228.000,13-08-1996,"
Alm. Salg",5.428,3,Sommerhus,42,1980,,Aktuel værdi
Gniben 4,4592 Sejerø,165.000,09-08-1996,"
Fam. Salg",804,5,Villa,205,1900,,Aktuel værdi
Revesvej 2,4592 Sejerø,250.000,05-08-1996,"
Alm. Salg",2.873,3,Stuehus,87,1880,,
Tjørnevej 15,4592 Sejerø,80.000,31-07-1996,"
Alm. Salg",1.038,4,Sommerhus,77,1997,,Aktuel værdi
Fribrøndsvej 6,4592 Sejerø,500.000,17-07-1996,"
Alm. Salg",3.623,4,Stuehus,138,1930,,
Svaleklint 43,4592 Sejerø,75.000,14-07-1996,"
Alm. Salg",2.083,3,Sommerhus,36,1967,,Aktuel værdi
Sejerbyvej 16,4592 Sejerø,225.000,11-07-1996,"
Alm. Salg",1.800,7,Villa,125,1920,,Aktuel værdi
Tjørnevej 7,4592 Sejerø,270.000,27-06-1996,"
Alm. Salg",7.105,3,Sommerhus,38,1972,,Aktuel værdi
Tjørnevej 9,4592 Sejerø,90.000,27-06-1996,"
Alm. Salg",4.285,1,Sommerhus,21,1970,,Aktuel værdi
Mastrupvej 17,4592 Sejerø,190.000,25-06-1996,"
Alm. Salg",1.743,4,Villa,109,1928,,Aktuel værdi
Brobjergvej 1,4592 Sejerø,180.000,02-06-1996,"
Alm. Salg",2.812,3,Sommerhus,64,1974,,Aktuel værdi
Drengediget 2,4592 Sejerø,260.000,15-03-1996,"
Fam. Salg",3.250,3,Sommerhus,80,1900,,Aktuel værdi
Vester Strandvej 1,4592 Sejerø,102.000,25-12-1995,"
Fam. Salg",2.217,3,Sommerhus,46,1968,,Aktuel værdi
Kyllingevej 5,4592 Sejerø,190.000,01-11-1995,"
Alm. Salg",2.923,3,Sommerhus,65,1976,,Aktuel værdi
Vester Strandvej 19,4592 Sejerø,228.000,15-09-1995,"
Alm. Salg",-,4,Sommerhus,87,1973,,Aktuel værdi
Skelbjergvej 2,4592 Sejerø,195.000,22-08-1995,"
Alm. Salg",1.695,3,Stuehus,115,1912,,
Sejerøvej 51,4592 Sejerø,338.000,11-08-1995,"
Alm. Salg",4.389,4,Stuehus,77,1911,,
Tjørnevej 13,4592 Sejerø,360.000,25-07-1995,"
Alm. Salg",6.315,5,Sommerhus,57,1974,,Aktuel værdi
Vester Strandvej 3,4592 Sejerø,110.000,12-06-1995,"
Alm. Salg",-,4,Sommerhus,49,1968,,Aktuel værdi
Gniben 9,4592 Sejerø,150.000,09-05-1995,"
Alm. Salg",2.054,2,Stuehus,73,1898,,
Brovej 19,4592 Sejerø,212.004,05-05-1995,"
Fam. Salg",1.737,5,Villa,122,1970,,Aktuel værdi
Mastrupvej 69,4592 Sejerø,60.000,15-03-1995,"
Alm. Salg",394,3,Villa,152,1820,,Aktuel værdi
Sejerbyvej 34,4592 Sejerø,125.000,05-02-1995,"
Alm. Salg",1.136,5,Villa,110,1932,,Aktuel værdi
Gniben 24,4592 Sejerø,43.480,30-01-1995,"
Alm. Salg",1.552,2,Sommerhus,28,1950,,Aktuel værdi
Kongstrupvej 23,4592 Sejerø,12.000,28-01-1995,"
Alm. Salg",-,3,Villa,62,1850,,Aktuel værdi
Brovej 21,4592 Sejerø,238.000,25-12-1994,"
Fam. Salg",1.400,6,Villa,170,1917,,Aktuel værdi
Svaleklint 56,4592 Sejerø,56.000,14-11-1994,"
Alm. Salg",1.018,3,Sommerhus,55,2007,,Aktuel værdi
Gniben Strand 47,4592 Sejerø,214.160,13-10-1994,"
Alm. Salg",4.283,3,Sommerhus,50,1974,,Aktuel værdi
Skansevej 2,4592 Sejerø,266.800,11-10-1994,"
Alm. Salg",3.102,3,Sommerhus,86,1972,,Aktuel værdi
Sejerøvej 34,4592 Sejerø,140.000,24-09-1994,"
Alm. Salg",2.413,2,Villa,58,1973,,Aktuel værdi
Tjørnevej 29,4592 Sejerø,95.000,31-08-1994,"
Alm. Salg",3.958,1,Sommerhus,24,1989,,Aktuel værdi
Tjørnevej 41,4592 Sejerø,75.000,30-08-1994,"
Alm. Salg",1.136,3,Sommerhus,66,1995,,Aktuel værdi
Svaleklint 7,4592 Sejerø,23.500,23-08-1994,"
Alm. Salg",-,5,Sommerhus,73,1995,,Aktuel værdi
Lundehøj 10,4592 Sejerø,263.420,08-07-1994,"
Alm. Salg",5.487,3,Sommerhus,48,1973,,Aktuel værdi
Svaleklint 26,4592 Sejerø,67.000,01-07-1994,"
Alm. Salg",2.913,3,Sommerhus,23,1970,,Aktuel værdi
Mastrupvej 47,4592 Sejerø,875.000,28-06-1994,"
Alm. Salg",4.331,6,Stuehus,202,1916,,
Lydebjergvej 1,4592 Sejerø,30.000,24-06-1994,"
Alm. Salg",3.000,1,Sommerhus,10,2002,,Aktuel værdi
Gniben Strand 56,4592 Sejerø,260.000,06-06-1994,"
Alm. Salg",5.306,3,Sommerhus,49,1979,,Aktuel værdi
Sejerøvej 1,4592 Sejerø,230.000,18-05-1994,"
Alm. Salg",1.455,5,Stuehus,158,1891,,
Tinggårdsvej 2,4592 Sejerø,150.000,02-05-1994,"
Auktion",892,4,Villa,168,1937,,Aktuel værdi
Vester Strandvej 25,4592 Sejerø,35.000,27-04-1994,"
Alm. Salg",421,4,Sommerhus,83,2006,,Aktuel værdi
Sejerbyvej 31,4592 Sejerø,50.000,07-04-1994,"
Alm. Salg",537,3,Villa,93,1926,,Aktuel værdi
Kongstrupvej 21,4592 Sejerø,310.000,15-11-1993,"
Fam. Salg",1.589,7,Stuehus,195,1850,,
Sejerbyvej 26,4592 Sejerø,195.000,31-10-1993,"
Alm. Salg",1.423,4,Villa,137,1920,,Aktuel værdi
Brovej 23,4592 Sejerø,289.600,19-10-1993,"
Fam. Salg",1.970,3,Villa,147,1912,,Aktuel værdi
Revesvej 4,4592 Sejerø,79.887,15-09-1993,"
Alm. Salg",-,8,Villa,216,1891,,Aktuel værdi
Knoldebjerg 8,4592 Sejerø,237.954,12-08-1993,"
Alm. Salg",1.459,9,Sommerhus,163,1900,,Aktuel værdi
Brovej 2,4592 Sejerø,192.500,25-07-1993,"
Alm. Salg",1.565,8,Villa,123,1948,,Aktuel værdi
Sejerbyvej 67,4592 Sejerø,315.000,21-07-1993,"
Fam. Salg",2.142,5,Stuehus,147,1920,,
Vester Strandvej 7,4592 Sejerø,130.000,12-03-1993,"
Alm. Salg",1.940,5,Sommerhus,67,1967,,Aktuel værdi
Kongstrupvej 11,4592 Sejerø,200.000,01-12-1992,"
Alm. Salg",-,5,Villa,130,1933,,Aktuel værdi
Tjørnevej 20,4592 Sejerø,141.000,04-11-1992,"
Auktion",1.905,4,Sommerhus,74,1977,,Aktuel værdi
Skansevej 3,4592 Sejerø,259.062,08-05-1992,"
Alm. Salg",-,3,Sommerhus,32,1973,,Aktuel værdi
Brovej 15A,4592 Sejerø,200.000,08-03-1992,"
Alm. Salg",2.439,2,Villa,82,1967,,Aktuel værdi
