address,zip_code,price,sell_date,sell_type,price_per_sq_m,no_rooms,housing_type,size_in_sq_m,year_of_construction,price_change_in_pct
Kæderupvej 22,4682 Tureby,530.000,06-04-2017,"
Alm. Salg",2.572,5,Villa,206,1920,-11 %,Aktuel værdi
Toftevej 6,4682 Tureby,1.350.000,27-01-2017,"
Alm. Salg",12.162,3,Villa,111,1977,-3 %,Aktuel værdi
Vangevej 1,4682 Tureby,1.200.000,11-01-2017,"
Fam. Salg",3.571,6,Stuehus,336,1937,,
Byvej 19,4682 Tureby,1.100.000,06-01-2017,"
Alm. Salg",11.827,3,Villa,93,1955,-4 %,Aktuel værdi
Byvej 68,4682 Tureby,820.000,03-01-2017,"
Alm. Salg",12.058,2,Villa,68,1887,,Aktuel værdi
Vordingborgvej 334B,4682 Tureby,750.000,21-12-2016,"
Fam. Salg",5.357,4,Lejlighed,140,1918,,Aktuel værdi
Vordingborgvej 334A,4682 Tureby,999.000,21-12-2016,"
Alm. Salg",5.429,3,Lejlighed,184,1918,0 %,Aktuel værdi
Skovvej 4,4682 Tureby,2.230.000,06-12-2016,"
Alm. Salg",15.704,3,Villa,142,1910,-7 %,Aktuel værdi
Solvænget 2,4682 Tureby,1.250.000,05-12-2016,"
Alm. Salg",8.278,5,Villa,151,1962,-3 %,Aktuel værdi
Østerskovvej 34,4682 Tureby,1.310.000,01-12-2016,"
Alm. Salg",6.717,4,Villa,195,1912,-3 %,Aktuel værdi
Turebyvej 23,4682 Tureby,2.486.000,21-11-2016,"
Alm. Salg",14.623,5,Villa,170,1777,-10 %,Aktuel værdi
Turebyvej 5,4682 Tureby,1.395.000,31-10-2016,"
Alm. Salg",12.130,3,Villa,115,1680,0 %,Aktuel værdi
Byskovvej 48A,4682 Tureby,1.530.000,27-10-2016,"
Alm. Salg",11.679,5,Villa,131,1983,-1 %,Aktuel værdi
Toftevej 7,4682 Tureby,1.950.000,20-10-2016,"
Alm. Salg",12.341,6,Villa,158,1969,-2 %,Aktuel værdi
Byvej 32,4682 Tureby,500.000,11-10-2016,"
Alm. Salg",5.882,3,Villa,85,1947,-16 %,Aktuel værdi
Solvænget 23,4682 Tureby,995.000,02-10-2016,"
Alm. Salg",6.104,5,Villa,163,1967,0 %,Aktuel værdi
Sonnerupvej 1,4682 Tureby,1.460.000,06-09-2016,"
Alm. Salg",9.864,5,Villa,148,1930,-8 %,Aktuel værdi
Sonnerupvej 52,4682 Tureby,1.275.000,05-09-2016,"
Alm. Salg",8.557,4,Villa,149,1862,-5 %,Aktuel værdi
Byvej 54,4682 Tureby,2.200.000,01-09-2016,"
Alm. Salg",10.045,5,Villa,219,1970,-6 %,Aktuel værdi
Mosegårdsvej 3,4682 Tureby,1.650.000,18-08-2016,"
Alm. Salg",11.000,4,Stuehus,150,1900,-6 %,
Turebyvej 39,4682 Tureby,998.000,07-08-2016,"
Alm. Salg",7.231,5,Villa,138,1967,0 %,Aktuel værdi
Druestrupvej 19,4682 Tureby,1.045.000,01-08-2016,"
Alm. Salg",9.247,4,Villa,113,1939,0 %,Aktuel værdi
Byagervej 28,4682 Tureby,1.870.000,27-07-2016,"
Alm. Salg",9.257,5,Villa,202,1979,-6 %,Aktuel værdi
Skrosbjergvej 1,4682 Tureby,871.250,29-06-2016,"
Fam. Salg",3.376,7,Stuehus,258,1864,,
Østervænget 10,4682 Tureby,2.000.000,24-06-2016,"
Alm. Salg",14.705,5,Villa,136,2002,0 %,Aktuel værdi
Ringsbjergvej 37,4682 Tureby,1.925.000,21-06-2016,"
Alm. Salg",9.254,5,Stuehus,208,1884,,
Turebyvej 37A,4682 Tureby,575.000,15-06-2016,"
Andet",5.424,4,Villa,106,1988,,Aktuel værdi
Sonnerupvej 50,4682 Tureby,195.120,13-06-2016,"
Andet",1.000,5,Stuehus,195,1850,,
Turebyvej 37,4682 Tureby,1.375.000,03-06-2016,"
Alm. Salg",5.522,5,Villa,249,1929,,Aktuel værdi
Vordingborgvej 335,4682 Tureby,1.325.000,24-05-2016,"
Alm. Salg",7.981,6,Villa,166,1877,-11 %,Aktuel værdi
Rødemosevej 13,4682 Tureby,2.700.000,19-05-2016,"
Alm. Salg",21.600,3,Stuehus,125,1912,-3 %,
Skrosbjergvej 11,4682 Tureby,1.395.000,29-04-2016,"
Alm. Salg",9.620,6,Stuehus,145,1792,0 %,
Ankerstræde 21,4682 Tureby,2.650.000,21-04-2016,"
Alm. Salg",18.928,5,Villa,140,2005,-8 %,Aktuel værdi
Skovvej 18,4682 Tureby,2.175.000,12-04-2016,"
Alm. Salg",18.277,4,Villa,119,1900,-4 %,Aktuel værdi
Byskovvej 17,4682 Tureby,1.000.000,12-04-2016,"
Alm. Salg",8.000,5,Villa,125,1919,-5 %,Aktuel værdi
Havevænget 7C,4682 Tureby,1.450.000,07-04-2016,"
Alm. Salg",13.551,4,Villa,107,2016,-3 %,Aktuel værdi
Fruedalsvej 6,4682 Tureby,1.200.000,25-03-2016,"
Alm. Salg",14.634,4,Villa,82,1910,,Aktuel værdi
Fløjterupvej 4,4682 Tureby,2.295.000,16-03-2016,"
Alm. Salg",18.214,3,Stuehus,126,1909,0 %,
Ringsbjergvej 9,4682 Tureby,1.825.000,10-03-2016,"
Alm. Salg",8.075,6,Villa,226,1968,,Aktuel værdi
Byvej 26,4682 Tureby,2.075.000,09-03-2016,"
Alm. Salg",13.562,6,Villa,153,1952,-1 %,Aktuel værdi
Fløjterupvej 2,4682 Tureby,1.500.000,11-02-2016,"
Alm. Salg",3.000,14,Engroshandel,500,1863,-62 %,Aktuel værdi
Børstedvej 7,4682 Tureby,3.400.000,09-02-2016,"
Alm. Salg",15.525,8,Stuehus,219,1960,,
Byvej 46,4682 Tureby,1.675.000,15-12-2015,"
Alm. Salg",15.509,5,Villa,108,1955,-4 %,Aktuel værdi
Juellundvej 1,4682 Tureby,2.065.000,15-12-2015,"
Alm. Salg",13.675,5,Villa,151,1827,-1 %,Aktuel værdi
Ulstrup Bygade 3A,4682 Tureby,350.000,13-12-2015,"
Andet",1.508,4,Villa,232,1912,,Aktuel værdi
Hejnerupvej 13,4682 Tureby,2.625.000,26-11-2015,"
Alm. Salg",10.983,7,Stuehus,239,1922,-9 %,
Turebyvej 4,4682 Tureby,500.000,25-11-2015,"
Alm. Salg",4.587,4,Villa,109,1910,,Aktuel værdi
Bjerredevej 47,4682 Tureby,1.250.000,12-11-2015,"
Alm. Salg",16.025,2,Villa,78,1936,0 %,Aktuel værdi
Nybyvej 9,4682 Tureby,2.210.000,03-11-2015,"
Alm. Salg",12.556,4,Villa,176,1968,-6 %,Aktuel værdi
Vordingborgvej 167,4682 Tureby,1.950.000,27-10-2015,"
Alm. Salg",15.853,5,Villa,123,1930,-2 %,Aktuel værdi
Ringsbjergvej 15,4682 Tureby,1.700.000,16-09-2015,"
Alm. Salg",8.018,6,Villa,212,1969,0 %,Aktuel værdi
Ulstrupvej 3,4682 Tureby,1.100.000,15-09-2015,"
Alm. Salg",6.077,3,Villa,181,1877,-15 %,Aktuel værdi
Rødbylundvej 15,4682 Tureby,1.062.500,27-08-2015,"
Andet",9.402,4,Stuehus,113,1924,-47 %,
Byskovvej 9,4682 Tureby,1.400.000,10-08-2015,"
Fam. Salg",7.608,5,Villa,184,1900,,Aktuel værdi
Solvænget 17,4682 Tureby,1.420.000,27-07-2015,"
Alm. Salg",11.932,4,Villa,119,1962,2 %,Aktuel værdi
Bjerredevej 9,4682 Tureby,820.000,13-07-2015,"
Alm. Salg",5.222,4,Stuehus,157,1913,-31 %,
Ringsbjergvej 41,4682 Tureby,2.050.000,30-06-2015,"
Alm. Salg",15.073,4,Villa,136,1908,-11 %,Aktuel værdi
Solvænget 12,4682 Tureby,1.785.000,03-06-2015,"
Alm. Salg",12.395,5,Villa,144,1962,-1 %,Aktuel værdi
Byvej 56,4682 Tureby,1.965.000,30-04-2015,"
Alm. Salg",13.741,4,Stuehus,143,1919,-2 %,
Havevænget 21,4682 Tureby,1.340.000,30-04-2015,"
Alm. Salg",15.056,4,Rækkehus,89,1983,-3 %,Aktuel værdi
Skrosbjergvej 15,4682 Tureby,7.250.000,30-04-2015,"
Alm. Salg",42.647,6,Stuehus,170,1884,,
Tågerupvej 19,4682 Tureby,1.845.000,19-04-2015,"
Alm. Salg",9.044,7,Stuehus,204,1877,-5 %,
Sonnerupvej 83,4682 Tureby,1.495.000,10-04-2015,"
Alm. Salg",10.678,5,Villa,140,1930,0 %,Aktuel værdi
Toftevej 5,4682 Tureby,1.325.000,09-04-2015,"
Alm. Salg",8.833,5,Villa,150,1970,-5 %,Aktuel værdi
Banevej 10,4682 Tureby,891.500,07-04-2015,"
Fam. Salg",6.555,5,Villa,136,1968,,Aktuel værdi
Børstedvej 18,4682 Tureby,1.500.000,20-02-2015,"
Alm. Salg",6.172,4,Villa,243,1914,,Aktuel værdi
Slimmingevej 5,4682 Tureby,1.670.000,13-02-2015,"
Alm. Salg",16.057,3,Villa,104,1953,-12 %,Aktuel værdi
Bjerredevej 5,4682 Tureby,550.000,12-02-2015,"
Alm. Salg",5.500,3,Villa,100,1960,,Aktuel værdi
Byskovvej 24,4682 Tureby,1.295.000,11-01-2015,"
Alm. Salg",9.316,4,Villa,139,1973,8 %,Aktuel værdi
Byskovparken 2,4682 Tureby,1.302.486,06-01-2015,"
Auktion",11.840,5,Villa,110,2006,,Aktuel værdi
Rødbylundvej 3,4682 Tureby,1.450.000,16-12-2014,"
Alm. Salg",10.283,5,Villa,141,1924,-6 %,Aktuel værdi
Byvej 29,4682 Tureby,1.745.000,01-12-2014,"
Alm. Salg",14.788,5,Villa,118,1955,,Aktuel værdi
Rødbylundvej 12,4682 Tureby,2.685.000,18-11-2014,"
Alm. Salg",14.435,5,Stuehus,186,1924,0 %,
Banevej 16,4682 Tureby,1.327.000,08-10-2014,"
Alm. Salg",10.966,4,Villa,121,1970,2 %,Aktuel værdi
Solvænget 11,4682 Tureby,1.050.000,22-09-2014,"
Alm. Salg",10.714,4,Villa,98,1915,0 %,Aktuel værdi
Solvænget 6,4682 Tureby,770.000,10-08-2014,"
Alm. Salg",7.333,4,Villa,105,1962,-4 %,Aktuel værdi
Juellundvej 7,4682 Tureby,1.575.000,04-08-2014,"
Alm. Salg",8.750,4,Villa,180,1977,-7 %,Aktuel værdi
Tolstrupvej 4,4682 Tureby,123.000,30-07-2014,"
Alm. Salg",768,8,Stuehus,160,1914,,
Slimmingevej 2,4682 Tureby,123.000,29-07-2014,"
Alm. Salg",615,7,Stuehus,200,1780,,
Solvænget 13,4682 Tureby,550.000,24-07-2014,"
Alm. Salg",6.962,3,Villa,79,1962,-8 %,Aktuel værdi
Vordingborgvej 328,4682 Tureby,2.700.000,27-06-2014,"
Alm. Salg",20.300,5,Stuehus,133,1925,-10 %,
Sæddervej 25,4682 Tureby,400.000,02-06-2014,"
Andet",1.526,7,Villa,262,1934,-83 %,Aktuel værdi
Stenledsvej 4,4682 Tureby,600.000,12-05-2014,"
Alm. Salg",4.761,4,Villa,126,1960,-14 %,Aktuel værdi
Ankerstræde 7,4682 Tureby,5.500.000,30-04-2014,"
Alm. Salg",17.027,8,Villa,323,2006,0 %,Aktuel værdi
Turebyvej 21,4682 Tureby,900.000,29-04-2014,"
Alm. Salg",5.625,4,Villa,160,1950,-10 %,Aktuel værdi
Skrosbjergvej 2,4682 Tureby,2.000.000,28-04-2014,"
Alm. Salg",8.583,9,Stuehus,233,1911,0 %,
Tvedvej 4,4682 Tureby,3.050.000,22-04-2014,"
Alm. Salg",19.677,5,Stuehus,155,1905,-5 %,
Ankerstræde 10,4682 Tureby,1.141.371,06-04-2014,"
Alm. Salg",7.711,5,Villa,148,1827,,Aktuel værdi
Sæddervej 20,4682 Tureby,1.130.000,03-04-2014,"
Alm. Salg",10.462,3,Villa,108,1962,,Aktuel værdi
Ulstrupvej 7,4682 Tureby,3.600.000,31-03-2014,"
Alm. Salg",21.428,5,Stuehus,168,1916,,
Indelukket 12,4682 Tureby,2.550.000,28-03-2014,"
Alm. Salg",12.085,4,Villa,211,1887,-7 %,Aktuel værdi
Gammel Skovvej 3,4682 Tureby,2.400.000,27-03-2014,"
Alm. Salg",16.216,4,Stuehus,148,1870,-4 %,
Byskovvej 66,4682 Tureby,1.050.000,10-03-2014,"
Alm. Salg",8.076,5,Villa,130,1877,0 %,Aktuel værdi
Agertoften 17,4682 Tureby,1.750.000,06-03-2014,"
Alm. Salg",9.562,7,Villa,183,1970,-5 %,Aktuel værdi
"Turebyvej 10, ST",4682 Tureby,1.900.000,18-02-2014,"
Auktion",12.666,5,Lejlighed,150,1900,,Aktuel værdi
"Turebyvej 10, 2",4682 Tureby,1.900.000,18-02-2014,"
Auktion",13.013,5,Lejlighed,146,1900,,Aktuel værdi
"Turebyvej 10, 1",4682 Tureby,1.900.000,18-02-2014,"
Auktion",12.666,5,Lejlighed,150,1900,,Aktuel værdi
Vordingborgvej 183,4682 Tureby,1.950.000,16-02-2014,"
Alm. Salg",10.955,5,Stuehus,178,1937,-7 %,
Vordingborgvej 208,4682 Tureby,1.200.000,29-01-2014,"
Alm. Salg",7.547,5,Servicevirksomhed,159,1962,,Aktuel værdi
Skovvej 7,4682 Tureby,650.818,22-01-2014,"
Alm. Salg",4.930,5,Villa,132,1961,-56 %,Aktuel værdi
Vangevej 2,4682 Tureby,351.000,28-11-2013,"
Alm. Salg",1.887,9,Stuehus,186,1933,-86 %,
Vordingborgvej 212,4682 Tureby,1.800.000,13-11-2013,"
Alm. Salg",10.714,5,Villa,168,1946,,Aktuel værdi
Oksholmvej 1,4682 Tureby,1.086.000,23-10-2013,"
Alm. Salg",7.594,5,Villa,143,1935,0 %,Aktuel værdi
Byskovparken 4A,4682 Tureby,1.149.000,14-09-2013,"
Alm. Salg",12.626,3,Rækkehus,91,2006,0 %,Aktuel værdi
Bjerredevej 24,4682 Tureby,1.000.000,11-09-2013,"
Alm. Salg",6.060,5,Villa,165,1877,-23 %,Aktuel værdi
Byskovvej 46,4682 Tureby,1.200.000,11-09-2013,"
Alm. Salg",8.333,5,Villa,144,1906,-7 %,Aktuel værdi
Banevej 34,4682 Tureby,625.000,22-08-2013,"
Alm. Salg",5.630,4,Villa,111,1966,-20 %,Aktuel værdi
Ulstrupvej 6,4682 Tureby,395.000,12-08-2013,"
Alm. Salg",3.464,4,Villa,114,1897,0 %,Aktuel værdi
Vordingborgvej 173,4682 Tureby,1.850.000,12-07-2013,"
Alm. Salg",11.144,6,Villa,166,1925,-19 %,Aktuel værdi
Ankerstræde 19,4682 Tureby,3.600.000,05-07-2013,"
Alm. Salg",17.307,7,Villa,208,1827,-8 %,Aktuel værdi
Skrosbjergvej 21,4682 Tureby,551.000,18-06-2013,"
Andet",6.887,4,Villa,80,1960,,Aktuel værdi
Havevænget 6,4682 Tureby,840.000,22-05-2013,"
Alm. Salg",9.767,4,Villa,86,1952,,Aktuel værdi
Byskovparken 10,4682 Tureby,1.370.000,17-05-2013,"
Alm. Salg",14.270,3,Villa,96,2006,-2 %,Aktuel værdi
Kanderødvej 11,4682 Tureby,3.000.000,14-05-2013,"
Alm. Salg",16.483,4,Villa,182,1898,-8 %,Aktuel værdi
Ringsbjergvej 7,4682 Tureby,1.095.000,23-04-2013,"
Auktion",5.855,6,Villa,187,1967,,Aktuel værdi
Ringsbjergvej 33,4682 Tureby,1.500.000,09-04-2013,"
Alm. Salg",14.423,4,Villa,104,1998,-12 %,Aktuel værdi
Åbrinken 2,4682 Tureby,1.350.000,01-03-2013,"
Alm. Salg",11.065,4,Villa,122,1966,0 %,Aktuel værdi
Bjerredevej 38,4682 Tureby,2.400.000,28-01-2013,"
Alm. Salg",10.572,7,Villa,227,1906,-11 %,Aktuel værdi
Agertoften 11,4682 Tureby,1.475.000,22-01-2013,"
Alm. Salg",8.993,5,Villa,164,1972,-6 %,Aktuel værdi
Solvænget 8,4682 Tureby,935.000,03-01-2013,"
Auktion",7.192,4,Villa,130,1963,-22 %,Aktuel værdi
Druestrupvej 27,4682 Tureby,2.857.500,20-12-2012,"
Alm. Salg",19.843,5,Stuehus,144,1978,-5 %,
Solvænget 10,4682 Tureby,1.000.000,26-11-2012,"
Alm. Salg",5.263,5,Villa,190,1962,-28 %,Aktuel værdi
Byagervej 2,4682 Tureby,600.000,12-11-2012,"
Andet",4.958,4,Villa,121,1969,-57 %,Aktuel værdi
Vordingborgvej 325,4682 Tureby,500.000,08-11-2012,"
Alm. Salg",5.102,4,Villa,98,1971,-34 %,Aktuel værdi
Agertoften 20,4682 Tureby,900.000,01-11-2012,"
Auktion",4.166,7,Villa,216,1971,,Aktuel værdi
Åbrinken 10,4682 Tureby,995.000,12-10-2012,"
Alm. Salg",6.257,4,Villa,159,1964,-9 %,Aktuel værdi
Bjerredevej 33,4682 Tureby,925.000,08-10-2012,"
Alm. Salg",7.007,4,Villa,132,1875,-16 %,Aktuel værdi
Østerskovvej 15,4682 Tureby,750.000,31-08-2012,"
Alm. Salg",8.720,3,Villa,86,1890,0 %,Aktuel værdi
Banevej 36,4682 Tureby,925.000,30-08-2012,"
Alm. Salg",11.144,3,Villa,83,1988,-7 %,Aktuel værdi
Byskovvej 22,4682 Tureby,1.330.000,29-08-2012,"
Alm. Salg",10.813,5,Villa,123,1976,-5 %,Aktuel værdi
Skrosbjergvej 3,4682 Tureby,300.000,16-08-2012,"
Fam. Salg",1.477,5,Villa,203,2016,,Aktuel værdi
Sonnerupvej 51,4682 Tureby,2.400.000,10-08-2012,"
Alm. Salg",14.814,4,Stuehus,162,1923,0 %,
Ulstrup Bygade 5,4682 Tureby,1.150.000,18-07-2012,"
Alm. Salg",9.504,3,Villa,121,1961,0 %,Aktuel værdi
Slimmingevej 12,4682 Tureby,150.000,17-07-2012,"
Auktion",1.315,4,Villa,114,1977,,Aktuel værdi
Byskovvej 28,4682 Tureby,1.195.000,12-07-2012,"
Alm. Salg",8.659,5,Villa,138,1972,0 %,Aktuel værdi
Byagervej 22,4682 Tureby,1.250.000,06-07-2012,"
Alm. Salg",11.574,4,Villa,108,1970,0 %,Aktuel værdi
Byvej 11,4682 Tureby,450.000,03-07-2012,"
Alm. Salg",3.082,4,Villa,146,1925,0 %,Aktuel værdi
Fruedalsvej 13,4682 Tureby,500.000,29-06-2012,"
Alm. Salg",2.824,4,Stuehus,177,2004,,
Skrosbjergvej 15C,4682 Tureby,2.900.000,15-06-2012,"
Alm. Salg",12.288,7,Villa,236,1877,,Aktuel værdi
Byskovvej 40,4682 Tureby,375.000,14-06-2012,"
Alm. Salg",5.357,3,Villa,70,1900,,Aktuel værdi
Ankerstræde 23,4682 Tureby,1.657.262,06-06-2012,"
Alm. Salg",8.958,5,Stuehus,185,1910,,
Ulstrup Bygade 4,4682 Tureby,345.000,23-05-2012,"
Auktion",3.631,4,Villa,95,1877,,Aktuel værdi
Østerskovvej 11,4682 Tureby,800.000,22-05-2012,"
Alm. Salg",6.779,5,Villa,118,1877,-6 %,Aktuel værdi
Banevej 15,4682 Tureby,1.615.000,11-05-2012,"
Alm. Salg",8.972,5,Villa,180,1980,1 %,Aktuel værdi
Byagervej 4,4682 Tureby,2.100.000,03-04-2012,"
Alm. Salg",12.068,5,Villa,174,1974,,Aktuel værdi
Ulstrupvej 1C,4682 Tureby,150.000,01-03-2012,"
Alm. Salg",-,5,Fritid,-,1976,,Aktuel værdi
Skovvej 26,4682 Tureby,750.000,05-02-2012,"
Alm. Salg",9.615,2,Villa,78,1960,-16 %,Aktuel værdi
Bjerredevej 27,4682 Tureby,2.100.000,15-12-2011,"
Alm. Salg",21.212,2,Stuehus,99,1870,-18 %,
Østerskovvej 7,4682 Tureby,1.300.000,30-11-2011,"
Fam. Salg",7.558,6,Villa,172,1920,0 %,Aktuel værdi
Ankerstræde 2,4682 Tureby,1.830.000,31-10-2011,"
Alm. Salg",16.194,4,Villa,113,1827,-8 %,Aktuel værdi
Tågerupvej 15,4682 Tureby,2.371.412,22-10-2011,"
Andet",7.057,8,Stuehus,336,1873,,
Ankerstræde 8,4682 Tureby,1.250.000,20-10-2011,"
Alm. Salg",9.615,4,Stuehus,130,1900,-16 %,
Østerskovvej 35,4682 Tureby,433.755,17-10-2011,"
Alm. Salg",7.351,1,Stuehus,59,1882,-69 %,
Sæddervej 2,4682 Tureby,1.600.000,30-09-2011,"
Alm. Salg",10.666,4,Villa,150,1967,-6 %,Aktuel værdi
Byvej 17,4682 Tureby,1.150.000,23-09-2011,"
Alm. Salg",11.165,5,Villa,103,1955,-4 %,Aktuel værdi
Østerskovvej 20,4682 Tureby,3.500.000,04-08-2011,"
Alm. Salg",22.012,5,Stuehus,159,1800,,
Turebyvej 35,4682 Tureby,600.000,29-06-2011,"
Alm. Salg",6.666,2,Stuehus,90,1925,,
Tolstrupvej 1,4682 Tureby,550.000,16-06-2011,"
Alm. Salg",6.547,4,Villa,84,1850,,Aktuel værdi
Tågerupvej 10,4682 Tureby,4.500.000,26-05-2011,"
Alm. Salg",32.608,8,Stuehus,138,1899,,
Byskovvej 3,4682 Tureby,2.145.000,26-05-2011,"
Alm. Salg",10.888,6,Villa,197,1973,-2 %,Aktuel værdi
Ringsbjergvej 35,4682 Tureby,2.250.000,25-05-2011,"
Alm. Salg",16.304,4,Villa,138,1952,-10 %,Aktuel værdi
Agertoften 16,4682 Tureby,1.150.000,27-04-2011,"
Alm. Salg",7.615,5,Villa,151,1969,-18 %,Aktuel værdi
Hejnerupvej 4,4682 Tureby,2.000.000,12-04-2011,"
Alm. Salg",18.691,6,Stuehus,107,1904,-7 %,
Bjerredevej 19,4682 Tureby,1.650.000,01-04-2011,"
Alm. Salg",8.823,7,Villa,187,1925,-3 %,Aktuel værdi
Stenledsvej 3,4682 Tureby,1.200.000,30-03-2011,"
Alm. Salg",7.843,4,Villa,153,1979,-29 %,Aktuel værdi
Byskovvej 35,4682 Tureby,750.000,17-03-2011,"
Fam. Salg",3.989,5,Villa,188,1919,,Aktuel værdi
Toftevej 4,4682 Tureby,2.095.000,14-03-2011,"
Alm. Salg",11.638,6,Villa,180,1969,-8 %,Aktuel værdi
Bjerredevej 23,4682 Tureby,1.445.000,08-02-2011,"
Alm. Salg",12.456,4,Villa,116,1971,0 %,Aktuel værdi
Kanderødvej 26,4682 Tureby,1.550.000,10-12-2010,"
Auktion",8.659,4,Villa,179,1877,,Aktuel værdi
Byskovvej 6,4682 Tureby,1.737.500,06-12-2010,"
Alm. Salg",8.775,7,Villa,198,1967,-3 %,Aktuel værdi
Byskovvej 37,4682 Tureby,588.000,01-12-2010,"
Alm. Salg",5.345,4,Villa,110,1906,,Aktuel værdi
Byskovvej 48B,4682 Tureby,1.350.000,10-10-2010,"
Alm. Salg",11.065,3,Villa,122,1907,-7 %,Aktuel værdi
Skrosbjergvej 7,4682 Tureby,1.194.500,09-08-2010,"
Alm. Salg",5.770,6,Villa,207,1723,,Aktuel værdi
Byskovvej 34,4682 Tureby,1.400.000,29-07-2010,"
Alm. Salg",8.974,4,Villa,156,1972,-8 %,Aktuel værdi
Rødemosevej 3,4682 Tureby,1.850.000,25-06-2010,"
Alm. Salg",12.758,6,Villa,145,1919,-2 %,Aktuel værdi
Ingelstrupvej 1,4682 Tureby,906.015,05-05-2010,"
Alm. Salg",3.071,8,Villa,295,1877,,Aktuel værdi
Østervænget 12,4682 Tureby,800.000,01-05-2010,"
Alm. Salg",7.619,4,Villa,105,2002,,Aktuel værdi
Sonnerupvej 34,4682 Tureby,525.000,20-04-2010,"
Auktion",3.476,4,Villa,151,1909,,Aktuel værdi
Havevænget 10,4682 Tureby,1.950.000,02-02-2010,"
Alm. Salg",11.206,4,Villa,174,1924,-7 %,Aktuel værdi
Byagervej 14,4682 Tureby,1.200.000,02-02-2010,"
Alm. Salg",10.434,3,Villa,115,1981,-14 %,Aktuel værdi
Rødemosevej 9,4682 Tureby,1.940.000,28-01-2010,"
Alm. Salg",17.477,3,Villa,111,1911,-3 %,Aktuel værdi
Havevænget 9,4682 Tureby,710.000,02-12-2009,"
Alm. Salg",5.182,5,Villa,137,1947,-29 %,Aktuel værdi
Byagervej 9,4682 Tureby,2.350.000,01-12-2009,"
Andet",10.217,7,Villa,230,1973,,Aktuel værdi
Bjerredevej 13,4682 Tureby,1.062.500,30-11-2009,"
Fam. Salg",10.023,3,Rækkehus,106,1939,,Aktuel værdi
Fløjterupvej 6,4682 Tureby,1.071.765,27-11-2009,"
Alm. Salg",6.914,5,Stuehus,155,1940,,
Østerskovvej 33,4682 Tureby,765.159,30-10-2009,"
Alm. Salg",4.474,8,Villa,171,1870,,Aktuel værdi
Havevænget 14,4682 Tureby,850.000,30-09-2009,"
Alm. Salg",11.805,2,Villa,72,1954,-15 %,Aktuel værdi
Tågerupvej 20,4682 Tureby,2.295.000,07-08-2009,"
Alm. Salg",21.857,5,Villa,105,1935,0 %,Aktuel værdi
Ulstrupvej 4,4682 Tureby,130.000,24-06-2009,"
Alm. Salg",485,12,Stuehus,268,1888,,
Indelukket 8,4682 Tureby,550.000,19-06-2009,"
Andet",4.700,4,Sommerhus,117,1961,,Aktuel værdi
Børstedvej 16,4682 Tureby,1.200.000,29-05-2009,"
Fam. Salg",4.958,9,Villa,242,1941,,Aktuel værdi
Grevindevej 6,4682 Tureby,975.500,15-05-2009,"
Alm. Salg",7.995,6,Villa,122,1961,,Aktuel værdi
Sæddervej 22,4682 Tureby,2.950.000,11-05-2009,"
Alm. Salg",11.895,5,Villa,248,1924,-8 %,Aktuel værdi
Ringsbjergvej 29,4682 Tureby,1.275.000,04-05-2009,"
Alm. Salg",9.960,4,Villa,128,1971,-2 %,Aktuel værdi
Byskovparken 7,4682 Tureby,2.250.000,06-04-2009,"
Alm. Salg",15.410,5,Villa,146,2006,-10 %,Aktuel værdi
Ringsbjergvej 42,4682 Tureby,6.500.000,31-03-2009,"
Alm. Salg",50.000,4,Stuehus,130,1967,,
Byskovvej 68,4682 Tureby,1.295.000,17-03-2009,"
Alm. Salg",6.166,6,Villa,210,1877,0 %,Aktuel værdi
Fruedalsvej 12,4682 Tureby,1.747.481,27-02-2009,"
Alm. Salg",7.943,6,Villa,220,1992,,Aktuel værdi
Karisevej 140,4682 Tureby,1.295.000,07-02-2009,"
Alm. Salg",12.451,4,Villa,104,1881,0 %,Aktuel værdi
Byvej 70,4682 Tureby,4.990.000,21-01-2009,"
Fam. Salg",22.889,8,Stuehus,218,1918,,
Bjerredevej 2,4682 Tureby,191.000,28-11-2008,"
Fam. Salg",1.240,6,Stuehus,154,1952,,
Turebyvej 8D,4682 Tureby,1.075.000,08-11-2008,"
Alm. Salg",13.782,2,Rækkehus,78,1890,0 %,Aktuel værdi
Smedestrædet 6,4682 Tureby,275.000,23-10-2008,"
Alm. Salg",1.809,4,Villa,152,1777,-80 %,Aktuel værdi
Banevej 1A,4682 Tureby,1.950.000,22-07-2008,"
Alm. Salg",19.696,4,Villa,99,1987,0 %,Aktuel værdi
Turebyvej 7,4682 Tureby,1.450.000,10-07-2008,"
Alm. Salg",14.500,4,Villa,100,1900,,Aktuel værdi
Møllestræde 11,4682 Tureby,1.445.000,01-07-2008,"
Fam. Salg",6.422,10,Villa,225,1877,,Aktuel værdi
Hejnerupvej 8,4682 Tureby,4.800.000,02-06-2008,"
Alm. Salg",29.090,6,Villa,165,1927,-9 %,Aktuel værdi
Byvej 35,4682 Tureby,900.000,25-05-2008,"
Alm. Salg",5.844,3,Villa,154,1892,-10 %,Aktuel værdi
Skovvej 6,4682 Tureby,1.425.000,23-05-2008,"
Alm. Salg",10.326,4,Villa,138,1905,-11 %,Aktuel værdi
Hedebovej 1,4682 Tureby,1.887.500,21-05-2008,"
Andet",7.672,6,Stuehus,246,1932,,
Bjerredevej 17,4682 Tureby,2.715.000,04-04-2008,"
Fam. Salg",13.923,10,Stuehus,195,1918,,
Vordingborgvej 185,4682 Tureby,378.977,01-04-2008,"
Alm. Salg",4.858,3,Stuehus,78,1865,,
Bjerredevej 31,4682 Tureby,2.390.850,20-03-2008,"
Alm. Salg",6.792,11,Stuehus,352,1906,,
Slimmingevej 18B,4682 Tureby,1.262.853,14-02-2008,"
Alm. Salg",6.646,4,Villa,190,1907,,Aktuel værdi
Skrosbjergvej 5,4682 Tureby,1.400.000,22-01-2008,"
Fam. Salg",6.363,7,Villa,220,1877,,Aktuel værdi
Tågerupvej 8,4682 Tureby,861.250,19-01-2008,"
Alm. Salg",6.022,6,Villa,143,1910,,Aktuel værdi
Tågerupvej 16,4682 Tureby,500.000,02-01-2008,"
Alm. Salg",4.310,4,Villa,116,2010,,Aktuel værdi
Østerskovvej 32,4682 Tureby,264.950,15-12-2007,"
Alm. Salg",1.687,5,Stuehus,157,1920,,
Turebyvej 9,4682 Tureby,1.475.000,10-12-2007,"
Alm. Salg",15.691,4,Villa,94,1777,-8 %,Aktuel værdi
Kanderødvej 2,4682 Tureby,2.450.000,16-11-2007,"
Alm. Salg",18.421,4,Villa,133,1930,,Aktuel værdi
Gammel Skovvej 2,4682 Tureby,350.000,24-10-2007,"
Alm. Salg",1.699,7,Stuehus,206,1870,-92 %,
Ulstrupvej 14,4682 Tureby,3.525.000,12-09-2007,"
Alm. Salg",25.359,4,Stuehus,139,1880,,
Turebyvej 2B,4682 Tureby,2.025.000,10-09-2007,"
Alm. Salg",14.464,4,Villa,140,1922,,Aktuel værdi
Byvej 39,4682 Tureby,4.125.000,29-08-2007,"
Alm. Salg",20.420,5,Stuehus,202,1827,,
Byvej 36,4682 Tureby,2.420.000,21-08-2007,"
Alm. Salg",22.830,2,Villa,106,1957,-3 %,Aktuel værdi
Havevænget 19,4682 Tureby,1.715.000,09-08-2007,"
Alm. Salg",21.437,3,Rækkehus,80,1983,,Aktuel værdi
Turebyvej 15,4682 Tureby,2.100.000,08-08-2007,"
Fam. Salg",-,10,Villa,201,1889,,Aktuel værdi
Snedkærgårdsvej 11,4682 Tureby,3.475.000,11-07-2007,"
Alm. Salg",23.479,5,Villa,148,1966,,Aktuel værdi
Byskovparken 8,4682 Tureby,2.195.000,13-06-2007,"
Alm. Salg",20.324,4,Villa,108,2006,0 %,Aktuel værdi
Rødbylundvej 1,4682 Tureby,3.525.000,16-02-2007,"
Alm. Salg",20.258,5,Stuehus,174,1924,,
Bjerredevej 12,4682 Tureby,2.375.000,15-02-2007,"
Alm. Salg",21.017,4,Villa,113,1800,,Aktuel værdi
Sæddervej 32,4682 Tureby,2.488.000,13-02-2007,"
Fam. Salg",8.885,11,Stuehus,280,1892,,
Solvænget 14,4682 Tureby,2.275.000,27-01-2007,"
Alm. Salg",15.798,6,Villa,144,1962,-5 %,Aktuel værdi
Skovkildevej 32,4682 Tureby,105.000,06-11-2006,"
Andet",452,8,Villa,232,1912,,Aktuel værdi
Bjerredevej 44,4682 Tureby,825.000,05-11-2006,"
Alm. Salg",6.762,4,Villa,122,1910,,Aktuel værdi
Vestervangen 3,4682 Tureby,612.800,13-10-2006,"
Alm. Salg",2.630,5,Villa,233,1723,,Aktuel værdi
Sæddervej 26,4682 Tureby,2.150.000,11-09-2006,"
Alm. Salg",21.717,4,Villa,99,1914,,Aktuel værdi
Indelukket 10,4682 Tureby,765.000,07-09-2006,"
Alm. Salg",8.052,4,Sommerhus,95,1962,,Aktuel værdi
Havevænget 1,4682 Tureby,750.000,06-09-2006,"
Fam. Salg",3.488,5,Villa,215,1971,,Aktuel værdi
Kæderupvej 13,4682 Tureby,3.195.000,03-09-2006,"
Alm. Salg",13.595,7,Villa,235,1914,,Aktuel værdi
Oksholmvej 10,4682 Tureby,1.400.000,23-08-2006,"
Alm. Salg",14.893,4,Villa,94,1777,,Aktuel værdi
Banevej 27,4682 Tureby,2.445.000,15-08-2006,"
Alm. Salg",16.085,5,Villa,152,2006,,Aktuel værdi
Østerskovvej 12,4682 Tureby,1.850.000,14-08-2006,"
Alm. Salg",18.500,3,Villa,100,1887,,Aktuel værdi
Fruedalsvej 10,4682 Tureby,1.439.419,03-07-2006,"
Fam. Salg",8.178,6,Stuehus,176,1900,,
Byvej 14,4682 Tureby,1.695.000,01-07-2006,"
Alm. Salg",20.925,3,Villa,81,1954,,Aktuel værdi
Slimmingevej 23,4682 Tureby,217.070,29-06-2006,"
Fam. Salg",2.713,4,Stuehus,80,1900,,
Byskovparken 6,4682 Tureby,1.645.000,20-06-2006,"
Alm. Salg",17.315,3,Villa,95,2006,,Aktuel værdi
Skrosbjergvej 8,4682 Tureby,1.995.000,19-06-2006,"
Alm. Salg",14.669,5,Villa,136,1956,,Aktuel værdi
Byskovparken 3,4682 Tureby,2.495.000,16-06-2006,"
Alm. Salg",16.307,6,Villa,153,2006,,Aktuel værdi
Turebyvej 29,4682 Tureby,1.650.000,07-06-2006,"
Alm. Salg",17.553,4,Villa,94,1959,,Aktuel værdi
Byskovparken 5,4682 Tureby,2.320.000,10-05-2006,"
Alm. Salg",15.163,5,Villa,153,2006,,Aktuel værdi
Byskovparken 4B,4682 Tureby,1.695.000,06-04-2006,"
Alm. Salg",18.626,3,Rækkehus,91,2006,,Aktuel værdi
Indelukket 4,4682 Tureby,650.000,27-03-2006,"
Andet",6.989,3,Villa,93,1960,,Aktuel værdi
Sæddervej 36,4682 Tureby,2.400.000,15-03-2006,"
Alm. Salg",11.009,8,Villa,218,1850,,Aktuel værdi
Byvej 8,4682 Tureby,1.550.000,09-03-2006,"
Alm. Salg",20.129,2,Villa,77,1947,,Aktuel værdi
Byvej 20,4682 Tureby,1.750.000,24-02-2006,"
Alm. Salg",16.055,4,Villa,109,1959,,Aktuel værdi
Sæddervej 38,4682 Tureby,1.595.000,20-02-2006,"
Alm. Salg",11.000,5,Villa,145,1968,,Aktuel værdi
Banevej 24,4682 Tureby,1.545.000,15-02-2006,"
Alm. Salg",12.459,4,Villa,124,1966,,Aktuel værdi
Østervænget 3,4682 Tureby,2.100.000,30-01-2006,"
Alm. Salg",16.406,4,Villa,128,2006,,Aktuel værdi
Banevej 25,4682 Tureby,2.295.000,22-12-2005,"
Alm. Salg",16.392,5,Villa,140,2006,,Aktuel værdi
Havevænget 5,4682 Tureby,645.000,30-11-2005,"
Andet",4.542,3,Villa,142,1935,,Aktuel værdi
Tågerupvej 1B,4682 Tureby,2.200.000,21-11-2005,"
Alm. Salg",7.260,10,Villa,303,1900,,Aktuel værdi
Vordingborgvej 210,4682 Tureby,1.620.000,17-11-2005,"
Alm. Salg",9.818,4,Villa,165,1955,,Aktuel værdi
Byagervej 32,4682 Tureby,1.700.000,12-10-2005,"
Alm. Salg",14.529,4,Villa,117,1971,,Aktuel værdi
Åbrinken 1,4682 Tureby,601.700,03-10-2005,"
Andet",6.685,4,Villa,90,1963,,Aktuel værdi
Agertoften 5,4682 Tureby,1.855.000,28-09-2005,"
Alm. Salg",13.740,5,Villa,135,1972,,Aktuel værdi
Agertoften 1,4682 Tureby,1.695.000,26-09-2005,"
Alm. Salg",12.463,5,Villa,136,1971,,Aktuel værdi
Ulstrup Bygade 3B,4682 Tureby,2.900.000,07-09-2005,"
Alm. Salg",11.885,7,Villa,244,2002,,Aktuel værdi
Vordingborgvej 338,4682 Tureby,1.575.000,29-08-2005,"
Alm. Salg",8.750,4,Villa,180,1820,,Aktuel værdi
Byvej 43,4682 Tureby,1.550.000,16-08-2005,"
Alm. Salg",18.674,2,Villa,83,1960,,Aktuel værdi
Banevej 2,4682 Tureby,1.062.500,15-08-2005,"
Fam. Salg",6.682,5,Villa,159,1973,,Aktuel værdi
Byvej 34,4682 Tureby,838.000,11-08-2005,"
Alm. Salg",19.952,1,Villa,42,1954,,Aktuel værdi
Hedebovej 3,4682 Tureby,2.100.000,10-08-2005,"
Alm. Salg",12.574,5,Villa,167,1929,,Aktuel værdi
Skovvej 11,4682 Tureby,1.410.000,10-08-2005,"
Alm. Salg",14.387,4,Villa,98,1949,,Aktuel værdi
Sæddervej 28,4682 Tureby,1.745.000,09-08-2005,"
Alm. Salg",11.044,4,Villa,158,1886,,Aktuel værdi
Havevænget 7A,4682 Tureby,1.450.000,08-08-2005,"
Alm. Salg",8.630,5,Villa,168,1900,,Aktuel værdi
Solvænget 15,4682 Tureby,1.650.000,01-08-2005,"
Alm. Salg",14.732,4,Villa,112,1962,,Aktuel værdi
Ringsbjergvej 38,4682 Tureby,2.450.000,31-07-2005,"
Alm. Salg",9.007,9,Villa,272,1800,,Aktuel værdi
Kæderupvej 11,4682 Tureby,5.500.000,29-07-2005,"
Alm. Salg",30.386,7,Stuehus,181,1915,,
Vordingborgvej 330,4682 Tureby,2.000.000,11-07-2005,"
Alm. Salg",20.000,4,Stuehus,100,1925,,
Havevænget 7,4682 Tureby,1.320.000,08-07-2005,"
Alm. Salg",9.428,4,Villa,140,1930,,Aktuel værdi
Vestervangen 7,4682 Tureby,1.900.000,25-06-2005,"
Alm. Salg",9.743,5,Villa,195,1850,,Aktuel værdi
Østervænget 7,4682 Tureby,2.145.000,12-06-2005,"
Alm. Salg",15.656,5,Villa,137,2002,,Aktuel værdi
Havevænget 20,4682 Tureby,1.625.000,09-06-2005,"
Alm. Salg",13.541,3,Villa,120,1940,,Aktuel værdi
Vestervangen 9,4682 Tureby,1.085.000,03-05-2005,"
Alm. Salg",-,3,Villa,122,1917,,Aktuel værdi
Ringsbjergvej 19,4682 Tureby,1.625.000,15-04-2005,"
Alm. Salg",12.896,4,Villa,126,1777,,Aktuel værdi
Fruedalsvej 5,4682 Tureby,722.000,21-03-2005,"
Alm. Salg",6.747,4,Villa,107,1927,,Aktuel værdi
Slimmingevej 25,4682 Tureby,1.995.000,17-03-2005,"
Alm. Salg",9.193,5,Villa,217,1992,,Aktuel værdi
Solvænget 1,4682 Tureby,1.850.000,25-02-2005,"
Alm. Salg",11.783,6,Villa,157,1963,,Aktuel værdi
Havevænget 13,4682 Tureby,1.280.000,25-02-2005,"
Alm. Salg",7.619,6,Villa,168,1962,,Aktuel værdi
Kæderupvej 8,4682 Tureby,1.000.000,22-02-2005,"
Fam. Salg",5.494,8,Villa,182,1914,,Aktuel værdi
Ulstrupvej 1D,4682 Tureby,2.400.000,19-02-2005,"
Alm. Salg",9.160,10,Villa,262,1917,,Aktuel værdi
Turebyholmvej 26,4682 Tureby,980.000,09-02-2005,"
Fam. Salg",7.313,5,Villa,134,1877,,Aktuel værdi
Druestrupvej 24,4682 Tureby,2.425.000,18-01-2005,"
Fam. Salg",13.857,6,Stuehus,175,1875,,
Agertoften 22,4682 Tureby,1.800.000,18-01-2005,"
Alm. Salg",11.392,6,Villa,158,1971,,Aktuel værdi
Kæderupvej 10,4682 Tureby,1.600.000,20-12-2004,"
Fam. Salg",16.000,3,Stuehus,100,1924,,
Hejnerupvej 9,4682 Tureby,1.100.000,13-12-2004,"
Alm. Salg",9.821,4,Villa,112,1877,,Aktuel værdi
Ulstrup Bygade 3C,4682 Tureby,3.175.000,06-12-2004,"
Alm. Salg",12.751,6,Villa,249,2004,,Aktuel værdi
Vordingborgvej 226,4682 Tureby,1.735.000,15-11-2004,"
Alm. Salg",10.981,4,Rækkehus,158,1877,,Aktuel værdi
Karisevej 143,4682 Tureby,1.520.000,30-10-2004,"
Alm. Salg",11.428,5,Villa,133,1877,,Aktuel værdi
Karisevej 131,4682 Tureby,233.000,18-10-2004,"
Alm. Salg",1.176,5,Villa,198,1918,,Aktuel værdi
Sæddervej 30,4682 Tureby,1.550.000,15-09-2004,"
Alm. Salg",16.315,3,Villa,95,1915,,Aktuel værdi
Kæderupvej 7,4682 Tureby,1.755.000,09-09-2004,"
Alm. Salg",10.323,6,Villa,170,1971,,Aktuel værdi
Skovvej 16,4682 Tureby,693.851,13-07-2004,"
Fam. Salg",4.230,6,Villa,164,1900,,Aktuel værdi
Stenledsvej 5,4682 Tureby,1.712.500,13-07-2004,"
Alm. Salg",17.474,5,Villa,98,1866,,Aktuel værdi
Kanderødvej 13,4682 Tureby,1.400.000,01-07-2004,"
Fam. Salg",5.761,5,Stuehus,243,2009,,
Byvej 48,4682 Tureby,1.495.000,29-06-2004,"
Alm. Salg",7.666,8,Villa,195,1955,,Aktuel værdi
Havevænget 8,4682 Tureby,910.000,24-06-2004,"
Alm. Salg",13.382,3,Villa,68,1951,,Aktuel værdi
Agertoften 9,4682 Tureby,1.700.000,12-05-2004,"
Alm. Salg",12.056,5,Villa,141,1979,,Aktuel værdi
Vordingborgvej 228,4682 Tureby,1.650.000,22-04-2004,"
Alm. Salg",8.870,5,Rækkehus,186,1877,,Aktuel værdi
Agertoften 13,4682 Tureby,1.695.000,31-03-2004,"
Alm. Salg",11.300,5,Villa,150,1973,,Aktuel værdi
Grevindevej 4,4682 Tureby,925.000,15-03-2004,"
Alm. Salg",9.536,6,Villa,97,1959,,Aktuel værdi
Vordingborgvej 175,4682 Tureby,2.650.000,08-03-2004,"
Alm. Salg",10.600,6,Stuehus,250,1999,,
Ulstrupvej 2,4682 Tureby,2.495.000,24-02-2004,"
Alm. Salg",20.619,3,Villa,121,1914,,Aktuel værdi
Slimmingevej 17,4682 Tureby,1.350.000,10-02-2004,"
Alm. Salg",8.709,4,Villa,155,1935,,Aktuel værdi
Bøgeskovvej 2,4682 Tureby,1.850.000,16-01-2004,"
Alm. Salg",9.736,5,Villa,190,1952,,Aktuel værdi
Sonnerupvej 79,4682 Tureby,1.350.000,10-01-2004,"
Alm. Salg",13.636,5,Rækkehus,99,1785,,Aktuel værdi
Stenledsvej 2,4682 Tureby,925.000,11-12-2003,"
Alm. Salg",12.171,3,Villa,76,1960,,Aktuel værdi
Hedebovej 4,4682 Tureby,965.000,26-11-2003,"
Alm. Salg",6.942,5,Villa,139,1852,,Aktuel værdi
Banevej 21,4682 Tureby,1.085.000,25-11-2003,"
Alm. Salg",12.055,4,Rækkehus,90,1984,,Aktuel værdi
Oksholmvej 6,4682 Tureby,2.250.000,09-10-2003,"
Alm. Salg",15.100,4,Stuehus,149,1925,,
Sonnerupvej 61,4682 Tureby,796.334,15-09-2003,"
Fam. Salg",4.946,5,Villa,161,1997,,Aktuel værdi
Tågerupvej 6,4682 Tureby,1.195.000,04-08-2003,"
Alm. Salg",-,5,Villa,179,1924,,Aktuel værdi
Turebyvej 2A,4682 Tureby,1.495.000,29-07-2003,"
Alm. Salg",9.462,5,Villa,158,1988,,Aktuel værdi
Juellundvej 4,4682 Tureby,2.800.000,23-06-2003,"
Alm. Salg",18.064,5,Stuehus,155,1897,,
Sonnerupvej 83B,4682 Tureby,1.860.000,28-05-2003,"
Alm. Salg",10.219,5,Villa,182,1989,,Aktuel værdi
Byskovvej 20,4682 Tureby,1.625.000,28-05-2003,"
Alm. Salg",10.833,6,Villa,150,1975,,Aktuel værdi
Vordingborgvej 222,4682 Tureby,1.375.000,27-05-2003,"
Alm. Salg",9.046,5,Rækkehus,152,1877,,Aktuel værdi
Agertoften 14,4682 Tureby,1.425.000,08-05-2003,"
Alm. Salg",10.401,4,Villa,137,1969,,Aktuel værdi
Juellundvej 3,4682 Tureby,544.000,24-04-2003,"
Fam. Salg",5.494,4,Villa,99,1905,,Aktuel værdi
Byvej 38,4682 Tureby,785.000,25-03-2003,"
Alm. Salg",11.544,3,Villa,68,1957,,Aktuel værdi
Byagervej 6,4682 Tureby,1.021.027,13-03-2003,"
Alm. Salg",10.635,3,Villa,96,1971,,Aktuel værdi
Grevindevej 2,4682 Tureby,1.531.880,10-03-2003,"
Alm. Salg",15.957,4,Villa,96,1947,,Aktuel værdi
Byskovvej 19,4682 Tureby,1.626.980,29-01-2003,"
Alm. Salg",8.217,9,Villa,198,1925,,Aktuel værdi
Havevænget 15,4682 Tureby,1.001.108,09-12-2002,"
Fam. Salg",5.753,6,Villa,174,1960,,Aktuel værdi
Sonnerupvej 8,4682 Tureby,367.000,30-11-2002,"
Alm. Salg",2.383,5,Villa,154,2004,,Aktuel værdi
Byskovvej 52,4682 Tureby,20.000,12-11-2002,"
Alm. Salg",156,3,Villa,128,1908,,Aktuel værdi
Ringsbjergvej 40,4682 Tureby,1.259.947,05-11-2002,"
Alm. Salg",10.243,4,Villa,123,1964,,Aktuel værdi
Bjerredevej 6,4682 Tureby,2.400.000,15-10-2002,"
Alm. Salg",13.793,5,Villa,174,1912,,Aktuel værdi
Østervænget 5,4682 Tureby,350.000,27-08-2002,"
Alm. Salg",2.380,5,Villa,147,2003,,Aktuel værdi
Kæderupvej 5,4682 Tureby,1.060.000,19-08-2002,"
Alm. Salg",6.309,4,Villa,168,1920,,Aktuel værdi
Toftevej 9,4682 Tureby,1.195.000,08-07-2002,"
Alm. Salg",10.301,4,Villa,116,1973,,Aktuel værdi
Østerskovvej 39,4682 Tureby,653.592,25-06-2002,"
Alm. Salg",2.984,7,Villa,219,1928,,Aktuel værdi
Kæderupvej 9,4682 Tureby,537.249,13-06-2002,"
Fam. Salg",4.928,3,Villa,109,1865,,Aktuel værdi
Åbrinken 8,4682 Tureby,1.175.000,29-04-2002,"
Alm. Salg",12.500,6,Villa,94,1965,,Aktuel værdi
Hejnerupvej 6,4682 Tureby,2.430.776,14-04-2002,"
Alm. Salg",13.139,5,Villa,185,1900,,Aktuel værdi
Havevænget 11,4682 Tureby,1.480.000,10-04-2002,"
Alm. Salg",10.571,4,Villa,140,1973,,Aktuel værdi
Østervænget 1,4682 Tureby,1.195.000,09-04-2002,"
Alm. Salg",10.127,4,Villa,118,1969,,Aktuel værdi
Bjerredevej 4,4682 Tureby,650.000,09-04-2002,"
Andet",2.509,6,Villa,259,1850,,Aktuel værdi
Skrosbjergvej 17,4682 Tureby,1.400.000,03-04-2002,"
Fam. Salg",9.459,5,Villa,148,1974,,Aktuel værdi
Kæderupvej 30,4682 Tureby,1.800.000,15-03-2002,"
Alm. Salg",12.162,6,Stuehus,148,1892,,
Fruedalsvej 11,4682 Tureby,1.505.000,13-02-2002,"
Alm. Salg",8.048,5,Villa,187,1897,,Aktuel værdi
Tvedvej 2,4682 Tureby,8.205,24-01-2002,"
Alm. Salg",49,5,Stuehus,166,1974,,
Kanderødvej 5,4682 Tureby,1.645.000,06-01-2002,"
Alm. Salg",9.138,6,Villa,180,1827,,Aktuel værdi
Børstedvej 14,4682 Tureby,3.152.000,28-12-2001,"
Fam. Salg",11.257,10,Stuehus,280,1920,,
Toftevej 1,4682 Tureby,275.252,03-12-2001,"
Andet",1.966,5,Villa,140,1973,,Aktuel værdi
Bjerredevej 18,4682 Tureby,985.000,26-11-2001,"
Alm. Salg",9.949,3,Villa,99,1900,,Aktuel værdi
Byvej 15,4682 Tureby,1.100.000,20-11-2001,"
Fam. Salg",4.641,8,Villa,237,1949,,Aktuel værdi
Hejnerupvej 1,4682 Tureby,2.006.960,12-11-2001,"
Alm. Salg",15.204,4,Villa,132,1904,,Aktuel værdi
Mosegårdsvej 1,4682 Tureby,1.925.184,01-11-2001,"
Alm. Salg",11.128,5,Villa,173,1852,,Aktuel værdi
Østervænget 8,4682 Tureby,414.300,25-10-2001,"
Alm. Salg",3.002,5,Villa,138,2002,,Aktuel værdi
Byagervej 5,4682 Tureby,1.442.296,01-10-2001,"
Alm. Salg",10.157,5,Villa,142,1972,,Aktuel værdi
Banevej 5,4682 Tureby,710.000,17-09-2001,"
Alm. Salg",5.680,4,Villa,125,1967,,Aktuel værdi
Vangevej 3,4682 Tureby,1.799.940,23-08-2001,"
Alm. Salg",11.042,5,Villa,163,1931,,Aktuel værdi
Hejnerupvej 3,4682 Tureby,817.000,22-08-2001,"
Alm. Salg",5.634,5,Villa,145,1906,,Aktuel værdi
Smedestrædet 4,4682 Tureby,807.172,21-08-2001,"
Alm. Salg",-,6,Villa,211,1900,,Aktuel værdi
Tågerupvej 23,4682 Tureby,1.760.000,27-06-2001,"
Alm. Salg",-,8,Stuehus,183,1876,,
Sæddervej 31,4682 Tureby,1.640.232,06-06-2001,"
Alm. Salg",11.715,5,Villa,140,1937,,Aktuel værdi
Smedetoften 1,4682 Tureby,820.000,27-04-2001,"
Alm. Salg",8.367,3,Villa,98,1962,,Aktuel værdi
Byvej 60,4682 Tureby,142.800,18-04-2001,"
Alm. Salg",517,9,Stuehus,276,1905,,
Indelukket 6,4682 Tureby,838.593,11-12-2000,"
Alm. Salg",11.979,3,Sommerhus,70,1995,,Aktuel værdi
Solvænget 19,4682 Tureby,1.201.973,04-09-2000,"
Alm. Salg",6.359,8,Villa,189,1963,,Aktuel værdi
Tolstrupvej 2,4682 Tureby,800.000,31-08-2000,"
Fam. Salg",6.349,4,Villa,126,1850,,Aktuel værdi
Fruedalsvej 9,4682 Tureby,811.000,31-07-2000,"
Alm. Salg",2.534,8,Villa,320,1890,,Aktuel værdi
Byagervej 30,4682 Tureby,1.224.000,19-07-2000,"
Alm. Salg",10.200,4,Villa,120,1973,,Aktuel værdi
Mosegårdsvej 5,4682 Tureby,625.000,30-06-2000,"
Alm. Salg",2.530,6,Villa,247,2004,,Aktuel værdi
Byskovvej 42,4682 Tureby,875.300,05-06-2000,"
Alm. Salg",4.731,4,Villa,185,1900,,Aktuel værdi
Hejnerupvej 2,4682 Tureby,1.808.953,24-05-2000,"
Alm. Salg",9.520,4,Stuehus,190,1877,,
Turebyvej 8E,4682 Tureby,729.191,02-05-2000,"
Alm. Salg",9.348,2,Rækkehus,78,1890,,Aktuel værdi
Havevænget 16,4682 Tureby,1.511.400,28-03-2000,"
Alm. Salg",7.129,4,Villa,212,1975,,Aktuel værdi
Byagervej 25A,4682 Tureby,924.000,27-02-2000,"
Alm. Salg",10.266,4,Villa,90,1983,,Aktuel værdi
Sæddervej 19,4682 Tureby,1.750.000,16-02-2000,"
Alm. Salg",13.671,3,Villa,128,1850,,Aktuel værdi
Stenledsvej 6,4682 Tureby,1.421.000,22-01-2000,"
Alm. Salg",8.213,4,Villa,173,1880,,Aktuel værdi
Ringsbjergvej 11,4682 Tureby,1.287.000,18-10-1999,"
Alm. Salg",10.463,4,Villa,123,1966,,Aktuel værdi
Ringsbjergvej 39,4682 Tureby,180.000,16-10-1999,"
Alm. Salg",1.764,4,Stuehus,102,1907,,
Byskovvej 56,4682 Tureby,982.860,04-10-1999,"
Alm. Salg",6.341,5,Villa,155,1908,,Aktuel værdi
Ulstrup Bygade 7,4682 Tureby,204.000,27-09-1999,"
Alm. Salg",2.518,3,Villa,81,1825,,Aktuel værdi
Turebyholmvej 2,4682 Tureby,1.165.000,24-09-1999,"
Fam. Salg",12.263,3,Villa,95,1820,,Aktuel værdi
Byvej 62,4682 Tureby,1.228.878,20-09-1999,"
Alm. Salg",7.314,5,Villa,168,1900,,Aktuel værdi
Turebyvej 17,4682 Tureby,1.139.997,23-08-1999,"
Alm. Salg",6.785,6,Villa,168,1926,,Aktuel værdi
Skovvej 12,4682 Tureby,889.474,17-08-1999,"
Alm. Salg",6.637,5,Villa,134,1895,,Aktuel værdi
Byskovvej 14,4682 Tureby,865.462,02-08-1999,"
Alm. Salg",7.397,5,Villa,117,1908,,Aktuel værdi
Solvænget 7,4682 Tureby,1.080.000,29-07-1999,"
Alm. Salg",6.923,7,Villa,156,1963,,Aktuel værdi
Ingelstrupvej 5,4682 Tureby,2.003.000,24-06-1999,"
Alm. Salg",7.885,8,Stuehus,254,1900,,
Byskovvej 10,4682 Tureby,941.120,18-06-1999,"
Alm. Salg",8.478,4,Villa,111,1972,,Aktuel værdi
Druestrupvej 23,4682 Tureby,81.040,14-06-1999,"
Alm. Salg",370,6,Stuehus,219,1998,,
Byvej 25,4682 Tureby,898.000,31-05-1999,"
Alm. Salg",10.951,3,Villa,82,1946,,Aktuel værdi
Rødbylundvej 11,4682 Tureby,1.550.000,25-05-1999,"
Alm. Salg",11.397,4,Villa,136,1920,,Aktuel værdi
Byvej 66,4682 Tureby,652.843,24-05-1999,"
Alm. Salg",6.730,3,Villa,97,1877,,Aktuel værdi
Storskovvej 2,4682 Tureby,1.060.226,10-05-1999,"
Alm. Salg",8.909,4,Villa,119,1859,,Aktuel værdi
Østervænget 6,4682 Tureby,882.844,19-04-1999,"
Alm. Salg",8.250,4,Villa,107,1970,,Aktuel værdi
Banevej 3,4682 Tureby,1.290.000,04-03-1999,"
Fam. Salg",9.280,5,Villa,139,1965,,Aktuel værdi
Indelukket 1,4682 Tureby,1.700.000,04-03-1999,"
Fam. Salg",6.563,7,Stuehus,259,1823,,
Agertoften 24,4682 Tureby,888.360,08-02-1999,"
Alm. Salg",8.795,4,Villa,101,1968,,Aktuel værdi
Grevindevej 3,4682 Tureby,1.089.620,01-02-1999,"
Alm. Salg",5.315,4,Villa,205,1950,,Aktuel værdi
Byvej 37,4682 Tureby,824.740,05-01-1999,"
Alm. Salg",5.028,6,Villa,164,1926,,Aktuel værdi
Sæddervej 27,4682 Tureby,571.330,04-01-1999,"
Alm. Salg",3.808,6,Villa,150,1914,,Aktuel værdi
Rødbylundvej 5,4682 Tureby,285.000,18-12-1998,"
Alm. Salg",2.209,5,Villa,129,1924,,Aktuel værdi
Hejnerupvej 5,4682 Tureby,1.290.400,09-12-1998,"
Alm. Salg",13.034,5,Villa,99,1904,,Aktuel værdi
Børstedvej 15,4682 Tureby,799.426,07-12-1998,"
Alm. Salg",7.012,5,Villa,114,1860,,Aktuel værdi
Bøgeskovvej 4,4682 Tureby,1.044.000,23-09-1998,"
Alm. Salg",5.673,8,Villa,184,1850,,Aktuel værdi
Sonnerupvej 3,4682 Tureby,653.953,16-09-1998,"
Alm. Salg",8.492,3,Villa,77,1935,,Aktuel værdi
Rødbylundvej 2,4682 Tureby,1.125.000,09-09-1998,"
Fam. Salg",8.152,4,Stuehus,138,1924,,
Havevænget 26,4682 Tureby,809.560,19-08-1998,"
Alm. Salg",8.612,3,Villa,94,1935,,Aktuel værdi
Tågerupvej 22,4682 Tureby,840.000,18-08-1998,"
Alm. Salg",-,4,Stuehus,170,1875,,
Kanderødvej 1,4682 Tureby,809.000,20-07-1998,"
Alm. Salg",6.472,4,Villa,125,1820,,Aktuel værdi
Agertoften 21,4682 Tureby,1.414.330,29-06-1998,"
Alm. Salg",6.370,9,Villa,222,1968,,Aktuel værdi
Byagervej 16,4682 Tureby,1.228.596,12-05-1998,"
Alm. Salg",7.631,6,Villa,161,1970,,Aktuel værdi
Byskovvej 13,4682 Tureby,717.950,11-05-1998,"
Alm. Salg",6.243,5,Villa,115,1914,,Aktuel værdi
Gammel Skovvej 1,4682 Tureby,1.787.560,30-04-1998,"
Alm. Salg",7.805,4,Stuehus,229,1991,,
Mosegårdsvej 2,4682 Tureby,1.300.000,11-04-1998,"
Alm. Salg",6.806,7,Stuehus,191,1890,,
Bjerredevej 42,4682 Tureby,642.000,27-03-1998,"
Alm. Salg",8.675,3,Villa,74,1927,,Aktuel værdi
Druestrupvej 20,4682 Tureby,1.997.820,02-03-1998,"
Alm. Salg",11.481,5,Stuehus,174,1890,,
Bjerredevej 15,4682 Tureby,808.475,31-01-1998,"
Alm. Salg",7.627,4,Villa,106,1927,,Aktuel værdi
Skrosbjergvej 19,4682 Tureby,768.800,20-01-1998,"
Alm. Salg",8.736,3,Villa,88,1890,,Aktuel værdi
Ringsbjergvej 21,4682 Tureby,1.597.880,14-01-1998,"
Alm. Salg",9.078,6,Villa,176,1950,,Aktuel værdi
Byagervej 3,4682 Tureby,608.000,13-12-1997,"
Alm. Salg",5.428,4,Villa,112,1967,,Aktuel værdi
Byagervej 26,4682 Tureby,402.349,08-12-1997,"
Fam. Salg",2.579,4,Villa,156,1983,,Aktuel værdi
Skrosbjergvej 12,4682 Tureby,1.651.838,01-12-1997,"
Alm. Salg",-,6,Stuehus,245,1912,,
Kæderupvej 19,4682 Tureby,1.062.500,27-11-1997,"
Alm. Salg",6.002,7,Stuehus,177,2000,,
Juellundvej 9,4682 Tureby,1.284.000,20-10-1997,"
Alm. Salg",4.882,5,Stuehus,263,1999,,
Agertoften 12,4682 Tureby,1.032.000,14-10-1997,"
Alm. Salg",7.216,5,Villa,143,1972,,Aktuel værdi
Indelukket 2,4682 Tureby,505.018,13-10-1997,"
Alm. Salg",7.426,3,Sommerhus,68,1967,,Aktuel værdi
Turebyvej 11,4682 Tureby,1.021.710,06-10-1997,"
Alm. Salg",5.739,6,Villa,178,1942,,Aktuel værdi
Åbrinken 12,4682 Tureby,1.205.000,30-09-1997,"
Andet",4.958,8,Villa,243,1964,,Aktuel værdi
Byvej 50,4682 Tureby,740.000,08-09-1997,"
Alm. Salg",6.548,4,Industri o.l.,113,1939,,Aktuel værdi
Byagervej 27B,4682 Tureby,781.960,01-09-1997,"
Alm. Salg",8.688,4,Villa,90,1984,,Aktuel værdi
Vangevej 5,4682 Tureby,1.517.000,19-08-1997,"
Alm. Salg",-,6,Stuehus,244,1932,,
Skrosbjergvej 23,4682 Tureby,1.416.565,20-06-1997,"
Alm. Salg",7.575,5,Stuehus,187,1870,,
Banevej 13,4682 Tureby,1.006.000,05-05-1997,"
Alm. Salg",7.237,5,Villa,139,1965,,Aktuel værdi
"Grevindevej 7, 1",4682 Tureby,695.000,18-04-1997,"
Alm. Salg",2.464,9,Lejlighed,282,1939,,Aktuel værdi
Byskovvej 64,4682 Tureby,783.000,17-04-1997,"
Alm. Salg",-,6,Villa,184,1814,,Aktuel værdi
Turebyvej 13,4682 Tureby,1.069.000,30-03-1997,"
Alm. Salg",7.918,5,Villa,135,1900,,Aktuel værdi
Østerskovvej 22,4682 Tureby,1.315.554,17-03-1997,"
Alm. Salg",9.330,6,Stuehus,141,1970,,
Byskovvej 31,4682 Tureby,1.145.880,20-02-1997,"
Alm. Salg",9.094,4,Villa,126,1986,,Aktuel værdi
Bjerredevej 21,4682 Tureby,390.000,18-02-1997,"
Fam. Salg",3.513,3,Villa,111,1935,,Aktuel værdi
Druestrupvej 31,4682 Tureby,2.050.000,19-01-1997,"
Alm. Salg",8.266,6,Stuehus,248,1973,,
Sonnerupvej 75,4682 Tureby,821.370,16-01-1997,"
Fam. Salg",4.212,5,Stuehus,195,1880,,
Havevænget 4,4682 Tureby,185.000,11-01-1997,"
Alm. Salg",1.491,4,Villa,124,1950,,Aktuel værdi
Rødemosevej 11,4682 Tureby,460.000,12-11-1996,"
Alm. Salg",5.974,3,Villa,77,1890,,Aktuel værdi
Østerskovvej 16,4682 Tureby,819.000,10-09-1996,"
Fam. Salg",6.204,3,Stuehus,132,1872,,
Ankerstræde 1,4682 Tureby,1.300.000,05-08-1996,"
Alm. Salg",8.125,5,Villa,160,1917,,Aktuel værdi
Kanderødvej 9,4682 Tureby,1.154.200,01-08-1996,"
Alm. Salg",10.588,4,Stuehus,109,1860,,
Byagervej 33,4682 Tureby,850.000,30-07-1996,"
Alm. Salg",6.159,4,Villa,138,1975,,Aktuel værdi
Grevindevej 1,4682 Tureby,715.000,10-07-1996,"
Alm. Salg",3.191,7,Villa,224,1926,,Aktuel værdi
Kanderødvej 7,4682 Tureby,1.318.000,01-07-1996,"
Alm. Salg",9.835,6,Stuehus,134,1920,,
Byvej 10,4682 Tureby,420.000,21-06-1996,"
Alm. Salg",2.916,4,Villa,144,1930,,Aktuel værdi
Byskovvej 21,4682 Tureby,1.060.000,29-05-1996,"
Alm. Salg",6.543,6,Villa,162,1970,,Aktuel værdi
Byskovvej 38,4682 Tureby,800.000,08-04-1996,"
Alm. Salg",4.210,6,Villa,190,1970,,Aktuel værdi
Byskovvej 58,4682 Tureby,650.775,27-02-1996,"
Alm. Salg",6.257,4,Villa,104,1912,,Aktuel værdi
Byskovvej 50,4682 Tureby,328.000,01-12-1995,"
Alm. Salg",2.562,5,Villa,128,1902,,Aktuel værdi
Tågerupvej 12,4682 Tureby,204.000,23-10-1995,"
Fam. Salg",-,4,Villa,79,1870,,Aktuel værdi
Druestrupvej 25,4682 Tureby,1.008.300,12-10-1995,"
Alm. Salg",4.383,5,Villa,230,2002,,Aktuel værdi
Byagervej 27A,4682 Tureby,705.000,15-09-1995,"
Alm. Salg",-,6,Villa,118,1984,,Aktuel værdi
Børstedvej 22,4682 Tureby,650.000,11-08-1995,"
Alm. Salg",5.327,3,Villa,122,1907,,Aktuel værdi
Banevej 14,4682 Tureby,625.410,13-07-1995,"
Alm. Salg",5.737,4,Villa,109,1967,,Aktuel værdi
Rødbylundvej 17,4682 Tureby,680.000,14-06-1995,"
Alm. Salg",6.071,5,Villa,112,1926,,Aktuel værdi
Banevej 18,4682 Tureby,685.000,22-05-1995,"
Alm. Salg",5.614,4,Villa,122,1968,,Aktuel værdi
Tvedvej 5,4682 Tureby,833.000,15-05-1995,"
Alm. Salg",3.856,5,Villa,216,1890,,Aktuel værdi
Skrosbjergvej 16,4682 Tureby,895.000,03-05-1995,"
Alm. Salg",-,4,Stuehus,107,1867,,
Skovvej 24,4682 Tureby,600.000,25-04-1995,"
Alm. Salg",-,4,Villa,190,1959,,Aktuel værdi
Ulstrupvej 11,4682 Tureby,575.000,30-03-1995,"
Alm. Salg",2.601,5,Villa,221,1825,,Aktuel værdi
Bjerredevej 3,4682 Tureby,345.000,27-03-1995,"
Alm. Salg",4.058,3,Villa,85,1960,,Aktuel værdi
Byskovvej 60,4682 Tureby,203.000,21-11-1994,"
Alm. Salg",1.201,4,Villa,169,2002,,Aktuel værdi
Vordingborgvej 204,4682 Tureby,600.000,01-11-1994,"
Alm. Salg",6.315,3,Villa,95,1880,,Aktuel værdi
Vordingborgvej 179,4682 Tureby,703.625,21-10-1994,"
Alm. Salg",5.720,3,Villa,123,1935,,Aktuel værdi
Byagervej 7,4682 Tureby,770.000,17-10-1994,"
Alm. Salg",5.099,4,Villa,151,1973,,Aktuel værdi
Sonnerupvej 54,4682 Tureby,630.000,20-09-1994,"
Fam. Salg",-,3,Stuehus,167,1938,,
Byvej 27,4682 Tureby,595.000,09-09-1994,"
Alm. Salg",3.718,7,Villa,160,1942,,Aktuel værdi
Agertoften 27,4682 Tureby,710.000,05-09-1994,"
Alm. Salg",4.251,6,Villa,167,1968,,Aktuel værdi
Ringsbjergvej 36,4682 Tureby,300.000,08-08-1994,"
Alm. Salg",2.000,5,Villa,150,1780,,Aktuel værdi
Byvej 24,4682 Tureby,610.000,25-07-1994,"
Alm. Salg",4.919,4,Villa,124,1953,,Aktuel værdi
Rødemosevej 7,4682 Tureby,575.000,05-06-1994,"
Alm. Salg",4.752,3,Villa,121,1890,,Aktuel værdi
Sæddervej 1,4682 Tureby,675.000,06-04-1994,"
Alm. Salg",5.232,4,Villa,129,1938,,Aktuel værdi
Byskovvej 29,4682 Tureby,585.000,22-03-1994,"
Alm. Salg",3.633,5,Villa,161,1939,,Aktuel værdi
Byagervej 31,4682 Tureby,676.520,10-03-1994,"
Alm. Salg",3.316,6,Villa,204,1972,,Aktuel værdi
Skrosbjergvej 13,4682 Tureby,940.000,09-03-1994,"
Alm. Salg",12.207,3,Stuehus,77,1959,,
Rødemosevej 5,4682 Tureby,390.000,28-11-1993,"
Alm. Salg",1.950,8,Villa,200,2002,,Aktuel værdi
Byagervej 35,4682 Tureby,680.000,29-09-1993,"
Alm. Salg",-,5,Villa,182,1975,,Aktuel værdi
Tågerupvej 17,4682 Tureby,805.600,20-09-1993,"
Alm. Salg",4.131,7,Villa,195,1900,,Aktuel værdi
Sæddervej 6,4682 Tureby,488.400,04-09-1993,"
Alm. Salg",6.512,4,Villa,75,1936,,Aktuel værdi
Fruedalsvej 2,4682 Tureby,1.095.333,21-06-1993,"
Alm. Salg",3.477,8,Villa,315,1914,,Aktuel værdi
Ringsbjergvej 43,4682 Tureby,735.000,07-06-1993,"
Alm. Salg",5.787,5,Villa,127,1900,,Aktuel værdi
Rødbylundvej 4,4682 Tureby,769.856,26-05-1993,"
Fam. Salg",4.781,5,Villa,161,1924,,Aktuel værdi
Juellundvej 5,4682 Tureby,360.000,14-05-1993,"
Alm. Salg",2.769,4,Villa,130,1917,,Aktuel værdi
Skovvej 8,4682 Tureby,565.000,14-05-1993,"
Alm. Salg",3.174,4,Villa,178,1906,,Aktuel værdi
Agertoften 6,4682 Tureby,395.000,15-03-1993,"
Fam. Salg",2.379,7,Villa,166,1974,,Aktuel værdi
Sæddervej 18,4682 Tureby,298.532,15-02-1993,"
Alm. Salg",3.142,3,Villa,95,1951,,Aktuel værdi
Byvej 7,4682 Tureby,173.158,15-02-1993,"
Fam. Salg",759,8,Villa,228,1923,,Aktuel værdi
Sonnerupvej 12,4682 Tureby,530.000,15-01-1993,"
Alm. Salg",5.300,4,Villa,100,1976,,Aktuel værdi
Druestrupvej 22,4682 Tureby,890.000,03-12-1992,"
Alm. Salg",4.635,5,Stuehus,192,1916,,
Ringsbjergvej 30,4682 Tureby,1.329.822,16-11-1992,"
Alm. Salg",4.649,10,Villa,286,1865,,Aktuel værdi
Turebyvej 8A,4682 Tureby,250.000,10-11-1992,"
Auktion",-,2,Villa,81,1870,,Aktuel værdi
Skrosbjergvej 15B,4682 Tureby,363.600,06-11-1992,"
Alm. Salg",2.258,5,Stuehus,161,1995,,
Bjerredevej 40,4682 Tureby,825.000,30-10-1992,"
Alm. Salg",3.683,6,Villa,224,1916,,Aktuel værdi
Skovvej 13,4682 Tureby,340.000,19-10-1992,"
Alm. Salg",4.927,3,Villa,69,1955,,Aktuel værdi
Byskovvej 54,4682 Tureby,525.000,20-08-1992,"
Alm. Salg",4.952,2,Villa,106,1932,,Aktuel værdi
Stenledsvej 7,4682 Tureby,710.000,16-04-1992,"
Alm. Salg",2.886,10,Villa,246,1930,,Aktuel værdi
Hejnerupvej 11,4682 Tureby,2.000.000,09-03-1992,"
Alm. Salg",12.578,4,Villa,159,1861,,Aktuel værdi
Byvej 16,4682 Tureby,561.512,28-02-1992,"
Alm. Salg",4.492,3,Villa,125,1959,,Aktuel værdi
Byskovvej 12,4682 Tureby,540.000,17-02-1992,"
Fam. Salg",3.970,7,Villa,136,1920,,Aktuel værdi
