address,zip_code,price,sell_date,sell_type,price_per_sq_m,no_rooms,housing_type,size_in_sq_m,year_of_construction,price_change_in_pct
Vordingborgvej 97,4773 Stensved,464.321,28-03-2017,"
Alm. Salg",4.259,5,Villa,109,1955,,Aktuel værdi
Kastanievej 36,4773 Stensved,800.000,17-02-2017,"
Alm. Salg",6.250,4,Villa,128,1978,-9 %,Aktuel værdi
Vordingborgvej 45,4773 Stensved,497.500,09-01-2017,"
Fam. Salg",3.948,4,Villa,126,1934,,Aktuel værdi
Pilevej 5,4773 Stensved,575.000,22-12-2016,"
Alm. Salg",6.052,3,Villa,95,1889,0 %,Aktuel værdi
Parkvej 39,4773 Stensved,1.250.000,20-12-2016,"
Fam. Salg",8.333,4,Villa,150,1973,,Aktuel værdi
Kullevej 2,4773 Stensved,335.000,25-11-2016,"
Alm. Salg",3.018,5,Sommerhus,111,1825,-15 %,Aktuel værdi
Pilevej 9,4773 Stensved,150.000,23-11-2016,"
Alm. Salg",1.875,3,Villa,80,1963,-23 %,Aktuel værdi
Mågevej 9,4773 Stensved,905.000,17-11-2016,"
Alm. Salg",8.537,4,Villa,106,1964,,Aktuel værdi
Stensbyvej 28B,4773 Stensved,1.540.000,14-11-2016,"
Alm. Salg",6.553,6,Rækkehus,235,1903,-4 %,Aktuel værdi
Pilevej 6,4773 Stensved,670.310,08-11-2016,"
Andet",3.419,5,Villa,196,1907,,Aktuel værdi
Vibevej 1,4773 Stensved,1.095.000,04-11-2016,"
Alm. Salg",8.051,4,Villa,136,1959,0 %,Aktuel værdi
Vordingborgvej 54,4773 Stensved,660.000,01-11-2016,"
Alm. Salg",4.714,5,Villa,140,2015,,Aktuel værdi
Kastanievej 17,4773 Stensved,925.000,12-10-2016,"
Alm. Salg",8.409,4,Villa,110,1978,,Aktuel værdi
Drosselvej 3,4773 Stensved,437.500,22-09-2016,"
Fam. Salg",3.556,4,Villa,123,1964,,Aktuel værdi
Mosevangen 68,4773 Stensved,804.000,24-08-2016,"
Andet",4.757,5,Villa,169,2008,,Aktuel værdi
Kastanievej 21,4773 Stensved,1.168.000,09-08-2016,"
Alm. Salg",10.715,4,Villa,109,1978,-3 %,Aktuel værdi
Skovhusevej 32,4773 Stensved,180.000,15-07-2016,"
Alm. Salg",2.117,3,Villa,85,1855,-27 %,Aktuel værdi
Stensbyvej 35,4773 Stensved,400.000,03-07-2016,"
Alm. Salg",1.379,9,Villa,290,1867,,Aktuel værdi
Stensbyvej 54,4773 Stensved,750.000,23-06-2016,"
Alm. Salg",6.818,4,Stuehus,110,1807,,
Skyttemarksvej 32,4773 Stensved,1.350.000,13-06-2016,"
Alm. Salg",9.246,4,Villa,146,1968,-3 %,Aktuel værdi
Skovstræde 13,4773 Stensved,900.000,09-06-2016,"
Fam. Salg",8.737,4,Villa,103,1957,,Aktuel værdi
Stensbyvej 20,4773 Stensved,995.000,08-06-2016,"
Auktion",5.527,9,Villa,180,1947,,Aktuel værdi
Vibevej 10,4773 Stensved,595.000,26-05-2016,"
Alm. Salg",5.085,5,Villa,117,1964,0 %,Aktuel værdi
Skyttemarksvej 14,4773 Stensved,551.734,25-05-2016,"
Alm. Salg",3.998,4,Villa,138,2003,,Aktuel værdi
Skovstræde 8,4773 Stensved,1.000.000,20-05-2016,"
Alm. Salg",6.993,5,Villa,143,1970,-13 %,Aktuel værdi
Skolevej 2,4773 Stensved,460.000,11-05-2016,"
Alm. Salg",4.000,5,Villa,115,1961,,Aktuel værdi
Skovhusevej 15,4773 Stensved,255.000,03-05-2016,"
Alm. Salg",1.770,6,Villa,144,1925,-15 %,Aktuel værdi
Svalevej 3,4773 Stensved,371.500,21-04-2016,"
Fam. Salg",3.045,4,Villa,122,1966,,Aktuel værdi
Parkvej 35,4773 Stensved,1.370.000,02-04-2016,"
Alm. Salg",9.448,6,Villa,145,1973,-2 %,Aktuel værdi
Skovhuse Gade 14,4773 Stensved,1.600.000,23-03-2016,"
Alm. Salg",13.675,4,Stuehus,117,1967,-20 %,
Skovhuse Gade 3,4773 Stensved,1.150.000,17-02-2016,"
Alm. Salg",7.876,4,Villa,146,1877,-10 %,Aktuel værdi
Skovhusevej 7,4773 Stensved,690.000,17-02-2016,"
Auktion",4.964,5,Villa,139,1913,,Aktuel værdi
Skovhusevej 26,4773 Stensved,1.250.000,15-02-2016,"
Alm. Salg",7.485,7,Villa,167,1947,-3 %,Aktuel værdi
Lupinvej 30,4773 Stensved,450.000,02-02-2016,"
Alm. Salg",3.543,4,Villa,127,1972,-43 %,Aktuel værdi
Primulavej 2,4773 Stensved,1.600.000,22-01-2016,"
Andet",11.111,5,Villa,144,2000,-6 %,Aktuel værdi
Kastanievej 35,4773 Stensved,855.000,21-01-2016,"
Alm. Salg",6.286,4,Villa,136,1978,-4 %,Aktuel værdi
Kastanievej 4,4773 Stensved,700.000,14-01-2016,"
Alm. Salg",5.185,4,Villa,135,1978,-12 %,Aktuel værdi
Stensbyvej 26,4773 Stensved,3.000.000,09-12-2015,"
Alm. Salg",9.966,6,Stuehus,301,1922,,
Skovhusevej 12,4773 Stensved,315.000,18-11-2015,"
Alm. Salg",2.863,4,Villa,110,1948,7 %,Aktuel værdi
Vordingborgvej 28,4773 Stensved,600.800,16-11-2015,"
Alm. Salg",3.778,5,Villa,159,1935,-8 %,Aktuel værdi
Lupinvej 31,4773 Stensved,500.000,10-11-2015,"
Fam. Salg",4.385,4,Villa,114,1980,,Aktuel værdi
Mosevangen 31,4773 Stensved,1.200.000,24-10-2015,"
Alm. Salg",10.909,4,Rækkehus,110,2008,-6 %,Aktuel værdi
Lupinvej 1,4773 Stensved,1.475.000,22-10-2015,"
Alm. Salg",12.291,4,Villa,120,1969,-1 %,Aktuel værdi
Mosevangen 39,4773 Stensved,1.170.000,25-09-2015,"
Alm. Salg",10.636,4,Rækkehus,110,2008,-6 %,Aktuel værdi
Drosselvej 14,4773 Stensved,915.000,23-09-2015,"
Alm. Salg",8.883,4,Villa,103,1965,-6 %,Aktuel værdi
Møllevej 1,4773 Stensved,235.000,11-09-2015,"
Alm. Salg",1.654,3,Villa,142,1962,-45 %,Aktuel værdi
Skyttemarksvej 42B,4773 Stensved,425.000,24-07-2015,"
Alm. Salg",3.541,4,Villa,120,1971,,Aktuel værdi
Kastanievej 16,4773 Stensved,538.000,15-07-2015,"
Auktion",4.803,4,Villa,112,1978,,Aktuel værdi
Drejervej 10,4773 Stensved,1.550.000,09-07-2015,"
Alm. Salg",11.923,5,Villa,130,1920,,Aktuel værdi
Vordingborgvej 29,4773 Stensved,600.000,26-06-2015,"
Alm. Salg",5.454,5,Villa,110,1954,-8 %,Aktuel værdi
Kastanievej 11,4773 Stensved,1.100.000,24-06-2015,"
Alm. Salg",5.729,5,Villa,192,1978,-6 %,Aktuel værdi
Skovhuse Gade 2,4773 Stensved,995.000,19-06-2015,"
Alm. Salg",10.153,2,Villa,98,1900,0 %,Aktuel værdi
Stensbyvej 12,4773 Stensved,338.000,18-06-2015,"
Alm. Salg",1.681,8,Villa,201,1890,,Aktuel værdi
Drosselvej 5,4773 Stensved,750.000,08-06-2015,"
Alm. Salg",5.813,4,Villa,129,1968,-11 %,Aktuel værdi
Stensbyvej 48,4773 Stensved,1.175.000,07-05-2015,"
Alm. Salg",7.532,6,Villa,156,1947,-9 %,Aktuel værdi
Skyttemarksvej 40A,4773 Stensved,115.900,20-04-2015,"
Alm. Salg",619,5,Villa,187,2016,,Aktuel værdi
Drosselvej 4,4773 Stensved,610.000,11-04-2015,"
Alm. Salg",4.357,4,Villa,140,1966,-23 %,Aktuel værdi
Stensbyvej 33,4773 Stensved,3.650.000,28-03-2015,"
Alm. Salg",14.717,7,Stuehus,248,1700,-3 %,
Vordingborgvej 8,4773 Stensved,105.000,27-03-2015,"
Alm. Salg",1.235,3,Villa,85,1937,-64 %,Aktuel værdi
Parkvej 16,4773 Stensved,1.145.000,24-03-2015,"
Alm. Salg",7.951,5,Villa,144,1973,-4 %,Aktuel værdi
Åløkkevej 14,4773 Stensved,2.000.000,21-03-2015,"
Alm. Salg",12.195,5,Villa,164,2007,-9 %,Aktuel værdi
Skyttemarksvej 19,4773 Stensved,983.000,20-03-2015,"
Fam. Salg",4.447,7,Villa,221,1967,,Aktuel værdi
Vordingborgvej 33,4773 Stensved,220.000,09-02-2015,"
Alm. Salg",2.750,3,Villa,80,1878,-10 %,Aktuel værdi
Vordingborgvej 67,4773 Stensved,380.750,09-02-2015,"
Fam. Salg",4.881,3,Villa,78,1950,,Aktuel værdi
Stensby Mark 11,4773 Stensved,3.229.400,31-12-2014,"
Fam. Salg",17.841,8,Stuehus,181,1840,,
Skovbækvej 2,4773 Stensved,1.700.000,30-12-2014,"
Alm. Salg",9.826,4,Villa,173,2008,-5 %,Aktuel værdi
Skyttemarksvej 10,4773 Stensved,1.350.000,10-12-2014,"
Auktion",10.150,5,Villa,133,2012,,Aktuel værdi
Skovhusevej 2,4773 Stensved,320.000,09-12-2014,"
Alm. Salg",1.951,6,Stuehus,164,1912,-85 %,
Stensbyvej 17,4773 Stensved,1.000.000,11-11-2014,"
Andet",6.289,4,Villa,159,1900,,Aktuel værdi
Vordingborgvej 99,4773 Stensved,825.000,08-10-2014,"
Alm. Salg",10.312,3,Villa,80,1960,-3 %,Aktuel værdi
Skovstræde 3,4773 Stensved,400.000,02-10-2014,"
Alm. Salg",3.571,3,Villa,112,1963,-42 %,Aktuel værdi
Stensby Mark 9,4773 Stensved,874.500,06-09-2014,"
Alm. Salg",3.904,7,Villa,224,1899,-56 %,Aktuel værdi
Kirsebærvej 14,4773 Stensved,602.840,06-09-2014,"
Andet",4.245,5,Villa,142,1999,,Aktuel værdi
Skovhusevej 6,4773 Stensved,1.104.000,01-09-2014,"
Alm. Salg",6.690,4,Villa,165,1907,,Aktuel værdi
Pilevej 4,4773 Stensved,350.000,02-07-2014,"
Alm. Salg",3.271,4,Villa,107,1879,-11 %,Aktuel værdi
Skovstræde 15,4773 Stensved,539.656,01-07-2014,"
Andet",7.195,5,Villa,75,1957,,Aktuel værdi
Kastanievej 6,4773 Stensved,830.000,18-05-2014,"
Alm. Salg",5.928,4,Villa,140,1978,-15 %,Aktuel værdi
Lupinvej 32,4773 Stensved,950.000,09-04-2014,"
Alm. Salg",9.223,5,Villa,103,1971,0 %,Aktuel værdi
Drosselvej 16,4773 Stensved,650.000,16-03-2014,"
Alm. Salg",6.250,4,Villa,104,1968,-13 %,Aktuel værdi
Stensbyvej 30,4773 Stensved,115.000,14-02-2014,"
Alm. Salg",1.854,3,Villa,62,1900,,Aktuel værdi
Mosevangen 11,4773 Stensved,2.110.000,12-02-2014,"
Alm. Salg",12.196,6,Villa,173,2005,-8 %,Aktuel værdi
Vordingborgvej 73,4773 Stensved,595.000,31-12-2013,"
Alm. Salg",3.520,5,Villa,169,1902,0 %,Aktuel værdi
Parkvej 29,4773 Stensved,1.150.000,18-12-2013,"
Alm. Salg",6.052,4,Villa,190,1973,-11 %,Aktuel værdi
Vordingborgvej 4,4773 Stensved,476.000,16-12-2013,"
Alm. Salg",2.720,4,Villa,175,1972,,Aktuel værdi
Vordingborgvej 103,4773 Stensved,1.500.000,12-12-2013,"
Alm. Salg",8.333,4,Villa,180,1900,,Aktuel værdi
Skånningevej 30,4773 Stensved,500.000,20-11-2013,"
Alm. Salg",4.310,5,Villa,116,1962,-9 %,Aktuel værdi
Lupinvej 20,4773 Stensved,930.000,05-11-2013,"
Alm. Salg",7.440,4,Villa,125,1976,-5 %,Aktuel værdi
Parkvej 26,4773 Stensved,795.000,31-10-2013,"
Alm. Salg",6.625,4,Villa,120,1976,-6 %,Aktuel værdi
Drosselvej 12,4773 Stensved,885.000,18-10-2013,"
Alm. Salg",8.592,4,Villa,103,1966,-6 %,Aktuel værdi
Skånningevej 25,4773 Stensved,760.000,18-10-2013,"
Alm. Salg",6.386,4,Villa,119,1964,-8 %,Aktuel værdi
Bakkevej 22,4773 Stensved,640.000,16-10-2013,"
Auktion",3.926,5,Villa,163,1974,,Aktuel værdi
Skyttemarksvej 36A,4773 Stensved,800.000,14-10-2013,"
Alm. Salg",5.194,5,Villa,154,1972,-20 %,Aktuel værdi
Lupinvej 38,4773 Stensved,675.000,13-09-2013,"
Alm. Salg",4.655,5,Villa,145,1972,-3 %,Aktuel værdi
Vordingborgvej 35,4773 Stensved,325.000,04-09-2013,"
Alm. Salg",3.693,3,Villa,88,1957,0 %,Aktuel værdi
Kastanievej 26,4773 Stensved,825.000,28-08-2013,"
Alm. Salg",5.978,4,Villa,138,1978,-3 %,Aktuel værdi
Parkvej 56,4773 Stensved,1.190.000,22-07-2013,"
Alm. Salg",7.933,4,Villa,150,1980,-5 %,Aktuel værdi
Vordingborgvej 87,4773 Stensved,895.000,20-07-2013,"
Alm. Salg",7.458,5,Villa,120,1959,0 %,Aktuel værdi
Skovhuse Gade 10,4773 Stensved,593.968,27-06-2013,"
Andet",-,7,Villa,179,1870,,Aktuel værdi
Vådebjergvej 6,4773 Stensved,2.300.000,01-06-2013,"
Alm. Salg",10.599,6,Villa,217,2004,0 %,Aktuel værdi
Møllevej 10,4773 Stensved,2.130.000,20-05-2013,"
Alm. Salg",13.921,6,Villa,153,2008,,Aktuel værdi
Bakkevej 21,4773 Stensved,900.000,05-04-2013,"
Alm. Salg",5.769,5,Villa,156,1973,-10 %,Aktuel værdi
Pilevej 11,4773 Stensved,675.000,31-03-2013,"
Alm. Salg",5.921,4,Villa,114,1827,0 %,Aktuel værdi
Mosevangen 35,4773 Stensved,1.175.000,17-12-2012,"
Alm. Salg",10.681,4,Rækkehus,110,2008,-2 %,Aktuel værdi
Kastanievej 7,4773 Stensved,410.478,14-12-2012,"
Andet",3.232,4,Villa,127,1978,,Aktuel værdi
Mosevangen 55,4773 Stensved,600.000,01-11-2012,"
Alm. Salg",5.454,4,Rækkehus,110,2008,,Aktuel værdi
Skovhusevej 24,4773 Stensved,868.000,23-10-2012,"
Fam. Salg",8.112,4,Villa,107,1777,,Aktuel værdi
Åløkkevej 12,4773 Stensved,1.800.000,21-10-2012,"
Alm. Salg",11.842,5,Villa,152,2007,-10 %,Aktuel værdi
Mosevangen 37,4773 Stensved,603.500,17-10-2012,"
Andet",5.486,4,Rækkehus,110,2008,,Aktuel værdi
Lupinvej 10,4773 Stensved,659.093,20-09-2012,"
Alm. Salg",3.766,5,Villa,175,1969,,Aktuel værdi
Mejerivænget 8,4773 Stensved,50.000,11-09-2012,"
Alm. Salg",500,4,Villa,100,1966,,Aktuel værdi
Mosevangen 2A,4773 Stensved,1.100.000,21-07-2012,"
Alm. Salg",7.236,6,Villa,152,1910,,Aktuel værdi
Lupinvej 34,4773 Stensved,560.000,08-06-2012,"
Fam. Salg",4.028,4,Villa,139,1970,-53 %,Aktuel værdi
Parkvej 33,4773 Stensved,1.130.000,26-05-2012,"
Alm. Salg",5.916,6,Villa,191,1973,-16 %,Aktuel værdi
Skyttemarksvej 17,4773 Stensved,750.000,30-04-2012,"
Alm. Salg",3.024,9,Villa,248,1877,-25 %,Aktuel værdi
Vordingborgvej 69,4773 Stensved,680.000,17-01-2012,"
Alm. Salg",5.573,3,Villa,122,1944,,Aktuel værdi
Skovstræde 5,4773 Stensved,530.000,23-12-2011,"
Alm. Salg",4.240,4,Villa,125,1959,-17 %,Aktuel værdi
Vordingborgvej 61,4773 Stensved,356.452,15-12-2011,"
Andet",2.475,2,Villa,144,1902,,Aktuel værdi
Skovstræde 18,4773 Stensved,2.225.000,26-09-2011,"
Alm. Salg",16.481,3,Stuehus,135,1955,,
Skovhuse Gade 12,4773 Stensved,1.218.725,19-09-2011,"
Alm. Salg",6.217,5,Stuehus,196,1939,,
Kirsebærvej 7,4773 Stensved,1.495.000,21-07-2011,"
Alm. Salg",-,6,Villa,198,2007,0 %,Aktuel værdi
Skovhusevej 10,4773 Stensved,1.053.582,12-07-2011,"
Alm. Salg",8.104,5,Stuehus,130,1919,,
Pilevej 13,4773 Stensved,1.350.000,06-07-2011,"
Alm. Salg",8.653,4,Stuehus,156,1942,-15 %,
Skånningevej 55,4773 Stensved,765.000,30-06-2011,"
Alm. Salg",7.285,4,Villa,105,1967,-12 %,Aktuel værdi
Mosevangen 27,4773 Stensved,1.475.000,04-04-2011,"
Alm. Salg",13.409,4,Rækkehus,110,2008,,Aktuel værdi
Skånningevej 47,4773 Stensved,1.200.000,04-04-2011,"
Alm. Salg",9.448,4,Villa,127,1960,-14 %,Aktuel værdi
Industrivej 6,4773 Stensved,1.595.000,06-03-2011,"
Alm. Salg",10.493,4,Villa,152,1973,0 %,Aktuel værdi
Kastanievej 15,4773 Stensved,950.000,28-12-2010,"
Alm. Salg",8.333,4,Villa,114,1978,-17 %,Aktuel værdi
Skovhuse Gade 11,4773 Stensved,500.000,14-12-2010,"
Alm. Salg",6.666,3,Villa,75,1850,-16 %,Aktuel værdi
Skovstræde 21,4773 Stensved,2.395.000,09-12-2010,"
Alm. Salg",13.159,5,Stuehus,182,1900,0 %,
Mosevangen 7,4773 Stensved,260.000,22-11-2010,"
Alm. Salg",1.547,5,Villa,168,2015,,Aktuel værdi
Pilegårdsvej 1B,4773 Stensved,473.590,01-10-2010,"
Andet",6.314,3,Villa,75,1957,,Aktuel værdi
Skyttemarksvej 5,4773 Stensved,1.080.000,29-09-2010,"
Alm. Salg",8.372,4,Villa,129,1967,-6 %,Aktuel værdi
Mågevej 1,4773 Stensved,688.000,20-09-2010,"
Andet",5.212,5,Villa,132,1971,,Aktuel værdi
Lupinvej 24,4773 Stensved,1.100.000,16-09-2010,"
Alm. Salg",6.918,4,Villa,159,1969,-12 %,Aktuel værdi
Skovbrynet 2,4773 Stensved,1.950.000,07-09-2010,"
Alm. Salg",11.676,4,Villa,167,1975,,Aktuel værdi
Vibevej 9,4773 Stensved,1.950.000,07-09-2010,"
Alm. Salg",13.000,6,Villa,150,1964,,Aktuel værdi
Violvej 2,4773 Stensved,955.000,20-08-2010,"
Alm. Salg",10.852,3,Villa,88,1966,-4 %,Aktuel værdi
Stensbyvej 16,4773 Stensved,770.000,22-07-2010,"
Alm. Salg",6.209,4,Villa,124,1900,0 %,Aktuel værdi
Stensbyvej 25,4773 Stensved,366.326,07-07-2010,"
Alm. Salg",-,4,Villa,189,1850,,Aktuel værdi
Parkvej 8,4773 Stensved,502.607,20-06-2010,"
Alm. Salg",3.221,4,Villa,156,1976,,Aktuel værdi
Kastanievej 34,4773 Stensved,1.625.000,16-06-2010,"
Alm. Salg",12.126,5,Villa,134,1979,-4 %,Aktuel værdi
Lupinvej 11,4773 Stensved,1.065.000,27-05-2010,"
Alm. Salg",7.830,4,Villa,136,1969,-11 %,Aktuel værdi
Skovstræde 11,4773 Stensved,800.000,22-05-2010,"
Alm. Salg",7.142,5,Villa,112,1957,-6 %,Aktuel værdi
Sommerdalen 3,4773 Stensved,475.000,28-04-2010,"
Auktion",5.277,5,Villa,90,1966,-32 %,Aktuel værdi
Bakkevej 25,4773 Stensved,798.000,24-04-2010,"
Alm. Salg",4.134,8,Villa,193,1974,,Aktuel værdi
Skovstræde 23,4773 Stensved,350.000,12-04-2010,"
Fam. Salg",1.724,5,Villa,203,1870,,Aktuel værdi
Mågevej 5,4773 Stensved,980.000,02-04-2010,"
Alm. Salg",9.702,4,Villa,101,1966,-6 %,Aktuel værdi
Birkebakken 6,4773 Stensved,975.000,29-03-2010,"
Alm. Salg",9.558,4,Villa,102,1960,-2 %,Aktuel værdi
Kastanievej 44,4773 Stensved,1.150.000,19-03-2010,"
Alm. Salg",10.267,4,Villa,112,1977,,Aktuel værdi
Åløkkevej 1,4773 Stensved,1.970.000,11-02-2010,"
Alm. Salg",11.726,6,Villa,168,2007,-1 %,Aktuel værdi
Stensbyvej 39,4773 Stensved,654.423,27-01-2010,"
Alm. Salg",5.112,4,Villa,128,1940,,Aktuel værdi
Åløkkevej 6,4773 Stensved,2.000.000,09-12-2009,"
Alm. Salg",10.869,7,Villa,184,1807,,Aktuel værdi
Lindevej 7,4773 Stensved,1.360.000,29-10-2009,"
Fam. Salg",6.126,8,Villa,222,1967,-15 %,Aktuel værdi
Vordingborgvej 34,4773 Stensved,625.000,15-09-2009,"
Alm. Salg",5.896,3,Villa,106,1890,-10 %,Aktuel værdi
Vordingborgvej 44,4773 Stensved,850.000,27-08-2009,"
Alm. Salg",6.439,5,Villa,132,1907,-15 %,Aktuel værdi
Parkvej 4,4773 Stensved,850.000,14-08-2009,"
Alm. Salg",5.704,4,Villa,149,1976,,Aktuel værdi
Stivænget 1,4773 Stensved,83.350,12-07-2009,"
Alm. Salg",646,4,Stuehus,129,1914,,
Parkvej 58,4773 Stensved,700.000,17-06-2009,"
Alm. Salg",5.185,4,Villa,135,1976,-28 %,Aktuel værdi
Bakkevej 14,4773 Stensved,825.000,09-06-2009,"
Alm. Salg",5.221,4,Villa,158,1973,-2 %,Aktuel værdi
Lupinvej 3,4773 Stensved,850.000,02-06-2009,"
Alm. Salg",6.746,4,Villa,126,1970,-19 %,Aktuel værdi
Kastanievej 20,4773 Stensved,1.000.000,26-05-2009,"
Alm. Salg",9.090,4,Villa,110,1978,-16 %,Aktuel værdi
Skovstræde 7,4773 Stensved,616.315,30-04-2009,"
Andet",5.135,3,Villa,120,1965,,Aktuel værdi
Drosselvej 20,4773 Stensved,1.455.000,26-03-2009,"
Alm. Salg",8.712,5,Villa,167,1958,,Aktuel værdi
Vordingborgvej 3,4773 Stensved,700.000,13-03-2009,"
Alm. Salg",7.291,3,Villa,96,1961,-12 %,Aktuel værdi
Lupinvej 8,4773 Stensved,969.243,31-01-2009,"
Alm. Salg",7.342,5,Villa,132,1966,-15 %,Aktuel værdi
Mosevangen 29,4773 Stensved,1.595.000,01-11-2008,"
Alm. Salg",14.500,4,Rækkehus,110,2008,0 %,Aktuel værdi
Mosevangen 53,4773 Stensved,1.550.000,08-10-2008,"
Alm. Salg",14.090,4,Rækkehus,110,2008,,Aktuel værdi
Vordingborgvej 2,4773 Stensved,425.000,21-07-2008,"
Alm. Salg",-,4,Villa,177,1900,,Aktuel værdi
Irisvej 6,4773 Stensved,1.150.000,28-06-2008,"
Alm. Salg",9.745,3,Villa,118,1968,-13 %,Aktuel værdi
Skovstræde 22,4773 Stensved,74.925,10-06-2008,"
Alm. Salg",960,3,Villa,78,1900,,Aktuel værdi
Vestenbækvej 40,4773 Stensved,1.053.000,09-06-2008,"
Alm. Salg",6.664,6,Villa,158,1907,,Aktuel værdi
Mosevangen 23,4773 Stensved,268.307,19-05-2008,"
Alm. Salg",2.217,4,Villa,121,2009,,Aktuel værdi
Mosevangen 43,4773 Stensved,1.525.000,14-04-2008,"
Alm. Salg",13.863,4,Rækkehus,110,2008,,Aktuel værdi
Kastanievej 1,4773 Stensved,997.500,13-04-2008,"
Alm. Salg",6.739,5,Villa,148,1979,,Aktuel værdi
Mosevangen 41,4773 Stensved,1.475.000,10-04-2008,"
Alm. Salg",13.409,4,Rækkehus,110,2008,,Aktuel værdi
Birkebakken 4,4773 Stensved,1.200.000,03-04-2008,"
Alm. Salg",11.650,4,Villa,103,1961,-4 %,Aktuel værdi
Vordingborgvej 32,4773 Stensved,671.500,31-03-2008,"
Fam. Salg",5.739,3,Villa,117,1944,,Aktuel værdi
Mosevangen 33,4773 Stensved,1.475.000,13-03-2008,"
Alm. Salg",13.409,4,Rækkehus,110,2008,,Aktuel værdi
Vordingborgvej 50,4773 Stensved,2.650.000,07-03-2008,"
Alm. Salg",8.862,6,Villa,299,1948,-5 %,Aktuel værdi
Mosevangen 57,4773 Stensved,1.525.000,15-02-2008,"
Alm. Salg",13.863,4,Rækkehus,110,2008,,Aktuel værdi
Mosevangen 51,4773 Stensved,1.525.000,12-02-2008,"
Alm. Salg",13.863,4,Rækkehus,110,2008,,Aktuel værdi
Mosevangen 47,4773 Stensved,1.525.000,12-02-2008,"
Alm. Salg",13.863,4,Rækkehus,110,2008,,Aktuel værdi
Mosevangen 62,4773 Stensved,1.200.000,28-01-2008,"
Alm. Salg",15.789,3,Rækkehus,76,2007,-4 %,Aktuel værdi
Skovstræde 14,4773 Stensved,1.948.000,25-01-2008,"
Alm. Salg",13.342,4,Villa,146,1932,-2 %,Aktuel værdi
Parkvej 1B,4773 Stensved,1.550.000,25-01-2008,"
Alm. Salg",10.197,4,Villa,152,1976,-3 %,Aktuel værdi
Skovhusevej 16,4773 Stensved,695.000,16-01-2008,"
Alm. Salg",9.652,3,Villa,72,1944,0 %,Aktuel værdi
Irisvej 4,4773 Stensved,1.560.000,20-12-2007,"
Alm. Salg",11.818,4,Villa,132,1971,0 %,Aktuel værdi
Skånningevej 42,4773 Stensved,995.000,19-12-2007,"
Alm. Salg",9.851,4,Villa,101,1964,0 %,Aktuel værdi
Vordingborgvej 65,4773 Stensved,1.225.000,29-10-2007,"
Alm. Salg",11.556,5,Villa,106,1957,-4 %,Aktuel værdi
Parkvej 13,4773 Stensved,1.520.000,17-10-2007,"
Alm. Salg",10.270,5,Villa,148,1973,-5 %,Aktuel værdi
Drejervej 4,4773 Stensved,1.375.000,11-09-2007,"
Alm. Salg",10.742,5,Villa,128,1935,-5 %,Aktuel værdi
Lupinvej 19,4773 Stensved,1.685.000,27-08-2007,"
Alm. Salg",11.783,5,Villa,143,1969,0 %,Aktuel værdi
Mosevangen 5,4773 Stensved,2.450.000,17-08-2007,"
Alm. Salg",13.535,5,Villa,181,2006,-2 %,Aktuel værdi
Vordingborgvej 9,4773 Stensved,675.000,13-08-2007,"
Alm. Salg",11.637,1,Villa,58,1948,,Aktuel værdi
Stensbyvej 24,4773 Stensved,1.800.000,30-07-2007,"
Alm. Salg",10.650,6,Villa,169,1897,-3 %,Aktuel værdi
Mosevangen 25,4773 Stensved,2.630.000,24-07-2007,"
Alm. Salg",15.939,5,Villa,165,2006,-2 %,Aktuel værdi
Bakkevej 38,4773 Stensved,1.600.000,12-07-2007,"
Alm. Salg",10.191,5,Villa,157,1974,-6 %,Aktuel værdi
Åløkkevej 7,4773 Stensved,350.000,30-06-2007,"
Alm. Salg",-,5,Villa,195,2008,,Aktuel værdi
Kirsebærvej 2,4773 Stensved,1.615.000,29-06-2007,"
Alm. Salg",15.528,4,Villa,104,2004,1 %,Aktuel værdi
Mosevangen 49,4773 Stensved,1.525.000,19-06-2007,"
Alm. Salg",13.863,4,Rækkehus,110,2008,,Aktuel værdi
Mosevangen 45,4773 Stensved,1.525.000,29-05-2007,"
Alm. Salg",13.863,4,Rækkehus,110,2008,,Aktuel værdi
Kirsebærvej 12,4773 Stensved,1.850.000,25-05-2007,"
Alm. Salg",14.566,5,Villa,127,1998,-2 %,Aktuel værdi
Industrivej 4A,4773 Stensved,1.000.000,19-05-2007,"
Alm. Salg",9.009,3,Villa,111,1976,,Aktuel værdi
Skovstræde 10,4773 Stensved,1.275.000,10-05-2007,"
Alm. Salg",10.714,3,Villa,119,1955,-7 %,Aktuel værdi
Vordingborgvej 63,4773 Stensved,1.750.000,01-05-2007,"
Alm. Salg",11.513,3,Villa,152,1959,-3 %,Aktuel værdi
Sommerdalen 2,4773 Stensved,758.000,10-04-2007,"
Alm. Salg",12.633,3,Villa,60,1966,,Aktuel værdi
Sommerdalen 6,4773 Stensved,1.750.000,29-03-2007,"
Alm. Salg",8.928,5,Villa,196,1990,-5 %,Aktuel værdi
Skånningevej 37,4773 Stensved,1.095.000,14-03-2007,"
Alm. Salg",-,3,Villa,136,1963,,Aktuel værdi
Åløkkevej 9,4773 Stensved,2.200.000,01-03-2007,"
Alm. Salg",11.167,5,Villa,197,2007,-7 %,Aktuel værdi
Bakkevej 24,4773 Stensved,1.375.000,20-02-2007,"
Alm. Salg",8.040,6,Villa,171,1974,-5 %,Aktuel værdi
Lupinvej 12,4773 Stensved,816.000,02-02-2007,"
Fam. Salg",6.375,4,Villa,128,1971,,Aktuel værdi
Vordingborgvej 13,4773 Stensved,675.000,26-01-2007,"
Fam. Salg",6.683,4,Villa,101,2007,,Aktuel værdi
Lindevej 14,4773 Stensved,392.979,18-01-2007,"
Andet",2.910,5,Villa,135,1977,,Aktuel værdi
Bakkevej 43,4773 Stensved,1.965.000,12-01-2007,"
Alm. Salg",11.981,5,Villa,164,1973,,Aktuel værdi
Skånningevej 52,4773 Stensved,445.000,19-12-2006,"
Fam. Salg",6.357,3,Villa,70,1965,,Aktuel værdi
Vordingborgvej 81,4773 Stensved,370.000,18-12-2006,"
Alm. Salg",3.303,5,Villa,112,1954,,Aktuel værdi
Bakkevej 29,4773 Stensved,623.747,30-11-2006,"
Alm. Salg",2.887,6,Villa,216,1973,,Aktuel værdi
Kirsebærvej 3,4773 Stensved,2.075.000,09-11-2006,"
Alm. Salg",15.257,4,Villa,136,1997,,Aktuel værdi
Skovhuse Gade 1,4773 Stensved,679.051,31-10-2006,"
Alm. Salg",3.880,4,Villa,175,1936,,Aktuel værdi
Pilevej 15,4773 Stensved,2.795.000,26-10-2006,"
Alm. Salg",9.671,9,Villa,289,1942,,Aktuel værdi
Møllevej 6,4773 Stensved,1.375.000,13-10-2006,"
Alm. Salg",14.322,3,Villa,96,1961,,Aktuel værdi
Lindevej 5,4773 Stensved,1.650.000,11-10-2006,"
Fam. Salg",14.347,5,Villa,115,1975,,Aktuel værdi
Mejerivænget 6A,4773 Stensved,1.500.000,04-10-2006,"
Alm. Salg",11.278,2,Rækkehus,133,1963,,Aktuel værdi
Stensbyvej 44,4773 Stensved,1.495.000,10-08-2006,"
Alm. Salg",12.887,3,Villa,116,1927,,Aktuel værdi
Skovbrynet 18,4773 Stensved,265.000,26-07-2006,"
Andet",4.206,2,Villa,63,2004,,Aktuel værdi
Lindevej 4,4773 Stensved,1.475.000,18-07-2006,"
Alm. Salg",8.676,5,Villa,170,1972,,Aktuel værdi
Vestenbækvej 5,4773 Stensved,1.715.000,05-07-2006,"
Alm. Salg",10.923,6,Stuehus,157,1928,,
Skovhuse Gade 7,4773 Stensved,1.245.000,04-07-2006,"
Alm. Salg",13.833,4,Villa,90,1787,,Aktuel værdi
Skovstræde 26,4773 Stensved,995.000,08-06-2006,"
Alm. Salg",-,5,Villa,182,1940,,Aktuel værdi
Kastanievej 38,4773 Stensved,1.145.000,31-05-2006,"
Alm. Salg",10.504,4,Villa,109,1978,,Aktuel værdi
Lindevej 11,4773 Stensved,1.150.000,15-05-2006,"
Andet",5.476,7,Villa,210,1961,,Aktuel værdi
Kastanievej 12,4773 Stensved,600.000,06-05-2006,"
Alm. Salg",4.379,5,Villa,137,1978,,Aktuel værdi
Skånningevej 32,4773 Stensved,1.075.000,02-05-2006,"
Alm. Salg",13.607,3,Villa,79,1962,,Aktuel værdi
Skovstræde 12,4773 Stensved,1.225.000,19-04-2006,"
Alm. Salg",9.722,3,Villa,126,1930,,Aktuel værdi
Bakkevej 3,4773 Stensved,1.395.000,11-04-2006,"
Alm. Salg",10.730,5,Villa,130,1973,,Aktuel værdi
Skyttemarksvej 6,4773 Stensved,800.000,07-04-2006,"
Alm. Salg",-,2,Villa,96,1962,,Aktuel værdi
Mejerivænget 1,4773 Stensved,1.200.000,30-03-2006,"
Fam. Salg",4.669,5,Villa,257,1970,,Aktuel værdi
Åløkkevej 5,4773 Stensved,295.000,30-01-2006,"
Alm. Salg",1.915,5,Villa,154,2007,,Aktuel værdi
Åløkkevej 3,4773 Stensved,375.000,19-01-2006,"
Alm. Salg",1.205,7,Villa,311,2011,,Aktuel værdi
Vordingborgvej 26,4773 Stensved,1.100.000,18-01-2006,"
Alm. Salg",10.091,4,Villa,109,1937,,Aktuel værdi
Mosevangen 1,4773 Stensved,195.000,30-12-2005,"
Alm. Salg",1.444,4,Villa,135,2006,,Aktuel værdi
Vibevej 6,4773 Stensved,1.295.000,28-11-2005,"
Alm. Salg",7.115,6,Villa,182,1964,,Aktuel værdi
Åløkkevej 16,4773 Stensved,280.000,24-11-2005,"
Alm. Salg",1.521,5,Villa,184,2007,,Aktuel værdi
Lupinvej 17,4773 Stensved,1.155.000,16-11-2005,"
Alm. Salg",8.250,6,Villa,140,1968,,Aktuel værdi
Åløkkevej 11,4773 Stensved,295.000,12-10-2005,"
Alm. Salg",1.446,5,Villa,204,2007,,Aktuel værdi
Åløkkevej 10,4773 Stensved,280.000,12-10-2005,"
Alm. Salg",1.581,5,Villa,177,2006,,Aktuel værdi
Skovbrynet 4,4773 Stensved,1.575.000,06-10-2005,"
Alm. Salg",-,5,Anden beboelse,324,1974,,Aktuel værdi
Kastanievej 40,4773 Stensved,1.300.000,09-09-2005,"
Alm. Salg",8.609,4,Villa,151,1980,,Aktuel værdi
Stivænget 6,4773 Stensved,1.375.000,07-09-2005,"
Alm. Salg",18.092,3,Stuehus,76,1961,,
Mosevangen 13,4773 Stensved,220.000,31-08-2005,"
Alm. Salg",1.309,5,Villa,168,2006,,Aktuel værdi
Bakkevej 56,4773 Stensved,1.485.000,24-08-2005,"
Alm. Salg",9.900,3,Villa,150,1973,,Aktuel værdi
Mosevangen 19,4773 Stensved,245.000,21-07-2005,"
Alm. Salg",1.521,4,Villa,161,2011,,Aktuel værdi
Ternevej 5,4773 Stensved,1.805.000,07-07-2005,"
Alm. Salg",12.711,3,Villa,142,1970,,Aktuel værdi
Pilegårdsvej 2,4773 Stensved,165.000,05-07-2005,"
Alm. Salg",1.085,6,Villa,152,2006,,Aktuel værdi
Irisvej 5,4773 Stensved,1.025.000,14-06-2005,"
Alm. Salg",6.406,4,Villa,160,1966,,Aktuel værdi
Irisvej 18,4773 Stensved,1.095.000,01-06-2005,"
Alm. Salg",10.233,4,Villa,107,1969,,Aktuel værdi
Mosevangen 3,4773 Stensved,195.000,09-05-2005,"
Alm. Salg",1.031,7,Villa,189,2006,,Aktuel værdi
Mosevangen 15,4773 Stensved,220.000,28-04-2005,"
Alm. Salg",1.410,5,Villa,156,2006,,Aktuel værdi
Pilegårdsvej 4,4773 Stensved,3.375.000,27-04-2005,"
Alm. Salg",-,9,Stuehus,285,1883,,
Skovhuse Gade 8,4773 Stensved,1.300.000,25-04-2005,"
Alm. Salg",8.280,5,Villa,157,1902,,Aktuel værdi
Parkvej 23,4773 Stensved,1.195.000,19-04-2005,"
Alm. Salg",8.917,5,Villa,134,1973,,Aktuel værdi
Mosevangen 17,4773 Stensved,220.000,06-04-2005,"
Alm. Salg",1.913,5,Villa,115,2006,,Aktuel værdi
Vådebjergvej 1,4773 Stensved,203.775,21-03-2005,"
Alm. Salg",2.239,3,Villa,91,2007,,Aktuel værdi
Parkvej 41,4773 Stensved,1.345.000,18-03-2005,"
Alm. Salg",8.621,4,Villa,156,1973,,Aktuel værdi
Lupinvej 40,4773 Stensved,504.577,28-02-2005,"
Alm. Salg",3.911,4,Villa,129,1972,,Aktuel værdi
Birkebakken 1,4773 Stensved,835.000,13-02-2005,"
Alm. Salg",9.709,3,Villa,86,1965,,Aktuel værdi
Stensbyvej 29,4773 Stensved,757.500,11-02-2005,"
Alm. Salg",1.856,7,Villa,408,1827,,Aktuel værdi
Lupinvej 7,4773 Stensved,1.395.000,10-02-2005,"
Alm. Salg",7.750,8,Villa,180,1972,,Aktuel værdi
Irisvej 14,4773 Stensved,1.030.000,08-02-2005,"
Alm. Salg",9.363,3,Villa,110,1969,,Aktuel værdi
Bakkevej 5,4773 Stensved,1.280.000,03-01-2005,"
Alm. Salg",9.552,4,Villa,134,1974,,Aktuel værdi
Vordingborgvej 5,4773 Stensved,995.000,23-12-2004,"
Alm. Salg",4.326,10,Villa,230,1864,,Aktuel værdi
Vibevej 12,4773 Stensved,1.165.000,14-11-2004,"
Alm. Salg",9.708,4,Villa,120,1964,,Aktuel værdi
Mosevangen 21,4773 Stensved,240.000,10-11-2004,"
Alm. Salg",1.875,4,Villa,128,2005,,Aktuel værdi
Kirsebærvej 18,4773 Stensved,2.100.000,28-10-2004,"
Alm. Salg",12.804,5,Villa,164,2002,,Aktuel værdi
Lupinvej 44,4773 Stensved,1.350.000,07-09-2004,"
Alm. Salg",7.584,6,Villa,178,1976,,Aktuel værdi
Skovbrynet 6,4773 Stensved,2.200.000,13-08-2004,"
Alm. Salg",12.941,7,Villa,170,1977,,Aktuel værdi
Vordingborgvej 77,4773 Stensved,725.000,19-07-2004,"
Alm. Salg",6.304,5,Villa,115,1938,,Aktuel værdi
Vestenbækvej 22,4773 Stensved,1.750.000,30-06-2004,"
Alm. Salg",7.777,10,Stuehus,225,1800,,
Vordingborgvej 62,4773 Stensved,1.060.000,12-06-2004,"
Alm. Salg",-,6,Stuehus,130,1930,,
Bakkevej 26,4773 Stensved,1.175.000,21-05-2004,"
Alm. Salg",7.532,5,Villa,156,1973,,Aktuel værdi
Bakkevej 41,4773 Stensved,1.130.000,19-05-2004,"
Alm. Salg",9.416,4,Villa,120,1973,,Aktuel værdi
Skovstræde 6,4773 Stensved,595.000,13-05-2004,"
Alm. Salg",6.263,3,Villa,95,1948,,Aktuel værdi
Pilevej 3,4773 Stensved,510.000,01-05-2004,"
Alm. Salg",5.930,4,Sommerhus,86,1877,,Aktuel værdi
Parkvej 20,4773 Stensved,1.140.000,28-04-2004,"
Alm. Salg",7.500,5,Villa,152,1973,,Aktuel værdi
Vordingborgvej 10,4773 Stensved,885.000,20-04-2004,"
Alm. Salg",5.636,4,Villa,157,1936,,Aktuel værdi
Skovhusevej 8,4773 Stensved,1.475.000,16-04-2004,"
Alm. Salg",6.441,7,Villa,229,1971,,Aktuel værdi
Vordingborgvej 101,4773 Stensved,495.000,15-04-2004,"
Alm. Salg",5.210,2,Villa,95,1850,,Aktuel værdi
Kastanievej 27,4773 Stensved,1.119.000,17-03-2004,"
Alm. Salg",8.742,4,Villa,128,1979,,Aktuel værdi
Birkebakken 8,4773 Stensved,1.195.000,12-03-2004,"
Alm. Salg",8.659,4,Villa,138,1960,,Aktuel værdi
Skånningevej 29,4773 Stensved,700.000,16-02-2004,"
Alm. Salg",5.833,4,Villa,120,1963,,Aktuel værdi
Bakkevej 30,4773 Stensved,1.125.000,29-01-2004,"
Alm. Salg",-,7,Villa,160,1974,,Aktuel værdi
Mosevangen 9,4773 Stensved,220.000,21-01-2004,"
Alm. Salg",1.476,4,Villa,149,2005,,Aktuel værdi
Parkvej 1A,4773 Stensved,1.050.000,16-09-2003,"
Alm. Salg",-,6,Villa,186,1877,,Aktuel værdi
Vordingborgvej 48,4773 Stensved,650.000,04-09-2003,"
Alm. Salg",5.158,6,Villa,126,1804,,Aktuel værdi
Pilevej 16,4773 Stensved,2.300.000,29-08-2003,"
Alm. Salg",14.649,5,Stuehus,157,1865,,
Skovhusevej 14,4773 Stensved,725.000,18-07-2003,"
Alm. Salg",-,3,Villa,109,1946,,Aktuel værdi
Vordingborgvej 58,4773 Stensved,276.221,13-06-2003,"
Alm. Salg",3.368,3,Villa,82,1876,,Aktuel værdi
Stensby Linie 13,4773 Stensved,250.000,19-05-2003,"
Alm. Salg",-,8,Villa,273,1956,,Aktuel værdi
Skovhuse Gade 4,4773 Stensved,300.000,14-05-2003,"
Alm. Salg",-,5,Villa,168,1922,,Aktuel værdi
Kirsebærvej 9,4773 Stensved,80.000,16-04-2003,"
Alm. Salg",451,5,Villa,177,2004,,Aktuel værdi
Birkebakken 5,4773 Stensved,680.329,31-03-2003,"
Alm. Salg",-,4,Villa,105,1964,,Aktuel værdi
Bakkevej 16,4773 Stensved,925.000,19-03-2003,"
Alm. Salg",9.250,4,Villa,100,1975,,Aktuel værdi
Stensbyvej 31,4773 Stensved,1.075.000,12-03-2003,"
Alm. Salg",7.570,4,Villa,142,1890,,Aktuel værdi
Mejerivænget 4,4773 Stensved,310.000,26-01-2003,"
Alm. Salg",3.039,4,Villa,102,1962,,Aktuel værdi
Vordingborgvej 95,4773 Stensved,610.000,09-12-2002,"
Alm. Salg",6.224,4,Villa,98,1850,,Aktuel værdi
Parkvej 36,4773 Stensved,825.000,27-09-2002,"
Alm. Salg",6.932,4,Villa,119,1974,,Aktuel værdi
Birkebakken 10,4773 Stensved,998.000,24-09-2002,"
Alm. Salg",5.870,6,Villa,170,1960,,Aktuel værdi
Møllevej 3,4773 Stensved,426.939,16-09-2002,"
Andet",3.361,4,Villa,127,1960,,Aktuel værdi
Skyttemarksvej 44,4773 Stensved,100.000,10-08-2002,"
Alm. Salg",847,5,Villa,118,2003,,Aktuel værdi
Kastanievej 14,4773 Stensved,1.045.000,02-08-2002,"
Alm. Salg",8.164,4,Villa,128,1980,,Aktuel værdi
Vordingborgvej 14,4773 Stensved,565.000,04-07-2002,"
Alm. Salg",3.575,6,Villa,158,1932,,Aktuel værdi
Kastanievej 33,4773 Stensved,1.250.000,30-06-2002,"
Alm. Salg",7.022,4,Villa,178,1979,,Aktuel værdi
Vordingborgvej 25,4773 Stensved,665.000,18-04-2002,"
Alm. Salg",7.823,3,Villa,85,1954,,Aktuel værdi
Lindevej 12,4773 Stensved,875.000,07-03-2002,"
Alm. Salg",6.481,4,Villa,135,1962,,Aktuel værdi
Skyttemarksvej 7,4773 Stensved,745.000,06-02-2002,"
Alm. Salg",6.592,4,Villa,113,1964,,Aktuel værdi
Kirsebærvej 11,4773 Stensved,80.000,15-01-2002,"
Alm. Salg",-,4,Villa,160,2003,,Aktuel værdi
Lupinvej 23,4773 Stensved,849.846,03-12-2001,"
Alm. Salg",5.861,5,Villa,145,1969,,Aktuel værdi
Kastanievej 46,4773 Stensved,1.050.000,06-09-2001,"
Alm. Salg",-,6,Villa,210,1978,,Aktuel værdi
Bakkevej 15,4773 Stensved,1.080.000,27-08-2001,"
Alm. Salg",7.297,5,Villa,148,1972,,Aktuel værdi
Vordingborgvej 89,4773 Stensved,690.000,21-08-2001,"
Alm. Salg",7.113,3,Villa,97,1951,,Aktuel værdi
Kirsebærvej 4,4773 Stensved,1.351.600,05-07-2001,"
Alm. Salg",10.477,3,Villa,129,1989,,Aktuel værdi
Skyttemarksvej 46,4773 Stensved,100.000,21-06-2001,"
Alm. Salg",584,4,Villa,171,2004,,Aktuel værdi
Parkvej 22,4773 Stensved,1.088.153,15-06-2001,"
Alm. Salg",6.113,4,Villa,178,1973,,Aktuel værdi
Stensbyvej 36,4773 Stensved,810.000,05-06-2001,"
Alm. Salg",6.428,3,Villa,126,1780,,Aktuel værdi
Kirsebærvej 16,4773 Stensved,100.000,01-05-2001,"
Alm. Salg",769,5,Villa,130,2002,,Aktuel værdi
Stensbyvej 32,4773 Stensved,475.000,02-04-2001,"
Fam. Salg",1.907,9,Villa,249,1907,,Aktuel værdi
Skyttemarksvej 16,4773 Stensved,789.500,01-03-2001,"
Alm. Salg",7.591,4,Villa,104,1966,,Aktuel værdi
Stensbyvej 50,4773 Stensved,35.000,01-02-2001,"
Alm. Salg",291,3,Villa,120,1877,,Aktuel værdi
Møllevej 4,4773 Stensved,823.715,22-01-2001,"
Alm. Salg",5.148,6,Villa,160,1959,,Aktuel værdi
Skånningevej 36,4773 Stensved,730.324,03-01-2001,"
Alm. Salg",6.889,4,Villa,106,1963,,Aktuel værdi
Stensbyvej 14,4773 Stensved,252.500,27-12-2000,"
Alm. Salg",-,3,Villa,80,1880,,Aktuel værdi
Skånningevej 28,4773 Stensved,616.900,22-12-2000,"
Alm. Salg",7.808,3,Villa,79,1962,,Aktuel værdi
Parkvej 52,4773 Stensved,945.000,21-12-2000,"
Alm. Salg",5.833,5,Villa,162,1972,,Aktuel værdi
Pilegårdsvej 5,4773 Stensved,1.800.000,15-12-2000,"
Alm. Salg",-,7,Villa,229,1877,,Aktuel værdi
Skovbrynet 9,4773 Stensved,699.000,22-11-2000,"
Alm. Salg",-,6,Villa,145,1978,,Aktuel værdi
Vordingborgvej 24,4773 Stensved,875.000,31-10-2000,"
Alm. Salg",5.756,3,Rækkehus,152,1979,,Aktuel værdi
Vordingborgvej 85,4773 Stensved,579.090,26-10-2000,"
Alm. Salg",5.463,4,Villa,106,1962,,Aktuel værdi
Irisvej 12,4773 Stensved,695.000,16-10-2000,"
Alm. Salg",6.318,4,Villa,110,1966,,Aktuel værdi
Lupinvej 28,4773 Stensved,957.478,25-09-2000,"
Alm. Salg",7.145,4,Villa,134,1968,,Aktuel værdi
Sommerdalen 4,4773 Stensved,449.339,21-09-2000,"
Alm. Salg",5.164,3,Villa,87,1965,,Aktuel værdi
Skånningevej 50,4773 Stensved,950.000,21-09-2000,"
Alm. Salg",4.822,7,Villa,197,1969,,Aktuel værdi
Parkvej 44,4773 Stensved,1.050.000,20-09-2000,"
Alm. Salg",5.526,6,Villa,190,1973,,Aktuel værdi
Skånningevej 33,4773 Stensved,626.937,25-08-2000,"
Alm. Salg",6.146,3,Villa,102,1962,,Aktuel værdi
Kirsebærvej 26,4773 Stensved,100.000,10-08-2000,"
Alm. Salg",-,6,Villa,178,2000,,Aktuel værdi
Sommerdalen 1,4773 Stensved,329.000,07-07-2000,"
Alm. Salg",4.700,3,Villa,70,1965,,Aktuel værdi
Lupinvej 21,4773 Stensved,1.152.000,07-07-2000,"
Alm. Salg",6.939,4,Villa,166,1970,,Aktuel værdi
Stensbyvej 63,4773 Stensved,825.000,27-06-2000,"
Alm. Salg",4.661,5,Villa,177,1875,,Aktuel værdi
Skovhusevej 22,4773 Stensved,965.136,09-06-2000,"
Alm. Salg",5.677,6,Villa,170,1921,,Aktuel værdi
Ternevej 1,4773 Stensved,867.020,17-04-2000,"
Alm. Salg",-,6,Villa,200,1965,,Aktuel værdi
Skovhusevej 3,4773 Stensved,785.000,27-03-2000,"
Alm. Salg",4.644,6,Villa,169,1970,,Aktuel værdi
Skovstræde 9,4773 Stensved,555.000,20-03-2000,"
Alm. Salg",-,6,Villa,144,1954,,Aktuel værdi
Drosselvej 8,4773 Stensved,676.100,31-01-2000,"
Alm. Salg",5.681,4,Villa,119,1968,,Aktuel værdi
Skyttemarksvej 48,4773 Stensved,100.000,13-12-1999,"
Alm. Salg",552,5,Villa,181,2001,,Aktuel værdi
Kirsebærvej 20,4773 Stensved,100.000,03-11-1999,"
Alm. Salg",714,4,Villa,140,1999,,Aktuel værdi
Kirsebærvej 24,4773 Stensved,100.000,29-10-1999,"
Alm. Salg",680,4,Villa,147,2000,,Aktuel værdi
Skyttemarksvej 20,4773 Stensved,1.068.960,21-10-1999,"
Alm. Salg",8.351,5,Villa,128,1966,,Aktuel værdi
Kirsebærvej 22,4773 Stensved,100.000,19-10-1999,"
Alm. Salg",735,6,Villa,136,2001,,Aktuel værdi
Pilegårdsvej 3,4773 Stensved,2.127.340,04-10-1999,"
Alm. Salg",17.155,3,Stuehus,124,1900,,
Skovhusevej 30,4773 Stensved,362.000,30-08-1999,"
Alm. Salg",6.581,2,Villa,55,1970,,Aktuel værdi
Vordingborgvej 42,4773 Stensved,292.244,28-05-1999,"
Andet",2.435,4,Villa,120,1964,,Aktuel værdi
Lupinvej 14,4773 Stensved,795.000,28-03-1999,"
Alm. Salg",5.598,4,Villa,142,1969,,Aktuel værdi
Skånningevej 27,4773 Stensved,249.299,15-01-1999,"
Andet",2.094,4,Villa,119,1964,,Aktuel værdi
Vestenbækvej 11,4773 Stensved,514.204,24-11-1998,"
Alm. Salg",4.285,4,Villa,120,1860,,Aktuel værdi
Parkvej 3,4773 Stensved,1.076.785,15-10-1998,"
Alm. Salg",4.543,6,Villa,237,1974,,Aktuel værdi
Lupinvej 18,4773 Stensved,945.000,02-09-1998,"
Andet",5.526,5,Villa,171,1970,,Aktuel værdi
Pilevej 14,4773 Stensved,459.800,07-08-1998,"
Alm. Salg",6.298,3,Villa,73,1827,,Aktuel værdi
Parkvej 24,4773 Stensved,691.820,05-08-1998,"
Alm. Salg",-,4,Villa,138,1975,,Aktuel værdi
Skyttemarksvej 26,4773 Stensved,591.574,03-08-1998,"
Alm. Salg",5.915,4,Villa,100,1968,,Aktuel værdi
Kirsebærvej 6,4773 Stensved,25.000,09-03-1998,"
Alm. Salg",-,5,Villa,200,1998,,Aktuel værdi
Bakkevej 4,4773 Stensved,590.000,16-02-1998,"
Alm. Salg",4.338,3,Villa,136,1975,,Aktuel værdi
Vordingborgvej 46,4773 Stensved,1.798.000,30-01-1998,"
Alm. Salg",7.368,9,Villa,244,1928,,Aktuel værdi
Vordingborgvej 27B,4773 Stensved,635.000,19-01-1998,"
Alm. Salg",6.350,3,Villa,100,1950,,Aktuel værdi
Vordingborgvej 17,4773 Stensved,601.000,02-12-1997,"
Alm. Salg",3.020,8,Villa,199,1964,,Aktuel værdi
Lupinvej 37,4773 Stensved,484.999,17-11-1997,"
Alm. Salg",5.574,4,Villa,87,1969,,Aktuel værdi
Irisvej 20,4773 Stensved,682.000,30-09-1997,"
Alm. Salg",4.371,5,Villa,156,1971,,Aktuel værdi
Primulavej 3,4773 Stensved,316.000,26-09-1997,"
Alm. Salg",3.950,3,Villa,80,1967,,Aktuel værdi
Kirsebærvej 8,4773 Stensved,25.000,23-09-1997,"
Alm. Salg",137,7,Villa,182,1998,,Aktuel værdi
Parkvej 46,4773 Stensved,655.100,19-09-1997,"
Alm. Salg",-,6,Villa,179,1979,,Aktuel værdi
Birkebakken 2,4773 Stensved,365.500,01-09-1997,"
Alm. Salg",3.583,4,Villa,102,1960,,Aktuel værdi
Kirsebærvej 1,4773 Stensved,30.000,14-08-1997,"
Alm. Salg",-,6,Villa,164,1998,,Aktuel værdi
Stensbyvej 34,4773 Stensved,447.000,11-08-1997,"
Alm. Salg",4.561,4,Villa,98,1940,,Aktuel værdi
Vordingborgvej 75,4773 Stensved,540.000,25-07-1997,"
Alm. Salg",5.094,4,Villa,106,1935,,Aktuel værdi
Vestenbækvej 7,4773 Stensved,2.673.551,04-07-1997,"
Alm. Salg",14.373,6,Stuehus,186,1937,,
Stivænget 4,4773 Stensved,750.000,09-06-1997,"
Alm. Salg",2.906,7,Stuehus,258,1919,,
Skyttemarksvej 4,4773 Stensved,385.000,20-05-1997,"
Alm. Salg",3.850,3,Villa,100,1963,,Aktuel værdi
Bakkevej 23,4773 Stensved,723.335,21-03-1997,"
Alm. Salg",4.181,6,Villa,173,1974,,Aktuel værdi
Drejervej 6,4773 Stensved,342.800,06-03-1997,"
Alm. Salg",3.895,4,Sommerhus,88,1777,,Aktuel værdi
Skånningevej 21,4773 Stensved,604.000,31-12-1996,"
Alm. Salg",5.162,4,Villa,117,1966,,Aktuel værdi
Pilevej 2,4773 Stensved,393.626,26-11-1996,"
Alm. Salg",3.335,6,Villa,118,1907,,Aktuel værdi
Sommerdalen 5,4773 Stensved,209.395,21-11-1996,"
Alm. Salg",-,6,Villa,108,1984,,Aktuel værdi
Lindevej 6,4773 Stensved,540.500,29-10-1996,"
Alm. Salg",4.430,5,Villa,122,1965,,Aktuel værdi
Skovstræde 16,4773 Stensved,501.550,09-10-1996,"
Alm. Salg",4.323,4,Villa,116,1926,,Aktuel værdi
Bakkevej 18,4773 Stensved,585.000,26-09-1996,"
Alm. Salg",5.223,5,Villa,112,1974,,Aktuel værdi
Mågevej 3,4773 Stensved,772.252,06-09-1996,"
Alm. Salg",5.516,6,Villa,140,1964,,Aktuel værdi
Skovhusevej 18,4773 Stensved,249.000,29-08-1996,"
Alm. Salg",1.791,4,Villa,139,1944,,Aktuel værdi
Vordingborgvej 52,4773 Stensved,1.142.000,29-08-1996,"
Alm. Salg",7.093,5,Stuehus,161,1948,,
Vordingborgvej 56,4773 Stensved,552.370,19-08-1996,"
Alm. Salg",3.249,4,Stuehus,170,1900,,
Kastanievej 3,4773 Stensved,241.847,13-08-1996,"
Fam. Salg",2.159,4,Villa,112,1979,,Aktuel værdi
Kirsebærvej 5,4773 Stensved,25.000,01-08-1996,"
Alm. Salg",156,5,Villa,160,1997,,Aktuel værdi
Skånningevej 44,4773 Stensved,434.000,17-06-1996,"
Alm. Salg",4.428,4,Villa,98,1969,,Aktuel værdi
Skånningevej 40,4773 Stensved,544.000,28-03-1996,"
Alm. Salg",3.400,4,Villa,160,1965,,Aktuel værdi
Parkvej 15,4773 Stensved,595.000,27-02-1996,"
Alm. Salg",5.219,4,Villa,114,1975,,Aktuel værdi
Kastanievej 9,4773 Stensved,570.000,24-02-1996,"
Alm. Salg",-,6,Villa,154,1979,,Aktuel værdi
Stensbyvej 27,4773 Stensved,534.800,13-12-1995,"
Alm. Salg",4.113,5,Villa,130,1890,,Aktuel værdi
Stensby Linie 3,4773 Stensved,500.000,10-12-1995,"
Alm. Salg",4.347,4,Sommerhus,115,1857,,Aktuel værdi
Skovhusevej 36,4773 Stensved,837.880,05-12-1995,"
Alm. Salg",4.680,6,Stuehus,179,1943,,
Vordingborgvej 105,4773 Stensved,428.070,26-09-1995,"
Alm. Salg",3.856,3,Villa,111,1927,,Aktuel værdi
Stensbyvej 10,4773 Stensved,321.000,20-09-1995,"
Alm. Salg",3.821,4,Villa,84,1877,,Aktuel værdi
Lupinvej 2,4773 Stensved,295.000,05-09-1995,"
Alm. Salg",3.687,3,Villa,80,1960,,Aktuel værdi
Lupinvej 26,4773 Stensved,471.000,14-08-1995,"
Alm. Salg",4.617,3,Villa,102,1968,,Aktuel værdi
Skovhusevej 19,4773 Stensved,801.000,24-07-1995,"
Alm. Salg",3.191,8,Villa,251,1890,,Aktuel værdi
Parkvej 11,4773 Stensved,649.880,16-06-1995,"
Alm. Salg",3.938,4,Villa,165,1976,,Aktuel værdi
Vordingborgvej 31,4773 Stensved,323.000,29-05-1995,"
Alm. Salg",-,3,Villa,115,1961,,Aktuel værdi
Bakkevej 6,4773 Stensved,825.000,08-05-1995,"
Alm. Salg",3.495,9,Villa,236,1973,,Aktuel værdi
Ternevej 2,4773 Stensved,450.000,19-01-1995,"
Alm. Salg",4.128,4,Villa,109,1965,,Aktuel værdi
Bakkevej 17,4773 Stensved,625.662,12-12-1994,"
Alm. Salg",5.257,4,Villa,119,1974,,Aktuel værdi
Syrenvej 1,4773 Stensved,440.000,28-11-1994,"
Fam. Salg",3.055,5,Villa,144,1964,,Aktuel værdi
Parkvej 27,4773 Stensved,542.960,28-10-1994,"
Alm. Salg",-,6,Villa,198,1979,,Aktuel værdi
Vordingborgvej 71,4773 Stensved,291.000,27-09-1994,"
Alm. Salg",2.020,6,Villa,144,1929,,Aktuel værdi
Kirsebærvej 10,4773 Stensved,676.000,21-09-1994,"
Alm. Salg",4.121,5,Villa,164,1989,,Aktuel værdi
Bakkevej 37,4773 Stensved,614.800,27-05-1994,"
Alm. Salg",4.520,4,Villa,136,1974,,Aktuel værdi
Lindevej 9,4773 Stensved,655.000,18-05-1994,"
Alm. Salg",-,4,Villa,122,1968,,Aktuel værdi
Lupinvej 4,4773 Stensved,595.000,22-04-1994,"
Alm. Salg",3.650,6,Villa,163,1967,,Aktuel værdi
Skånningevej 38,4773 Stensved,200.000,15-03-1994,"
Andet",2.222,4,Villa,90,1963,,Aktuel værdi
Parkvej 17,4773 Stensved,639.750,21-02-1994,"
Alm. Salg",4.704,4,Villa,136,1973,,Aktuel værdi
Skovhusevej 1,4773 Stensved,270.000,07-02-1994,"
Alm. Salg",2.621,4,Villa,103,1936,,Aktuel værdi
Skyttemarksvej 34A,4773 Stensved,490.000,22-12-1993,"
Alm. Salg",2.425,7,Villa,202,1972,,Aktuel værdi
Bakkevej 1,4773 Stensved,610.000,10-10-1993,"
Alm. Salg",3.588,6,Villa,170,1973,,Aktuel værdi
Lupinvej 27,4773 Stensved,697.000,03-09-1993,"
Alm. Salg",4.874,6,Villa,143,1968,,Aktuel værdi
Stensby Linie 7,4773 Stensved,495.000,18-08-1993,"
Alm. Salg",5.755,4,Villa,86,1870,,Aktuel værdi
Parkvej 34,4773 Stensved,595.000,18-08-1993,"
Alm. Salg",4.131,4,Villa,144,1974,,Aktuel værdi
Parkvej 21,4773 Stensved,650.000,16-08-1993,"
Alm. Salg",5.603,5,Villa,116,1984,,Aktuel værdi
Bakkevej 58,4773 Stensved,451.000,13-08-1993,"
Alm. Salg",4.100,3,Villa,110,1974,,Aktuel værdi
Bakkevej 20,4773 Stensved,458.000,09-08-1993,"
Alm. Salg",3.948,4,Villa,116,1976,,Aktuel værdi
Parkvej 28,4773 Stensved,423.500,26-03-1993,"
Alm. Salg",4.111,4,Villa,103,1975,,Aktuel værdi
Kastanievej 32,4773 Stensved,291.855,05-03-1993,"
Auktion",1.737,5,Villa,168,1977,,Aktuel værdi
Vordingborgvej 12,4773 Stensved,285.000,30-10-1992,"
Alm. Salg",-,5,Villa,132,1933,,Aktuel værdi
Lupinvej 29,4773 Stensved,350.000,28-09-1992,"
Alm. Salg",2.380,5,Villa,147,1971,,Aktuel værdi
Parkvej 5,4773 Stensved,132.553,27-07-1992,"
Fam. Salg",914,6,Villa,145,1974,,Aktuel værdi
Bakkevej 28,4773 Stensved,460.000,17-06-1992,"
Alm. Salg",2.948,5,Villa,156,1970,,Aktuel værdi
Vordingborgvej 40,4773 Stensved,515.000,10-06-1992,"
Fam. Salg",3.652,4,Villa,141,1926,,Aktuel værdi
Skyttemarksvej 28,4773 Stensved,620.002,05-05-1992,"
Alm. Salg",4.428,5,Villa,140,1968,,Aktuel værdi
Lupinvej 22,4773 Stensved,325.000,09-04-1992,"
Alm. Salg",3.316,4,Villa,98,1968,,Aktuel værdi
Syrenvej 2,4773 Stensved,255.000,06-04-1992,"
Alm. Salg",-,5,Villa,159,1964,,Aktuel værdi
