address,zip_code,price,sell_date,sell_type,price_per_sq_m,no_rooms,housing_type,size_in_sq_m,year_of_construction,price_change_in_pct
Lusmosevej 7,4792 Askeby,292.500,12-04-2017,"
Alm. Salg",3.656,3,Villa,80,1872,,Aktuel værdi
Ydunsvej 3,4792 Askeby,985.000,27-03-2017,"
Alm. Salg",12.012,3,Sommerhus,82,1973,-6 %,Aktuel værdi
Dammegade 31,4792 Askeby,25.000,15-03-2017,"
Alm. Salg",384,3,Villa,65,1775,,Aktuel værdi
Lusmosevej 24,4792 Askeby,658.750,10-03-2017,"
Fam. Salg",3.151,7,Villa,209,1857,,Aktuel værdi
Hårbøllevej 44,4792 Askeby,610.000,08-03-2017,"
Alm. Salg",3.588,6,Villa,170,1975,3 %,Aktuel værdi
Fanefjordgade 131,4792 Askeby,865.000,02-02-2017,"
Alm. Salg",7.863,5,Villa,110,1900,-9 %,Aktuel værdi
Fanefjord Kirkevej 9,4792 Askeby,600.000,20-01-2017,"
Alm. Salg",6.250,3,Villa,96,1926,,Aktuel værdi
Bakkehøjvej 8,4792 Askeby,175.000,12-01-2017,"
Alm. Salg",2.916,2,Villa,60,1920,0 %,Aktuel værdi
Dammegade 33,4792 Askeby,17.500,31-12-2016,"
Fam. Salg",182,6,Villa,96,1890,,Aktuel værdi
Præstebjergvej 4,4792 Askeby,600.000,06-12-2016,"
Alm. Salg",4.545,4,Villa,132,1909,-8 %,Aktuel værdi
Hårbøllevej 88,4792 Askeby,450.000,01-12-2016,"
Alm. Salg",6.338,4,Sommerhus,71,1981,-55 %,Aktuel værdi
Dammegade 14,4792 Askeby,950.000,29-11-2016,"
Alm. Salg",6.168,4,Villa,154,1904,-5 %,Aktuel værdi
Røddingevej 62,4792 Askeby,1.425.000,11-11-2016,"
Alm. Salg",10.477,3,Villa,136,1825,-10 %,Aktuel værdi
Hårbølle Bro 1,4792 Askeby,510.000,09-11-2016,"
Alm. Salg",9.272,3,Fritid,55,1976,-7 %,Aktuel værdi
Bjarkesvej 18,4792 Askeby,720.000,29-10-2016,"
Alm. Salg",8.000,4,Sommerhus,90,1973,-9 %,Aktuel værdi
Bjarkesvej 12,4792 Askeby,475.000,22-10-2016,"
Alm. Salg",11.875,3,Sommerhus,40,1970,,Aktuel værdi
Thorsvej 3,4792 Askeby,1.710.000,19-10-2016,"
Alm. Salg",9.553,6,Villa,179,1969,-12 %,Aktuel værdi
Hermodsvej 4,4792 Askeby,1.085.000,02-10-2016,"
Alm. Salg",13.072,5,Sommerhus,83,1970,-9 %,Aktuel værdi
Fanefjordgade 26,4792 Askeby,550.000,01-10-2016,"
Alm. Salg",2.989,7,Villa,184,1920,0 %,Aktuel værdi
Nyhavevej 4,4792 Askeby,199.000,30-09-2016,"
Alm. Salg",2.763,3,Villa,72,1913,0 %,Aktuel værdi
Vindebæk Strandvej 5,4792 Askeby,2.000.000,28-09-2016,"
Alm. Salg",15.384,5,Villa,130,1875,-9 %,Aktuel værdi
Thorsvej 10,4792 Askeby,985.000,18-08-2016,"
Alm. Salg",11.588,4,Sommerhus,85,1957,-10 %,Aktuel værdi
Hårbøllevej 142B,4792 Askeby,20.000,16-08-2016,"
Alm. Salg",425,2,Sommerhus,47,1989,-97 %,Aktuel værdi
Vindebækvej 45,4792 Askeby,800.000,12-07-2016,"
Alm. Salg",3.809,7,Villa,210,1906,-5 %,Aktuel værdi
Dammegade 22,4792 Askeby,515.000,01-07-2016,"
Alm. Salg",6.437,3,Villa,80,1900,,Aktuel værdi
Vindebækvej 33,4792 Askeby,1.745.000,09-06-2016,"
Alm. Salg",10.145,6,Villa,172,1920,-3 %,Aktuel værdi
Baldersvej 39,4792 Askeby,1.100.000,02-06-2016,"
Alm. Salg",12.222,4,Sommerhus,90,2010,-6 %,Aktuel værdi
Rolfsvej 6,4792 Askeby,800.000,01-06-2016,"
Alm. Salg",22.857,2,Sommerhus,35,1995,-3 %,Aktuel værdi
Grønsundvej 285,4792 Askeby,4.676.300,24-05-2016,"
Alm. Salg",12.707,10,Stuehus,368,1902,-22 %,
Fanefjord Kirkevej 12,4792 Askeby,250.000,22-05-2016,"
Alm. Salg",2.032,3,Villa,123,1900,-15 %,Aktuel værdi
Vindebækvej 35,4792 Askeby,835.000,17-05-2016,"
Alm. Salg",7.803,3,Villa,107,1985,-7 %,Aktuel værdi
Kokseby Slotsvej 5,4792 Askeby,1.745.000,30-04-2016,"
Alm. Salg",8.116,6,Villa,215,1989,-8 %,Aktuel værdi
Fanefjordgade 87,4792 Askeby,399.000,23-04-2016,"
Alm. Salg",4.156,3,Villa,96,1902,0 %,Aktuel værdi
Fanefjord Kirkevej 54A,4792 Askeby,2.000.000,20-04-2016,"
Alm. Salg",15.384,6,Stuehus,130,1900,,
Færgensvænge 1,4792 Askeby,276.250,13-04-2016,"
Fam. Salg",1.654,4,Villa,167,1908,,Aktuel værdi
Hårbøllevej 30,4792 Askeby,550.000,09-04-2016,"
Alm. Salg",8.461,3,Villa,65,1700,0 %,Aktuel værdi
Lettenvej 13,4792 Askeby,2.950.000,07-04-2016,"
Andet",20.774,6,Villa,142,1900,,Aktuel værdi
Fanefjordgade 92,4792 Askeby,65.000,18-03-2016,"
Alm. Salg",792,4,Villa,82,1896,-48 %,Aktuel værdi
Bakkehøjvej 14,4792 Askeby,1.225.000,28-02-2016,"
Alm. Salg",7.753,6,Villa,158,1968,,Aktuel værdi
Baldersvej 1,4792 Askeby,875.000,18-01-2016,"
Alm. Salg",12.500,4,Sommerhus,70,1974,0 %,Aktuel værdi
Hermodsvej 13,4792 Askeby,2.250.000,07-01-2016,"
Alm. Salg",8.555,9,Villa,263,2006,-11 %,Aktuel værdi
Vindebækvej 19,4792 Askeby,1.200.000,23-12-2015,"
Alm. Salg",7.500,6,Stuehus,160,1875,-7 %,
Brøndegårdsvej 9,4792 Askeby,550.000,21-12-2015,"
Alm. Salg",4.954,5,Villa,111,1895,,Aktuel værdi
Hårbølle Bro 6,4792 Askeby,1.300.000,02-12-2015,"
Alm. Salg",9.701,4,Villa,134,2007,,Aktuel værdi
Bakkehøjvej 18,4792 Askeby,1.250.000,30-11-2015,"
Alm. Salg",7.309,7,Villa,171,1969,-14 %,Aktuel værdi
Færgensvænge 4,4792 Askeby,830.000,16-11-2015,"
Alm. Salg",11.857,2,Sommerhus,70,1983,-7 %,Aktuel værdi
Vollerupgade 51,4792 Askeby,950.000,14-11-2015,"
Alm. Salg",2.878,8,Villa,330,1596,-21 %,Aktuel værdi
Thorsvej 14,4792 Askeby,824.500,10-11-2015,"
Fam. Salg",8.865,3,Sommerhus,93,1978,,Aktuel værdi
Hårbøllevej 147,4792 Askeby,475.000,04-11-2015,"
Alm. Salg",3.893,5,Villa,122,1925,-10 %,Aktuel værdi
Vollerupgade 23,4792 Askeby,150.000,11-10-2015,"
Alm. Salg",1.041,4,Villa,144,1938,-25 %,Aktuel værdi
Dammegade 32,4792 Askeby,786.000,09-10-2015,"
Fam. Salg",4.822,4,Villa,163,1890,,Aktuel værdi
Hårbøllevej 18,4792 Askeby,880.000,08-10-2015,"
Alm. Salg",5.827,4,Villa,151,1912,-7 %,Aktuel værdi
Stenagervej 8,4792 Askeby,950.000,07-10-2015,"
Alm. Salg",5.428,5,Villa,175,1933,-5 %,Aktuel værdi
Bjarkesvej 14,4792 Askeby,390.000,05-10-2015,"
Alm. Salg",8.666,3,Sommerhus,45,1971,-2 %,Aktuel værdi
Hårbøllevej 85,4792 Askeby,1.000.000,03-10-2015,"
Alm. Salg",4.291,7,Villa,233,1900,12 %,Aktuel værdi
Fibigervej 1,4792 Askeby,625.000,28-09-2015,"
Fam. Salg",5.081,3,Villa,123,1850,,Aktuel værdi
Dammehavevej 5,4792 Askeby,695.400,23-09-2015,"
Auktion",3.718,7,Villa,187,1861,,Aktuel værdi
Røddingevej 66,4792 Askeby,450.000,16-09-2015,"
Alm. Salg",3.543,7,Villa,127,1875,-18 %,Aktuel værdi
Hårbøllevej 75,4792 Askeby,1.000.000,16-09-2015,"
Alm. Salg",5.952,6,Villa,168,1875,-9 %,Aktuel værdi
Slotshavevej 15,4792 Askeby,971.000,09-09-2015,"
Alm. Salg",7.469,5,Villa,130,1825,-19 %,Aktuel værdi
Fanefjordgade 146,4792 Askeby,395.000,09-09-2015,"
Alm. Salg",3.015,5,Villa,131,1974,0 %,Aktuel værdi
Abildvej 3,4792 Askeby,550.000,27-08-2015,"
Andet",3.235,6,Villa,170,1880,,Aktuel værdi
Mellemvej 2,4792 Askeby,1.150.000,21-08-2015,"
Alm. Salg",-,6,Villa,178,1850,16 %,Aktuel værdi
Fanefjordgade 30,4792 Askeby,625.000,18-08-2015,"
Alm. Salg",4.032,6,Villa,155,1700,-10 %,Aktuel værdi
Hårbøllevej 41,4792 Askeby,807.500,17-08-2015,"
Alm. Salg",5.686,6,Villa,142,1948,,Aktuel værdi
Hårbøllevej 124,4792 Askeby,900.000,14-08-2015,"
Alm. Salg",15.000,3,Sommerhus,60,1967,1 %,Aktuel værdi
Gormsvej 5,4792 Askeby,620.500,05-08-2015,"
Fam. Salg",11.490,2,Sommerhus,54,1969,,Aktuel værdi
Spånbjergvej 4,4792 Askeby,590.000,04-08-2015,"
Alm. Salg",6.145,4,Stuehus,96,1959,,
Hårbøllevej 139,4792 Askeby,280.000,12-07-2015,"
Alm. Salg",3.181,3,Villa,88,1921,,Aktuel værdi
Hjørnet 1,4792 Askeby,290.000,10-07-2015,"
Alm. Salg",1.883,6,Villa,154,1928,-17 %,Aktuel værdi
Fanefjordgade 25,4792 Askeby,238.825,08-07-2015,"
Alm. Salg",1.837,4,Villa,130,1900,,Aktuel værdi
Vollerupgade 6,4792 Askeby,320.000,08-07-2015,"
Alm. Salg",2.807,5,Villa,114,1888,-19 %,Aktuel værdi
Rolfsvej 2,4792 Askeby,1.400.000,07-07-2015,"
Alm. Salg",14.000,4,Sommerhus,100,2007,-6 %,Aktuel værdi
Færgensvænge 17,4792 Askeby,365.000,06-07-2015,"
Fam. Salg",6.759,3,Sommerhus,54,1971,,Aktuel værdi
Hårbøllevej 94,4792 Askeby,750.000,29-06-2015,"
Alm. Salg",10.714,4,Sommerhus,70,1968,0 %,Aktuel værdi
Fanefjordgade 136,4792 Askeby,139.300,17-06-2015,"
Auktion",805,5,Villa,173,1915,,Aktuel værdi
Bakkehøjvej 4,4792 Askeby,230.000,10-06-2015,"
Alm. Salg",3.285,2,Villa,70,1911,-22 %,Aktuel værdi
Fanefjordgade 153,4792 Askeby,300.000,03-06-2015,"
Alm. Salg",3.000,3,Villa,100,1856,-24 %,Aktuel værdi
Baldersvej 36,4792 Askeby,835.000,19-05-2015,"
Alm. Salg",6.958,4,Sommerhus,120,2005,,Aktuel værdi
Hårbøllevej 17,4792 Askeby,1.500.000,30-04-2015,"
Alm. Salg",7.500,6,Stuehus,200,1872,0 %,
Hårbøllevej 32,4792 Askeby,925.000,20-04-2015,"
Alm. Salg",7.708,5,Villa,120,1875,-7 %,Aktuel værdi
Fanefjord Kirkevej 32,4792 Askeby,675.000,17-04-2015,"
Alm. Salg",5.818,4,Villa,116,1945,-15 %,Aktuel værdi
Fanefjordgade 116,4792 Askeby,449.306,10-04-2015,"
Andet",3.353,3,Villa,134,1978,,Aktuel værdi
Marie Grubbes Vej 8,4792 Askeby,4.562.700,26-03-2015,"
Alm. Salg",21.936,5,Stuehus,208,1855,,
Bakkehøjvej 12,4792 Askeby,158.700,18-03-2015,"
Auktion",1.392,4,Villa,114,1936,,Aktuel værdi
Hårbøllevej 74,4792 Askeby,845.000,09-03-2015,"
Alm. Salg",13.000,3,Villa,65,1825,,Aktuel værdi
Hårbøllevej 101,4792 Askeby,450.000,28-02-2015,"
Alm. Salg",4.736,5,Villa,95,1911,-9 %,Aktuel værdi
Hårbøllevej 151,4792 Askeby,1.550.000,27-02-2015,"
Alm. Salg",10.763,5,Villa,144,1875,-3 %,Aktuel værdi
Hårbøllevej 142A,4792 Askeby,515.000,26-02-2015,"
Alm. Salg",8.442,4,Sommerhus,61,1990,-13 %,Aktuel værdi
Lettenvej 12,4792 Askeby,100.000,25-02-2015,"
Alm. Salg",552,5,Villa,181,1906,,Aktuel værdi
Spånbjergvej 5,4792 Askeby,766.000,09-02-2015,"
Alm. Salg",5.471,6,Stuehus,140,1862,,
Vollerupgade 14,4792 Askeby,300.000,27-01-2015,"
Alm. Salg",2.884,4,Villa,104,1903,,Aktuel værdi
Klemmen 7,4792 Askeby,175.000,13-01-2015,"
Alm. Salg",2.058,2,Villa,85,1850,-30 %,Aktuel værdi
Færgensvænge 18,4792 Askeby,663.000,28-11-2014,"
Fam. Salg",10.359,3,Sommerhus,64,1973,,Aktuel værdi
Klekkendevej 6,4792 Askeby,1.297.600,26-11-2014,"
Alm. Salg",6.179,6,Stuehus,210,1864,,
Hårbøllevej 38,4792 Askeby,430.000,26-11-2014,"
Alm. Salg",6.056,3,Stuehus,71,1923,,
Hårbøllevej 16,4792 Askeby,950.000,22-11-2014,"
Alm. Salg",11.046,4,Villa,86,1931,-21 %,Aktuel værdi
Fanefjordgade 140,4792 Askeby,206.498,17-11-2014,"
Fam. Salg",1.507,4,Villa,137,1939,,Aktuel værdi
Hårbøllevej 100,4792 Askeby,301.500,10-11-2014,"
Fam. Salg",2.200,5,Villa,137,1917,,Aktuel værdi
Stenminevej 6,4792 Askeby,1.400.000,29-09-2014,"
Alm. Salg",6.140,8,Villa,228,1910,-7 %,Aktuel værdi
Hårbølle Bro 3,4792 Askeby,475.000,17-09-2014,"
Alm. Salg",8.962,3,Fritid,53,1976,,Aktuel værdi
Præstebjergvej 15,4792 Askeby,361.250,15-09-2014,"
Fam. Salg",2.202,5,Stuehus,164,1825,,
Hårbøllevej 152,4792 Askeby,885.000,07-09-2014,"
Alm. Salg",6.061,6,Villa,146,1914,-11 %,Aktuel værdi
Fanefjordgade 69,4792 Askeby,487.000,27-08-2014,"
Alm. Salg",3.162,5,Villa,154,1875,-51 %,Aktuel værdi
Vindebækvej 5,4792 Askeby,1.250.000,21-08-2014,"
Alm. Salg",7.352,5,Villa,170,1910,-6 %,Aktuel værdi
Kokseby Slotsvej 2,4792 Askeby,840.000,18-08-2014,"
Alm. Salg",5.316,5,Villa,158,1900,-6 %,Aktuel værdi
Hårbøllevej 107,4792 Askeby,1.500.000,01-08-2014,"
Alm. Salg",10.714,4,Villa,140,1932,-3 %,Aktuel værdi
Baldersvej 16,4792 Askeby,500.000,24-07-2014,"
Alm. Salg",6.410,4,Sommerhus,78,1977,-5 %,Aktuel værdi
Lerbækvej 10,4792 Askeby,3.490.000,22-07-2014,"
Alm. Salg",19.388,5,Stuehus,180,1947,,
Vindebækvej 47,4792 Askeby,300.000,21-07-2014,"
Alm. Salg",3.260,3,Villa,92,1904,-20 %,Aktuel værdi
Dammegade 40,4792 Askeby,300.000,23-06-2014,"
Alm. Salg",2.362,5,Villa,127,1975,-43 %,Aktuel værdi
Ellemosevej 4,4792 Askeby,975.000,18-06-2014,"
Alm. Salg",7.862,3,Villa,124,1960,,Aktuel værdi
Præstelundsvej 7,4792 Askeby,1.585.000,28-05-2014,"
Alm. Salg",7.925,5,Villa,200,1918,-15 %,Aktuel værdi
Grønsundvej 281,4792 Askeby,495.000,22-05-2014,"
Alm. Salg",4.714,4,Stuehus,105,1865,0 %,
Hårbøllevej 119,4792 Askeby,1.800.000,07-05-2014,"
Alm. Salg",14.754,5,Villa,122,1924,13 %,Aktuel værdi
Baldersvej 34,4792 Askeby,785.000,16-04-2014,"
Alm. Salg",8.351,4,Sommerhus,94,2005,,Aktuel værdi
Vindebæk Kobbelvej 2,4792 Askeby,735.000,16-04-2014,"
Alm. Salg",6.681,4,Villa,110,1880,,Aktuel værdi
Askebjergvej 9,4792 Askeby,2.500.000,15-04-2014,"
Alm. Salg",12.135,7,Stuehus,206,1907,,
Marie Grubbes Vej 12A,4792 Askeby,3.700.000,03-04-2014,"
Alm. Salg",18.500,5,Villa,200,1900,-6 %,Aktuel værdi
Skovhavevej 2,4792 Askeby,190.500,30-03-2014,"
Alm. Salg",793,9,Stuehus,240,1954,,
Brøndegårdsvej 2,4792 Askeby,400.000,20-03-2014,"
Alm. Salg",2.051,8,Villa,195,1850,-19 %,Aktuel værdi
Færgensvænge 23,4792 Askeby,1.525.000,24-01-2014,"
Alm. Salg",23.106,4,Sommerhus,66,1966,,Aktuel værdi
Lisebyvej 19,4792 Askeby,1.498.000,10-01-2014,"
Alm. Salg",6.903,6,Stuehus,217,1873,,
Ellemosevej 6,4792 Askeby,180.000,10-01-2014,"
Alm. Salg",1.747,4,Villa,103,1960,-8 %,Aktuel værdi
Dammegade 21,4792 Askeby,73.800,08-01-2014,"
Auktion",625,6,Villa,118,1900,,Aktuel værdi
Lerbækvej 16,4792 Askeby,660.000,26-12-2013,"
Alm. Salg",-,4,Villa,176,1928,-17 %,Aktuel værdi
Dammehavevej 4,4792 Askeby,1.225.000,22-12-2013,"
Alm. Salg",4.959,5,Villa,247,1870,-5 %,Aktuel værdi
Hårbøllevej 60,4792 Askeby,600.000,19-12-2013,"
Alm. Salg",3.750,7,Villa,160,1850,,Aktuel værdi
Fanefjord Kirkevej 57,4792 Askeby,625.000,08-12-2013,"
Alm. Salg",5.208,7,Villa,120,1900,0 %,Aktuel værdi
Vindebækvej 27,4792 Askeby,1.075.000,22-11-2013,"
Alm. Salg",9.598,4,Sommerhus,112,1850,-7 %,Aktuel værdi
Lusmosevej 23,4792 Askeby,2.500.000,07-11-2013,"
Alm. Salg",4.761,14,Villa,525,1987,-10 %,Aktuel værdi
Hårbøllevej 8,4792 Askeby,1.600.000,22-10-2013,"
Alm. Salg",7.174,6,Villa,223,1931,-5 %,Aktuel værdi
Hjørnet 9,4792 Askeby,675.000,20-09-2013,"
Alm. Salg",3.729,6,Villa,181,1927,-10 %,Aktuel værdi
Julbjergvej 2,4792 Askeby,250.000,04-09-2013,"
Auktion",2.380,4,Villa,105,1950,,Aktuel værdi
Hjørnet 7,4792 Askeby,225.000,01-09-2013,"
Fam. Salg",2.064,5,Villa,109,1875,,Aktuel værdi
Dammehavevej 8,4792 Askeby,2.825.000,15-08-2013,"
Andet",20.323,6,Stuehus,139,1907,,
Fanefjordgade 138,4792 Askeby,250.000,14-08-2013,"
Auktion",2.016,4,Villa,124,1938,,Aktuel værdi
Fanefjordgade 23,4792 Askeby,67.143,07-08-2013,"
Auktion",706,4,Stuehus,95,1900,,
Hårbøllevej 36,4792 Askeby,386.500,07-08-2013,"
Alm. Salg",2.034,6,Villa,190,1900,,Aktuel værdi
Hårbølle Bro 9,4792 Askeby,540.000,30-07-2013,"
Alm. Salg",10.188,3,Fritid,53,1976,-2 %,Aktuel værdi
Vollerupgade 17,4792 Askeby,1.325.000,23-07-2013,"
Alm. Salg",9.013,5,Villa,147,1800,,Aktuel værdi
Fanefjord Kirkevej 31,4792 Askeby,345.000,29-06-2013,"
Alm. Salg",3.833,5,Villa,90,1875,0 %,Aktuel værdi
Lusmosevej 22,4792 Askeby,1.200.000,26-06-2013,"
Alm. Salg",9.523,4,Stuehus,126,1865,-14 %,
Hårbøllevej 10,4792 Askeby,105.000,17-06-2013,"
Alm. Salg",1.179,4,Villa,89,1912,-40 %,Aktuel værdi
Klemmen 6,4792 Askeby,1.530.659,07-05-2013,"
Auktion",7.653,5,Villa,200,2007,-48 %,Aktuel værdi
Hårbøllevej 70,4792 Askeby,2.725.000,28-04-2013,"
Alm. Salg",11.745,7,Stuehus,232,1861,,
Fanefjord Skovvej 2,4792 Askeby,1.550.000,13-04-2013,"
Alm. Salg",8.157,8,Stuehus,190,1875,,
Tostenæs Møllevej 1,4792 Askeby,1.175.000,08-04-2013,"
Alm. Salg",7.078,5,Villa,166,1860,-13 %,Aktuel værdi
Dammegade 28D,4792 Askeby,70.000,01-03-2013,"
Alm. Salg",1.000,1,Fritid,70,1825,,Aktuel værdi
Vindebæk Strandvej 6,4792 Askeby,3.875.000,28-02-2013,"
Alm. Salg",13.362,9,Villa,290,1875,-3 %,Aktuel værdi
Fanefjordgade 78,4792 Askeby,900.000,21-01-2013,"
Alm. Salg",7.826,4,Villa,115,1980,,Aktuel værdi
Bjarkesvej 4,4792 Askeby,320.000,09-01-2013,"
Alm. Salg",2.269,3,Sommerhus,141,2015,-9 %,Aktuel værdi
Fanefjordgade 37,4792 Askeby,104.000,12-12-2012,"
Auktion",707,4,Villa,147,1875,,Aktuel værdi
Fanefjordgade 155,4792 Askeby,125.000,28-11-2012,"
Auktion",1.506,4,Villa,83,1935,,Aktuel værdi
Hårbøllevej 146,4792 Askeby,385.000,02-10-2012,"
Alm. Salg",3.377,5,Villa,114,1915,-14 %,Aktuel værdi
Tostenæsvej 6,4792 Askeby,376.229,28-09-2012,"
Alm. Salg",2.090,4,Villa,180,1892,,Aktuel værdi
Abildvej 5,4792 Askeby,10.156.000,01-09-2012,"
Alm. Salg",41.453,5,Stuehus,245,1900,,
Bakkehøjvej 28,4792 Askeby,850.000,30-08-2012,"
Alm. Salg",7.727,5,Stuehus,110,1910,-11 %,
Lisebyvej 28,4792 Askeby,750.000,14-08-2012,"
Alm. Salg",4.054,6,Villa,185,1875,-6 %,Aktuel værdi
Vollerupgade 4,4792 Askeby,1.995.000,29-07-2012,"
Alm. Salg",10.842,5,Stuehus,184,1860,0 %,
Dammegade 28C,4792 Askeby,330.000,25-07-2012,"
Alm. Salg",4.852,2,Fritid,68,1825,,Aktuel værdi
Dammegade 28A,4792 Askeby,200.000,12-07-2012,"
Alm. Salg",2.061,1,Fritid,97,1825,,Aktuel værdi
Vindebækvej 11,4792 Askeby,1.600.000,04-07-2012,"
Alm. Salg",9.756,4,Villa,164,1950,-11 %,Aktuel værdi
Hårbøllevej 135,4792 Askeby,2.125.000,20-06-2012,"
Alm. Salg",28.716,4,Villa,74,1960,-13 %,Aktuel værdi
Åvænget 5,4792 Askeby,950.000,19-06-2012,"
Alm. Salg",10.439,2,Sommerhus,91,1850,-32 %,Aktuel værdi
Brøndegårdsvej 5,4792 Askeby,1.800.000,19-06-2012,"
Alm. Salg",9.183,5,Villa,196,1910,-14 %,Aktuel værdi
Færgensvænge 12,4792 Askeby,520.900,18-06-2012,"
Fam. Salg",7.441,4,Sommerhus,70,1975,,Aktuel værdi
Hjørnet 4,4792 Askeby,300.000,11-06-2012,"
Alm. Salg",2.542,4,Villa,118,1910,,Aktuel værdi
Lisebyvej 11,4792 Askeby,200.000,06-06-2012,"
Alm. Salg",2.409,2,Villa,83,1900,,Aktuel værdi
Lisebyvej 13,4792 Askeby,1.294.500,06-06-2012,"
Alm. Salg",8.630,6,Stuehus,150,1825,,
Kobbelkildevej 3,4792 Askeby,230.000,30-05-2012,"
Auktion",2.035,4,Villa,113,1933,-67 %,Aktuel værdi
Ydunsvej 10,4792 Askeby,1.150.000,14-05-2012,"
Alm. Salg",19.491,4,Sommerhus,59,1975,-18 %,Aktuel værdi
Odinsvej 1,4792 Askeby,925.000,18-03-2012,"
Alm. Salg",15.163,4,Sommerhus,61,2001,-3 %,Aktuel værdi
Hårbøllevej 26,4792 Askeby,3.600.000,09-03-2012,"
Alm. Salg",12.543,5,Villa,287,1875,-10 %,Aktuel værdi
Dammegade 28E,4792 Askeby,200.000,05-03-2012,"
Alm. Salg",2.500,3,Rækkehus,80,1825,,Aktuel værdi
Klemmen 5,4792 Askeby,137.000,04-01-2012,"
Auktion",1.245,5,Villa,110,1840,-39 %,Aktuel værdi
Dammegade 12,4792 Askeby,300.000,09-11-2011,"
Andet",3.260,4,Villa,92,1850,-54 %,Aktuel værdi
Kokseby Slotsvej 4,4792 Askeby,425.000,22-10-2011,"
Alm. Salg",4.722,2,Villa,90,1930,,Aktuel værdi
Hårbøllevej 84,4792 Askeby,382.387,20-10-2011,"
Alm. Salg",4.779,3,Villa,80,1923,,Aktuel værdi
Vindebækvej 36,4792 Askeby,415.000,03-10-2011,"
Alm. Salg",3.952,4,Villa,105,1904,-25 %,Aktuel værdi
Stenminevej 8,4792 Askeby,4.500.000,31-08-2011,"
Alm. Salg",35.714,4,Villa,126,1909,,Aktuel værdi
Hårbøllevej 93,4792 Askeby,2.500.000,31-08-2011,"
Alm. Salg",59.523,2,Sommerhus,42,1954,,Aktuel værdi
Fanefjordgade 157,4792 Askeby,400.000,26-08-2011,"
Alm. Salg",2.985,3,Villa,134,1930,-42 %,Aktuel værdi
Grønjægersvej 4,4792 Askeby,755.000,19-08-2011,"
Andet",4.103,6,Villa,184,1870,,Aktuel værdi
Savværksvej 6,4792 Askeby,1.000.000,17-08-2011,"
Alm. Salg",9.090,4,Villa,110,1892,-16 %,Aktuel værdi
Hårbøllevej 33,4792 Askeby,385.000,22-07-2011,"
Alm. Salg",4.873,3,Villa,79,1850,,Aktuel værdi
Hymersvej 5A,4792 Askeby,1.800.000,21-07-2011,"
Alm. Salg",7.031,6,Sommerhus,256,1900,-10 %,Aktuel værdi
Dammegade 28B,4792 Askeby,835.000,06-07-2011,"
Alm. Salg",13.916,4,Fritid,60,1825,,Aktuel værdi
Hymersvej 2,4792 Askeby,650.000,18-06-2011,"
Alm. Salg",5.909,4,Villa,110,1967,-6 %,Aktuel værdi
Lusmosevej 14,4792 Askeby,1.600.000,17-06-2011,"
Alm. Salg",7.619,7,Villa,210,1862,-6 %,Aktuel værdi
Vollerupgade 49,4792 Askeby,235.000,11-05-2011,"
Auktion",2.611,2,Villa,90,1800,,Aktuel værdi
Hårbøllevej 7,4792 Askeby,640.000,10-05-2011,"
Alm. Salg",4.705,4,Villa,136,1850,-2 %,Aktuel værdi
Julbjergvej 4,4792 Askeby,575.000,15-04-2011,"
Alm. Salg",5.424,4,Villa,106,1941,0 %,Aktuel værdi
Vollerupgade 8,4792 Askeby,537.848,07-01-2011,"
Alm. Salg",4.169,5,Villa,129,1800,,Aktuel værdi
Vindebækvej 51,4792 Askeby,450.000,23-12-2010,"
Alm. Salg",3.688,3,Villa,122,1825,-17 %,Aktuel værdi
Hårbøllevej 86,4792 Askeby,810.870,17-11-2010,"
Fam. Salg",5.670,4,Villa,143,1904,-52 %,Aktuel værdi
Frederikshavevej 10,4792 Askeby,945.000,12-10-2010,"
Alm. Salg",8.669,4,Villa,109,1914,-5 %,Aktuel værdi
Fanefjordgade 64,4792 Askeby,1.500.000,07-10-2010,"
Alm. Salg",7.425,6,Villa,202,1884,-14 %,Aktuel værdi
Hårbøllevej 111,4792 Askeby,500.000,04-10-2010,"
Alm. Salg",5.154,4,Villa,97,1890,-16 %,Aktuel værdi
Vindebækvej 37,4792 Askeby,695.000,24-09-2010,"
Alm. Salg",6.435,5,Villa,108,1850,0 %,Aktuel værdi
Fanefjordgade 125,4792 Askeby,770.000,18-09-2010,"
Alm. Salg",6.015,4,Villa,128,1915,-23 %,Aktuel værdi
Bjarkesvej 6,4792 Askeby,700.000,26-08-2010,"
Alm. Salg",16.666,2,Sommerhus,42,1967,-6 %,Aktuel værdi
Klemmen 11,4792 Askeby,550.000,11-08-2010,"
Alm. Salg",5.729,4,Villa,96,1960,-15 %,Aktuel værdi
Fanefjordgade 100,4792 Askeby,950.000,21-07-2010,"
Auktion",7.196,7,Villa,132,1942,,Aktuel værdi
Hårbøllevej 12,4792 Askeby,2.000.000,07-07-2010,"
Alm. Salg",13.333,4,Stuehus,150,1912,123 %,
Vindebækvej 41,4792 Askeby,1.800.000,21-06-2010,"
Fam. Salg",9.424,6,Villa,191,1858,,Aktuel værdi
Færgensvænge 13,4792 Askeby,1.125.000,20-06-2010,"
Alm. Salg",35.156,2,Sommerhus,32,1962,-4 %,Aktuel værdi
Hårbøllevej 126,4792 Askeby,675.000,09-06-2010,"
Alm. Salg",12.980,3,Sommerhus,52,1967,-3 %,Aktuel værdi
Thorsvej 2,4792 Askeby,800.000,28-05-2010,"
Alm. Salg",8.695,2,Villa,92,1970,-3 %,Aktuel værdi
Lettenvej 10,4792 Askeby,1.795.000,27-04-2010,"
Alm. Salg",18.894,3,Villa,95,1884,0 %,Aktuel værdi
Hårbøllevej 63,4792 Askeby,700.000,27-04-2010,"
Alm. Salg",5.000,6,Villa,140,1900,,Aktuel værdi
Fanefjord Kirkevej 43,4792 Askeby,1.491.000,25-03-2010,"
Alm. Salg",16.206,4,Stuehus,92,1925,-10 %,
Fanefjordgade 104,4792 Askeby,1.100.000,10-03-2010,"
Alm. Salg",7.189,5,Villa,153,1960,0 %,Aktuel værdi
Fanefjordgade 35,4792 Askeby,400.000,08-02-2010,"
Alm. Salg",2.500,4,Villa,160,1875,-19 %,Aktuel værdi
Fanefjord Kirkevej 27,4792 Askeby,1.995.000,28-01-2010,"
Alm. Salg",14.250,4,Villa,140,1930,0 %,Aktuel værdi
Fanefjordgade 152,4792 Askeby,1.200.000,23-01-2010,"
Alm. Salg",8.275,5,Villa,145,1953,-20 %,Aktuel værdi
Hårbøllevej 53,4792 Askeby,1.050.000,11-01-2010,"
Alm. Salg",7.500,6,Villa,140,1954,-9 %,Aktuel værdi
Fanefjord Kirkevej 10,4792 Askeby,135.000,08-01-2010,"
Alm. Salg",843,6,Villa,160,1900,,Aktuel værdi
Fanefjordgade 170,4792 Askeby,718.500,07-01-2010,"
Alm. Salg",4.129,7,Villa,174,1914,,Aktuel værdi
Fanefjordgade 133,4792 Askeby,275.000,17-12-2009,"
Alm. Salg",3.235,4,Villa,85,1927,-30 %,Aktuel værdi
Vindebæk Kobbelvej 3,4792 Askeby,1.437.500,15-12-2009,"
Alm. Salg",10.569,5,Villa,136,1850,-15 %,Aktuel værdi
Baldersvej 47,4792 Askeby,770.000,30-11-2009,"
Alm. Salg",17.111,3,Sommerhus,45,2008,-3 %,Aktuel værdi
Askebjergvej 1,4792 Askeby,1.140.000,27-11-2009,"
Alm. Salg",8.571,4,Villa,133,1980,0 %,Aktuel værdi
Fanefjordgade 150,4792 Askeby,1.045.000,06-11-2009,"
Alm. Salg",11.611,3,Villa,90,1949,-5 %,Aktuel værdi
Hermodsvej 14,4792 Askeby,2.100.000,05-11-2009,"
Alm. Salg",28.000,3,Villa,75,1946,-16 %,Aktuel værdi
Hårbøllevej 138,4792 Askeby,470.000,12-10-2009,"
Alm. Salg",8.545,5,Sommerhus,55,1967,-5 %,Aktuel værdi
Hårbøllevej 6,4792 Askeby,800.000,21-08-2009,"
Alm. Salg",10.000,3,Villa,80,1958,-16 %,Aktuel værdi
Fanefjordvænget 7,4792 Askeby,1.325.000,20-08-2009,"
Alm. Salg",14.887,4,Villa,89,1999,-4 %,Aktuel værdi
Thorsvej 12,4792 Askeby,800.000,09-07-2009,"
Alm. Salg",23.529,2,Sommerhus,34,2005,-6 %,Aktuel værdi
Slotshavevej 16,4792 Askeby,1.000.000,07-07-2009,"
Alm. Salg",7.142,5,Villa,140,1913,-22 %,Aktuel værdi
Hårbøllevej 91,4792 Askeby,325.000,06-06-2009,"
Fam. Salg",1.477,10,Villa,220,1911,,Aktuel værdi
Vindebækvej 22,4792 Askeby,1.000.000,03-06-2009,"
Alm. Salg",10.526,3,Villa,95,1910,-9 %,Aktuel værdi
Bakkehøjvej 2,4792 Askeby,612.500,28-05-2009,"
Alm. Salg",5.518,3,Villa,111,1890,-18 %,Aktuel værdi
Dammegade 27,4792 Askeby,230.000,27-05-2009,"
Auktion",2.300,4,Villa,100,1900,,Aktuel værdi
Hårbøllevej 20,4792 Askeby,1.000.000,26-05-2009,"
Alm. Salg",5.847,7,Villa,171,1880,,Aktuel værdi
Frejasvej 8,4792 Askeby,795.000,14-05-2009,"
Alm. Salg",9.578,5,Sommerhus,83,1983,-20 %,Aktuel værdi
Sifsvej 9,4792 Askeby,800.000,10-05-2009,"
Alm. Salg",11.267,3,Sommerhus,71,2013,,Aktuel værdi
Thorsvej 7,4792 Askeby,1.650.000,23-04-2009,"
Alm. Salg",20.625,4,Sommerhus,80,2008,0 %,Aktuel værdi
Afrikavej 2,4792 Askeby,726.000,08-04-2009,"
Alm. Salg",4.745,5,Villa,153,1840,4 %,Aktuel værdi
Hårbøllevej 48,4792 Askeby,350.000,01-04-2009,"
Alm. Salg",4.487,5,Villa,78,1887,,Aktuel værdi
Fanefjordgade 71,4792 Askeby,1.300.000,02-02-2009,"
Alm. Salg",9.701,5,Villa,134,1775,-7 %,Aktuel værdi
Afrikavej 8,4792 Askeby,2.297.500,15-01-2009,"
Alm. Salg",4.707,13,Stuehus,488,1800,,
Vindebækvej 21,4792 Askeby,615.004,11-10-2008,"
Alm. Salg",3.203,6,Villa,192,1908,,Aktuel værdi
Fanefjordgade 39,4792 Askeby,795.000,07-10-2008,"
Alm. Salg",8.736,3,Villa,91,1900,-11 %,Aktuel værdi
Klemmen 13,4792 Askeby,747.000,03-09-2008,"
Alm. Salg",6.384,5,Rækkehus,117,1825,-5 %,Aktuel værdi
Vindebækvej 39,4792 Askeby,1.525.000,16-08-2008,"
Alm. Salg",9.077,5,Villa,168,1859,-4 %,Aktuel værdi
Ullemosevej 1,4792 Askeby,600.000,10-07-2008,"
Alm. Salg",3.428,6,Villa,175,1920,-25 %,Aktuel værdi
Ydunsvej 1C,4792 Askeby,495.000,06-07-2008,"
Fam. Salg",5.500,4,Sommerhus,90,2008,,Aktuel værdi
Dammegade 51,4792 Askeby,2.275.000,23-05-2008,"
Alm. Salg",10.731,7,Villa,212,1882,-5 %,Aktuel værdi
Lusmosevej 1,4792 Askeby,300.000,23-05-2008,"
Alm. Salg",4.615,3,Villa,65,1825,,Aktuel værdi
Tostenæs Møllevej 14,4792 Askeby,680.000,20-05-2008,"
Alm. Salg",34.000,1,Sommerhus,20,1965,-2 %,Aktuel værdi
Vollerupgade 44,4792 Askeby,1.650.000,17-05-2008,"
Alm. Salg",8.250,7,Villa,200,1912,0 %,Aktuel værdi
Fanefjordgade 8,4792 Askeby,750.000,08-05-2008,"
Alm. Salg",5.000,3,Villa,150,1924,-6 %,Aktuel værdi
Fanefjordgade 84,4792 Askeby,1.795.000,25-04-2008,"
Alm. Salg",11.360,5,Villa,158,1941,0 %,Aktuel værdi
Fanefjord Kirkevej 5,4792 Askeby,435.000,23-04-2008,"
Auktion",3.020,4,Villa,144,1875,,Aktuel værdi
Fanefjordgade 57,4792 Askeby,1.548.000,15-04-2008,"
Alm. Salg",10.320,4,Villa,150,1880,5 %,Aktuel værdi
Baldersvej 23,4792 Askeby,1.200.000,13-04-2008,"
Alm. Salg",12.765,4,Sommerhus,94,2005,-11 %,Aktuel værdi
Fanefjordgade 127,4792 Askeby,1.050.000,19-03-2008,"
Alm. Salg",5.526,6,Villa,190,1919,-16 %,Aktuel værdi
Fanefjord Kirkevej 14,4792 Askeby,2.300.000,10-03-2008,"
Alm. Salg",15.131,6,Villa,152,1951,,Aktuel værdi
Fanefjordgade 85,4792 Askeby,950.000,10-03-2008,"
Alm. Salg",10.326,4,Villa,92,1875,-12 %,Aktuel værdi
Fanefjordgade 164,4792 Askeby,920.000,05-03-2008,"
Alm. Salg",7.076,6,Villa,130,1910,-8 %,Aktuel værdi
Færgensvænge 11,4792 Askeby,637.500,20-02-2008,"
Fam. Salg",5.495,5,Sommerhus,116,2009,,Aktuel værdi
Færgensvænge 2,4792 Askeby,1.700.000,29-01-2008,"
Alm. Salg",18.279,4,Sommerhus,93,2007,-13 %,Aktuel værdi
Fanefjordgade 128,4792 Askeby,1.275.000,10-01-2008,"
Alm. Salg",10.365,5,Villa,123,1963,,
Vindebækvej 48,4792 Askeby,1.300.000,27-12-2007,"
Alm. Salg",8.227,5,Villa,158,1935,,Aktuel værdi
Lusmosevej 36,4792 Askeby,1.950.000,19-12-2007,"
Alm. Salg",19.500,4,Villa,100,2006,-11 %,Aktuel værdi
Skovhavevej 3,4792 Askeby,1.325.000,04-12-2007,"
Alm. Salg",8.281,5,Villa,160,2014,-11 %,Aktuel værdi
Fanefjordgade 144,4792 Askeby,950.000,22-11-2007,"
Alm. Salg",9.313,3,Villa,102,1939,,Aktuel værdi
Spånbjergvej 10,4792 Askeby,1.100.000,20-10-2007,"
Alm. Salg",9.016,7,Villa,122,1890,-14 %,Aktuel værdi
Vollerupgade 33,4792 Askeby,550.000,15-10-2007,"
Auktion",4.400,3,Villa,125,1850,,Aktuel værdi
Lettenvej 5,4792 Askeby,578.000,08-10-2007,"
Fam. Salg",9.633,3,Villa,60,1905,,Aktuel værdi
Hårbølle Bro 33,4792 Askeby,450.000,08-10-2007,"
Fam. Salg",8.490,3,Fritid,53,1976,,Aktuel værdi
Fanefjordgade 32,4792 Askeby,735.000,24-09-2007,"
Alm. Salg",7.350,5,Villa,100,1889,-5 %,Aktuel værdi
Baldersvej 24,4792 Askeby,535.000,05-09-2007,"
Alm. Salg",5.691,4,Sommerhus,94,2010,-10 %,Aktuel værdi
Rolfsvej 4,4792 Askeby,1.145.000,01-09-2007,"
Alm. Salg",17.348,5,Sommerhus,66,1966,,Aktuel værdi
Baldersvej 43,4792 Askeby,445.000,23-08-2007,"
Alm. Salg",4.362,3,Sommerhus,102,2008,-10 %,Aktuel værdi
Spånbjergvej 15,4792 Askeby,1.110.000,16-08-2007,"
Alm. Salg",6.607,4,Villa,168,1875,-11 %,Aktuel værdi
Stenøvej 4B,4792 Askeby,502.000,30-07-2007,"
Fam. Salg",3.438,3,Villa,146,1925,,Aktuel værdi
Fanefjordgade 12,4792 Askeby,1.495.000,12-07-2007,"
Alm. Salg",14.950,4,Villa,100,1925,0 %,Aktuel værdi
Hårbøllevej 35,4792 Askeby,1.345.000,09-07-2007,"
Alm. Salg",14.944,3,Villa,90,1885,-4 %,Aktuel værdi
Dammegade 19,4792 Askeby,1.900.000,27-06-2007,"
Alm. Salg",6.506,9,Villa,292,1900,-15 %,Aktuel værdi
Hermodsvej 2,4792 Askeby,1.230.000,22-06-2007,"
Alm. Salg",17.571,4,Sommerhus,70,1971,-4 %,Aktuel værdi
Fanefjordgade 163,4792 Askeby,1.300.000,17-06-2007,"
Alm. Salg",14.130,3,Villa,92,1958,,Aktuel værdi
Fanefjord Kirkevej 26,4792 Askeby,812.500,11-06-2007,"
Alm. Salg",8.290,4,Villa,98,1875,-4 %,Aktuel værdi
Baldersvej 13,4792 Askeby,1.733.000,29-05-2007,"
Alm. Salg",-,5,Sommerhus,122,2006,,Aktuel værdi
Fanefjordgade 94,4792 Askeby,700.000,23-05-2007,"
Alm. Salg",4.861,5,Villa,144,1875,,Aktuel værdi
Dammegade 38,4792 Askeby,915.000,19-04-2007,"
Alm. Salg",8.243,4,Villa,111,1835,-8 %,Aktuel værdi
Klekkendevej 1,4792 Askeby,815.000,11-04-2007,"
Alm. Salg",9.367,3,Villa,87,1964,0 %,Aktuel værdi
Baldersvej 12,4792 Askeby,722.500,26-03-2007,"
Fam. Salg",11.844,3,Sommerhus,61,1977,,Aktuel værdi
Hårbøllevej 114,4792 Askeby,1.880.000,19-03-2007,"
Alm. Salg",11.898,4,Villa,158,1875,-5 %,Aktuel værdi
Fanefjordgade 75,4792 Askeby,1.887.500,26-02-2007,"
Alm. Salg",8.031,8,Villa,235,1908,-3 %,Aktuel værdi
Lusmosevej 25,4792 Askeby,1.232.500,19-02-2007,"
Fam. Salg",9.062,5,Stuehus,136,1902,,
Vindebækvej 9,4792 Askeby,200.000,06-02-2007,"
Fam. Salg",3.846,2,Villa,52,1835,,Aktuel værdi
Lisebyvej 32,4792 Askeby,1.750.000,30-01-2007,"
Alm. Salg",15.086,5,Stuehus,116,1890,,
Fanefjordgade 44,4792 Askeby,1.195.000,06-01-2007,"
Alm. Salg",14.937,2,Villa,80,1875,,Aktuel værdi
Hårbøllevej 39,4792 Askeby,2.100.000,15-12-2006,"
Alm. Salg",6.562,6,Villa,320,1889,,Aktuel værdi
Præstebjergvej 8A,4792 Askeby,895.000,08-11-2006,"
Alm. Salg",-,5,Villa,129,1950,,Aktuel værdi
Askebjergvej 6,4792 Askeby,1.006.812,03-10-2006,"
Alm. Salg",3.785,5,Villa,266,2009,,Aktuel værdi
Hårbøllevej 65,4792 Askeby,1.270.000,03-10-2006,"
Alm. Salg",11.140,4,Villa,114,1873,,Aktuel værdi
Stenøvej 8,4792 Askeby,4.950.000,29-09-2006,"
Alm. Salg",37.500,6,Stuehus,132,1875,,
Præstebjergvej 13,4792 Askeby,450.000,14-09-2006,"
Alm. Salg",3.214,5,Villa,140,1900,,Aktuel værdi
Lerbækvej 8,4792 Askeby,775.000,04-09-2006,"
Alm. Salg",6.623,4,Villa,117,1947,,Aktuel værdi
Fanefjord Kirkevej 18,4792 Askeby,900.000,29-08-2006,"
Alm. Salg",10.227,4,Villa,88,1900,,Aktuel værdi
Hårbølle Bro 41,4792 Askeby,980.000,22-08-2006,"
Alm. Salg",18.490,3,Fritid,53,1976,,Aktuel værdi
Fanefjordgade 74,4792 Askeby,1.600.000,07-08-2006,"
Alm. Salg",10.526,6,Villa,152,1900,,Aktuel værdi
Dammegade 5,4792 Askeby,825.000,17-07-2006,"
Alm. Salg",11.148,2,Villa,74,1900,,Aktuel værdi
Grønjægersvej 1,4792 Askeby,300.000,10-07-2006,"
Alm. Salg",1.796,5,Villa,167,1845,,Aktuel værdi
Bakkehøjvej 7,4792 Askeby,807.500,25-06-2006,"
Alm. Salg",7.340,4,Villa,110,1934,,Aktuel værdi
Hårbøllevej 121,4792 Askeby,1.350.000,23-06-2006,"
Alm. Salg",13.235,3,Sommerhus,102,1965,,Aktuel værdi
Hårbølle Bro 21,4792 Askeby,795.000,22-06-2006,"
Alm. Salg",14.454,3,Fritid,55,1976,,Aktuel værdi
Baldersvej 30,4792 Askeby,1.650.000,09-06-2006,"
Alm. Salg",13.750,4,Sommerhus,120,2005,,Aktuel værdi
Hårbølle Bro 15,4792 Askeby,815.000,30-05-2006,"
Alm. Salg",15.377,3,Fritid,53,1976,,Aktuel værdi
Hårbøllevej 105,4792 Askeby,1.395.000,09-05-2006,"
Alm. Salg",-,5,Sommerhus,94,1982,,Aktuel værdi
Vindebækvej 25,4792 Askeby,3.800.000,05-05-2006,"
Alm. Salg",20.879,6,Stuehus,182,1967,,
Vollerupgade 61,4792 Askeby,1.050.000,24-04-2006,"
Alm. Salg",9.375,5,Villa,112,1923,,Aktuel værdi
Dammegade 53,4792 Askeby,550.000,24-04-2006,"
Fam. Salg",2.477,7,Villa,222,1825,,Aktuel værdi
Hårbøllevej 19,4792 Askeby,2.595.000,27-03-2006,"
Alm. Salg",10.949,4,Stuehus,237,1875,,
Fanefjordgade 56,4792 Askeby,795.000,20-03-2006,"
Alm. Salg",6.680,3,Villa,119,1910,,Aktuel værdi
Baldersvej 6,4792 Askeby,1.598.000,15-03-2006,"
Alm. Salg",19.975,4,Sommerhus,80,2005,,Aktuel værdi
Hårbøllevej 21,4792 Askeby,2.025.101,27-02-2006,"
Alm. Salg",8.691,7,Villa,233,1875,,Aktuel værdi
Baldersvej 11,4792 Askeby,490.000,20-02-2006,"
Alm. Salg",5.157,5,Sommerhus,95,2007,,Aktuel værdi
Præstebjergvej 14,4792 Askeby,300.000,11-02-2006,"
Alm. Salg",2.238,5,Villa,134,1912,,Aktuel værdi
Brøndegårdsvej 7,4792 Askeby,3.400.000,08-02-2006,"
Alm. Salg",17.616,5,Stuehus,193,1900,,
Hårbøllevej 22,4792 Askeby,1.025.000,01-02-2006,"
Fam. Salg",7.884,5,Stuehus,130,1893,,
Spånbjergvej 9,4792 Askeby,1.375.000,25-01-2006,"
Alm. Salg",-,7,Villa,201,1919,,Aktuel værdi
Fanefjordvænget 5,4792 Askeby,2.250.000,12-01-2006,"
Alm. Salg",10.000,5,Villa,225,1988,,Aktuel værdi
Hårbøllevej 57B,4792 Askeby,2.000.000,14-12-2005,"
Alm. Salg",-,4,Lejlighed,177,1914,,Aktuel værdi
Lisebyvej 30,4792 Askeby,995.000,12-12-2005,"
Alm. Salg",7.370,5,Villa,135,1875,,Aktuel værdi
Hårbøllevej 133,4792 Askeby,600.000,16-11-2005,"
Alm. Salg",13.953,2,Sommerhus,43,1970,,Aktuel værdi
Frejasvej 6,4792 Askeby,930.000,15-11-2005,"
Alm. Salg",12.400,4,Sommerhus,75,1971,,Aktuel værdi
Baldersvej 25,4792 Askeby,1.535.000,08-11-2005,"
Alm. Salg",17.643,4,Sommerhus,87,2006,,Aktuel værdi
Marie Grubbes Vej 10,4792 Askeby,2.595.000,01-11-2005,"
Alm. Salg",16.528,6,Villa,157,1825,,Aktuel værdi
Fanefjordgade 159,4792 Askeby,735.000,01-11-2005,"
Alm. Salg",7.205,4,Villa,102,1960,,Aktuel værdi
Baldersvej 55,4792 Askeby,1.649.000,16-09-2005,"
Alm. Salg",-,9,Villa,252,1900,,Aktuel værdi
Fanefjordgade 68,4792 Askeby,1.400.000,12-09-2005,"
Alm. Salg",6.481,5,Villa,216,1800,,Aktuel værdi
Hårbøllevej 15,4792 Askeby,1.750.000,10-09-2005,"
Alm. Salg",7.608,8,Villa,230,1864,,Aktuel værdi
Præstelundsvej 6,4792 Askeby,1.175.000,08-09-2005,"
Alm. Salg",8.392,3,Villa,140,1885,,Aktuel værdi
Lusmosevej 20,4792 Askeby,795.000,01-09-2005,"
Alm. Salg",8.833,4,Villa,90,1901,,Aktuel værdi
Hårbøllevej 83,4792 Askeby,1.150.000,12-08-2005,"
Alm. Salg",8.518,4,Villa,135,1875,,Aktuel værdi
Skovhavevej 5,4792 Askeby,566.566,04-08-2005,"
Alm. Salg",11.803,2,Villa,48,1983,,Aktuel værdi
Bjarkesvej 8,4792 Askeby,484.500,31-07-2005,"
Fam. Salg",-,4,Sommerhus,73,1969,,Aktuel værdi
Spånbjergvej 8,4792 Askeby,1.125.000,25-07-2005,"
Alm. Salg",7.601,5,Villa,148,1920,,Aktuel værdi
Hejmdalsvej 6,4792 Askeby,900.000,24-07-2005,"
Fam. Salg",8.108,4,Sommerhus,111,1973,,Aktuel værdi
Bakkehøjvej 10,4792 Askeby,700.000,14-07-2005,"
Fam. Salg",8.235,4,Villa,85,1935,,Aktuel værdi
Fanefjordgade 61,4792 Askeby,475.000,01-07-2005,"
Alm. Salg",4.398,5,Villa,108,1900,,Aktuel værdi
Slotshavevej 13,4792 Askeby,875.000,17-06-2005,"
Alm. Salg",6.433,5,Villa,136,1886,,Aktuel værdi
Frejasvej 4,4792 Askeby,705.000,29-05-2005,"
Alm. Salg",12.818,4,Sommerhus,55,1970,,Aktuel værdi
Hårbølle Bro 43,4792 Askeby,720.000,08-05-2005,"
Alm. Salg",13.090,3,Fritid,55,1976,,Aktuel værdi
Hårbølle Bro 29,4792 Askeby,575.000,01-05-2005,"
Alm. Salg",10.849,3,Fritid,53,1976,,Aktuel værdi
Marie Grubbes Vej 6,4792 Askeby,60.000,28-04-2005,"
Alm. Salg",689,4,Villa,87,1902,,Aktuel værdi
Grønsundvej 306,4792 Askeby,1.295.000,28-04-2005,"
Alm. Salg",13.214,6,Villa,98,1877,,Aktuel værdi
Hårbølle Bro 25,4792 Askeby,530.000,14-04-2005,"
Alm. Salg",10.000,3,Fritid,53,1976,,Aktuel værdi
Bjarkesvej 11,4792 Askeby,795.000,10-04-2005,"
Alm. Salg",13.250,3,Sommerhus,60,1966,,Aktuel værdi
Hårbøllevej 144,4792 Askeby,650.000,10-03-2005,"
Fam. Salg",9.027,3,Villa,72,1912,,Aktuel værdi
Fanefjordvænget 9,4792 Askeby,161.280,07-03-2005,"
Alm. Salg",977,3,Villa,165,2006,,Aktuel værdi
Frederikshavevej 2,4792 Askeby,1.200.000,03-03-2005,"
Alm. Salg",6.060,7,Villa,198,1910,,Aktuel værdi
Tostenæs Møllevej 6,4792 Askeby,750.000,27-02-2005,"
Andet",-,6,Villa,245,1870,,Aktuel værdi
Fanefjord Kirkevej 61,4792 Askeby,265.000,22-02-2005,"
Alm. Salg",866,9,Stuehus,306,1880,,
Dammegade 29,4792 Askeby,437.508,17-02-2005,"
Alm. Salg",4.088,6,Villa,107,1850,,Aktuel værdi
Vindebækvej 4,4792 Askeby,861.071,14-02-2005,"
Andet",10.763,3,Stuehus,80,1912,,
Slotshavevej 12,4792 Askeby,2.045.000,04-02-2005,"
Alm. Salg",-,5,Villa,305,1875,,Aktuel værdi
Lusmosevej 12,4792 Askeby,145.000,04-01-2005,"
Alm. Salg",895,5,Villa,162,2007,,Aktuel værdi
Hårbøllevej 108,4792 Askeby,1.080.000,22-11-2004,"
Alm. Salg",5.714,7,Villa,189,1910,,Aktuel værdi
Lerbækvej 7,4792 Askeby,105.203,01-11-2004,"
Alm. Salg",526,5,Villa,200,1700,,Aktuel værdi
Dammegade 13,4792 Askeby,525.000,30-10-2004,"
Alm. Salg",7.291,2,Villa,72,1924,,Aktuel værdi
Lusmosevej 2,4792 Askeby,934.167,25-10-2004,"
Andet",4.741,6,Villa,197,1904,,Aktuel værdi
Vindebæk Kobbelvej 5,4792 Askeby,1.600.000,20-10-2004,"
Alm. Salg",10.810,4,Villa,148,1850,,Aktuel værdi
Hårbølle Bro 31,4792 Askeby,550.000,18-10-2004,"
Alm. Salg",10.377,3,Fritid,53,1976,,Aktuel værdi
Baldersvej 57,4792 Askeby,100.000,01-10-2004,"
Alm. Salg",1.333,4,Sommerhus,75,2006,,Aktuel værdi
Vindebækvej 23,4792 Askeby,415.000,20-09-2004,"
Alm. Salg",-,3,Villa,85,1913,,Aktuel værdi
Fanefjordgade 82,4792 Askeby,1.485.000,05-09-2004,"
Alm. Salg",6.570,6,Villa,226,1976,,Aktuel værdi
Hårbøllevej 82,4792 Askeby,1.048.416,28-08-2004,"
Alm. Salg",4.765,5,Villa,220,1800,,Aktuel værdi
Fanefjordvænget 13,4792 Askeby,186.598,22-07-2004,"
Alm. Salg",1.124,5,Villa,166,2005,,Aktuel værdi
Dammegade 43,4792 Askeby,655.000,16-06-2004,"
Alm. Salg",7.119,4,Villa,92,1900,,Aktuel værdi
Hårbølle Bro 17,4792 Askeby,410.000,11-06-2004,"
Alm. Salg",7.735,3,Fritid,53,1976,,Aktuel værdi
Præstelundsvej 4,4792 Askeby,390.000,29-05-2004,"
Alm. Salg",1.300,8,Villa,300,1968,,Aktuel værdi
Vollerupgade 47,4792 Askeby,640.000,14-05-2004,"
Alm. Salg",-,4,Villa,116,1895,,Aktuel værdi
Hårbølle Bro 5,4792 Askeby,430.000,13-05-2004,"
Alm. Salg",8.113,3,Fritid,53,1976,,Aktuel værdi
Vindebæk Kobbelvej 12,4792 Askeby,1.250.000,12-05-2004,"
Alm. Salg",7.062,5,Villa,177,1914,,Aktuel værdi
Hårbølle Bro 13,4792 Askeby,500.000,10-05-2004,"
Alm. Salg",9.433,3,Fritid,53,1976,,Aktuel værdi
Lammehavevej 2,4792 Askeby,672.013,04-05-2004,"
Alm. Salg",6.222,4,Villa,108,1958,,Aktuel værdi
Hårbøllevej 130,4792 Askeby,475.000,29-04-2004,"
Alm. Salg",-,3,Sommerhus,63,1971,,Aktuel værdi
Fanefjordgade 113,4792 Askeby,620.891,29-04-2004,"
Alm. Salg",5.261,5,Villa,118,1900,,Aktuel værdi
Hårbølle Bro 23,4792 Askeby,170.000,28-04-2004,"
Andet",3.090,3,Fritid,55,1976,,Aktuel værdi
Baldersvej 28,4792 Askeby,269.900,28-04-2004,"
Alm. Salg",2.965,4,Sommerhus,91,2005,,Aktuel værdi
Hårbølle Bro 7,4792 Askeby,420.000,27-04-2004,"
Alm. Salg",7.924,3,Fritid,53,1976,,Aktuel værdi
Slotshavevej 26,4792 Askeby,250.000,24-04-2004,"
Fam. Salg",2.475,5,Villa,101,1970,,Aktuel værdi
Thorsvej 20,4792 Askeby,200.000,19-04-2004,"
Alm. Salg",2.380,4,Sommerhus,84,2011,,Aktuel værdi
Thorsvej 18,4792 Askeby,200.000,19-04-2004,"
Alm. Salg",2.597,4,Sommerhus,77,2006,,Aktuel værdi
Spånbjergvej 1,4792 Askeby,1.125.000,18-04-2004,"
Alm. Salg",-,6,Villa,317,1896,,Aktuel værdi
Fanefjordgade 126,4792 Askeby,900.000,14-04-2004,"
Alm. Salg",6.122,6,Villa,147,1900,,Aktuel værdi
Baldersvej 37,4792 Askeby,269.900,13-04-2004,"
Alm. Salg",2.499,4,Sommerhus,108,2005,,Aktuel værdi
Frejasvej 1,4792 Askeby,450.000,10-04-2004,"
Alm. Salg",14.062,2,Sommerhus,32,1999,,Aktuel værdi
Baldersvej 17,4792 Askeby,269.900,08-04-2004,"
Alm. Salg",3.748,3,Sommerhus,72,2005,,Aktuel værdi
Hårbølle Bro 37,4792 Askeby,500.000,07-04-2004,"
Alm. Salg",9.433,3,Fritid,53,1976,,Aktuel værdi
Baldersvej 51,4792 Askeby,259.900,28-03-2004,"
Alm. Salg",3.766,4,Sommerhus,69,2015,,Aktuel værdi
Baldersvej 26,4792 Askeby,269.900,28-03-2004,"
Alm. Salg",2.754,4,Sommerhus,98,2011,,Aktuel værdi
Baldersvej 41,4792 Askeby,289.900,27-03-2004,"
Alm. Salg",3.294,4,Sommerhus,88,2012,,Aktuel værdi
Lettenvej 8,4792 Askeby,1.195.000,27-03-2004,"
Andet",7.468,6,Villa,160,1913,,Aktuel værdi
Baldersvej 22,4792 Askeby,329.900,27-03-2004,"
Alm. Salg",4.581,3,Sommerhus,72,2006,,Aktuel værdi
Ægirsvej 6,4792 Askeby,89.000,15-03-2004,"
Fam. Salg",1.348,3,Sommerhus,66,1979,,Aktuel værdi
Baldersvej 5,4792 Askeby,770.000,12-02-2004,"
Alm. Salg",-,5,Sommerhus,98,1988,,Aktuel værdi
Fanefjordvænget 11,4792 Askeby,1.100.000,31-12-2003,"
Alm. Salg",9.734,4,Villa,113,2002,,Aktuel værdi
Dammegade 50,4792 Askeby,552.344,19-12-2003,"
Fam. Salg",3.862,5,Villa,143,1825,,Aktuel værdi
Bjarkesvej 1,4792 Askeby,800.000,12-12-2003,"
Alm. Salg",11.267,4,Sommerhus,71,1967,,Aktuel værdi
Rolfsvej 1,4792 Askeby,500.000,30-10-2003,"
Alm. Salg",9.615,2,Sommerhus,52,1965,,Aktuel værdi
Dammehavevej 6,4792 Askeby,1.550.000,25-10-2003,"
Alm. Salg",9.687,7,Villa,160,1865,,Aktuel værdi
Frederikshavevej 8,4792 Askeby,930.000,22-10-2003,"
Alm. Salg",8.691,4,Stuehus,107,1910,,
Fanefjordgade 112,4792 Askeby,2.275.000,20-10-2003,"
Alm. Salg",12.709,8,Villa,179,1775,,Aktuel værdi
Lammehavevej 1,4792 Askeby,219.000,29-09-2003,"
Fam. Salg",1.216,4,Stuehus,180,1921,,
Bjarkesvej 7,4792 Askeby,375.000,27-09-2003,"
Alm. Salg",-,2,Sommerhus,56,1968,,Aktuel værdi
Lettenvej 6,4792 Askeby,1.750.000,22-09-2003,"
Alm. Salg",-,6,Villa,136,1900,,Aktuel værdi
Klekkendevej 12,4792 Askeby,381.426,14-09-2003,"
Alm. Salg",3.178,5,Villa,120,1941,,Aktuel værdi
Fanefjordgade 62,4792 Askeby,900.000,11-09-2003,"
Alm. Salg",8.181,5,Villa,110,1920,,Aktuel værdi
Vindebæk Strandvej 3,4792 Askeby,438.600,05-09-2003,"
Alm. Salg",3.916,3,Villa,112,1912,,Aktuel værdi
Hårbølle Bro 11,4792 Askeby,390.000,29-08-2003,"
Alm. Salg",7.358,3,Fritid,53,1976,,Aktuel værdi
Dammegade 10,4792 Askeby,310.000,04-08-2003,"
Fam. Salg",3.406,3,Villa,91,1900,,Aktuel værdi
Vindebækvej 53,4792 Askeby,735.491,21-07-2003,"
Alm. Salg",7.140,3,Villa,103,1875,,Aktuel værdi
Hårbøllevej 72,4792 Askeby,675.000,14-07-2003,"
Alm. Salg",3.260,4,Villa,207,1894,,Aktuel værdi
Fanefjordgade 15,4792 Askeby,781.196,11-07-2003,"
Alm. Salg",-,5,Villa,213,1900,,Aktuel værdi
Fanefjord Kirkevej 38,4792 Askeby,306.000,06-07-2003,"
Alm. Salg",-,3,Villa,108,1825,,Aktuel værdi
Tostenæsvej 4,4792 Askeby,805.000,29-06-2003,"
Alm. Salg",6.289,3,Villa,128,1894,,Aktuel værdi
Fanefjordgade 54,4792 Askeby,500.000,28-05-2003,"
Fam. Salg",3.731,4,Villa,134,1929,,Aktuel værdi
Fanefjordgade 52,4792 Askeby,595.000,23-05-2003,"
Alm. Salg",4.798,3,Villa,124,1935,,Aktuel værdi
Baldersvej 14,4792 Askeby,87.000,08-05-2003,"
Alm. Salg",1.074,3,Sommerhus,81,2007,,Aktuel værdi
Baldersvej 9,4792 Askeby,625.000,03-05-2003,"
Alm. Salg",11.160,3,Sommerhus,56,1974,,Aktuel værdi
Rubins Mosevej 4,4792 Askeby,747.065,14-04-2003,"
Fam. Salg",4.758,6,Villa,157,1910,,Aktuel værdi
Røddingevej 61,4792 Askeby,407.765,25-02-2003,"
Alm. Salg",5.227,2,Villa,78,1935,,Aktuel værdi
Kokseby Slotsvej 3,4792 Askeby,433.500,24-02-2003,"
Fam. Salg",5.351,3,Villa,81,1963,,Aktuel værdi
Fanefjord Kirkevej 28,4792 Askeby,709.036,14-02-2003,"
Fam. Salg",4.487,5,Villa,158,1945,,Aktuel værdi
Hårbøllevej 66,4792 Askeby,664.664,13-02-2003,"
Andet",4.713,7,Villa,141,1908,,Aktuel værdi
Vollerupgade 35,4792 Askeby,495.000,05-02-2003,"
Alm. Salg",-,5,Villa,106,1825,,Aktuel værdi
Lusmosevej 19,4792 Askeby,430.000,27-11-2002,"
Alm. Salg",4.574,3,Villa,94,1880,,Aktuel værdi
Hymersvej 3,4792 Askeby,410.000,19-11-2002,"
Alm. Salg",5.324,3,Sommerhus,77,1909,,Aktuel værdi
Ydunsvej 8,4792 Askeby,762.800,18-11-2002,"
Alm. Salg",7.945,4,Sommerhus,96,1971,,Aktuel værdi
Slotshavevej 22,4792 Askeby,3.528.585,08-11-2002,"
Alm. Salg",13.166,10,Stuehus,268,1907,,
Røddingevej 70,4792 Askeby,580.000,08-11-2002,"
Alm. Salg",-,4,Villa,103,1944,,Aktuel værdi
Baldersvej 31,4792 Askeby,81.000,24-10-2002,"
Alm. Salg",843,4,Sommerhus,96,2003,,Aktuel værdi
Thorsvej 6,4792 Askeby,80.000,12-10-2002,"
Alm. Salg",-,5,Sommerhus,117,2007,,Aktuel værdi
Ægirsvej 2,4792 Askeby,150.000,10-10-2002,"
Andet",2.941,3,Sommerhus,51,1980,,Aktuel værdi
Stenøvej 3,4792 Askeby,998.750,05-10-2002,"
Fam. Salg",-,13,Stuehus,329,1800,,
Slotshavevej 18,4792 Askeby,4.049.500,04-10-2002,"
Fam. Salg",11.570,12,Stuehus,350,1883,,
Vollerupgade 19,4792 Askeby,680.000,06-09-2002,"
Alm. Salg",5.666,4,Villa,120,1915,,Aktuel værdi
Dammegade 48,4792 Askeby,625.000,28-08-2002,"
Alm. Salg",2.741,5,Villa,228,1870,,Aktuel værdi
Hårbøllevej 61,4792 Askeby,796.411,24-07-2002,"
Alm. Salg",-,5,Villa,141,1920,,Aktuel værdi
Lammehavevej 4,4792 Askeby,999.000,15-07-2002,"
Alm. Salg",9.250,5,Stuehus,108,1955,,
Ullemosevej 7,4792 Askeby,1.450.000,28-06-2002,"
Alm. Salg",5.390,8,Villa,269,1865,,Aktuel værdi
Hårbøllevej 96,4792 Askeby,395.000,29-05-2002,"
Fam. Salg",5.266,2,Sommerhus,75,1912,,Aktuel værdi
Fanefjordgade 7,4792 Askeby,925.000,28-05-2002,"
Alm. Salg",7.007,5,Villa,132,1875,,Aktuel værdi
Hårbøllevej 55,4792 Askeby,300.000,22-05-2002,"
Auktion",4.166,2,Villa,72,1943,,Aktuel værdi
Rolfsvej 16,4792 Askeby,347.988,18-04-2002,"
Alm. Salg",-,4,Sommerhus,96,1981,,Aktuel værdi
Nyhavevej 6,4792 Askeby,383.288,25-01-2002,"
Alm. Salg",2.948,4,Villa,130,1939,,Aktuel værdi
Fanefjordgade 132,4792 Askeby,245.362,07-01-2002,"
Alm. Salg",1.872,4,Villa,131,1850,,Aktuel værdi
Ellemosevej 5,4792 Askeby,970.000,17-12-2001,"
Alm. Salg",5.105,7,Villa,190,1870,,Aktuel værdi
Fanefjordgade 89,4792 Askeby,350.000,23-11-2001,"
Alm. Salg",2.631,5,Villa,133,1951,,Aktuel værdi
Grønsalen 1,4792 Askeby,2.580.000,15-11-2001,"
Alm. Salg",9.485,6,Stuehus,272,1861,,
Klekkendevej 11,4792 Askeby,6.610.000,30-10-2001,"
Alm. Salg",37.556,4,Stuehus,176,1981,,
Dammegade 16,4792 Askeby,534.670,22-09-2001,"
Alm. Salg",5.749,4,Villa,93,1907,,Aktuel værdi
Rolfsvej 10,4792 Askeby,189.550,10-09-2001,"
Fam. Salg",1.738,5,Sommerhus,109,2002,,Aktuel værdi
Odinsvej 7,4792 Askeby,310.000,21-08-2001,"
Alm. Salg",-,3,Sommerhus,87,1999,,Aktuel værdi
Fanefjordvænget 4,4792 Askeby,986.000,08-08-2001,"
Fam. Salg",-,6,Villa,180,1987,,Aktuel værdi
Lokesvej 4,4792 Askeby,173.300,13-07-2001,"
Alm. Salg",1.824,5,Sommerhus,95,1958,,Aktuel værdi
Fanefjordgade 31,4792 Askeby,564.306,10-07-2001,"
Alm. Salg",3.812,6,Villa,148,1910,,Aktuel værdi
Hårbøllevej 148,4792 Askeby,805.000,29-06-2001,"
Alm. Salg",4.025,6,Villa,200,1912,,Aktuel værdi
Vollerupgade 13,4792 Askeby,550.477,28-06-2001,"
Alm. Salg",6.185,4,Villa,89,1952,,Aktuel værdi
Vollerupgade 5,4792 Askeby,700.000,20-06-2001,"
Alm. Salg",5.737,7,Villa,122,1902,,Aktuel værdi
Åvænget 3,4792 Askeby,1.500.000,12-06-2001,"
Alm. Salg",6.382,7,Villa,235,1943,,Aktuel værdi
Hårbøllevej 5B,4792 Askeby,665.000,11-06-2001,"
Alm. Salg",5.037,4,Villa,132,1900,,Aktuel værdi
Skovhavevej 7,4792 Askeby,83.300,07-06-2001,"
Fam. Salg",1.436,3,Villa,58,1825,,Aktuel værdi
Kokseby Slotsvej 1,4792 Askeby,587.268,26-05-2001,"
Alm. Salg",5.872,4,Villa,100,1962,,Aktuel værdi
Mimersvej 1,4792 Askeby,125.000,20-04-2001,"
Alm. Salg",1.623,4,Sommerhus,77,2001,,Aktuel værdi
Vollerupgade 42,4792 Askeby,1.050.000,19-04-2001,"
Fam. Salg",4.133,3,Villa,254,1875,,Aktuel værdi
Tostenæsvej 5,4792 Askeby,2.000.000,18-04-2001,"
Alm. Salg",7.490,11,Stuehus,267,1906,,
Lusmosevej 32,4792 Askeby,76.708,18-04-2001,"
Alm. Salg",276,10,Stuehus,277,1875,,
Dammegade 3,4792 Askeby,600.352,15-03-2001,"
Alm. Salg",8.004,4,Villa,75,1930,,Aktuel værdi
Fanefjordgade 29,4792 Askeby,467.500,13-03-2001,"
Fam. Salg",3.541,4,Villa,132,1900,,Aktuel værdi
Lusmosevej 5,4792 Askeby,333.577,02-03-2001,"
Alm. Salg",1.450,6,Villa,230,1912,,Aktuel værdi
Hårbøllevej 140,4792 Askeby,174.999,27-02-2001,"
Alm. Salg",-,3,Sommerhus,59,1965,,Aktuel værdi
Fanefjord Kirkevej 7,4792 Askeby,400.000,23-02-2001,"
Alm. Salg",3.669,5,Villa,109,1860,,Aktuel værdi
Hårbølle Bro 39,4792 Askeby,388.000,22-01-2001,"
Alm. Salg",7.320,3,Fritid,53,1976,,Aktuel værdi
Fanefjord Kirkevej 37,4792 Askeby,650.000,13-12-2000,"
Alm. Salg",3.233,7,Villa,201,1876,,Aktuel værdi
Vollerupgade 36,4792 Askeby,544.550,13-12-2000,"
Alm. Salg",2.178,10,Stuehus,250,1825,,
Vollerupgade 38,4792 Askeby,74.905,13-12-2000,"
Alm. Salg",662,3,Villa,113,1875,,Aktuel værdi
Hårbøllevej 42,4792 Askeby,872.408,12-12-2000,"
Alm. Salg",5.131,6,Villa,170,1975,,Aktuel værdi
Fibigervej 3,4792 Askeby,1.180.000,07-12-2000,"
Alm. Salg",9.291,5,Stuehus,127,1898,,
Åvænget 1,4792 Askeby,934.566,09-11-2000,"
Alm. Salg",-,5,Villa,215,1890,,Aktuel værdi
Fanefjord Kirkevej 53,4792 Askeby,1.600.000,24-10-2000,"
Alm. Salg",3.595,12,Villa,445,1875,,Aktuel værdi
Præstebjergvej 8C,4792 Askeby,780.000,25-09-2000,"
Alm. Salg",6.964,4,Villa,112,1987,,Aktuel værdi
Hårbøllevej 98,4792 Askeby,835.000,19-09-2000,"
Alm. Salg",6.278,5,Villa,133,1929,,Aktuel værdi
Lettenvej 4,4792 Askeby,1.750.000,14-09-2000,"
Fam. Salg",8.620,7,Villa,203,1875,,Aktuel værdi
Tostenæs Kobbel 3,4792 Askeby,1.175.161,11-09-2000,"
Alm. Salg",10.308,3,Stuehus,114,1936,,
Vindebækvej 2,4792 Askeby,570.507,07-09-2000,"
Alm. Salg",7.131,2,Villa,80,1865,,Aktuel værdi
Vindebæk Kobbelvej 1,4792 Askeby,1.600.000,02-09-2000,"
Alm. Salg",5.228,8,Villa,306,1925,,Aktuel værdi
Præstebjergvej 12,4792 Askeby,1.000.000,25-08-2000,"
Alm. Salg",4.166,8,Villa,240,1865,,Aktuel værdi
Hårbøllevej 49,4792 Askeby,465.000,21-05-2000,"
Alm. Salg",5.670,2,Stuehus,82,1921,,
Vindebækvej 42,4792 Askeby,510.000,10-05-2000,"
Alm. Salg",4.636,4,Villa,110,1900,,Aktuel værdi
Fanefjordgade 55,4792 Askeby,405.000,10-04-2000,"
Alm. Salg",4.602,4,Villa,88,1910,,Aktuel værdi
Vindebækvej 14,4792 Askeby,694.957,20-03-2000,"
Alm. Salg",2.895,7,Villa,240,1875,,Aktuel værdi
Hermodsvej 3,4792 Askeby,578.000,23-02-2000,"
Alm. Salg",6.720,5,Sommerhus,86,1980,,Aktuel værdi
Færgensvænge 22,4792 Askeby,340.000,21-02-2000,"
Fam. Salg",3.908,3,Villa,87,1872,,Aktuel værdi
Lusmosevej 37,4792 Askeby,425.000,31-01-2000,"
Alm. Salg",3.346,5,Villa,127,1910,,Aktuel værdi
Frederikshavevej 5,4792 Askeby,323.000,05-01-2000,"
Fam. Salg",4.893,2,Villa,66,1939,,Aktuel værdi
Hårbøllevej 43,4792 Askeby,240.000,15-12-1999,"
Fam. Salg",1.568,3,Villa,153,1890,,Aktuel værdi
Tostenæs Møllevej 7,4792 Askeby,360.223,15-11-1999,"
Alm. Salg",3.463,4,Villa,104,1890,,Aktuel værdi
Lusmosevej 6,4792 Askeby,259.000,26-10-1999,"
Alm. Salg",4.245,3,Villa,61,1885,,Aktuel værdi
Dammehavevej 2,4792 Askeby,996.000,07-10-1999,"
Fam. Salg",12.450,4,Stuehus,80,1600,,
Hårbøllevej 76,4792 Askeby,208.800,04-10-1999,"
Alm. Salg",-,6,Villa,104,1880,,Aktuel værdi
Fanefjordgade 178,4792 Askeby,299.000,03-10-1999,"
Alm. Salg",3.359,4,Villa,89,1900,,Aktuel værdi
Hårbølle Bro 8,4792 Askeby,550.000,24-09-1999,"
Alm. Salg",-,3,Villa,155,1936,,Aktuel værdi
Hårbøllevej 58,4792 Askeby,366.376,08-09-1999,"
Alm. Salg",4.026,3,Villa,91,1912,,Aktuel værdi
Ympehavevej 4,4792 Askeby,2.455.220,19-08-1999,"
Alm. Salg",11.526,3,Stuehus,213,1906,,
Præstebjergvej 10,4792 Askeby,139.000,08-08-1999,"
Alm. Salg",429,8,Villa,324,1875,,Aktuel værdi
Klemmen 3,4792 Askeby,620.080,06-08-1999,"
Alm. Salg",6.079,6,Villa,102,1948,,Aktuel værdi
Tostenæsvej 1,4792 Askeby,312.201,16-07-1999,"
Andet",2.714,5,Stuehus,115,1899,,
Mimersvej 3,4792 Askeby,90.000,13-07-1999,"
Alm. Salg",-,2,Sommerhus,77,2004,,Aktuel værdi
Røddingevej 49,4792 Askeby,705.839,08-07-1999,"
Alm. Salg",5.152,6,Stuehus,137,1898,,
Fanefjordgade 51,4792 Askeby,457.000,25-06-1999,"
Alm. Salg",4.524,6,Villa,101,1905,,Aktuel værdi
Dammehavevej 7,4792 Askeby,977.500,14-06-1999,"
Fam. Salg",8.145,5,Stuehus,120,1976,,
Vollerupgade 59,4792 Askeby,925.000,07-06-1999,"
Alm. Salg",6.166,3,Villa,150,1850,,Aktuel værdi
Afrikavej 6,4792 Askeby,248.293,27-05-1999,"
Alm. Salg",2.887,3,Villa,86,1875,,Aktuel værdi
Fanefjordgade 45,4792 Askeby,699.907,15-05-1999,"
Alm. Salg",4.401,6,Villa,159,1860,,Aktuel værdi
Skovhavevej 4,4792 Askeby,400.000,15-05-1999,"
Fam. Salg",3.200,4,Villa,125,1875,,Aktuel værdi
Hejmdalsvej 8,4792 Askeby,635.000,12-05-1999,"
Alm. Salg",4.123,4,Sommerhus,154,2000,,Aktuel værdi
Vindebækvej 6,4792 Askeby,156.400,11-05-1999,"
Alm. Salg",2.334,3,Villa,67,1908,,Aktuel værdi
Fanefjord Kirkevej 3,4792 Askeby,492.000,10-05-1999,"
Alm. Salg",2.050,6,Villa,240,1725,,Aktuel værdi
Tostenæs Møllevej 3,4792 Askeby,226.064,21-04-1999,"
Alm. Salg",-,4,Villa,142,1904,,Aktuel værdi
Fanefjordgade 198,4792 Askeby,773.685,20-04-1999,"
Alm. Salg",4.896,3,Villa,158,1925,,Aktuel værdi
Dammegade 11,4792 Askeby,255.000,07-04-1999,"
Alm. Salg",4.250,2,Villa,60,1928,,Aktuel værdi
Færgensvænge 6,4792 Askeby,65.000,14-03-1999,"
Alm. Salg",1.140,3,Sommerhus,57,2002,,Aktuel værdi
Stenøvej 6,4792 Askeby,1.107.000,02-02-1999,"
Alm. Salg",8.080,6,Villa,137,1800,,Aktuel værdi
Fanefjord Skovvej 3,4792 Askeby,4.501.558,11-12-1998,"
Fam. Salg",27.282,7,Stuehus,165,1875,,
Hjørnet 5,4792 Askeby,280.000,13-11-1998,"
Alm. Salg",3.544,2,Villa,79,1800,,Aktuel værdi
Fanefjordgade 59,4792 Askeby,471.256,25-09-1998,"
Alm. Salg",5.013,4,Villa,94,1896,,Aktuel værdi
Præstebjergvej 17,4792 Askeby,599.200,20-08-1998,"
Alm. Salg",-,9,Villa,223,1836,,Aktuel værdi
Lusmosevej 15,4792 Askeby,499.875,23-07-1998,"
Alm. Salg",2.524,9,Villa,198,1832,,Aktuel værdi
Abildvej 1,4792 Askeby,658.054,17-07-1998,"
Alm. Salg",-,4,Villa,153,1867,,Aktuel værdi
Bjarkesvej 5,4792 Askeby,300.000,10-07-1998,"
Alm. Salg",4.411,3,Sommerhus,68,1968,,Aktuel værdi
Røddingevej 53,4792 Askeby,1.063.000,01-07-1998,"
Alm. Salg",3.260,5,Stuehus,326,1912,,
Dammehavevej 3,4792 Askeby,92.000,09-06-1998,"
Alm. Salg",736,5,Stuehus,125,1915,,
Hårbøllevej 155,4792 Askeby,739.188,11-05-1998,"
Alm. Salg",3.829,5,Villa,193,1911,,Aktuel værdi
Vindebækvej 55,4792 Askeby,141.238,23-04-1998,"
Alm. Salg",-,7,Villa,252,1900,,Aktuel værdi
Vollerupgade 21,4792 Askeby,326.000,22-04-1998,"
Alm. Salg",4.591,3,Villa,71,1898,,Aktuel værdi
Ydunsvej 5,4792 Askeby,105.000,20-04-1998,"
Alm. Salg",2.100,3,Sommerhus,50,1967,,Aktuel værdi
Hårbøllevej 90,4792 Askeby,476.360,23-03-1998,"
Alm. Salg",5.122,4,Villa,93,1910,,Aktuel værdi
Færgensvænge 21,4792 Askeby,314.000,16-03-1998,"
Alm. Salg",6.280,3,Sommerhus,50,1973,,Aktuel værdi
Fanefjordgade 111,4792 Askeby,345.000,11-03-1998,"
Alm. Salg",3.833,4,Villa,90,1885,,Aktuel værdi
Hårbøllevej 118,4792 Askeby,469.913,30-01-1998,"
Alm. Salg",3.112,6,Villa,151,1900,,Aktuel værdi
Dammegade 25,4792 Askeby,918.128,12-01-1998,"
Alm. Salg",-,10,Villa,432,1870,,Aktuel værdi
Fanefjordgade 16,4792 Askeby,1.046.000,29-12-1997,"
Alm. Salg",5.876,5,Stuehus,178,1850,,
Lisebyvej 20,4792 Askeby,434.640,27-12-1997,"
Alm. Salg",4.527,4,Villa,96,1935,,Aktuel værdi
Hårbøllevej 14,4792 Askeby,704.960,11-12-1997,"
Alm. Salg",-,6,Stuehus,269,1930,,
Slotshavevej 20,4792 Askeby,1.175.000,10-12-1997,"
Alm. Salg",10.681,4,Villa,110,1825,,Aktuel værdi
Fanefjordgade 97,4792 Askeby,665.000,20-11-1997,"
Alm. Salg",2.481,5,Villa,268,1775,,Aktuel værdi
Hårbøllevej 87,4792 Askeby,513.300,13-11-1997,"
Alm. Salg",7.439,3,Villa,69,1998,,Aktuel værdi
Grønjægersvej 3,4792 Askeby,786.900,28-10-1997,"
Alm. Salg",4.471,5,Villa,176,1869,,Aktuel værdi
Hårbøllevej 69,4792 Askeby,150.000,04-10-1997,"
Alm. Salg",-,6,Villa,206,1900,,Aktuel værdi
Askebjergvej 3,4792 Askeby,60.000,17-09-1997,"
Alm. Salg",1.224,1,Villa,49,1999,,Aktuel værdi
Fanefjordgade 36,4792 Askeby,307.887,22-08-1997,"
Alm. Salg",2.724,4,Villa,113,1948,,Aktuel værdi
Fanefjordgade 129,4792 Askeby,350.000,04-08-1997,"
Alm. Salg",2.916,6,Villa,120,1938,,Aktuel værdi
Hårbøllevej 116,4792 Askeby,689.933,29-07-1997,"
Alm. Salg",4.599,6,Villa,150,1875,,Aktuel værdi
Fanefjord Kirkevej 4,4792 Askeby,487.000,11-07-1997,"
Alm. Salg",4.728,4,Villa,103,1945,,Aktuel værdi
Fanefjord Kirkevej 45,4792 Askeby,1.308.335,07-07-1997,"
Alm. Salg",4.900,6,Villa,267,1875,,Aktuel værdi
Fanefjordgade 1,4792 Askeby,1.097.500,07-07-1997,"
Fam. Salg",3.962,8,Stuehus,277,1825,,
Klemmen 17,4792 Askeby,320.744,25-06-1997,"
Alm. Salg",2.411,5,Rækkehus,133,1800,,
Tostenæs Møllevej 16,4792 Askeby,60.000,11-06-1997,"
Alm. Salg",666,2,Villa,90,1880,,Aktuel værdi
Hårbølle Bro 2,4792 Askeby,294.000,04-06-1997,"
Alm. Salg",6.000,3,Villa,49,1940,,Aktuel værdi
Fanefjordgade 179,4792 Askeby,1.171.520,01-05-1997,"
Alm. Salg",5.857,6,Stuehus,200,1875,,
Hjørnet 8A,4792 Askeby,218.237,15-04-1997,"
Andet",1.803,5,Villa,121,1980,,Aktuel værdi
Hårbøllevej 106,4792 Askeby,96.600,11-04-1997,"
Fam. Salg",1.271,3,Villa,76,1944,,Aktuel værdi
Fanefjordgade 108,4792 Askeby,413.000,11-04-1997,"
Alm. Salg",3.754,3,Villa,110,1944,,Aktuel værdi
Dammegade 34,4792 Askeby,540.880,18-02-1997,"
Alm. Salg",5.576,4,Stuehus,97,1894,,
Lusmosevej 38,4792 Askeby,240.000,20-01-1997,"
Fam. Salg",3.200,4,Villa,75,1800,,Aktuel værdi
Vollerupgade 24,4792 Askeby,663.000,06-01-1997,"
Alm. Salg",4.636,5,Villa,143,1974,,Aktuel værdi
Præstelundsvej 3,4792 Askeby,300.000,27-11-1996,"
Alm. Salg",2.521,3,Villa,119,1850,,Aktuel værdi
Stenøvej 4A,4792 Askeby,90.000,10-11-1996,"
Alm. Salg",743,6,Villa,121,1875,,Aktuel værdi
Grønsundvej 308,4792 Askeby,880.784,31-10-1996,"
Fam. Salg",5.871,5,Stuehus,150,1825,,
Ullemosevej 6,4792 Askeby,338.000,23-10-1996,"
Alm. Salg",2.253,7,Villa,150,1920,,Aktuel værdi
Fanefjordgade 70,4792 Askeby,300.000,07-09-1996,"
Alm. Salg",3.061,3,Villa,98,1864,,Aktuel værdi
Fanefjord Kirkevej 50,4792 Askeby,370.000,09-08-1996,"
Alm. Salg",3.162,4,Villa,117,1937,,Aktuel værdi
Fanefjordgade 11,4792 Askeby,262.000,07-08-1996,"
Alm. Salg",3.589,4,Villa,73,1935,,Aktuel værdi
Afrikavej 4,4792 Askeby,415.000,08-07-1996,"
Alm. Salg",5.763,3,Stuehus,72,1850,,
Gormsvej 2,4792 Askeby,75.000,03-07-1996,"
Alm. Salg",3.750,1,Sommerhus,20,2004,,Aktuel værdi
Klekkendevej 2,4792 Askeby,417.500,18-06-1996,"
Alm. Salg",4.638,4,Villa,90,1923,,Aktuel værdi
Brøndegårdsvej 8,4792 Askeby,1.200.000,10-06-1996,"
Alm. Salg",5.333,7,Stuehus,225,1866,,
Lettenvej 18,4792 Askeby,950.000,24-05-1996,"
Alm. Salg",3.220,7,Villa,295,1900,,Aktuel værdi
Odinsvej 9,4792 Askeby,395.000,16-05-1996,"
Alm. Salg",-,3,Sommerhus,91,1990,,Aktuel værdi
Slotshavevej 4,4792 Askeby,640.000,18-04-1996,"
Alm. Salg",2.689,4,Stuehus,238,1895,,
Stenagervej 4,4792 Askeby,50.462,27-03-1996,"
Alm. Salg",269,7,Villa,187,1944,,Aktuel værdi
Grønjægersvej 5,4792 Askeby,525.741,11-03-1996,"
Alm. Salg",4.455,4,Villa,118,1897,,Aktuel værdi
Fanefjordgade 86,4792 Askeby,440.800,28-02-1996,"
Alm. Salg",-,7,Villa,192,1939,,Aktuel værdi
Fanefjordgade 137,4792 Askeby,170.000,28-02-1996,"
Andet",1.517,4,Villa,112,1930,,Aktuel værdi
Vollerupgade 9,4792 Askeby,212.400,26-11-1995,"
Alm. Salg",2.413,3,Villa,88,1943,,Aktuel værdi
Hårbøllevej 102,4792 Askeby,636.500,24-10-1995,"
Alm. Salg",4.243,5,Villa,150,1925,,Aktuel værdi
Fanefjord Skovvej 5,4792 Askeby,260.000,28-09-1995,"
Fam. Salg",2.765,5,Villa,94,1875,,Aktuel værdi
Fanefjordgade 88,4792 Askeby,485.000,11-09-1995,"
Alm. Salg",3.730,3,Villa,130,1925,,Aktuel værdi
Dammegade 46,4792 Askeby,212.500,09-09-1995,"
Fam. Salg",1.574,5,Villa,135,1892,,Aktuel værdi
Lokesvej 6,4792 Askeby,187.000,08-09-1995,"
Fam. Salg",2.710,2,Sommerhus,69,1971,,Aktuel værdi
Hjørnet 11,4792 Askeby,285.000,29-08-1995,"
Alm. Salg",3.352,4,Villa,85,1965,,Aktuel værdi
Hårbøllevej 128,4792 Askeby,370.000,11-06-1995,"
Alm. Salg",4.111,3,Villa,90,1940,,Aktuel værdi
Dammegade 30,4792 Askeby,792.000,18-05-1995,"
Alm. Salg",3.567,6,Villa,222,1800,,Aktuel værdi
Fanefjord Kirkevej 36,4792 Askeby,245.000,08-05-1995,"
Alm. Salg",3.101,4,Villa,79,1775,,Aktuel værdi
Dammegade 1,4792 Askeby,194.416,08-03-1995,"
Alm. Salg",1.542,3,Villa,126,1960,,Aktuel værdi
Vollerupgade 16,4792 Askeby,260.000,01-03-1995,"
Alm. Salg",3.291,3,Villa,79,1902,,Aktuel værdi
Hermodsvej 5,4792 Askeby,285.000,28-02-1995,"
Alm. Salg",4.750,3,Sommerhus,60,1974,,Aktuel værdi
Fanefjordgade 180,4792 Askeby,550.000,28-02-1995,"
Alm. Salg",4.824,5,Villa,114,1980,,Aktuel værdi
Hårbøllevej 68,4792 Askeby,365.000,16-01-1995,"
Alm. Salg",3.119,5,Villa,117,1908,,Aktuel værdi
Spånbjergvej 11,4792 Askeby,175.000,15-12-1994,"
Alm. Salg",-,6,Villa,245,1918,,Aktuel værdi
Fanefjordgade 117,4792 Askeby,150.000,12-12-1994,"
Alm. Salg",1.704,4,Villa,88,1897,,Aktuel værdi
Færgensvænge 25,4792 Askeby,41.700,02-12-1994,"
Alm. Salg",339,6,Sommerhus,123,2002,,Aktuel værdi
Peberhavevej 2,4792 Askeby,301.750,29-11-1994,"
Fam. Salg",1.436,7,Stuehus,210,1850,,
Skovhavevej 1,4792 Askeby,343.220,19-11-1994,"
Alm. Salg",-,4,Villa,124,1825,,Aktuel værdi
Fanefjordgade 165,4792 Askeby,179.018,20-10-1994,"
Alm. Salg",-,3,Villa,156,1967,,Aktuel værdi
Præstebjergvej 8B,4792 Askeby,700.000,15-10-1994,"
Alm. Salg",3.571,6,Villa,196,1988,,Aktuel værdi
Hermodsvej 7,4792 Askeby,332.400,05-10-1994,"
Alm. Salg",3.957,4,Sommerhus,84,1973,,Aktuel værdi
Thorsvej 4,4792 Askeby,330.000,01-10-1994,"
Alm. Salg",8.250,3,Sommerhus,40,1975,,Aktuel værdi
Frejasvej 2,4792 Askeby,115.000,01-09-1994,"
Alm. Salg",1.474,4,Sommerhus,78,1969,,Aktuel værdi
Grønjægersvej 2,4792 Askeby,196.141,19-08-1994,"
Alm. Salg",592,12,Villa,331,1900,,Aktuel værdi
Tostenæs Møllevej 10,4792 Askeby,209.735,08-08-1994,"
Alm. Salg",3.226,4,Rækkehus,65,1910,,Aktuel værdi
Julbjergvej 5,4792 Askeby,238.000,07-08-1994,"
Fam. Salg",2.644,4,Villa,90,1850,,Aktuel værdi
Frederikshavevej 6,4792 Askeby,409.806,01-07-1994,"
Alm. Salg",2.453,6,Stuehus,167,1860,,
Ympehavevej 2,4792 Askeby,1.100.000,16-05-1994,"
Alm. Salg",5.729,6,Villa,192,1939,,Aktuel værdi
Spånbjergvej 3,4792 Askeby,645.000,10-05-1994,"
Alm. Salg",-,6,Stuehus,168,1914,,
Peberhavevej 4,4792 Askeby,425.000,22-04-1994,"
Alm. Salg",2.456,7,Villa,173,1900,,Aktuel værdi
Tostenæs Møllevej 12,4792 Askeby,275.000,30-03-1994,"
Alm. Salg",3.235,3,Villa,85,1947,,Aktuel værdi
Bakkehøjvej 6,4792 Askeby,188.749,11-03-1994,"
Alm. Salg",1.966,4,Villa,96,1910,,Aktuel værdi
Færgensvænge 14,4792 Askeby,285.000,28-02-1994,"
Alm. Salg",-,5,Sommerhus,112,1974,,Aktuel værdi
Bjarkesvej 3,4792 Askeby,120.000,15-02-1994,"
Alm. Salg",1.237,4,Sommerhus,97,2007,,Aktuel værdi
Vindebæk Kobbelvej 10,4792 Askeby,1.500.000,30-10-1993,"
Alm. Salg",8.571,6,Villa,175,1890,,Aktuel værdi
Fanefjordgade 79,4792 Askeby,395.000,18-10-1993,"
Alm. Salg",2.135,6,Villa,185,1945,,Aktuel værdi
Fanefjord Kirkevej 30,4792 Askeby,300.000,04-10-1993,"
Alm. Salg",-,6,Villa,164,1918,,Aktuel værdi
Hårbøllevej 142C,4792 Askeby,300.000,14-09-1993,"
Alm. Salg",1.807,6,Villa,166,1900,,Aktuel værdi
Hårbøllevej 5A,4792 Askeby,301.507,16-07-1993,"
Fam. Salg",1.046,6,Villa,288,1800,,Aktuel værdi
Hårbøllevej 24,4792 Askeby,30.000,19-05-1993,"
Alm. Salg",133,8,Stuehus,224,1909,,
Frejasvej 3,4792 Askeby,265.000,10-04-1993,"
Alm. Salg",-,4,Sommerhus,73,1974,,Aktuel værdi
Fibigervej 4,4792 Askeby,396.278,11-01-1993,"
Alm. Salg",2.979,3,Villa,133,1842,,Aktuel værdi
Marie Grubbes Vej 14,4792 Askeby,187.000,12-09-1992,"
Fam. Salg",-,5,Villa,167,1925,,Aktuel værdi
Tostenæsvej 3,4792 Askeby,775.000,20-07-1992,"
Alm. Salg",3.954,7,Stuehus,196,1854,,
Mimersvej 9,4792 Askeby,335.000,10-06-1992,"
Alm. Salg",2.576,5,Villa,130,1907,,Aktuel værdi
Ullemosevej 2,4792 Askeby,130.000,09-06-1992,"
Alm. Salg",1.477,4,Villa,88,1870,,Aktuel værdi
Fanefjordgade 19,4792 Askeby,150.000,29-05-1992,"
Alm. Salg",789,4,Villa,190,2007,,Aktuel værdi
Spånbjergvej 13,4792 Askeby,425.000,20-05-1992,"
Alm. Salg",4.047,4,Villa,105,1875,,Aktuel værdi
Lettenvej 16,4792 Askeby,390.000,16-05-1992,"
Fam. Salg",4.239,4,Stuehus,92,1925,,
Fanefjordgade 124,4792 Askeby,295.000,01-04-1992,"
Alm. Salg",2.565,5,Villa,115,1912,,Aktuel værdi
Fanefjordgade 40,4792 Askeby,695.000,15-03-1992,"
Alm. Salg",2.944,5,Villa,236,1670,,Aktuel værdi
Fanefjordgade 139,4792 Askeby,389.440,24-01-1992,"
Alm. Salg",3.245,5,Villa,120,1935,,Aktuel værdi
