address,zip_code,price,sell_date,sell_type,price_per_sq_m,no_rooms,housing_type,size_in_sq_m,year_of_construction,price_change_in_pct
Majbøllevej 2,4862 Guldborg,170.000,09-05-2017,"
Alm. Salg",909,8,Villa,187,1880,-31 %,Aktuel værdi
Guldborgvej 143,4862 Guldborg,300.000,06-03-2017,"
Alm. Salg",3.000,4,Villa,100,1900,,Aktuel værdi
Statshusvej 8,4862 Guldborg,325.000,22-02-2017,"
Alm. Salg",3.532,4,Villa,92,1932,-6 %,Aktuel værdi
Egevej 1,4862 Guldborg,134.500,18-01-2017,"
Auktion",1.034,4,Villa,130,1951,,Aktuel værdi
Sundby Skovvej 19,4862 Guldborg,175.000,14-12-2016,"
Alm. Salg",1.215,5,Villa,144,1900,-56 %,Aktuel værdi
Havmosevej 7,4862 Guldborg,300.000,21-11-2016,"
Alm. Salg",3.296,4,Villa,91,1947,-33 %,Aktuel værdi
Vigsnæsvej 54,4862 Guldborg,375.000,24-10-2016,"
Alm. Salg",3.750,5,Villa,100,1953,-24 %,Aktuel værdi
Bagvej 13,4862 Guldborg,300.000,17-10-2016,"
Alm. Salg",1.973,3,Villa,152,1906,,Aktuel værdi
Guldstubvej 12,4862 Guldborg,470.000,14-10-2016,"
Alm. Salg",3.949,4,Villa,119,1920,-5 %,Aktuel værdi
Bystævnet 6,4862 Guldborg,360.000,12-10-2016,"
Alm. Salg",3.272,4,Villa,110,1967,-10 %,Aktuel værdi
Vestermark 19,4862 Guldborg,824.500,05-10-2016,"
Fam. Salg",3.031,6,Villa,272,1880,,Aktuel værdi
Nyvej 18,4862 Guldborg,895.000,20-09-2016,"
Alm. Salg",9.040,3,Villa,99,1962,0 %,Aktuel værdi
Vigsnæs Byvej 15,4862 Guldborg,35.000,01-09-2016,"
Andet",273,8,Engroshandel,128,1892,,Aktuel værdi
Kaløvej 83,4862 Guldborg,250.000,31-08-2016,"
Alm. Salg",1.689,5,Villa,148,1945,-33 %,Aktuel værdi
Sundbyvej 30,4862 Guldborg,1.500.000,24-08-2016,"
Alm. Salg",4.213,8,Villa,356,1869,-20 %,Aktuel værdi
Skovvænget 21,4862 Guldborg,1.150.000,18-08-2016,"
Alm. Salg",7.615,6,Villa,151,1979,,Aktuel værdi
Vigsnæsvej 10,4862 Guldborg,295.000,17-08-2016,"
Alm. Salg",2.062,4,Villa,143,1904,0 %,Aktuel værdi
Guldborgvej 187,4862 Guldborg,295.000,11-08-2016,"
Alm. Salg",1.586,4,Villa,186,1908,0 %,Aktuel værdi
Vigsnæs Byvej 26,4862 Guldborg,1.195.000,01-08-2016,"
Alm. Salg",6.947,6,Villa,172,1830,0 %,Aktuel værdi
Storstrømsvej 16,4862 Guldborg,300.000,14-07-2016,"
Alm. Salg",2.142,5,Villa,140,1922,,Aktuel værdi
Skovvænget 25,4862 Guldborg,825.000,14-06-2016,"
Alm. Salg",6.445,3,Villa,128,1976,-3 %,Aktuel værdi
Strandkrogen 3,4862 Guldborg,1.950.000,12-06-2016,"
Alm. Salg",14.338,4,Villa,136,2009,-2 %,Aktuel værdi
Sønderskovvej 6,4862 Guldborg,225.000,01-04-2016,"
Fam. Salg",1.000,5,Stuehus,225,1948,,
Sønderskovvej 4,4862 Guldborg,750.000,29-03-2016,"
Alm. Salg",5.136,3,Villa,146,1895,-6 %,Aktuel værdi
Vigsnæsvej 59,4862 Guldborg,20.000,21-03-2016,"
Alm. Salg",173,4,Villa,115,1935,,Aktuel værdi
Storstrømsvej 18,4862 Guldborg,395.000,11-02-2016,"
Alm. Salg",3.160,4,Villa,125,1946,0 %,Aktuel værdi
Færgegården 19,4862 Guldborg,700.000,09-02-2016,"
Alm. Salg",7.446,3,Rækkehus,94,2002,-12 %,Aktuel værdi
Majbøllevej 31,4862 Guldborg,882.480,26-01-2016,"
Alm. Salg",4.694,6,Stuehus,188,1967,,
Bøgevej 16,4862 Guldborg,285.000,17-12-2015,"
Alm. Salg",3.238,3,Villa,88,1938,-10 %,Aktuel værdi
Bøgevej 12,4862 Guldborg,230.000,18-11-2015,"
Alm. Salg",2.110,4,Villa,109,1943,-22 %,Aktuel værdi
"Guldborgvej 304, ST",4862 Guldborg,200.000,09-11-2015,"
Alm. Salg",1.052,9,Lejlighed,190,1900,-18 %,Aktuel værdi
Vestermark 18,4862 Guldborg,495.000,05-11-2015,"
Andet",3.721,4,Villa,133,1825,,Aktuel værdi
Spurvestræde 31,4862 Guldborg,460.000,28-10-2015,"
Alm. Salg",5.000,3,Villa,92,1900,-7 %,Aktuel værdi
Skovvænget 29,4862 Guldborg,331.500,22-10-2015,"
Andet",5.100,2,Villa,65,1947,,Aktuel værdi
Storstrømsvej 37,4862 Guldborg,480.000,29-09-2015,"
Alm. Salg",4.000,5,Villa,120,1945,-23 %,Aktuel værdi
Grubbevej 26,4862 Guldborg,130.000,02-09-2015,"
Alm. Salg",1.130,3,Villa,115,1860,,Aktuel værdi
Storstrømsvej 39,4862 Guldborg,675.000,11-08-2015,"
Alm. Salg",3.629,6,Villa,186,1954,-25 %,Aktuel værdi
Bagvej 8,4862 Guldborg,795.000,22-07-2015,"
Alm. Salg",5.520,4,Villa,144,1920,0 %,Aktuel værdi
Smalbyvej 3,4862 Guldborg,537.246,09-07-2015,"
Andet",2.131,6,Villa,252,1900,,Aktuel værdi
Guldborgvej 170,4862 Guldborg,995.000,23-06-2015,"
Alm. Salg",3.685,8,Villa,270,1955,,Aktuel værdi
Sundvej 2,4862 Guldborg,155.000,08-06-2015,"
Alm. Salg",1.068,2,Villa,145,1880,-22 %,Aktuel værdi
Guldborgvej 141,4862 Guldborg,2.300.000,07-05-2015,"
Alm. Salg",5.721,11,Villa,402,1970,,Aktuel værdi
Bagvej 24,4862 Guldborg,225.000,29-04-2015,"
Alm. Salg",2.250,6,Villa,100,1909,-8 %,Aktuel værdi
Sundbyvej 41,4862 Guldborg,395.000,23-03-2015,"
Alm. Salg",2.194,8,Villa,180,1869,0 %,Aktuel værdi
Vestermark 4,4862 Guldborg,500.000,06-03-2015,"
Alm. Salg",2.659,8,Villa,188,1880,-28 %,Aktuel værdi
Færgegården 10,4862 Guldborg,750.000,27-01-2015,"
Alm. Salg",7.978,3,Rækkehus,94,2001,-21 %,Aktuel værdi
Skovvænget 11,4862 Guldborg,575.000,20-01-2015,"
Alm. Salg",3.733,5,Villa,154,1980,-16 %,Aktuel værdi
Egevej 6,4862 Guldborg,150.000,13-01-2015,"
Alm. Salg",1.851,2,Villa,81,1961,-49 %,Aktuel værdi
Skovvænget 16,4862 Guldborg,355.000,12-12-2014,"
Alm. Salg",3.227,4,Villa,110,1977,-28 %,Aktuel værdi
Storstrømsvej 14,4862 Guldborg,300.000,28-11-2014,"
Alm. Salg",2.158,4,Villa,139,1900,-14 %,Aktuel værdi
Skovvænget 30,4862 Guldborg,500.000,03-11-2014,"
Alm. Salg",4.132,4,Villa,121,1977,0 %,Aktuel værdi
Spurvestræde 10,4862 Guldborg,500.000,05-10-2014,"
Alm. Salg",5.617,3,Villa,89,1928,,Aktuel værdi
Vigsnæsvej 58,4862 Guldborg,625.000,29-09-2014,"
Alm. Salg",2.441,5,Villa,256,1985,-43 %,Aktuel værdi
Storstrømsvej 50,4862 Guldborg,495.000,02-09-2014,"
Alm. Salg",3.750,4,Villa,132,1930,0 %,Aktuel værdi
Bagvej 22,4862 Guldborg,95.000,20-08-2014,"
Auktion",1.067,4,Villa,89,1944,,Aktuel værdi
Sundby Skovvej 9,4862 Guldborg,85.000,19-08-2014,"
Alm. Salg",850,3,Villa,100,1961,-65 %,Aktuel værdi
Guldborgvej 208,4862 Guldborg,191.497,23-06-2014,"
Alm. Salg",1.212,6,Villa,158,1880,,Aktuel værdi
Strandvej 12,4862 Guldborg,2.150.000,20-06-2014,"
Alm. Salg",11.944,6,Villa,180,1900,-14 %,Aktuel værdi
Majbøllevej 42,4862 Guldborg,395.000,17-06-2014,"
Alm. Salg",3.376,4,Villa,117,1937,0 %,Aktuel værdi
Guldborgvej 284B,4862 Guldborg,175.000,15-05-2014,"
Alm. Salg",1.223,4,Villa,143,1999,,Aktuel værdi
Majbølle Byvej 64,4862 Guldborg,250.000,26-02-2014,"
Alm. Salg",2.450,3,Villa,102,1965,-25 %,Aktuel værdi
Vigsnæsvej 7,4862 Guldborg,295.800,23-02-2014,"
Alm. Salg",2.987,4,Villa,99,1939,,Aktuel værdi
Sundbyvej 19,4862 Guldborg,150.000,20-02-2014,"
Alm. Salg",1.485,4,Villa,101,1937,-19 %,Aktuel værdi
Færgegården 15,4862 Guldborg,625.000,01-02-2014,"
Alm. Salg",6.648,3,Rækkehus,94,2002,,Aktuel værdi
Guldborgvej 191,4862 Guldborg,240.000,27-01-2014,"
Alm. Salg",3.287,4,Villa,73,1928,-30 %,Aktuel værdi
Engvej 5,4862 Guldborg,550.000,20-12-2013,"
Alm. Salg",6.626,3,Villa,83,1935,,Aktuel værdi
Guldborgvej 193,4862 Guldborg,475.000,18-12-2013,"
Alm. Salg",2.375,4,Villa,200,1790,-20 %,Aktuel værdi
Nordskovvej 3,4862 Guldborg,625.000,11-12-2013,"
Alm. Salg",3.551,5,Villa,176,1777,-30 %,Aktuel værdi
Bystævnet 17,4862 Guldborg,375.000,04-11-2013,"
Alm. Salg",3.232,3,Villa,116,1967,-16 %,Aktuel værdi
Majbøllevej 32,4862 Guldborg,1.200.000,19-09-2013,"
Alm. Salg",11.320,4,Stuehus,106,1880,-14 %,
Færgegården 13,4862 Guldborg,675.000,18-09-2013,"
Alm. Salg",7.180,3,Rækkehus,94,2002,,Aktuel værdi
Guldborgvej 101,4862 Guldborg,130.000,28-08-2013,"
Alm. Salg",1.056,5,Villa,123,1880,-33 %,Aktuel værdi
Majbøllevej 7,4862 Guldborg,135.000,22-08-2013,"
Alm. Salg",1.406,4,Villa,96,1930,-23 %,Aktuel værdi
Nyvej 16,4862 Guldborg,425.000,15-08-2013,"
Alm. Salg",3.125,4,Villa,136,1934,-15 %,Aktuel værdi
Majbølle Byvej 50,4862 Guldborg,41.633,14-08-2013,"
Auktion",416,3,Villa,100,1880,-86 %,Aktuel værdi
Bystævnet 2,4862 Guldborg,490.000,31-07-2013,"
Alm. Salg",4.049,5,Villa,121,1972,-11 %,Aktuel værdi
Vestermark 13,4862 Guldborg,500.000,24-07-2013,"
Auktion",2.659,5,Villa,188,1880,,Aktuel værdi
Vigsnæsvej 3,4862 Guldborg,1.600.000,27-06-2013,"
Andet",6.349,5,Villa,252,2006,-20 %,Aktuel værdi
Sundbyvej 3,4862 Guldborg,300.000,26-06-2013,"
Alm. Salg",2.857,3,Villa,105,1900,-37 %,Aktuel værdi
Nyvej 20,4862 Guldborg,1.515.000,17-06-2013,"
Alm. Salg",9.837,7,Villa,154,1934,-11 %,Aktuel værdi
Havmosevej 1,4862 Guldborg,245.000,16-06-2013,"
Alm. Salg",2.474,4,Villa,99,1870,0 %,Aktuel værdi
Majbøllevej 40,4862 Guldborg,300.000,30-05-2013,"
Alm. Salg",3.000,4,Stuehus,100,1880,,
Guldborgvej 147,4862 Guldborg,1.000.000,25-05-2013,"
Alm. Salg",11.363,4,Villa,88,1945,,Aktuel værdi
Statshusvej 10,4862 Guldborg,500.000,20-03-2013,"
Alm. Salg",3.571,5,Villa,140,1932,-17 %,Aktuel værdi
Guldborgvej 314,4862 Guldborg,594.000,15-03-2013,"
Alm. Salg",5.351,3,Villa,111,1968,-1 %,Aktuel værdi
Sundbyvej 21,4862 Guldborg,80.000,06-03-2013,"
Auktion",860,6,Villa,93,1926,-59 %,Aktuel værdi
Vigsnæsvej 62,4862 Guldborg,150.000,06-03-2013,"
Auktion",937,5,Villa,160,1870,,Aktuel værdi
Skansevej 5,4862 Guldborg,1.615.000,20-02-2013,"
Alm. Salg",9.787,6,Villa,165,1957,-3 %,Aktuel værdi
Færgegården 23,4862 Guldborg,650.000,19-02-2013,"
Alm. Salg",6.914,3,Rækkehus,94,2002,,Aktuel værdi
Vigsnæsvej 8,4862 Guldborg,279.000,08-02-2013,"
Alm. Salg",2.762,4,Villa,101,1920,-26 %,Aktuel værdi
Guldborgvej 274,4862 Guldborg,795.000,24-01-2013,"
Alm. Salg",8.641,3,Villa,92,1938,0 %,Aktuel værdi
Egevej 2,4862 Guldborg,495.000,29-11-2012,"
Alm. Salg",4.759,3,Villa,104,1947,-17 %,Aktuel værdi
Strandhaven 7,4862 Guldborg,2.750.000,26-11-2012,"
Alm. Salg",19.097,3,Villa,144,2001,-14 %,Aktuel værdi
Guldborgvej 214,4862 Guldborg,363.820,23-11-2012,"
Andet",5.350,2,Rækkehus,68,1880,,Aktuel værdi
Storstrømsvej 36,4862 Guldborg,210.000,20-08-2012,"
Alm. Salg",2.000,4,Villa,105,1937,-53 %,Aktuel værdi
Sønderskovvej 3,4862 Guldborg,750.000,03-07-2012,"
Alm. Salg",7.812,4,Stuehus,96,1877,,
Bøgevej 1,4862 Guldborg,990.000,21-06-2012,"
Andet",9.519,4,Villa,104,1945,,Aktuel værdi
Storstrømsvej 32,4862 Guldborg,560.000,23-05-2012,"
Auktion",2.000,14,Villa,280,1912,,Aktuel værdi
Majbølle Byvej 85,4862 Guldborg,513.000,08-05-2012,"
Fam. Salg",3.513,5,Villa,146,1880,,Aktuel værdi
Egeparken 2,4862 Guldborg,3.225.000,03-05-2012,"
Alm. Salg",14.527,8,Villa,222,2007,,Aktuel værdi
Skovvænget 24,4862 Guldborg,450.000,30-04-2012,"
Alm. Salg",3.082,4,Villa,146,1978,,Aktuel værdi
Færgegården 11,4862 Guldborg,735.000,05-02-2012,"
Alm. Salg",7.819,3,Rækkehus,94,2002,,Aktuel værdi
Bagvej 23,4862 Guldborg,428.862,26-01-2012,"
Alm. Salg",4.045,4,Villa,106,1920,,Aktuel værdi
Bagvej 11,4862 Guldborg,100.000,27-12-2011,"
Alm. Salg",909,3,Villa,110,1820,,Aktuel værdi
Vigsnæs Byvej 20,4862 Guldborg,150.000,30-11-2011,"
Auktion",1.595,4,Villa,94,1940,-75 %,Aktuel værdi
Spurvestræde 12,4862 Guldborg,226.500,28-10-2011,"
Alm. Salg",2.633,3,Villa,86,1926,,Aktuel værdi
Majbølle Byvej 58,4862 Guldborg,357.000,20-10-2011,"
Alm. Salg",2.395,3,Villa,149,1968,-10 %,Aktuel værdi
Bystævnet 5,4862 Guldborg,535.000,23-09-2011,"
Alm. Salg",5.691,3,Villa,94,1969,-9 %,Aktuel værdi
Grubbevej 15,4862 Guldborg,500.000,20-09-2011,"
Alm. Salg",4.464,4,Villa,112,1880,-13 %,Aktuel værdi
Egeparken 13,4862 Guldborg,1.561.000,09-09-2011,"
Alm. Salg",10.840,5,Villa,144,2007,-8 %,Aktuel værdi
Guldborgvej 300,4862 Guldborg,497.500,08-09-2011,"
Fam. Salg",3.431,6,Villa,145,1935,,Aktuel værdi
Nyvej 11,4862 Guldborg,145.000,29-08-2011,"
Alm. Salg",1.883,2,Rækkehus,77,1929,-47 %,Aktuel værdi
Guldborghave 50,4862 Guldborg,925.000,15-08-2011,"
Alm. Salg",6.607,4,Villa,140,1993,-14 %,Aktuel værdi
Guldborgvej 155,4862 Guldborg,690.000,26-07-2011,"
Alm. Salg",4.539,5,Villa,152,1930,,Aktuel værdi
Sundbyvej 4,4862 Guldborg,350.000,06-07-2011,"
Auktion",4.268,2,Villa,82,1900,,Aktuel værdi
Majbøllevej 97,4862 Guldborg,150.000,21-06-2011,"
Alm. Salg",3.061,3,Villa,49,1875,-49 %,Aktuel værdi
Vestermark 12,4862 Guldborg,804.299,16-06-2011,"
Andet",6.993,3,Villa,115,1910,,Aktuel værdi
Sundbyvej 8,4862 Guldborg,320.000,29-04-2011,"
Alm. Salg",3.678,4,Villa,87,1935,-29 %,Aktuel værdi
Strandvænget 5,4862 Guldborg,422.361,13-04-2011,"
Alm. Salg",3.016,5,Villa,140,1949,,Aktuel værdi
Storstrømsvej 17,4862 Guldborg,1.550.000,09-04-2011,"
Alm. Salg",12.704,5,Villa,122,1915,-22 %,Aktuel værdi
Vigsnæsvej 27,4862 Guldborg,610.000,28-03-2011,"
Alm. Salg",4.206,6,Villa,145,1902,-23 %,Aktuel værdi
Vigsnæs Byvej 3,4862 Guldborg,25.001,09-03-2011,"
Auktion",245,5,Villa,102,1935,,Aktuel værdi
Majbøllevej 33,4862 Guldborg,663.000,26-01-2011,"
Fam. Salg",4.636,5,Villa,143,1853,,Aktuel værdi
Vigsnæsvej 38,4862 Guldborg,1.450.000,18-08-2010,"
Alm. Salg",9.354,4,Villa,155,1991,,Aktuel værdi
Skovvænget 18,4862 Guldborg,547.500,02-07-2010,"
Andet",3.699,4,Villa,148,1977,,Aktuel værdi
Vestermark 20,4862 Guldborg,480.000,07-06-2010,"
Fam. Salg",4.800,6,Sommerhus,100,1825,,Aktuel værdi
Guldborgvej 240,4862 Guldborg,1.150.000,26-05-2010,"
Auktion",7.098,7,Villa,162,1938,-23 %,Aktuel værdi
Storstrømsvej 33,4862 Guldborg,448.156,21-04-2010,"
Fam. Salg",1.672,10,Villa,268,1940,,Aktuel værdi
Spurvestræde 6,4862 Guldborg,550.000,31-03-2010,"
Auktion",4.104,5,Villa,134,1927,-35 %,Aktuel værdi
Majbølle Byvej 68,4862 Guldborg,300.000,03-03-2010,"
Auktion",1.485,6,Villa,202,1900,-77 %,Aktuel værdi
Majbølle Byvej 74,4862 Guldborg,150.000,03-03-2010,"
Alm. Salg",652,6,Stuehus,230,1930,,
Smalbyvej 2,4862 Guldborg,624.059,03-02-2010,"
Alm. Salg",4.394,4,Villa,142,1877,,Aktuel værdi
Sundbyvej 32,4862 Guldborg,800.000,19-01-2010,"
Alm. Salg",5.797,4,Villa,138,1900,,Aktuel værdi
Præstestræde 57,4862 Guldborg,250.000,13-01-2010,"
Alm. Salg",2.873,4,Villa,87,1910,,Aktuel værdi
Guldborgvej 109,4862 Guldborg,600.000,02-12-2009,"
Auktion",4.379,5,Villa,137,1938,,Aktuel værdi
Vigsnæsvej 21,4862 Guldborg,775.000,21-10-2009,"
Alm. Salg",9.337,3,Villa,83,1942,0 %,Aktuel værdi
Guldborgvej 334,4862 Guldborg,1.850.000,16-09-2009,"
Alm. Salg",8.809,5,Villa,210,1930,-7 %,Aktuel værdi
Sundvej 6,4862 Guldborg,1.115.000,10-09-2009,"
Alm. Salg",8.198,5,Villa,136,1958,-25 %,Aktuel værdi
Spurvestræde 27,4862 Guldborg,330.039,07-08-2009,"
Fam. Salg",2.049,3,Villa,161,1900,,Aktuel værdi
Vestermark 8,4862 Guldborg,500.000,24-07-2009,"
Alm. Salg",4.716,3,Villa,106,1912,,Aktuel værdi
Vestermark 6,4862 Guldborg,500.000,24-07-2009,"
Alm. Salg",2.688,4,Villa,186,2003,,Aktuel værdi
Spurvestræde 4,4862 Guldborg,515.000,19-06-2009,"
Alm. Salg",6.866,3,Villa,75,1960,-24 %,Aktuel værdi
Majbølle Byvej 80,4862 Guldborg,1.100.000,18-06-2009,"
Alm. Salg",5.238,9,Villa,210,1910,-4 %,Aktuel værdi
Færgegården 7,4862 Guldborg,995.000,11-06-2009,"
Alm. Salg",10.585,3,Rækkehus,94,2002,-9 %,Aktuel værdi
Guldborgvej 203,4862 Guldborg,375.000,27-04-2009,"
Alm. Salg",3.826,3,Rækkehus,98,1900,-6 %,Aktuel værdi
Guldborgvej 165,4862 Guldborg,765.000,01-04-2009,"
Fam. Salg",7.427,4,Villa,103,1939,,Aktuel værdi
Smalbyvej 1,4862 Guldborg,850.000,23-03-2009,"
Fam. Salg",5.214,6,Stuehus,163,2010,,
Storstrømsvej 9,4862 Guldborg,1.425.000,20-03-2009,"
Alm. Salg",9.253,5,Villa,154,1877,-11 %,Aktuel værdi
Færgegården 3,4862 Guldborg,995.000,19-03-2009,"
Alm. Salg",10.585,3,Rækkehus,94,2002,0 %,Aktuel værdi
Majbølle Byvej 67,4862 Guldborg,1.695.000,20-02-2009,"
Alm. Salg",9.469,9,Villa,179,1917,0 %,Aktuel værdi
Guldborgvej 178,4862 Guldborg,650.000,16-02-2009,"
Alm. Salg",4.779,4,Villa,136,1938,,Aktuel værdi
Sundbyvej 43,4862 Guldborg,340.000,02-02-2009,"
Alm. Salg",3.953,4,Villa,86,1777,,Aktuel værdi
Sundby Skovvej 4,4862 Guldborg,8.027.700,30-01-2009,"
Fam. Salg",35.678,8,Stuehus,225,1925,,
Bagvej 15,4862 Guldborg,815.000,24-11-2008,"
Auktion",4.578,6,Villa,178,1822,,Aktuel værdi
Vigsnæsvej 60,4862 Guldborg,695.000,31-10-2008,"
Alm. Salg",6.556,3,Villa,106,1955,-4 %,Aktuel værdi
Kaløvej 75,4862 Guldborg,60.000,08-09-2008,"
Fam. Salg",160,7,Stuehus,375,1932,,
Strandvej 11,4862 Guldborg,850.000,15-08-2008,"
Alm. Salg",6.589,5,Villa,129,1902,,Aktuel værdi
Skovvænget 19,4862 Guldborg,1.800.000,12-08-2008,"
Alm. Salg",10.227,4,Villa,176,1979,,Aktuel værdi
Vigsnæs Byvej 22,4862 Guldborg,675.000,11-07-2008,"
Alm. Salg",2.934,8,Stuehus,230,1880,,
Guldborgvej 308,4862 Guldborg,1.300.000,25-06-2008,"
Alm. Salg",9.629,4,Rækkehus,135,1900,-7 %,Aktuel værdi
Storstrømsvej 11,4862 Guldborg,2.900.000,11-06-2008,"
Alm. Salg",29.292,3,Villa,99,1877,0 %,Aktuel værdi
Majbølle Byvej 75,4862 Guldborg,835.000,04-06-2008,"
Alm. Salg",8.882,4,Villa,94,1890,-5 %,Aktuel værdi
Majbøllevej 14,4862 Guldborg,1.170.000,29-05-2008,"
Alm. Salg",5.850,4,Villa,200,1920,-6 %,Aktuel værdi
Vigsnæsvej 30,4862 Guldborg,1.195.000,28-04-2008,"
Alm. Salg",8.475,3,Villa,141,1900,-8 %,Aktuel værdi
Majbøllevej 93,4862 Guldborg,151.520,09-04-2008,"
Alm. Salg",569,10,Stuehus,266,1917,,
Vigsnæs Byvej 9,4862 Guldborg,865.000,03-04-2008,"
Alm. Salg",5.406,8,Villa,160,1911,-7 %,Aktuel værdi
Guldborgvej 201,4862 Guldborg,850.000,26-03-2008,"
Alm. Salg",7.083,4,Villa,120,1915,-5 %,Aktuel værdi
Skovvænget 2,4862 Guldborg,1.300.000,18-03-2008,"
Alm. Salg",9.629,5,Villa,135,1986,-3 %,Aktuel værdi
Skansevej 3,4862 Guldborg,650.000,12-03-2008,"
Alm. Salg",6.250,4,Villa,104,1880,-10 %,Aktuel værdi
Bystævnet 9,4862 Guldborg,1.200.000,07-03-2008,"
Alm. Salg",10.909,4,Villa,110,1967,-4 %,Aktuel værdi
Guldborgvej 227,4862 Guldborg,1.375.000,26-02-2008,"
Alm. Salg",8.040,5,Villa,171,1890,0 %,Aktuel værdi
Vigsnæsvej 76,4862 Guldborg,650.000,16-02-2008,"
Alm. Salg",7.142,4,Villa,91,1936,-10 %,Aktuel værdi
Storstrømsvej 2,4862 Guldborg,528.990,29-01-2008,"
Fam. Salg",3.348,4,Rækkehus,158,1902,,Aktuel værdi
Egevej 9,4862 Guldborg,750.000,15-01-2008,"
Alm. Salg",7.211,4,Villa,104,1959,-14 %,Aktuel værdi
Statshusvej 6,4862 Guldborg,700.000,17-12-2007,"
Alm. Salg",6.250,4,Villa,112,1934,,Aktuel værdi
Bøgevej 23,4862 Guldborg,1.150.000,26-11-2007,"
Alm. Salg",10.267,4,Villa,112,1958,-2 %,Aktuel værdi
Majbøllevej 10,4862 Guldborg,1.995.000,16-11-2007,"
Alm. Salg",7.416,7,Stuehus,269,1911,,
Guldborgvej 340,4862 Guldborg,1.190.000,15-11-2007,"
Fam. Salg",7.041,6,Villa,169,1987,,Aktuel værdi
Skovvænget 32,4862 Guldborg,980.000,09-10-2007,"
Alm. Salg",8.032,4,Villa,122,1976,1 %,Aktuel værdi
Bøgevej 6,4862 Guldborg,695.000,06-10-2007,"
Alm. Salg",8.373,4,Villa,83,1937,0 %,Aktuel værdi
Guldborgvej 209,4862 Guldborg,525.000,24-09-2007,"
Alm. Salg",6.562,3,Rækkehus,80,1880,,Aktuel værdi
Guldborgvej 282,4862 Guldborg,800.000,24-09-2007,"
Alm. Salg",5.128,3,Villa,156,1899,,Aktuel værdi
Vigsnæs Byvej 32,4862 Guldborg,640.000,18-09-2007,"
Andet",6.808,4,Villa,94,1950,,Aktuel værdi
Guldborgvej 239,4862 Guldborg,1.650.000,11-09-2007,"
Alm. Salg",10.576,4,Villa,156,1880,0 %,Aktuel værdi
Storstrømsvej 41,4862 Guldborg,875.000,17-08-2007,"
Fam. Salg",4.971,5,Villa,176,1970,,Aktuel værdi
Havmosevej 3,4862 Guldborg,975.000,09-07-2007,"
Alm. Salg",7.442,4,Villa,131,1830,0 %,Aktuel værdi
Bøgevej 29,4862 Guldborg,985.000,28-06-2007,"
Alm. Salg",8.418,4,Villa,117,1939,,Aktuel værdi
Majbølle Byvej 47,4862 Guldborg,1.200.000,17-06-2007,"
Alm. Salg",8.888,5,Villa,135,1908,-7 %,Aktuel værdi
Nordskovvej 20,4862 Guldborg,600.000,14-06-2007,"
Alm. Salg",3.468,5,Villa,173,1900,-25 %,Aktuel værdi
Majbølle Byvej 77,4862 Guldborg,895.000,16-05-2007,"
Alm. Salg",7.920,3,Villa,113,1964,,Aktuel værdi
Vestermark 28,4862 Guldborg,722.500,30-03-2007,"
Andet",5.922,4,Villa,122,1928,,Aktuel værdi
Engvej 3,4862 Guldborg,935.000,26-03-2007,"
Alm. Salg",11.687,3,Villa,80,1935,,Aktuel værdi
Sundvej 3,4862 Guldborg,850.000,10-03-2007,"
Alm. Salg",10.240,4,Villa,83,1954,-3 %,Aktuel værdi
Sundbyvej 6,4862 Guldborg,4.290.000,27-02-2007,"
Alm. Salg",26.000,7,Villa,165,1877,,Aktuel værdi
Bystævnet 4,4862 Guldborg,650.000,27-02-2007,"
Alm. Salg",7.222,3,Villa,90,1967,,Aktuel værdi
Sundby Skovvej 11,4862 Guldborg,1.025.000,18-01-2007,"
Alm. Salg",5.694,11,Villa,180,1900,,Aktuel værdi
Vigsnæsvej 2,4862 Guldborg,535.000,12-12-2006,"
Alm. Salg",6.220,4,Villa,86,1880,,Aktuel værdi
Sundvej 4,4862 Guldborg,1.595.000,09-12-2006,"
Alm. Salg",12.658,6,Villa,126,1957,,Aktuel værdi
Majbølle Byvej 63,4862 Guldborg,918.000,20-11-2006,"
Fam. Salg",6.287,4,Villa,146,1960,,Aktuel værdi
Strandvænget 8,4862 Guldborg,1.350.000,07-10-2006,"
Alm. Salg",11.065,5,Villa,122,1948,,Aktuel værdi
Egevej 11,4862 Guldborg,1.301.850,04-10-2006,"
Alm. Salg",10.170,4,Villa,128,1966,,Aktuel værdi
Havmosevej 8,4862 Guldborg,557.000,03-10-2006,"
Alm. Salg",5.460,4,Villa,102,1890,,Aktuel værdi
Bagvej 3,4862 Guldborg,70.000,26-09-2006,"
Alm. Salg",608,3,Villa,115,1893,,Aktuel værdi
Guldborgvej 180,4862 Guldborg,1.175.000,16-09-2006,"
Alm. Salg",11.750,3,Villa,100,1935,,Aktuel værdi
Guldborgvej 175,4862 Guldborg,1.100.000,28-08-2006,"
Alm. Salg",7.333,6,Villa,150,1936,,Aktuel værdi
Bagvej 30,4862 Guldborg,827.553,23-08-2006,"
Alm. Salg",5.339,6,Villa,155,1912,,Aktuel værdi
Vigsnæsvej 13,4862 Guldborg,1.100.000,17-08-2006,"
Alm. Salg",10.576,4,Villa,104,1958,,Aktuel værdi
Guldborgvej 262,4862 Guldborg,725.000,04-08-2006,"
Alm. Salg",6.304,3,Villa,115,1931,,Aktuel værdi
Sundby Skovvej 12,4862 Guldborg,1.570.000,01-08-2006,"
Alm. Salg",7.850,5,Villa,200,1877,,Aktuel værdi
Præstestræde 1,4862 Guldborg,700.000,31-07-2006,"
Alm. Salg",6.140,6,Villa,114,1950,,Aktuel værdi
Vigsnæsvej 51,4862 Guldborg,775.000,08-07-2006,"
Alm. Salg",9.451,4,Villa,82,1924,,Aktuel værdi
Storstrømsvej 40,4862 Guldborg,496.268,17-05-2006,"
Alm. Salg",4.470,4,Villa,111,1937,,Aktuel værdi
Bagvej 6,4862 Guldborg,1.200.000,01-05-2006,"
Alm. Salg",8.955,7,Villa,134,1883,,Aktuel værdi
Majbølle Byvej 61,4862 Guldborg,645.000,16-03-2006,"
Alm. Salg",7.500,3,Villa,86,1936,,Aktuel værdi
Skovvænget 4,4862 Guldborg,1.460.000,10-02-2006,"
Alm. Salg",8.957,4,Villa,163,1976,,Aktuel værdi
Guldborgvej 195,4862 Guldborg,1.012.369,09-01-2006,"
Alm. Salg",3.577,8,Villa,283,1906,,Aktuel værdi
Majbølle Byvej 69,4862 Guldborg,545.000,22-12-2005,"
Alm. Salg",5.343,3,Villa,102,1880,,Aktuel værdi
Majbøllevej 35,4862 Guldborg,205.000,22-11-2005,"
Alm. Salg",2.500,7,Servicevirksomhed,82,1909,,Aktuel værdi
Storstrømsvej 25B,4862 Guldborg,2.500.000,06-11-2005,"
Alm. Salg",4.835,15,Villa,517,1882,,Aktuel værdi
Strandvej 13,4862 Guldborg,550.000,05-11-2005,"
Alm. Salg",-,2,Villa,72,1900,,Aktuel værdi
Strandvej 15,4862 Guldborg,2.250.000,05-11-2005,"
Alm. Salg",-,3,Villa,126,1896,,Aktuel værdi
Vestermark 15,4862 Guldborg,750.000,13-10-2005,"
Alm. Salg",8.823,2,Villa,85,1880,,Aktuel værdi
Vigsnæsvej 16,4862 Guldborg,1.250.000,21-09-2005,"
Alm. Salg",8.741,4,Stuehus,143,1880,,
Færgegården 25,4862 Guldborg,995.000,21-09-2005,"
Alm. Salg",10.585,4,Rækkehus,94,2002,,Aktuel værdi
Sundbyvej 25,4862 Guldborg,622.063,05-09-2005,"
Andet",4.607,4,Villa,135,1938,,Aktuel værdi
Færgegården 21,4862 Guldborg,995.000,18-08-2005,"
Alm. Salg",10.585,3,Rækkehus,94,2002,,Aktuel værdi
Spurvestræde 8,4862 Guldborg,425.000,10-08-2005,"
Alm. Salg",4.722,4,Villa,90,1926,,Aktuel værdi
Guldborgvej 167,4862 Guldborg,995.000,04-08-2005,"
Alm. Salg",7.537,6,Villa,132,1940,,Aktuel værdi
Bøgevej 18,4862 Guldborg,600.000,02-08-2005,"
Alm. Salg",6.122,3,Villa,98,1938,,Aktuel værdi
Bøgevej 8,4862 Guldborg,850.000,29-07-2005,"
Alm. Salg",7.727,6,Villa,110,1948,,Aktuel værdi
Guldborgvej 177,4862 Guldborg,450.000,30-05-2005,"
Fam. Salg",3.333,6,Villa,135,1929,,Aktuel værdi
Egeparken 7,4862 Guldborg,550.000,27-05-2005,"
Alm. Salg",3.142,5,Villa,175,2007,,Aktuel værdi
Vigsnæs Byvej 17,4862 Guldborg,995.000,13-05-2005,"
Alm. Salg",4.783,7,Villa,208,1890,,Aktuel værdi
Vigsnæsvej 64,4862 Guldborg,695.000,11-05-2005,"
Alm. Salg",7.393,2,Villa,94,1957,,Aktuel værdi
Sundbyvej 49,4862 Guldborg,1.025.000,03-03-2005,"
Alm. Salg",9.234,4,Stuehus,111,1922,,
Guldborgvej 338,4862 Guldborg,1.995.000,17-02-2005,"
Alm. Salg",15.346,5,Villa,130,1938,,Aktuel værdi
Egeparken 3,4862 Guldborg,675.000,03-01-2005,"
Alm. Salg",3.497,7,Villa,193,2005,,Aktuel værdi
Guldborgvej 179,4862 Guldborg,810.000,23-12-2004,"
Alm. Salg",4.602,5,Villa,176,1947,,Aktuel værdi
Strandvænget 10,4862 Guldborg,549.511,13-12-2004,"
Alm. Salg",3.897,6,Villa,141,1949,,Aktuel værdi
Sundbyvej 2,4862 Guldborg,455.000,08-12-2004,"
Alm. Salg",5.055,2,Villa,90,1900,,Aktuel værdi
Kirkevej 4,4862 Guldborg,434.000,29-11-2004,"
Alm. Salg",1.422,8,Villa,305,1900,,Aktuel værdi
Kaløvej 69,4862 Guldborg,7.800.000,24-11-2004,"
Alm. Salg",82.978,3,Villa,94,1825,,Aktuel værdi
Bagvej 16,4862 Guldborg,525.000,20-11-2004,"
Alm. Salg",5.833,3,Villa,90,1956,,Aktuel værdi
Strandkrogen 1,4862 Guldborg,350.000,17-11-2004,"
Alm. Salg",2.258,5,Villa,155,2006,,Aktuel værdi
Majbøllevej 24,4862 Guldborg,1.150.000,15-11-2004,"
Fam. Salg",4.618,11,Villa,249,1924,,Aktuel værdi
Guldborgvej 127,4862 Guldborg,485.000,08-11-2004,"
Alm. Salg",5.773,3,Villa,84,1950,,Aktuel værdi
Spurvestræde 13,4862 Guldborg,555.000,24-10-2004,"
Alm. Salg",7.025,4,Villa,79,1905,,Aktuel værdi
Guldborgvej 286,4862 Guldborg,1.895.000,20-10-2004,"
Alm. Salg",8.422,6,Villa,225,1880,,Aktuel værdi
Majbøllevej 26,4862 Guldborg,248.320,14-09-2004,"
Andet",1.853,6,Stuehus,134,1905,,
Egevej 15,4862 Guldborg,1.025.000,30-08-2004,"
Alm. Salg",8.541,4,Villa,120,1965,,Aktuel værdi
Bøgevej 25,4862 Guldborg,795.000,18-08-2004,"
Alm. Salg",8.833,3,Villa,90,1967,,Aktuel værdi
Nordskovvej 6,4862 Guldborg,493.000,03-08-2004,"
Fam. Salg",9.860,3,Stuehus,50,1800,,
Nyvej 14,4862 Guldborg,515.000,09-07-2004,"
Alm. Salg",6.866,3,Villa,75,1936,,Aktuel værdi
Færgegården 17,4862 Guldborg,995.000,27-06-2004,"
Alm. Salg",10.585,3,Rækkehus,94,2002,,Aktuel værdi
Færgegården 9,4862 Guldborg,995.000,26-06-2004,"
Alm. Salg",10.585,3,Rækkehus,94,2002,,Aktuel værdi
Guldborgvej 320,4862 Guldborg,569.500,21-06-2004,"
Fam. Salg",5.932,5,Villa,96,1958,,Aktuel værdi
Færgegården 4,4862 Guldborg,1.192.408,09-06-2004,"
Alm. Salg",12.685,3,Rækkehus,94,2001,,Aktuel værdi
Bøgevej 10,4862 Guldborg,470.000,28-05-2004,"
Alm. Salg",4.519,4,Villa,104,1948,,Aktuel værdi
Præstestræde 21,4862 Guldborg,1.694.536,24-05-2004,"
Alm. Salg",7.002,6,Villa,242,1956,,Aktuel værdi
Guldborgvej 105,4862 Guldborg,1.105.000,21-05-2004,"
Fam. Salg",9.208,4,Stuehus,120,1957,,
Egeparken 4,4862 Guldborg,550.000,18-05-2004,"
Alm. Salg",3.503,4,Villa,157,2005,,Aktuel værdi
Storstrømsvej 23,4862 Guldborg,800.000,20-04-2004,"
Alm. Salg",3.791,6,Villa,211,2006,,Aktuel værdi
Grubbevej 17,4862 Guldborg,448.383,06-04-2004,"
Alm. Salg",4.483,4,Villa,100,1880,,Aktuel værdi
Guldborghave 108,4862 Guldborg,191.694,03-04-2004,"
Alm. Salg",1.340,5,Villa,143,2009,,Aktuel værdi
Sundby Skovvej 8,4862 Guldborg,600.000,02-04-2004,"
Alm. Salg",5.000,3,Villa,120,1900,,Aktuel værdi
Bøgevej 15,4862 Guldborg,530.420,26-03-2004,"
Alm. Salg",3.489,3,Villa,152,1938,,Aktuel værdi
Vestermark 27,4862 Guldborg,430.000,18-03-2004,"
Alm. Salg",2.057,7,Villa,209,1892,,Aktuel værdi
Skovvænget 10,4862 Guldborg,965.000,18-03-2004,"
Alm. Salg",7.366,4,Villa,131,1976,,Aktuel værdi
Guldborghave 113,4862 Guldborg,130.900,15-03-2004,"
Alm. Salg",866,5,Villa,151,2009,,Aktuel værdi
Præstestræde 3,4862 Guldborg,569.500,23-02-2004,"
Fam. Salg",4.067,6,Villa,140,1903,,Aktuel værdi
Strandvej 3,4862 Guldborg,1.255.000,14-02-2004,"
Alm. Salg",11.106,5,Villa,113,1900,,Aktuel værdi
Majbølle Byvej 73,4862 Guldborg,365.000,14-02-2004,"
Alm. Salg",3.842,4,Villa,95,1875,,Aktuel værdi
Sundbyvej 16,4862 Guldborg,225.000,11-02-2004,"
Alm. Salg",1.800,3,Villa,125,1955,,Aktuel værdi
Guldborgvej 312,4862 Guldborg,550.000,13-01-2004,"
Alm. Salg",4.621,4,Villa,119,2005,,Aktuel værdi
Bystævnet 15,4862 Guldborg,665.000,05-01-2004,"
Alm. Salg",6.045,4,Villa,110,1968,,Aktuel værdi
Færgegården 5,4862 Guldborg,995.000,25-11-2003,"
Alm. Salg",10.585,3,Rækkehus,94,2002,,Aktuel værdi
Færgegården 1,4862 Guldborg,995.000,26-10-2003,"
Alm. Salg",10.585,3,Rækkehus,94,2002,,Aktuel værdi
Havmosevej 5,4862 Guldborg,330.000,09-10-2003,"
Alm. Salg",3.882,4,Villa,85,1964,,Aktuel værdi
Guldborgvej 173,4862 Guldborg,360.000,05-09-2003,"
Alm. Salg",5.806,3,Villa,62,1860,,Aktuel værdi
Majbøllevej 36,4862 Guldborg,429.681,02-09-2003,"
Andet",-,5,Villa,191,1880,,Aktuel værdi
Guldborgvej 225,4862 Guldborg,900.000,13-08-2003,"
Alm. Salg",6.338,5,Villa,142,1940,,Aktuel værdi
Spurvestræde 19,4862 Guldborg,1.050.000,08-08-2003,"
Alm. Salg",7.664,3,Villa,137,1998,,Aktuel værdi
Vigsnæsvej 71,4862 Guldborg,753.348,31-07-2003,"
Alm. Salg",6.726,4,Villa,112,1913,,Aktuel værdi
Storstrømsvej 21,4862 Guldborg,1.896.050,29-07-2003,"
Alm. Salg",9.386,5,Villa,202,1984,,Aktuel værdi
Majbøllevej 20,4862 Guldborg,1.185.000,20-07-2003,"
Alm. Salg",6.405,3,Villa,185,1900,,Aktuel værdi
Bagvej 14,4862 Guldborg,330.000,14-07-2003,"
Andet",2.844,4,Villa,116,1981,,Aktuel værdi
Præstestræde 7,4862 Guldborg,485.000,26-06-2003,"
Alm. Salg",4.532,3,Villa,107,1906,,Aktuel værdi
Sundbyvej 47,4862 Guldborg,470.000,28-05-2003,"
Alm. Salg",-,6,Villa,127,1922,,Aktuel værdi
Majbøllevej 81,4862 Guldborg,1.500.000,11-04-2003,"
Alm. Salg",10.344,7,Villa,145,1870,,Aktuel værdi
Vigsnæsvej 20,4862 Guldborg,550.000,08-04-2003,"
Alm. Salg",5.500,3,Villa,100,1927,,Aktuel værdi
Færgegården 6,4862 Guldborg,1.150.000,24-03-2003,"
Alm. Salg",12.234,3,Rækkehus,94,2001,,Aktuel værdi
Guldborgvej 306,4862 Guldborg,260.000,14-01-2003,"
Alm. Salg",1.585,5,Rækkehus,164,1805,,Aktuel værdi
Majbøllevej 30,4862 Guldborg,393.990,02-01-2003,"
Andet",1.885,4,Villa,209,1830,,Aktuel værdi
Bagvej 31,4862 Guldborg,240.000,23-10-2002,"
Alm. Salg",1.935,4,Villa,124,1909,,Aktuel værdi
Sundbyvej 14,4862 Guldborg,605.000,04-10-2002,"
Alm. Salg",4.115,3,Villa,147,1892,,Aktuel værdi
Vigsnæsvej 52,4862 Guldborg,640.000,06-09-2002,"
Alm. Salg",3.764,5,Villa,170,1827,,Aktuel værdi
Grubbevej 20,4862 Guldborg,880.000,28-08-2002,"
Andet",5.751,4,Villa,153,1983,,Aktuel værdi
Vigsnæsvej 68,4862 Guldborg,851.132,24-08-2002,"
Alm. Salg",3.561,7,Villa,239,2008,,Aktuel værdi
Guldborghave 111,4862 Guldborg,188.294,06-08-2002,"
Alm. Salg",1.057,4,Villa,178,2006,,Aktuel værdi
Vestermark 24,4862 Guldborg,739.291,18-07-2002,"
Alm. Salg",5.867,3,Villa,126,1937,,Aktuel værdi
Vigsnæs Byvej 21,4862 Guldborg,1.530.000,12-07-2002,"
Alm. Salg",2.843,17,Villa,538,1922,,Aktuel værdi
Sundby Skovvej 13,4862 Guldborg,950.000,11-07-2002,"
Alm. Salg",6.375,4,Villa,149,1877,,Aktuel værdi
Præstestræde 15,4862 Guldborg,1.225.000,26-06-2002,"
Alm. Salg",5.833,6,Villa,210,1978,,Aktuel værdi
Præstestræde 14,4862 Guldborg,193.559,21-06-2002,"
Alm. Salg",1.209,5,Villa,160,1906,,Aktuel værdi
Vestermark 17,4862 Guldborg,700.000,15-05-2002,"
Alm. Salg",9.333,3,Villa,75,1800,,Aktuel værdi
Guldborghave 109,4862 Guldborg,170.540,06-05-2002,"
Alm. Salg",1.291,4,Villa,132,2003,,Aktuel værdi
Guldborgvej 111,4862 Guldborg,532.000,10-04-2002,"
Alm. Salg",4.750,4,Villa,112,1937,,Aktuel værdi
Guldborghave 114,4862 Guldborg,198.834,04-04-2002,"
Alm. Salg",1.875,3,Villa,106,2006,,Aktuel værdi
Bystævnet 11,4862 Guldborg,764.830,04-04-2002,"
Alm. Salg",6.320,4,Villa,121,1968,,Aktuel værdi
Guldborghave 119,4862 Guldborg,200.874,20-03-2002,"
Alm. Salg",1.217,5,Villa,165,2006,,Aktuel værdi
Præstestræde 25,4862 Guldborg,10.000,13-03-2002,"
Andet",63,4,Villa,157,1964,,Aktuel værdi
Færgegården 2,4862 Guldborg,995.000,24-01-2002,"
Alm. Salg",10.585,3,Rækkehus,94,2001,,Aktuel værdi
Strandhaven 1,4862 Guldborg,700.000,07-01-2002,"
Fam. Salg",4.964,5,Villa,141,1900,,Aktuel værdi
Spurvestræde 23,4862 Guldborg,610.000,27-12-2001,"
Alm. Salg",5.446,3,Villa,112,1880,,Aktuel værdi
Færgegården 8,4862 Guldborg,1.119.923,10-12-2001,"
Alm. Salg",11.914,3,Rækkehus,94,2001,,Aktuel værdi
Guldborgvej 205,4862 Guldborg,261.000,27-11-2001,"
Alm. Salg",4.278,3,Rækkehus,61,1900,,Aktuel værdi
Vestermark 22,4862 Guldborg,410.000,17-11-2001,"
Alm. Salg",-,5,Villa,144,1828,,Aktuel værdi
Kaløvej 79,4862 Guldborg,350.000,16-11-2001,"
Fam. Salg",3.535,4,Villa,99,1944,,Aktuel værdi
Vigsnæsvej 15,4862 Guldborg,221.385,10-11-2001,"
Alm. Salg",2.069,4,Rækkehus,107,1827,,Aktuel værdi
Præstestræde 37,4862 Guldborg,383.257,06-11-2001,"
Alm. Salg",3.548,3,Villa,108,1906,,Aktuel værdi
Sundbyvej 24,4862 Guldborg,645.000,05-10-2001,"
Alm. Salg",4.358,7,Villa,148,1877,,Aktuel værdi
Norvej 9 (4862),4862 Guldborg,25.000,07-09-2001,"
Alm. Salg",-,-,Grund,-,-,,
Storstrømsvej 15,4862 Guldborg,649.000,06-09-2001,"
Alm. Salg",4.506,5,Villa,144,2003,,Aktuel værdi
Bøgevej 14,4862 Guldborg,583.000,27-08-2001,"
Alm. Salg",5.398,3,Villa,108,1943,,Aktuel værdi
Strandvej 8,4862 Guldborg,500.000,20-08-2001,"
Alm. Salg",5.050,5,Villa,99,1897,,Aktuel værdi
Sundby Skovvej 17,4862 Guldborg,932.000,09-07-2001,"
Alm. Salg",7.224,7,Villa,129,1870,,Aktuel værdi
Bøgevej 13,4862 Guldborg,595.000,09-06-2001,"
Alm. Salg",5.833,3,Villa,102,1939,,Aktuel værdi
Guldborgvej 256,4862 Guldborg,415.000,30-04-2001,"
Alm. Salg",3.705,5,Villa,112,1945,,Aktuel værdi
Sundvej 7,4862 Guldborg,135.000,15-04-2001,"
Alm. Salg",1.000,4,Villa,135,2002,,Aktuel værdi
Majbølle Byvej 79,4862 Guldborg,618.000,23-03-2001,"
Alm. Salg",3.377,6,Villa,183,1900,,Aktuel værdi
Skovvænget 12,4862 Guldborg,920.000,13-03-2001,"
Alm. Salg",6.764,4,Villa,136,1977,,Aktuel værdi
Bøgevej 19,4862 Guldborg,475.000,02-11-2000,"
Alm. Salg",5.277,3,Villa,90,1940,,Aktuel værdi
Vigsnæs Byvej 16,4862 Guldborg,690.000,20-09-2000,"
Alm. Salg",3.612,6,Villa,191,1932,,Aktuel værdi
Nordskovvej 14,4862 Guldborg,572.770,19-09-2000,"
Alm. Salg",4.405,5,Villa,130,1877,,Aktuel værdi
Præstestræde 11,4862 Guldborg,350.000,25-08-2000,"
Alm. Salg",2.592,3,Villa,135,1877,,Aktuel værdi
Havmosevej 4,4862 Guldborg,612.000,10-08-2000,"
Alm. Salg",4.026,8,Villa,152,1922,,Aktuel værdi
Præstestræde 35,4862 Guldborg,580.000,08-08-2000,"
Alm. Salg",5.087,4,Villa,114,1951,,Aktuel værdi
Vigsnæsvej 1A,4862 Guldborg,525.000,26-06-2000,"
Alm. Salg",5.198,4,Villa,101,1827,,Aktuel værdi
Nyvej 13,4862 Guldborg,753.775,20-06-2000,"
Alm. Salg",6.128,5,Villa,123,1935,,Aktuel værdi
Vigsnæsvej 29,4862 Guldborg,450.000,14-06-2000,"
Alm. Salg",1.939,6,Stuehus,232,1927,,
Bystævnet 3,4862 Guldborg,575.000,08-05-2000,"
Alm. Salg",4.291,4,Villa,134,1966,,Aktuel værdi
Guldborgvej 276,4862 Guldborg,800.000,01-04-2000,"
Alm. Salg",5.405,4,Villa,148,1912,,Aktuel værdi
Guldborgvej 123,4862 Guldborg,215.000,17-03-2000,"
Alm. Salg",1.822,3,Villa,118,1880,,Aktuel værdi
Vigsnæs Byvej 11,4862 Guldborg,820.000,21-02-2000,"
Fam. Salg",2.383,4,Villa,344,1919,,Aktuel værdi
Guldborgvej 89,4862 Guldborg,1.997.000,25-01-2000,"
Fam. Salg",8.252,10,Stuehus,242,1883,,
Strandvej 9,4862 Guldborg,1.874.637,18-01-2000,"
Alm. Salg",6.917,7,Villa,271,1970,,Aktuel værdi
Præstestræde 59,4862 Guldborg,65.000,31-12-1999,"
Alm. Salg",792,3,Villa,82,1894,,Aktuel værdi
Skovvænget 22,4862 Guldborg,650.000,17-12-1999,"
Alm. Salg",5.508,3,Villa,118,1976,,Aktuel værdi
Guldborgvej 237,4862 Guldborg,548.671,20-10-1999,"
Alm. Salg",4.898,3,Villa,112,1830,,Aktuel værdi
Vigsnæsvej 70,4862 Guldborg,320.000,06-10-1999,"
Alm. Salg",2.302,4,Villa,139,1885,,Aktuel værdi
Strandvænget 9,4862 Guldborg,1.178.613,14-09-1999,"
Alm. Salg",6.974,2,Villa,169,1927,,Aktuel værdi
Guldborghave 49,4862 Guldborg,87.350,06-08-1999,"
Alm. Salg",574,6,Villa,152,2000,,Aktuel værdi
Skovvænget 9,4862 Guldborg,754.000,20-07-1999,"
Alm. Salg",5.626,4,Villa,134,1978,,Aktuel værdi
Engvej 4,4862 Guldborg,40.000,20-06-1999,"
Alm. Salg",363,3,Villa,110,2006,,Aktuel værdi
Grubbevej 22,4862 Guldborg,660.000,03-06-1999,"
Alm. Salg",5.789,5,Villa,114,1890,,Aktuel værdi
Storstrømsvej 35,4862 Guldborg,840.000,01-06-1999,"
Alm. Salg",4.666,7,Villa,180,1945,,Aktuel værdi
Vigsnæsvej 55,4862 Guldborg,275.000,10-05-1999,"
Alm. Salg",2.022,7,Villa,136,1825,,Aktuel værdi
Guldborghave 44,4862 Guldborg,66.390,22-04-1999,"
Alm. Salg",691,3,Villa,96,2000,,Aktuel værdi
Guldstubvej 10,4862 Guldborg,3.020.000,13-04-1999,"
Fam. Salg",14.380,6,Villa,210,1874,,Aktuel værdi
Bagvej 5,4862 Guldborg,210.000,07-04-1999,"
Alm. Salg",1.200,5,Villa,175,1965,,Aktuel værdi
Storstrømsvej 56,4862 Guldborg,333.650,06-04-1999,"
Alm. Salg",3.587,4,Rækkehus,93,1933,,Aktuel værdi
Vestermark 29,4862 Guldborg,344.625,14-03-1999,"
Fam. Salg",5.384,3,Villa,64,1876,,Aktuel værdi
Vigsnæs Byvej 34,4862 Guldborg,750.000,08-03-1999,"
Alm. Salg",3.906,8,Villa,192,1900,,Aktuel værdi
Strandvænget 1,4862 Guldborg,430.720,25-02-1999,"
Alm. Salg",2.778,4,Villa,155,1946,,Aktuel værdi
Majbølle Byvej 72,4862 Guldborg,1.200.000,20-12-1998,"
Alm. Salg",1.085,41,Lejlighed,1105,1958,,Aktuel værdi
Vigsnæs Byvej 13,4862 Guldborg,348.600,24-11-1998,"
Alm. Salg",2.857,4,Villa,122,1898,,Aktuel værdi
Guldborgvej 322,4862 Guldborg,225.000,20-08-1998,"
Fam. Salg",2.500,3,Lejlighed,90,1900,,Aktuel værdi
Spurvestræde 16,4862 Guldborg,1.047.000,12-06-1998,"
Alm. Salg",6.087,4,Stuehus,172,1900,,
Præstestræde 2,4862 Guldborg,210.000,09-06-1998,"
Alm. Salg",1.458,6,Villa,144,1884,,Aktuel værdi
Guldborgvej 190,4862 Guldborg,540.000,07-06-1998,"
Fam. Salg",-,7,Villa,158,1880,,Aktuel værdi
Egevej 3,4862 Guldborg,355.000,07-06-1998,"
Fam. Salg",3.413,3,Villa,104,1950,,Aktuel værdi
Præstestræde 49,4862 Guldborg,625.000,06-06-1998,"
Alm. Salg",5.208,4,Villa,120,1978,,Aktuel værdi
Skovvænget 14,4862 Guldborg,740.000,27-05-1998,"
Alm. Salg",5.441,4,Villa,136,1977,,Aktuel værdi
Sundvej 5,4862 Guldborg,392.000,03-05-1998,"
Alm. Salg",3.698,5,Villa,106,1954,,Aktuel værdi
Egevej 5,4862 Guldborg,506.870,29-04-1998,"
Alm. Salg",4.607,3,Villa,110,1957,,Aktuel værdi
Majbøllevej 4,4862 Guldborg,530.000,20-04-1998,"
Alm. Salg",4.274,4,Villa,124,1968,,Aktuel værdi
Guldborgvej 292,4862 Guldborg,293.867,11-04-1998,"
Fam. Salg",2.099,6,Villa,140,1900,,Aktuel værdi
Vestermark 23,4862 Guldborg,64.617,05-03-1998,"
Fam. Salg",673,4,Villa,96,1830,,Aktuel værdi
Præstestræde 20,4862 Guldborg,1.700.000,27-01-1998,"
Fam. Salg",9.714,6,Stuehus,175,1850,,
Præstestræde 39,4862 Guldborg,399.500,27-01-1998,"
Fam. Salg",5.962,4,Villa,67,1920,,Aktuel værdi
Guldborgvej 270,4862 Guldborg,500.000,29-12-1997,"
Alm. Salg",4.347,3,Villa,115,2005,,Aktuel værdi
Guldborghave 46,4862 Guldborg,68.000,01-12-1997,"
Alm. Salg",586,4,Villa,116,1999,,Aktuel værdi
Storstrømsvej 10,4862 Guldborg,600.000,30-11-1997,"
Fam. Salg",2.608,8,Villa,230,1907,,Aktuel værdi
Nyvej 10,4862 Guldborg,348.916,08-11-1997,"
Alm. Salg",2.883,5,Villa,121,1934,,Aktuel værdi
Spurvestræde 30,4862 Guldborg,120.000,30-10-1997,"
Alm. Salg",558,8,Villa,215,1957,,Aktuel værdi
Storstrømsvej 20,4862 Guldborg,228.428,27-10-1997,"
Andet",1.757,5,Villa,130,1912,,Aktuel værdi
Majbøllevej 34,4862 Guldborg,381.800,22-10-1997,"
Alm. Salg",4.772,4,Villa,80,1880,,Aktuel værdi
Storstrømsvej 4,4862 Guldborg,371.500,07-09-1997,"
Alm. Salg",3.258,4,Rækkehus,114,1902,,Aktuel værdi
Præstestræde 51,4862 Guldborg,746.700,13-08-1997,"
Alm. Salg",5.490,4,Villa,136,1978,,Aktuel værdi
Nordskovvej 12,4862 Guldborg,250.000,04-08-1997,"
Fam. Salg",3.906,3,Villa,64,1856,,Aktuel værdi
Vigsnæs Byvej 36,4862 Guldborg,2.482.000,23-06-1997,"
Alm. Salg",11.932,6,Stuehus,208,1957,,
Majbølle Byvej 83,4862 Guldborg,80.000,26-05-1997,"
Alm. Salg",-,3,Villa,137,1903,,Aktuel værdi
Bystævnet 13,4862 Guldborg,517.000,05-05-1997,"
Alm. Salg",3.446,4,Villa,150,1969,,Aktuel værdi
Guldborgvej 268,4862 Guldborg,400.000,14-04-1997,"
Fam. Salg",3.478,4,Villa,115,1950,,Aktuel værdi
Guldborghave 48,4862 Guldborg,87.594,05-03-1997,"
Alm. Salg",540,4,Villa,162,1998,,Aktuel værdi
Vigsnæsvej 66,4862 Guldborg,1.742.500,20-02-1997,"
Fam. Salg",10.496,4,Stuehus,166,1908,,
Nordskovvej 10,4862 Guldborg,155.000,06-12-1996,"
Alm. Salg",1.987,3,Villa,78,1900,,Aktuel værdi
Storstrømsvej 48,4862 Guldborg,290.000,29-11-1996,"
Alm. Salg",3.152,3,Villa,92,1923,,Aktuel værdi
Smalbyvej 4,4862 Guldborg,364.281,20-11-1996,"
Alm. Salg",2.759,4,Villa,132,1777,,Aktuel værdi
Statshusvej 9,4862 Guldborg,569.000,12-10-1996,"
Alm. Salg",5.865,3,Villa,97,1932,,Aktuel værdi
Guldborgvej 160,4862 Guldborg,378.072,12-10-1996,"
Alm. Salg",-,6,Villa,202,1938,,Aktuel værdi
Smalbyvej 5,4862 Guldborg,619.200,02-09-1996,"
Alm. Salg",3.347,6,Stuehus,185,1900,,
Sundby Skovvej 5,4862 Guldborg,130.000,26-08-1996,"
Alm. Salg",1.300,3,Villa,100,1850,,Aktuel værdi
Sundbyvej 23,4862 Guldborg,325.000,19-08-1996,"
Alm. Salg",1.867,5,Villa,174,1880,,Aktuel værdi
Guldborgvej 221,4862 Guldborg,314.000,16-08-1996,"
Fam. Salg",1.962,5,Villa,160,1880,,Aktuel værdi
Nyvej 12,4862 Guldborg,275.000,29-07-1996,"
Alm. Salg",3.928,3,Villa,70,1935,,Aktuel værdi
Sundbyvej 17,4862 Guldborg,32.572,10-07-1996,"
Alm. Salg",147,8,Villa,221,1890,,Aktuel værdi
Norvej 4,4862 Guldborg,270.000,31-05-1996,"
Alm. Salg",-,5,Villa,174,1909,,Aktuel værdi
Grubbevej 10,4862 Guldborg,1.150.000,20-12-1995,"
Andet",5.399,6,Stuehus,213,1965,,
Egevej 12,4862 Guldborg,350.000,21-10-1995,"
Alm. Salg",4.022,4,Villa,87,1963,,Aktuel værdi
Majbøllevej 22,4862 Guldborg,310.000,20-10-1995,"
Alm. Salg",2.094,4,Villa,148,1900,,Aktuel værdi
Vestermark 26,4862 Guldborg,251.250,16-10-1995,"
Alm. Salg",-,5,Villa,140,1901,,Aktuel værdi
Guldborgvej 194,4862 Guldborg,126.745,28-09-1995,"
Fam. Salg",1.131,5,Villa,112,1880,,Aktuel værdi
Guldborgvej 280,4862 Guldborg,150.000,25-09-1995,"
Alm. Salg",1.744,5,Villa,86,1903,,Aktuel værdi
Guldborgvej 278,4862 Guldborg,200.000,25-09-1995,"
Alm. Salg",2.197,5,Villa,91,1903,,Aktuel værdi
Sundby Skovvej 10,4862 Guldborg,365.000,17-09-1995,"
Alm. Salg",3.041,4,Villa,120,1946,,Aktuel værdi
Guldborgvej 153,4862 Guldborg,425.000,20-06-1995,"
Alm. Salg",3.244,5,Villa,131,1871,,Aktuel værdi
Majbøllevej 46,4862 Guldborg,245.000,09-06-1995,"
Alm. Salg",2.227,5,Villa,110,1850,,Aktuel værdi
Vigsnæs Byvej 1,4862 Guldborg,335.000,11-05-1995,"
Alm. Salg",2.768,3,Villa,121,1954,,Aktuel værdi
Spurvestræde 15,4862 Guldborg,100.000,08-02-1995,"
Alm. Salg",625,5,Villa,160,1880,,Aktuel værdi
Storstrømsvej 62,4862 Guldborg,256.985,23-12-1994,"
Alm. Salg",3.472,3,Villa,74,1900,,Aktuel værdi
Sundbyvej 20B,4862 Guldborg,125.000,12-12-1994,"
Alm. Salg",1.404,3,Villa,89,1900,,Aktuel værdi
Storstrømsvej 7,4862 Guldborg,393.000,22-08-1994,"
Alm. Salg",6.140,4,Villa,64,1871,,Aktuel værdi
Vigsnæsvej 43,4862 Guldborg,240.000,10-08-1994,"
Alm. Salg",2.790,4,Villa,86,1920,,Aktuel værdi
Strandvej 10,4862 Guldborg,368.000,21-07-1994,"
Alm. Salg",3.833,3,Villa,96,1910,,Aktuel værdi
Vigsnæsvej 32,4862 Guldborg,424.030,29-06-1994,"
Alm. Salg",2.255,6,Villa,188,1936,,Aktuel værdi
Bystævnet 1,4862 Guldborg,395.000,24-06-1994,"
Alm. Salg",3.376,4,Villa,117,1967,,Aktuel værdi
Skovvænget 1,4862 Guldborg,493.264,25-05-1994,"
Alm. Salg",3.708,4,Villa,133,1976,,Aktuel værdi
Guldborgvej 115,4862 Guldborg,310.000,18-04-1994,"
Alm. Salg",2.627,5,Villa,118,1930,,Aktuel værdi
Guldborgvej 219,4862 Guldborg,415.000,10-02-1994,"
Alm. Salg",2.243,6,Villa,185,1880,,Aktuel værdi
Storstrømsvej 34,4862 Guldborg,482.000,25-01-1994,"
Alm. Salg",3.012,7,Villa,160,1929,,Aktuel værdi
Vestermark 5,4862 Guldborg,320.000,15-07-1993,"
Alm. Salg",-,4,Villa,130,1910,,Aktuel værdi
Kaløvej 68,4862 Guldborg,3.807.777,01-05-1993,"
Fam. Salg",12.126,8,Stuehus,314,1901,,
Kaløvej 81,4862 Guldborg,43.000,21-04-1993,"
Alm. Salg",537,4,Villa,80,1948,,Aktuel værdi
Nyvej 5,4862 Guldborg,285.000,07-04-1993,"
Alm. Salg",3.518,5,Villa,81,1935,,Aktuel værdi
Sundbyvej 22,4862 Guldborg,155.000,26-03-1993,"
Alm. Salg",571,11,Villa,271,1800,,Aktuel værdi
Norvej 6,4862 Guldborg,100.000,10-12-1992,"
Fam. Salg",-,3,Villa,109,1916,,Aktuel værdi
Storstrømsvej 46,4862 Guldborg,220.000,25-10-1992,"
Alm. Salg",2.268,4,Villa,97,1915,,Aktuel værdi
Sundby Skovvej 2,4862 Guldborg,51.400,19-10-1992,"
Alm. Salg",503,3,Villa,102,1848,,Aktuel værdi
Vigsnæsvej 67,4862 Guldborg,310.000,23-07-1992,"
Alm. Salg",3.195,3,Villa,97,1949,,Aktuel værdi
Egevej 8,4862 Guldborg,165.000,14-07-1992,"
Alm. Salg",1.683,3,Villa,98,1949,,Aktuel værdi
Statshusvej 5,4862 Guldborg,375.000,11-06-1992,"
Alm. Salg",-,5,Villa,174,1930,,Aktuel værdi
Storstrømsvej 25A,4862 Guldborg,750.000,18-05-1992,"
Alm. Salg",4.901,4,Villa,153,1987,,Aktuel værdi
Sundbyvej 26,4862 Guldborg,264.500,27-04-1992,"
Alm. Salg",2.099,5,Villa,126,1924,,Aktuel værdi
Storstrømsvej 19,4862 Guldborg,325.000,25-03-1992,"
Fam. Salg",4.513,4,Rækkehus,72,1916,,Aktuel værdi
Vigsnæsvej 23,4862 Guldborg,225.000,13-02-1992,"
Alm. Salg",2.064,6,Villa,109,1904,,Aktuel værdi
