address,zip_code,price,sell_date,sell_type,price_per_sq_m,no_rooms,housing_type,size_in_sq_m,year_of_construction,price_change_in_pct
Sakskøbingvej 5,4880 Nysted,273.416,09-05-2017,"
Fam. Salg",2.485,3,Villa,110,1943,,Aktuel værdi
Birkely 87,4880 Nysted,977.500,08-05-2017,"
Fam. Salg",14.589,4,Sommerhus,67,1976,,Aktuel værdi
Skansevej 25,4880 Nysted,315.000,21-04-2017,"
Alm. Salg",8.076,3,Sommerhus,39,1973,,Aktuel værdi
Vantorevej 90,4880 Nysted,100.000,21-03-2017,"
Alm. Salg",1.111,4,Villa,90,1904,,Aktuel værdi
Solgårdsvej 8,4880 Nysted,810.000,21-03-2017,"
Alm. Salg",5.225,4,Villa,155,1900,-2 %,Aktuel værdi
Kirkestien 2C,4880 Nysted,235.000,18-03-2017,"
Alm. Salg",2.216,4,Rækkehus,106,1979,,Aktuel værdi
Nysted Skov 3,4880 Nysted,325.000,16-03-2017,"
Alm. Salg",2.600,3,Villa,125,1912,,Aktuel værdi
Birkely 30,4880 Nysted,490.000,07-03-2017,"
Fam. Salg",9.607,12,Sommerhus,51,1977,,Aktuel værdi
Kløverrevle 20,4880 Nysted,132.477,01-03-2017,"
Fam. Salg",1.977,3,Sommerhus,67,1982,,Aktuel værdi
Birkely 82,4880 Nysted,485.000,23-02-2017,"
Alm. Salg",6.928,4,Sommerhus,70,1979,-17 %,Aktuel værdi
Strandhus Alleen 22,4880 Nysted,1.000.000,21-02-2017,"
Alm. Salg",9.523,4,Stuehus,105,1827,,
Solgårdsvej 12,4880 Nysted,75.000,21-02-2017,"
Alm. Salg",765,4,Villa,98,1913,-21 %,Aktuel værdi
Sakskøbingvej 32,4880 Nysted,210.000,14-02-2017,"
Alm. Salg",1.400,3,Villa,150,1969,-16 %,Aktuel værdi
Havnegade 6,4880 Nysted,450.000,13-02-2017,"
Fam. Salg",5.172,2,Villa,87,1957,,Aktuel værdi
Adelgade 7,4880 Nysted,195.000,01-02-2017,"
Alm. Salg",2.010,4,Rækkehus,97,1900,,Aktuel værdi
Vantorevej 107,4880 Nysted,75.000,01-02-2017,"
Alm. Salg",892,4,Villa,84,1880,,Aktuel værdi
Sakskøbingvej 45,4880 Nysted,495.000,31-01-2017,"
Alm. Salg",2.500,8,Villa,198,1944,0 %,Aktuel værdi
Tågense Engvej 4,4880 Nysted,100.000,24-01-2017,"
Alm. Salg",1.086,4,Villa,92,1842,,Aktuel værdi
"Ny Østergade 6, ST. TH",4880 Nysted,4.600.000,12-01-2017,"
Alm. Salg",64.788,2,Lejlighed,71,1847,,Aktuel værdi
Østergade 15,4880 Nysted,200.000,12-01-2017,"
Alm. Salg",888,8,Rækkehus,225,1855,-32 %,Aktuel værdi
Strandvejen 55,4880 Nysted,286.000,10-01-2017,"
Alm. Salg",3.487,3,Villa,82,1856,-28 %,Aktuel værdi
Adelgade 77,4880 Nysted,800.000,19-12-2016,"
Alm. Salg",5.839,4,Rækkehus,137,1925,-24 %,Aktuel værdi
Sdr Kongemarksvej 3,4880 Nysted,756.500,15-12-2016,"
Fam. Salg",3.782,6,Villa,200,1965,,Aktuel værdi
Gartnerparken 58,4880 Nysted,275.000,09-12-2016,"
Alm. Salg",4.583,2,Rækkehus,60,1976,,Aktuel værdi
Skovstræde 19,4880 Nysted,345.000,01-12-2016,"
Fam. Salg",1.316,6,Villa,262,1908,,Aktuel værdi
Østersvej 4,4880 Nysted,1.600.000,01-12-2016,"
Alm. Salg",13.913,5,Sommerhus,115,2007,,Aktuel værdi
Brydebjergvej 5,4880 Nysted,655.000,30-11-2016,"
Fam. Salg",4.781,5,Villa,137,1962,,Aktuel værdi
Vognmandsmarken 18,4880 Nysted,750.000,30-11-2016,"
Alm. Salg",3.676,4,Villa,204,1972,-6 %,Aktuel værdi
Birkely 59,4880 Nysted,715.000,28-11-2016,"
Alm. Salg",10.362,4,Sommerhus,69,1980,-10 %,Aktuel værdi
Gartnerparken 50,4880 Nysted,300.000,23-11-2016,"
Alm. Salg",5.000,2,Rækkehus,60,1975,,Aktuel værdi
Adelgade 98A,4880 Nysted,450.000,22-11-2016,"
Alm. Salg",6.164,3,Rækkehus,73,1840,,Aktuel værdi
Billevej 2A,4880 Nysted,50.000,13-11-2016,"
Andet",255,5,Villa,196,1880,,Aktuel værdi
"Adelgade 5, 1",4880 Nysted,460.171,09-11-2016,"
Auktion",3.652,4,Lejlighed,126,1909,,Aktuel værdi
Bagstræde 1,4880 Nysted,300.000,29-10-2016,"
Alm. Salg",2.068,8,Villa,145,1954,-14 %,Aktuel værdi
Lille Mussevej 1,4880 Nysted,595.000,28-10-2016,"
Alm. Salg",2.245,7,Villa,265,1912,-8 %,Aktuel værdi
Birkely 11,4880 Nysted,765.000,13-10-2016,"
Alm. Salg",11.086,3,Sommerhus,69,1998,-7 %,Aktuel værdi
Rosenvænget 40,4880 Nysted,300.000,11-10-2016,"
Fam. Salg",2.083,3,Villa,144,1975,-45 %,Aktuel værdi
Wichmandsvej 46,4880 Nysted,480.000,10-10-2016,"
Alm. Salg",3.137,5,Villa,153,1970,-20 %,Aktuel værdi
Kallehavevej 17,4880 Nysted,1.100.000,23-09-2016,"
Alm. Salg",5.820,5,Villa,189,1894,-6 %,Aktuel værdi
Østergade 45,4880 Nysted,140.000,25-07-2016,"
Alm. Salg",2.857,2,Rækkehus,49,1843,-20 %,Aktuel værdi
Musse Gade 2,4880 Nysted,275.000,25-07-2016,"
Alm. Salg",2.067,5,Villa,133,1930,-8 %,Aktuel værdi
Rosenvænget 35,4880 Nysted,940.000,17-07-2016,"
Alm. Salg",6.619,4,Villa,142,2008,-6 %,Aktuel værdi
Fiskergade 23,4880 Nysted,410.000,14-07-2016,"
Alm. Salg",3.504,3,Villa,117,1965,-17 %,Aktuel værdi
Egholmvej 10A,4880 Nysted,665.000,12-07-2016,"
Alm. Salg",4.208,4,Villa,158,1973,0 %,Aktuel værdi
Strandhus Alleen 4,4880 Nysted,550.000,11-07-2016,"
Fam. Salg",4.782,4,Villa,115,1914,,Aktuel værdi
Vantorevej 67,4880 Nysted,266.500,08-07-2016,"
Fam. Salg",3.331,3,Villa,80,1938,,Aktuel værdi
Adelgade 71,4880 Nysted,114.000,01-07-2016,"
Fam. Salg",3.562,2,Villa,32,1884,,Aktuel værdi
Gartnerparken 4,4880 Nysted,160.000,30-06-2016,"
Alm. Salg",3.636,1,Rækkehus,44,1971,-20 %,Aktuel værdi
Trepilevej 2,4880 Nysted,260.000,28-06-2016,"
Fam. Salg",3.058,3,Villa,85,1921,,Aktuel værdi
Østvej 4,4880 Nysted,17.923.362,14-06-2016,"
Alm. Salg",81.101,7,Stuehus,221,1931,,
Adelgade 82,4880 Nysted,730.000,30-05-2016,"
Alm. Salg",6.576,4,Villa,111,1876,-3 %,Aktuel værdi
Birkely 12,4880 Nysted,100.000,23-05-2016,"
Andet",2.564,2,Sommerhus,39,1990,,Aktuel værdi
Skovstræde 4,4880 Nysted,128.358,18-05-2016,"
Auktion",965,4,Rækkehus,133,1910,-49 %,Aktuel værdi
Adelgade 34,4880 Nysted,695.000,07-05-2016,"
Alm. Salg",4.512,5,Rækkehus,154,1855,0 %,Aktuel værdi
Skansevej 28,4880 Nysted,1.300.000,26-03-2016,"
Fam. Salg",9.701,5,Villa,134,1915,-18 %,Aktuel værdi
Tågense Engvej 8,4880 Nysted,695.000,16-03-2016,"
Alm. Salg",6.950,3,Sommerhus,100,1993,0 %,Aktuel værdi
Mårbækvej 4,4880 Nysted,130.000,15-03-2016,"
Alm. Salg",1.083,3,Villa,120,1962,-33 %,Aktuel værdi
Birkely 22,4880 Nysted,315.000,14-03-2016,"
Alm. Salg",7.875,3,Sommerhus,40,1976,-10 %,Aktuel værdi
Bøgely 4,4880 Nysted,1.110.000,04-03-2016,"
Alm. Salg",10.571,4,Sommerhus,105,2009,-1 %,Aktuel værdi
Østerrevle 10,4880 Nysted,1.330.000,02-03-2016,"
Alm. Salg",13.168,5,Sommerhus,101,1999,-5 %,Aktuel værdi
Sønderhavevej 2,4880 Nysted,1.890.000,26-02-2016,"
Alm. Salg",17.181,3,Stuehus,110,1921,,
Fiskergade 1A,4880 Nysted,200.000,25-02-2016,"
Alm. Salg",2.500,3,Villa,80,1649,-20 %,Aktuel værdi
Solsortvej 10,4880 Nysted,1.650.000,24-02-2016,"
Alm. Salg",7.857,5,Villa,210,1974,-5 %,Aktuel værdi
Billevej 9,4880 Nysted,437.500,22-02-2016,"
Alm. Salg",3.240,6,Villa,135,1897,,Aktuel værdi
Gartnerparken 56,4880 Nysted,300.000,02-02-2016,"
Alm. Salg",5.000,2,Rækkehus,60,1976,,Aktuel værdi
Østersvej 1,4880 Nysted,1.385.000,30-01-2016,"
Alm. Salg",14.734,4,Sommerhus,94,2007,-7 %,Aktuel værdi
Østerrevle 6,4880 Nysted,650.000,26-01-2016,"
Fam. Salg",9.701,3,Sommerhus,67,1981,,Aktuel værdi
Adelgade 73,4880 Nysted,85.000,11-01-2016,"
Alm. Salg",850,5,Rækkehus,100,1761,-15 %,Aktuel værdi
Søndergade 3,4880 Nysted,450.000,04-01-2016,"
Alm. Salg",3.781,5,Rækkehus,119,1890,-22 %,Aktuel værdi
Brydebjergvej 3,4880 Nysted,274.000,16-12-2015,"
Auktion",2.000,5,Villa,137,1962,,Aktuel værdi
Gadeparterne 11,4880 Nysted,325.000,09-12-2015,"
Auktion",2.754,4,Villa,118,1977,-18 %,Aktuel værdi
Birkely 49,4880 Nysted,155.000,17-11-2015,"
Alm. Salg",7.045,2,Sommerhus,22,1980,,Aktuel værdi
Østergade 39,4880 Nysted,595.000,13-11-2015,"
Alm. Salg",7.256,2,Rækkehus,82,1840,0 %,Aktuel værdi
Birkely 7,4880 Nysted,480.000,26-10-2015,"
Alm. Salg",10.666,3,Sommerhus,45,1979,,Aktuel værdi
Ndr Kongemarksvej 16,4880 Nysted,390.000,25-10-2015,"
Alm. Salg",4.588,3,Rækkehus,85,1974,-21 %,Aktuel værdi
Musse Gade 6,4880 Nysted,125.000,21-10-2015,"
Auktion",868,4,Villa,144,1964,,Aktuel værdi
Vantorevej 96,4880 Nysted,420.000,19-10-2015,"
Andet",3.157,5,Sommerhus,133,1913,,Aktuel værdi
Vantore Strandvej 1,4880 Nysted,50.000,16-10-2015,"
Fam. Salg",263,6,Villa,190,1913,,Aktuel værdi
Lærkevej 2,4880 Nysted,800.000,13-10-2015,"
Alm. Salg",7.142,4,Villa,112,1973,-3 %,Aktuel værdi
Birkely 74,4880 Nysted,500.000,12-10-2015,"
Alm. Salg",8.064,4,Sommerhus,62,1979,-13 %,Aktuel værdi
Mallehavevej 3,4880 Nysted,400.000,07-10-2015,"
Alm. Salg",3.738,3,Sommerhus,107,1903,-16 %,Aktuel værdi
Birkely 80,4880 Nysted,650.000,30-09-2015,"
Alm. Salg",11.403,4,Sommerhus,57,1980,-6 %,Aktuel værdi
Birkely 40,4880 Nysted,250.000,23-09-2015,"
Alm. Salg",6.578,3,Sommerhus,38,1983,,Aktuel værdi
Vantorevej 44,4880 Nysted,840.000,17-09-2015,"
Fam. Salg",3.485,5,Villa,241,1912,,Aktuel værdi
Østerrevle 16,4880 Nysted,500.000,17-09-2015,"
Alm. Salg",6.666,4,Sommerhus,75,1982,-7 %,Aktuel værdi
Sakskøbingvej 43,4880 Nysted,60.000,16-09-2015,"
Auktion",722,3,Rækkehus,83,1777,,Aktuel værdi
Skovstræde 16,4880 Nysted,700.000,08-09-2015,"
Alm. Salg",3.301,5,Villa,212,1900,-18 %,Aktuel værdi
Drosselvej 3,4880 Nysted,480.000,21-08-2015,"
Alm. Salg",4.173,4,Villa,115,1973,-19 %,Aktuel værdi
Adelgade 90,4880 Nysted,1.620.000,16-08-2015,"
Alm. Salg",10.125,4,Rækkehus,160,1868,-4 %,Aktuel værdi
Kallehavevej 3,4880 Nysted,1.089.000,14-08-2015,"
Alm. Salg",11.112,3,Villa,98,1901,,Aktuel værdi
Adelgade 14,4880 Nysted,850.000,10-08-2015,"
Alm. Salg",5.592,6,Rækkehus,152,1891,-5 %,Aktuel værdi
Rosenvænget 1,4880 Nysted,1.150.000,01-08-2015,"
Alm. Salg",7.324,5,Villa,157,2006,-8 %,Aktuel værdi
Gartnerparken 46,4880 Nysted,250.000,15-07-2015,"
Alm. Salg",4.166,2,Rækkehus,60,1975,-9 %,Aktuel værdi
Byfoged Holcksvej 13,4880 Nysted,775.000,08-07-2015,"
Alm. Salg",5.201,4,Villa,149,1971,-11 %,Aktuel værdi
Gadeparterne 1,4880 Nysted,298.319,08-07-2015,"
Andet",2.226,5,Villa,134,1978,,Aktuel værdi
Tågense Engvej 7,4880 Nysted,2.000.000,07-07-2015,"
Alm. Salg",10.471,6,Villa,191,1880,-9 %,Aktuel værdi
Wichmandsvej 50,4880 Nysted,400.000,22-06-2015,"
Alm. Salg",4.210,4,Rækkehus,95,1976,-16 %,Aktuel værdi
Gartnerparken 10,4880 Nysted,200.000,05-06-2015,"
Alm. Salg",4.545,1,Rækkehus,44,1971,-18 %,Aktuel værdi
Vantorevej 51,4880 Nysted,150.000,28-05-2015,"
Auktion",1.000,4,Villa,150,1942,-23 %,Aktuel værdi
Fiskergade 17,4880 Nysted,750.000,26-05-2015,"
Alm. Salg",8.152,3,Rækkehus,92,1911,,Aktuel værdi
Gartnerparken 32,4880 Nysted,225.000,04-05-2015,"
Alm. Salg",3.750,2,Rækkehus,60,1973,-10 %,Aktuel værdi
Strandvejen 17,4880 Nysted,1.500.000,20-04-2015,"
Alm. Salg",9.375,5,Villa,160,1980,-14 %,Aktuel værdi
Sakskøbingvej 89,4880 Nysted,395.000,15-04-2015,"
Alm. Salg",2.668,6,Villa,148,1939,-19 %,Aktuel værdi
Søvej 12,4880 Nysted,1.545.000,30-03-2015,"
Alm. Salg",12.070,4,Villa,128,1972,0 %,Aktuel værdi
Østergade 21,4880 Nysted,349.000,18-03-2015,"
Alm. Salg",4.780,3,Rækkehus,73,1840,0 %,Aktuel værdi
Sakskøbingvej 70,4880 Nysted,275.500,18-03-2015,"
Auktion",2.152,5,Villa,128,1900,,Aktuel værdi
Muslingevej 9,4880 Nysted,2.500.000,18-03-2015,"
Alm. Salg",21.739,5,Sommerhus,115,2007,-7 %,Aktuel værdi
Fjordvej 8,4880 Nysted,1.175.000,12-03-2015,"
Alm. Salg",12.113,4,Villa,97,1965,-27 %,Aktuel værdi
Bøgely 1,4880 Nysted,695.000,02-03-2015,"
Alm. Salg",12.192,4,Sommerhus,57,2015,,Aktuel værdi
Fiskergade 10B,4880 Nysted,136.994,25-02-2015,"
Auktion",1.212,4,Rækkehus,113,1857,,Aktuel værdi
Vognmandsmarken 2,4880 Nysted,725.000,21-02-2015,"
Alm. Salg",6.092,3,Villa,119,1973,-9 %,Aktuel værdi
Birkely 25,4880 Nysted,800.000,09-02-2015,"
Alm. Salg",9.638,5,Sommerhus,83,1977,-6 %,Aktuel værdi
Østerrevle 8,4880 Nysted,420.000,07-02-2015,"
Alm. Salg",6.774,4,Sommerhus,62,1976,-13 %,Aktuel værdi
Sakskøbingvej 11,4880 Nysted,114.000,21-01-2015,"
Alm. Salg",1.701,4,Villa,67,1935,-33 %,Aktuel værdi
Tværvej 2,4880 Nysted,300.000,07-01-2015,"
Alm. Salg",1.612,6,Villa,186,1937,0 %,Aktuel værdi
Sakskøbingvej 103,4880 Nysted,35.000,02-01-2015,"
Alm. Salg",294,5,Villa,119,1915,,Aktuel værdi
Gl Torv 15,4880 Nysted,560.000,18-12-2014,"
Alm. Salg",5.137,4,Villa,109,1933,-14 %,Aktuel værdi
Våsenvej 1A,4880 Nysted,5.421.527,09-12-2014,"
Andet",19.362,7,Stuehus,280,1914,,
Kallehavevej 23,4880 Nysted,300.000,25-11-2014,"
Fam. Salg",2.127,4,Villa,141,1941,,Aktuel værdi
Strandvejen 39,4880 Nysted,1.450.000,06-11-2014,"
Alm. Salg",7.712,5,Villa,188,1855,-13 %,Aktuel værdi
Birkely 60,4880 Nysted,570.000,22-10-2014,"
Alm. Salg",9.500,4,Sommerhus,60,1979,-4 %,Aktuel værdi
Birkely 96,4880 Nysted,915.200,22-10-2014,"
Fam. Salg",10.895,4,Sommerhus,84,1979,,Aktuel værdi
Kallehavevej 9,4880 Nysted,270.000,18-10-2014,"
Alm. Salg",2.647,4,Villa,102,1966,-8 %,Aktuel værdi
Birkely 53,4880 Nysted,1.200.000,27-09-2014,"
Alm. Salg",14.117,4,Sommerhus,85,1979,0 %,Aktuel værdi
Bomstræde 3,4880 Nysted,225.000,26-09-2014,"
Alm. Salg",2.678,2,Rækkehus,84,1860,,Aktuel værdi
Kirkestien 2B,4880 Nysted,420.000,26-09-2014,"
Alm. Salg",3.962,4,Rækkehus,106,1978,-15 %,Aktuel værdi
Vantorevej 27B,4880 Nysted,500.000,24-09-2014,"
Alm. Salg",4.545,3,Villa,110,1976,-8 %,Aktuel værdi
Sakskøbingvej 59A,4880 Nysted,195.000,23-09-2014,"
Alm. Salg",2.191,3,Villa,89,1938,,Aktuel værdi
Wichmandsvej 48,4880 Nysted,550.000,11-09-2014,"
Alm. Salg",3.846,4,Villa,143,1969,-15 %,Aktuel værdi
Adelgade 103,4880 Nysted,459.000,02-09-2014,"
Fam. Salg",5.884,4,Villa,78,1834,-7 %,Aktuel værdi
Birkely 48,4880 Nysted,750.000,28-08-2014,"
Alm. Salg",9.375,4,Sommerhus,80,1985,-12 %,Aktuel værdi
Fjordvej 23,4880 Nysted,1.200.000,18-08-2014,"
Alm. Salg",8.888,4,Villa,135,1970,-4 %,Aktuel værdi
Sakskøbingvej 72,4880 Nysted,120.000,13-08-2014,"
Alm. Salg",1.052,5,Villa,114,1827,,Aktuel værdi
Skårupvej 1,4880 Nysted,495.000,10-08-2014,"
Fam. Salg",2.171,7,Stuehus,228,1906,,
Slotsgade 4,4880 Nysted,812.500,28-07-2014,"
Alm. Salg",6.250,4,Villa,130,1891,-18 %,Aktuel værdi
Ved Havnen 1,4880 Nysted,650.000,30-06-2014,"
Alm. Salg",6.435,3,Villa,101,1900,,Aktuel værdi
Vognmandsmarken 4,4880 Nysted,775.000,26-06-2014,"
Alm. Salg",5.871,4,Villa,132,1973,-6 %,Aktuel værdi
Birkely 42,4880 Nysted,170.000,23-06-2014,"
Alm. Salg",-,3,Sommerhus,60,1978,,Aktuel værdi
"Adelgade 38, ST",4880 Nysted,1.000.000,10-06-2014,"
Alm. Salg",2.688,9,Rækkehus,372,1934,-7 %,Aktuel værdi
Strandvejen 31,4880 Nysted,545.000,04-06-2014,"
Alm. Salg",5.450,5,Rækkehus,100,1912,-8 %,Aktuel værdi
Birkely 55,4880 Nysted,560.000,31-05-2014,"
Alm. Salg",9.491,4,Sommerhus,59,1979,-6 %,Aktuel værdi
Vantorevej 29,4880 Nysted,260.000,28-05-2014,"
Auktion",935,7,Villa,278,1926,,Aktuel værdi
Jernbanegade 15,4880 Nysted,135.000,22-05-2014,"
Alm. Salg",754,6,Villa,179,1912,-46 %,Aktuel værdi
Birkely 33,4880 Nysted,315.000,14-05-2014,"
Alm. Salg",6.300,3,Sommerhus,50,1976,-16 %,Aktuel værdi
Solgårdsvej 10,4880 Nysted,489.000,14-05-2014,"
Alm. Salg",4.075,5,Villa,120,1948,0 %,Aktuel værdi
Kirkestien 6A,4880 Nysted,200.000,08-05-2014,"
Alm. Salg",1.123,7,Villa,178,1917,-38 %,Aktuel værdi
Musse Gade 14,4880 Nysted,58.001,30-04-2014,"
Auktion",852,2,Villa,68,1950,,Aktuel værdi
Holtevej 7,4880 Nysted,1.150.000,08-04-2014,"
Alm. Salg",5.227,7,Villa,220,1927,-14 %,Aktuel værdi
Adelgade 1A,4880 Nysted,235.000,26-03-2014,"
Auktion",3.263,2,Rækkehus,72,1895,,Aktuel værdi
Skovstræde 2,4880 Nysted,216.000,19-03-2014,"
Auktion",1.588,4,Villa,136,1890,,Aktuel værdi
Rosenvænget 30,4880 Nysted,1.125.000,12-03-2014,"
Alm. Salg",7.075,5,Villa,159,1977,-11 %,Aktuel værdi
Byfoged Holcksvej 3,4880 Nysted,850.000,07-03-2014,"
Alm. Salg",5.985,3,Villa,142,1972,-3 %,Aktuel værdi
Adelgade 44,4880 Nysted,583.500,07-03-2014,"
Alm. Salg",2.352,7,Villa,248,1750,,Aktuel værdi
Smedestræde 5,4880 Nysted,450.000,04-03-2014,"
Alm. Salg",3.214,4,Rækkehus,140,1870,-40 %,Aktuel værdi
Skovstræde 15,4880 Nysted,885.000,01-03-2014,"
Alm. Salg",4.916,6,Villa,180,1937,-9 %,Aktuel værdi
Lærkevej 1D,4880 Nysted,350.000,25-02-2014,"
Alm. Salg",4.929,2,Rækkehus,71,1985,-7 %,Aktuel værdi
Sdr Kongemarksvej 6,4880 Nysted,935.497,17-02-2014,"
Fam. Salg",2.998,7,Villa,312,1927,,Aktuel værdi
Ved Havnen 14,4880 Nysted,1.445.000,16-02-2014,"
Alm. Salg",5.780,7,Villa,250,1971,-19 %,Aktuel værdi
Byfoged Holcksvej 10,4880 Nysted,550.000,31-01-2014,"
Fam. Salg",3.767,5,Villa,146,1970,,Aktuel værdi
Kallehavevej 4,4880 Nysted,492.500,27-01-2014,"
Fam. Salg",4.104,5,Villa,120,1904,,Aktuel værdi
Sakskøbingvej 14,4880 Nysted,7.966.355,22-01-2014,"
Alm. Salg",47.138,7,Stuehus,169,1901,,
Østvej 6,4880 Nysted,882.480,08-01-2014,"
Alm. Salg",3.394,6,Stuehus,260,1893,,
Ved Havnen 6B,4880 Nysted,875.000,03-01-2014,"
Alm. Salg",4.861,4,Villa,180,1979,-40 %,Aktuel værdi
Dalmosevej 1,4880 Nysted,380.000,21-12-2013,"
Alm. Salg",2.968,4,Villa,128,1942,-4 %,Aktuel værdi
Kirkestien 9,4880 Nysted,370.000,15-12-2013,"
Fam. Salg",8.043,3,Rækkehus,46,1820,,Aktuel værdi
Sakskøbingvej 6,4880 Nysted,650.000,09-12-2013,"
Andet",3.631,5,Villa,179,1910,,Aktuel værdi
Brønholtvej 4,4880 Nysted,175.000,05-12-2013,"
Fam. Salg",-,4,Villa,96,1857,,Aktuel værdi
Adelgade 12,4880 Nysted,462.500,05-12-2013,"
Fam. Salg",2.267,5,Rækkehus,204,1902,,Aktuel værdi
Gartnerparken 62,4880 Nysted,191.000,04-12-2013,"
Auktion",3.183,2,Rækkehus,60,1976,-31 %,Aktuel værdi
Sakskøbingvej 44,4880 Nysted,90.000,20-11-2013,"
Auktion",671,4,Villa,134,1965,-45 %,Aktuel værdi
Gartnerparken 6,4880 Nysted,180.000,19-11-2013,"
Alm. Salg",4.090,1,Rækkehus,44,1971,-20 %,Aktuel værdi
Lærkevej 1A,4880 Nysted,450.000,14-11-2013,"
Fam. Salg",6.338,2,Rækkehus,71,1984,,Aktuel værdi
Østersøvej 1,4880 Nysted,270.000,12-11-2013,"
Alm. Salg",5.400,3,Sommerhus,50,1966,,Aktuel værdi
Aarestrupvej 11,4880 Nysted,980.000,01-11-2013,"
Alm. Salg",8.596,4,Villa,114,1973,-2 %,Aktuel værdi
Skibsbrostræde 4,4880 Nysted,1.000.000,28-10-2013,"
Alm. Salg",8.130,4,Villa,123,1968,-9 %,Aktuel værdi
Ved Havnen 10,4880 Nysted,775.000,13-10-2013,"
Alm. Salg",4.532,4,Villa,171,1972,-6 %,Aktuel værdi
Fjordvej 13,4880 Nysted,890.000,11-10-2013,"
Alm. Salg",7.739,4,Villa,115,1967,-1 %,Aktuel værdi
Fiskergade 7,4880 Nysted,250.000,03-10-2013,"
Alm. Salg",2.192,4,Villa,114,1943,0 %,Aktuel værdi
Lærkevej 1F,4880 Nysted,465.000,20-09-2013,"
Alm. Salg",6.549,2,Rækkehus,71,1985,-3 %,Aktuel værdi
Skovstræde 3A,4880 Nysted,250.000,19-09-2013,"
Alm. Salg",2.427,6,Villa,103,1938,28 %,Aktuel værdi
Wichmandsvej 37,4880 Nysted,318.000,06-09-2013,"
Alm. Salg",2.717,4,Villa,117,1936,-36 %,Aktuel værdi
Kirkestien 12,4880 Nysted,537.673,03-09-2013,"
Alm. Salg",4.135,4,Villa,130,1909,-38 %,Aktuel værdi
Egholmvej 28,4880 Nysted,12.500.000,19-08-2013,"
Alm. Salg",62.814,6,Stuehus,199,1983,,
Adelgade 1F,4880 Nysted,150.000,18-08-2013,"
Alm. Salg",1.181,7,Villa,127,1861,-67 %,Aktuel værdi
Byfoged Holcksvej 12,4880 Nysted,600.000,16-08-2013,"
Alm. Salg",5.357,4,Villa,112,1970,-14 %,Aktuel værdi
Kirkestien 8,4880 Nysted,900.000,13-08-2013,"
Alm. Salg",8.823,5,Villa,102,1908,-5 %,Aktuel værdi
Skansevej 12,4880 Nysted,1.050.000,17-07-2013,"
Alm. Salg",9.813,4,Villa,107,1963,-19 %,Aktuel værdi
Strandvejen 47,4880 Nysted,1.175.000,11-07-2013,"
Alm. Salg",12.634,4,Villa,93,1930,-9 %,Aktuel værdi
Vognmandsmarken 14,4880 Nysted,925.000,11-07-2013,"
Alm. Salg",6.702,4,Villa,138,1972,-7 %,Aktuel værdi
Kløverrevle 15,4880 Nysted,590.000,30-06-2013,"
Alm. Salg",9.218,3,Sommerhus,64,1979,-15 %,Aktuel værdi
Lindholmvej 3,4880 Nysted,595.000,21-06-2013,"
Alm. Salg",3.380,5,Villa,176,1976,-14 %,Aktuel værdi
Kallehavevej 27,4880 Nysted,325.000,12-06-2013,"
Auktion",2.443,4,Villa,133,1850,-64 %,Aktuel værdi
Gartnerparken 42,4880 Nysted,275.000,04-06-2013,"
Alm. Salg",4.583,2,Rækkehus,60,1975,-15 %,Aktuel værdi
Skovstræde 10,4880 Nysted,115.968,01-05-2013,"
Fam. Salg",1.159,3,Villa,100,1907,,Aktuel værdi
Fiskergade 12,4880 Nysted,705.500,10-04-2013,"
Fam. Salg",7.126,4,Rækkehus,99,1761,,Aktuel værdi
Adelgade 49,4880 Nysted,700.000,10-04-2013,"
Alm. Salg",5.035,6,Rækkehus,139,1908,,Aktuel værdi
Østergade 17,4880 Nysted,250.000,02-04-2013,"
Alm. Salg",2.232,4,Rækkehus,112,1761,-15 %,Aktuel værdi
Ndr Kongemarksvej 13,4880 Nysted,585.000,27-02-2013,"
Auktion",4.301,4,Villa,136,1974,-25 %,Aktuel værdi
Billevej 7,4880 Nysted,170.000,15-02-2013,"
Alm. Salg",1.214,5,Stuehus,140,1850,-42 %,
Søndergade 9,4880 Nysted,90.500,13-02-2013,"
Auktion",1.967,2,Rækkehus,46,1877,,Aktuel værdi
Lærkevej 1E,4880 Nysted,493.000,10-01-2013,"
Alm. Salg",7.144,2,Rækkehus,69,1985,,Aktuel værdi
Vestvej 5,4880 Nysted,10.000,09-01-2013,"
Alm. Salg",100,3,Villa,100,1900,,Aktuel værdi
Sakskøbingvej 53,4880 Nysted,7.324.035,03-01-2013,"
Alm. Salg",38.547,6,Stuehus,190,1877,,
Sakskøbingvej 73,4880 Nysted,4.516.465,03-01-2013,"
Alm. Salg",15.791,6,Stuehus,286,1926,,
Vantorevej 65,4880 Nysted,500.000,01-01-2013,"
Fam. Salg",2.702,6,Villa,185,1722,,Aktuel værdi
Jernbanegade 21,4880 Nysted,320.000,11-12-2012,"
Alm. Salg",1.729,6,Villa,185,1913,-19 %,Aktuel værdi
Marsvinvej 9,4880 Nysted,1.237.500,06-12-2012,"
Fam. Salg",10.760,5,Sommerhus,115,2006,,Aktuel værdi
Rosenvænget 38,4880 Nysted,650.000,21-11-2012,"
Alm. Salg",4.304,4,Villa,151,1975,-18 %,Aktuel værdi
Skansevej 16,4880 Nysted,1.100.000,14-11-2012,"
Alm. Salg",10.280,4,Villa,107,1961,-21 %,Aktuel værdi
Vantorevej 69,4880 Nysted,605.000,02-11-2012,"
Alm. Salg",5.817,4,Villa,104,1956,,Aktuel værdi
Rødstensrevle 4,4880 Nysted,675.000,01-11-2012,"
Alm. Salg",12.272,3,Sommerhus,55,1977,-9 %,Aktuel værdi
Vantorevej 55,4880 Nysted,200.000,30-10-2012,"
Alm. Salg",1.834,2,Villa,109,1907,-11 %,Aktuel værdi
Bagstræde 10A,4880 Nysted,75.000,28-09-2012,"
Alm. Salg",781,4,Villa,96,1900,-17 %,Aktuel værdi
Birkely 51,4880 Nysted,1.400.000,26-09-2012,"
Alm. Salg",18.181,3,Sommerhus,77,1979,,Aktuel værdi
Sakskøbingvej 33,4880 Nysted,285.612,21-09-2012,"
Auktion",1.763,5,Villa,162,1939,,Aktuel værdi
Vantorevej 60,4880 Nysted,140.000,18-09-2012,"
Alm. Salg",2.121,3,Villa,66,1910,-20 %,Aktuel værdi
"Ny Østergade 6, 1. TH",4880 Nysted,8.962.866,12-09-2012,"
Auktion",99.587,3,Lejlighed,90,1847,,Aktuel værdi
"Ny Østergade 6, ST. TV",4880 Nysted,8.962.866,12-09-2012,"
Auktion",113.454,3,Lejlighed,79,1847,,Aktuel værdi
"Ny Østergade 6, 1. TV",4880 Nysted,8.962.866,12-09-2012,"
Auktion",96.374,3,Lejlighed,93,1847,,Aktuel værdi
"Ny Østergade 8, ST. TH",4880 Nysted,8.962.866,12-09-2012,"
Auktion",131.806,2,Lejlighed,68,1847,,Aktuel værdi
"Ny Østergade 8, ST. TV",4880 Nysted,8.962.866,12-09-2012,"
Auktion",106.700,3,Lejlighed,84,1847,,Aktuel værdi
"Ny Østergade 8, 1. TH",4880 Nysted,8.962.866,12-09-2012,"
Auktion",104.219,3,Lejlighed,86,1847,,Aktuel værdi
"Ny Østergade 10, ST. MF",4880 Nysted,8.962.866,12-09-2012,"
Auktion",129.896,2,Lejlighed,69,1847,,Aktuel værdi
"Ny Østergade 10, ST. TV",4880 Nysted,8.962.866,12-09-2012,"
Auktion",126.237,2,Lejlighed,71,1847,,Aktuel værdi
"Ny Østergade 10, 1. MF",4880 Nysted,8.962.866,12-09-2012,"
Auktion",77.266,4,Lejlighed,116,1847,,Aktuel værdi
"Ny Østergade 10, ST. TH",4880 Nysted,8.962.866,12-09-2012,"
Auktion",133.774,2,Lejlighed,67,1847,,Aktuel værdi
"Ny Østergade 8, 1. TV",4880 Nysted,8.962.866,12-09-2012,"
Auktion",103.021,3,Lejlighed,87,1847,,Aktuel værdi
"Ny Østergade 10, 1. TV",4880 Nysted,8.962.866,12-09-2012,"
Auktion",101.850,2,Lejlighed,88,1847,,Aktuel værdi
"Ny Østergade 10, 1. TH",4880 Nysted,8.962.866,12-09-2012,"
Auktion",105.445,3,Lejlighed,85,1847,,Aktuel værdi
"Ny Østergade 12, ST. TH",4880 Nysted,8.962.866,12-09-2012,"
Auktion",100.706,3,Lejlighed,89,1847,,Aktuel værdi
"Ny Østergade 12, 1. TV",4880 Nysted,8.962.866,12-09-2012,"
Auktion",87.018,3,Lejlighed,103,1847,,Aktuel værdi
"Ny Østergade 12, 1. TH",4880 Nysted,8.962.866,12-09-2012,"
Auktion",100.706,3,Lejlighed,89,1847,,Aktuel værdi
"Ny Østergade 12, ST. TV",4880 Nysted,8.962.866,12-09-2012,"
Auktion",87.018,3,Lejlighed,103,1847,,Aktuel værdi
Sælvej 3,4880 Nysted,1.420.000,02-09-2012,"
Alm. Salg",15.106,4,Sommerhus,94,2007,-5 %,Aktuel værdi
Vantorevej 73,4880 Nysted,30.000,29-08-2012,"
Auktion",254,4,Villa,118,1865,-94 %,Aktuel værdi
Ved Havnen 6A,4880 Nysted,1.250.000,16-08-2012,"
Alm. Salg",8.620,4,Villa,145,1972,-3 %,Aktuel værdi
Gartnerparken 18,4880 Nysted,250.000,02-08-2012,"
Auktion",5.681,1,Rækkehus,44,1971,,Aktuel værdi
Gartnerparken 34,4880 Nysted,240.700,02-08-2012,"
Auktion",4.011,2,Rækkehus,60,1973,,Aktuel værdi
Gartnerparken 48,4880 Nysted,245.000,02-08-2012,"
Auktion",4.083,2,Rækkehus,60,1975,,Aktuel værdi
Skovstræde 11,4880 Nysted,240.000,25-07-2012,"
Auktion",2.307,4,Villa,104,1883,,Aktuel værdi
Mallehavevej 8,4880 Nysted,15.300.000,03-07-2012,"
Alm. Salg",54.838,7,Stuehus,279,1959,,
Søndergade 4,4880 Nysted,725.000,28-06-2012,"
Alm. Salg",5.894,3,Rækkehus,123,1873,-9 %,Aktuel værdi
Sakskøbingvej 13,4880 Nysted,375.000,27-06-2012,"
Andet",2.952,3,Villa,127,1817,,Aktuel værdi
Byfoged Holcksvej 9,4880 Nysted,825.000,25-06-2012,"
Alm. Salg",4.583,6,Villa,180,1970,-15 %,Aktuel værdi
Østersøvej 12,4880 Nysted,250.000,14-06-2012,"
Fam. Salg",3.571,4,Sommerhus,70,1965,,Aktuel værdi
Stubberupvej 9,4880 Nysted,400.000,06-06-2012,"
Auktion",838,8,Villa,477,1897,-73 %,Aktuel værdi
Stubberupvej 44,4880 Nysted,900.000,06-06-2012,"
Alm. Salg",8.653,5,Villa,104,1827,-10 %,Aktuel værdi
Wichmandsvej 42,4880 Nysted,895.000,31-05-2012,"
Alm. Salg",3.942,7,Villa,227,1970,-10 %,Aktuel værdi
Fjordvej 18,4880 Nysted,1.500.000,17-04-2012,"
Alm. Salg",10.135,4,Villa,148,1966,-12 %,Aktuel værdi
Adelgade 39,4880 Nysted,225.000,28-03-2012,"
Auktion",1.008,5,Rækkehus,223,1870,,Aktuel værdi
Sakskøbingvej 46,4880 Nysted,975.000,23-03-2012,"
Alm. Salg",3.175,8,Villa,307,1900,-1 %,Aktuel værdi
Aarestrupvej 13,4880 Nysted,700.000,21-03-2012,"
Alm. Salg",5.833,2,Villa,120,1956,-12 %,Aktuel værdi
Birkely 32,4880 Nysted,312.500,28-02-2012,"
Alm. Salg",6.127,4,Sommerhus,51,1978,,Aktuel værdi
Vantorevej 98,4880 Nysted,650.000,08-02-2012,"
Alm. Salg",5.416,4,Villa,120,1910,,Aktuel værdi
Sakskøbingvej 121,4880 Nysted,540.000,08-02-2012,"
Alm. Salg",6.136,4,Villa,88,1921,-9 %,Aktuel værdi
Bomstræde 5,4880 Nysted,60.000,07-02-2012,"
Alm. Salg",1.000,2,Rækkehus,60,1761,,Aktuel værdi
Ndr Kongemarksvej 6,4880 Nysted,695.000,03-01-2012,"
Alm. Salg",7.239,3,Rækkehus,96,1973,-7 %,Aktuel værdi
Strandvejen 77,4880 Nysted,1.245.000,29-12-2011,"
Alm. Salg",11.216,3,Villa,111,1884,0 %,Aktuel værdi
Strandhus Alleen 34,4880 Nysted,723.500,15-11-2011,"
Fam. Salg",5.882,6,Sommerhus,123,1922,,Aktuel værdi
Jernbanegade 25,4880 Nysted,450.000,15-11-2011,"
Alm. Salg",3.284,4,Villa,137,1914,-18 %,Aktuel værdi
Ndr Kongemarksvej 10,4880 Nysted,510.000,08-11-2011,"
Alm. Salg",5.368,3,Rækkehus,95,1973,-6 %,Aktuel værdi
Sakskøbingvej 20,4880 Nysted,850.000,14-10-2011,"
Alm. Salg",2.881,8,Villa,295,1924,-22 %,Aktuel værdi
Bomstræde 16,4880 Nysted,900.000,23-09-2011,"
Alm. Salg",7.377,3,Villa,122,1948,,Aktuel værdi
Bramsløkkevej 4,4880 Nysted,600.000,20-09-2011,"
Fam. Salg",5.172,5,Stuehus,116,1921,,
Rosenvænget 20,4880 Nysted,925.000,02-09-2011,"
Alm. Salg",5.640,5,Villa,164,1976,-23 %,Aktuel værdi
Stubberupvej 19,4880 Nysted,50.000,10-08-2011,"
Auktion",641,3,Villa,78,1900,-92 %,Aktuel værdi
Kløverrevle 1,4880 Nysted,1.000.000,24-06-2011,"
Alm. Salg",10.416,3,Sommerhus,96,1985,-13 %,Aktuel værdi
Skovstræde 14,4880 Nysted,415.000,17-06-2011,"
Alm. Salg",4.322,4,Villa,96,1902,,Aktuel værdi
Solsortvej 5,4880 Nysted,1.015.000,10-06-2011,"
Alm. Salg",5.935,4,Villa,171,1974,-12 %,Aktuel værdi
Søvej 3,4880 Nysted,1.000.000,16-05-2011,"
Alm. Salg",6.756,5,Villa,148,1934,-22 %,Aktuel værdi
Østergade 3,4880 Nysted,875.000,11-04-2011,"
Alm. Salg",7.291,6,Villa,120,1912,-6 %,Aktuel værdi
Stubberupvej 41,4880 Nysted,544.000,05-04-2011,"
Fam. Salg",4.814,5,Villa,113,1802,,Aktuel værdi
Adelgade 2C,4880 Nysted,925.000,30-03-2011,"
Alm. Salg",4.743,5,Villa,195,1953,-14 %,Aktuel værdi
Mårbækvej 2,4880 Nysted,600.000,29-03-2011,"
Alm. Salg",6.741,3,Villa,89,1973,-8 %,Aktuel værdi
Egholmvej 34,4880 Nysted,6.250.000,24-03-2011,"
Alm. Salg",75.301,3,Villa,83,1850,,Aktuel værdi
Fiskergade 16,4880 Nysted,287.500,21-03-2011,"
Andet",3.230,3,Rækkehus,89,1878,,Aktuel værdi
Søvej 2,4880 Nysted,875.000,21-03-2011,"
Alm. Salg",9.510,2,Villa,92,1939,-5 %,Aktuel værdi
Bomstræde 8,4880 Nysted,645.000,10-03-2011,"
Alm. Salg",6.649,4,Rækkehus,97,1895,0 %,Aktuel værdi
Wichmandsvej 21,4880 Nysted,652.250,09-03-2011,"
Auktion",5.435,4,Villa,120,1968,,Aktuel værdi
Adelgade 58A,4880 Nysted,2.300.000,08-03-2011,"
Alm. Salg",15.131,6,Villa,152,1939,-11 %,Aktuel værdi
Fiskergade 4,4880 Nysted,600.000,24-02-2011,"
Alm. Salg",3.225,3,Rækkehus,186,1847,,Aktuel værdi
Gartnerparken 16,4880 Nysted,365.000,18-01-2011,"
Alm. Salg",8.295,1,Rækkehus,44,1971,-3 %,Aktuel værdi
Holtevej 11,4880 Nysted,1.375.000,17-01-2011,"
Alm. Salg",11.088,5,Villa,124,1923,25 %,Aktuel værdi
Lindholmvej 7,4880 Nysted,625.000,11-01-2011,"
Auktion",8.561,4,Villa,73,1986,-10 %,Aktuel værdi
Sælvej 6,4880 Nysted,1.860.000,10-01-2011,"
Alm. Salg",16.173,5,Sommerhus,115,2007,-7 %,Aktuel værdi
Adelgade 100,4880 Nysted,715.000,06-01-2011,"
Alm. Salg",6.383,2,Villa,112,1833,,Aktuel værdi
Svanevangen 2,4880 Nysted,400.000,22-12-2010,"
Alm. Salg",3.669,4,Sommerhus,109,2012,,Aktuel værdi
Rosenvænget 12,4880 Nysted,1.330.000,21-12-2010,"
Alm. Salg",8.260,4,Villa,161,1975,-5 %,Aktuel værdi
Kirkestien 10,4880 Nysted,625.000,17-12-2010,"
Alm. Salg",4.844,4,Villa,129,1911,-10 %,Aktuel værdi
Sakskøbingvej 40A,4880 Nysted,260.000,16-12-2010,"
Alm. Salg",1.361,4,Villa,191,1840,-63 %,Aktuel værdi
Vantorevej 123,4880 Nysted,1.712.358,13-12-2010,"
Fam. Salg",6.008,10,Stuehus,285,1917,,
Kløverrevle 14,4880 Nysted,900.000,06-12-2010,"
Alm. Salg",15.254,3,Sommerhus,59,1978,-5 %,Aktuel værdi
Strandhus Alleen 10,4880 Nysted,1.500.000,02-12-2010,"
Andet",11.029,6,Stuehus,136,1914,,
Vantorevej 93,4880 Nysted,5.002,24-11-2010,"
Auktion",64,2,Villa,77,1892,-99 %,Aktuel værdi
Jernbanegade 14,4880 Nysted,615.000,17-11-2010,"
Alm. Salg",6.029,5,Rækkehus,102,1912,-2 %,Aktuel værdi
Stilund 6,4880 Nysted,587.000,15-11-2010,"
Fam. Salg",4.891,4,Sommerhus,120,1852,,Aktuel værdi
Kallehavevej 19,4880 Nysted,925.000,08-11-2010,"
Alm. Salg",8.409,5,Sommerhus,110,1900,-18 %,Aktuel værdi
Adelgade 89,4880 Nysted,35.223,01-11-2010,"
Fam. Salg",457,3,Rækkehus,77,1847,,Aktuel værdi
Bomstræde 7,4880 Nysted,75.000,27-10-2010,"
Auktion",1.562,1,Rækkehus,48,1761,,Aktuel værdi
Birkely 35,4880 Nysted,850.000,05-10-2010,"
Alm. Salg",16.666,3,Sommerhus,51,1976,,Aktuel værdi
Lindholmvej 12,4880 Nysted,575.000,29-09-2010,"
Alm. Salg",4.791,4,Villa,120,1976,-8 %,Aktuel værdi
Søndergade 12,4880 Nysted,430.000,23-09-2010,"
Alm. Salg",4.387,4,Rækkehus,98,1900,,Aktuel værdi
Skovstræde 8,4880 Nysted,445.000,17-09-2010,"
Alm. Salg",3.836,5,Rækkehus,116,1910,0 %,Aktuel værdi
Vinkelvej 1,4880 Nysted,463.500,27-08-2010,"
Fam. Salg",2.726,7,Villa,170,1971,,Aktuel værdi
Strandhus Alleen 6,4880 Nysted,2.300.000,26-08-2010,"
Alm. Salg",11.734,4,Villa,196,1914,15 %,Aktuel værdi
Vantorevej 22,4880 Nysted,577.000,18-08-2010,"
Alm. Salg",4.579,6,Villa,126,1926,-55 %,Aktuel værdi
Vantorevej 82,4880 Nysted,450.000,02-06-2010,"
Auktion",3.600,4,Villa,125,1877,,Aktuel værdi
Vantorevej 24,4880 Nysted,550.000,31-05-2010,"
Alm. Salg",6.875,4,Villa,80,1948,-12 %,Aktuel værdi
Egholmvej 6,4880 Nysted,495.000,25-05-2010,"
Alm. Salg",4.583,3,Villa,108,1967,,Aktuel værdi
Vantorevej 46,4880 Nysted,600.000,20-04-2010,"
Fam. Salg",1.600,12,Villa,375,1907,,Aktuel værdi
Musse Gade 8,4880 Nysted,525.000,05-04-2010,"
Alm. Salg",4.101,4,Villa,128,1962,-9 %,Aktuel værdi
Wichmandsvej 16,4880 Nysted,695.000,29-03-2010,"
Alm. Salg",7.637,3,Villa,91,1981,0 %,Aktuel værdi
Rosenvænget 32,4880 Nysted,700.000,17-03-2010,"
Fam. Salg",5.384,4,Villa,130,1976,,Aktuel værdi
Vantorevej 111,4880 Nysted,327.294,23-02-2010,"
Alm. Salg",1.798,9,Stuehus,182,1952,,
Holtevej 1,4880 Nysted,4.123.000,21-12-2009,"
Fam. Salg",18.656,7,Stuehus,221,1916,,
Holtevej 3,4880 Nysted,11.152.000,21-12-2009,"
Fam. Salg",50.234,7,Stuehus,222,1890,,
Gartnerparken 8,4880 Nysted,350.000,20-12-2009,"
Alm. Salg",7.954,1,Rækkehus,44,1971,,Aktuel værdi
Sakskøbingvej 12,4880 Nysted,385.067,24-11-2009,"
Alm. Salg",2.852,5,Villa,135,1900,,Aktuel værdi
Birkely 18,4880 Nysted,782.000,30-10-2009,"
Fam. Salg",15.959,3,Sommerhus,49,1980,,Aktuel værdi
Østerrevle 14,4880 Nysted,1.200.000,30-10-2009,"
Alm. Salg",20.000,4,Sommerhus,60,2005,-4 %,Aktuel værdi
Adelgade 93,4880 Nysted,475.000,15-10-2009,"
Alm. Salg",2.987,5,Rækkehus,159,1761,-4 %,Aktuel værdi
Rosenvænget 2,4880 Nysted,1.150.000,01-10-2009,"
Alm. Salg",9.055,4,Villa,127,1976,-2 %,Aktuel værdi
Våsenvej 11,4880 Nysted,900.000,22-09-2009,"
Fam. Salg",6.666,3,Villa,135,1900,,Aktuel værdi
Ved Havnen 4,4880 Nysted,1.200.000,21-09-2009,"
Alm. Salg",7.407,5,Villa,162,1877,-20 %,Aktuel værdi
Vantorevej 62,4880 Nysted,280.000,17-09-2009,"
Alm. Salg",2.947,4,Villa,95,1912,-27 %,Aktuel værdi
Tågense Engvej 6,4880 Nysted,5.080.000,03-09-2009,"
Alm. Salg",23.090,6,Stuehus,220,1950,,
Drosselvej 7,4880 Nysted,1.245.000,29-06-2009,"
Alm. Salg",8.892,5,Villa,140,1974,0 %,Aktuel værdi
Drosselvej 8,4880 Nysted,1.400.000,24-06-2009,"
Alm. Salg",6.511,4,Villa,215,1974,-5 %,Aktuel værdi
Birkely 20,4880 Nysted,850.000,17-06-2009,"
Alm. Salg",11.805,4,Sommerhus,72,1977,-4 %,Aktuel værdi
Ternevangen 5,4880 Nysted,350.000,12-06-2009,"
Alm. Salg",3.723,4,Sommerhus,94,2008,,Aktuel værdi
Stubberupvej 4,4880 Nysted,375.000,10-06-2009,"
Alm. Salg",3.289,4,Villa,114,1921,0 %,Aktuel værdi
Gartnerparken 38,4880 Nysted,525.000,03-06-2009,"
Alm. Salg",8.750,2,Rækkehus,60,1973,,Aktuel værdi
Gartnerparken 60,4880 Nysted,560.000,30-05-2009,"
Alm. Salg",9.333,2,Rækkehus,60,1976,-10 %,Aktuel værdi
Jernbanegade 12,4880 Nysted,910.000,25-05-2009,"
Alm. Salg",7.583,6,Rækkehus,120,1912,-8 %,Aktuel værdi
Lille Mussevej 9,4880 Nysted,695.000,15-05-2009,"
Alm. Salg",7.020,3,Villa,99,1877,0 %,Aktuel værdi
Marsvinvej 3,4880 Nysted,1.575.000,05-05-2009,"
Alm. Salg",16.755,4,Sommerhus,94,2006,-5 %,Aktuel værdi
Sakskøbingvej 29,4880 Nysted,800.000,16-04-2009,"
Alm. Salg",6.153,3,Villa,130,1942,-6 %,Aktuel værdi
Birkely 75,4880 Nysted,950.000,07-04-2009,"
Alm. Salg",13.194,4,Sommerhus,72,1979,-13 %,Aktuel værdi
Strandvejen 83,4880 Nysted,3.145.000,05-03-2009,"
Alm. Salg",13.614,5,Villa,231,1910,-2 %,Aktuel værdi
Gl Torv 27,4880 Nysted,425.000,02-03-2009,"
Alm. Salg",6.538,3,Rækkehus,65,1854,0 %,Aktuel værdi
Gl Torv 8,4880 Nysted,600.000,06-02-2009,"
Alm. Salg",5.504,4,Rækkehus,109,1842,,Aktuel værdi
Skansevej 15C,4880 Nysted,995.000,20-01-2009,"
Alm. Salg",6.180,5,Villa,161,1979,0 %,Aktuel værdi
Vantore Strandvej 6,4880 Nysted,403.750,18-01-2009,"
Andet",3.773,4,Sommerhus,107,1908,,Aktuel værdi
Søvej 6,4880 Nysted,1.450.000,20-12-2008,"
Alm. Salg",17.901,2,Villa,81,1941,-9 %,Aktuel værdi
Bagstræde 12,4880 Nysted,1.086.453,19-12-2008,"
Andet",7.195,10,Villa,151,1919,,Aktuel værdi
Solgårdsvej 9,4880 Nysted,33.496.890,19-12-2008,"
Fam. Salg",151.569,8,Stuehus,221,1928,,
Rosenvænget 25,4880 Nysted,1.450.000,09-12-2008,"
Alm. Salg",10.661,4,Villa,136,1986,,Aktuel værdi
Vognmandsmarken 6,4880 Nysted,1.336.500,26-11-2008,"
Alm. Salg",8.735,5,Villa,153,1972,,Aktuel værdi
Strandhustværvej 1,4880 Nysted,1.495.000,18-11-2008,"
Alm. Salg",15.904,4,Sommerhus,94,2008,,Aktuel værdi
Bramsløkkevej 7A,4880 Nysted,6.630.000,10-11-2008,"
Fam. Salg",12.010,14,Stuehus,552,1700,,
Fiskergade 14,4880 Nysted,700.000,28-10-2008,"
Alm. Salg",9.859,3,Rækkehus,71,1878,-7 %,Aktuel værdi
Vantorevej 115,4880 Nysted,260.000,14-10-2008,"
Alm. Salg",4.333,4,Sommerhus,60,1827,,Aktuel værdi
Vantorevej 50,4880 Nysted,4.200.976,13-10-2008,"
Alm. Salg",12.319,10,Stuehus,341,1911,,
Havnegade 4,4880 Nysted,2.500.000,10-10-2008,"
Alm. Salg",20.000,5,Villa,125,2007,,Aktuel værdi
Egholmvej 7,4880 Nysted,2.500.000,30-09-2008,"
Alm. Salg",28.089,4,Stuehus,89,1867,,
Vestvej 14,4880 Nysted,3.570.000,21-09-2008,"
Alm. Salg",19.833,5,Stuehus,180,1924,,
Musse Gade 11,4880 Nysted,1.240.000,17-09-2008,"
Alm. Salg",7.294,5,Villa,170,1902,-11 %,Aktuel værdi
Stubberupvej 6,4880 Nysted,825.000,26-08-2008,"
Alm. Salg",7.236,5,Villa,114,1935,0 %,Aktuel værdi
Adelgade 57,4880 Nysted,695.000,30-07-2008,"
Alm. Salg",10.220,3,Rækkehus,68,1777,-5 %,Aktuel værdi
Vantorevej 30,4880 Nysted,770.500,28-07-2008,"
Fam. Salg",4.939,3,Villa,156,1968,,Aktuel værdi
Østersvej 9,4880 Nysted,3.500.000,25-07-2008,"
Alm. Salg",30.434,5,Sommerhus,115,2007,,Aktuel værdi
Jernbanegade 19,4880 Nysted,1.300.000,21-07-2008,"
Alm. Salg",9.285,4,Villa,140,1913,-7 %,Aktuel værdi
Gl Torv 13,4880 Nysted,1.230.000,18-07-2008,"
Alm. Salg",6.089,7,Villa,202,1882,-11 %,Aktuel værdi
Skansevej 11,4880 Nysted,975.000,16-07-2008,"
Alm. Salg",12.500,2,Villa,78,1965,-7 %,Aktuel værdi
Smedepladsen 1,4880 Nysted,995.000,16-07-2008,"
Alm. Salg",6.862,5,Villa,145,1912,-7 %,Aktuel værdi
Sakskøbingvej 64,4880 Nysted,500.000,16-07-2008,"
Alm. Salg",5.050,3,Villa,99,1930,-8 %,Aktuel værdi
Wichmandsvej 10,4880 Nysted,2.450.000,25-06-2008,"
Andet",16.225,13,Engroshandel,151,1977,,Aktuel værdi
Brønholtvej 1,4880 Nysted,765.000,21-06-2008,"
Alm. Salg",7.806,5,Villa,98,1908,-10 %,Aktuel værdi
Egholmvej 12,4880 Nysted,675.000,12-06-2008,"
Alm. Salg",5.672,4,Villa,119,1900,-9 %,Aktuel værdi
Pilestrædet 4,4880 Nysted,1.550.000,30-05-2008,"
Alm. Salg",9.810,3,Villa,158,1857,-3 %,Aktuel værdi
Muslingevej 4,4880 Nysted,1.815.000,13-05-2008,"
Alm. Salg",19.308,4,Sommerhus,94,2007,-4 %,Aktuel værdi
Vantorevej 109,4880 Nysted,834.134,09-05-2008,"
Alm. Salg",7.795,4,Villa,107,1920,6 %,Aktuel værdi
Birkely 41,4880 Nysted,1.320.000,08-05-2008,"
Alm. Salg",24.444,4,Sommerhus,54,1981,-1 %,Aktuel værdi
Sakskøbingvej 36,4880 Nysted,251.249,07-05-2008,"
Andet",3.489,2,Villa,72,1907,,Aktuel værdi
Ndr Kongemarksvej 15,4880 Nysted,1.900.000,18-04-2008,"
Alm. Salg",9.134,6,Villa,208,1974,,Aktuel værdi
Adelgade 2A,4880 Nysted,1.200.000,13-04-2008,"
Alm. Salg",10.619,5,Villa,113,1944,,Aktuel værdi
Muslingevej 2,4880 Nysted,1.662.500,11-04-2008,"
Alm. Salg",17.686,3,Sommerhus,94,2007,0 %,Aktuel værdi
Tåstrupvej 3,4880 Nysted,19.000.000,27-03-2008,"
Alm. Salg",69.090,8,Stuehus,275,1887,,
Jernbanegade 10,4880 Nysted,1.325.000,27-03-2008,"
Alm. Salg",10.433,6,Villa,127,1924,-5 %,Aktuel værdi
Gl Torv 11,4880 Nysted,1.900.000,27-03-2008,"
Alm. Salg",11.728,5,Villa,162,1850,-4 %,Aktuel værdi
Kattesundet 9B,4880 Nysted,850.000,24-03-2008,"
Alm. Salg",7.727,3,Villa,110,1974,-5 %,Aktuel værdi
Ndr Kongemarksvej 14,4880 Nysted,885.000,19-03-2008,"
Alm. Salg",9.619,3,Rækkehus,92,1973,,Aktuel værdi
Smedepladsen 2,4880 Nysted,188.559,14-03-2008,"
Fam. Salg",1.135,4,Villa,166,1907,,Aktuel værdi
Ndr Kongemarksvej 9,4880 Nysted,1.500.000,03-03-2008,"
Alm. Salg",8.152,4,Villa,184,1974,-3 %,Aktuel værdi
Sakskøbingvej 28,4880 Nysted,970.000,26-02-2008,"
Alm. Salg",6.466,4,Villa,150,1910,-3 %,Aktuel værdi
Vantore Strandvej 2,4880 Nysted,1.675.000,21-02-2008,"
Alm. Salg",7.545,6,Villa,222,1870,0 %,Aktuel værdi
Sakskøbingvej 9,4880 Nysted,560.000,30-01-2008,"
Alm. Salg",5.333,4,Villa,105,1934,,Aktuel værdi
Kallehavevej 6,4880 Nysted,260.256,22-01-2008,"
Alm. Salg",5.103,2,Villa,51,1877,-29 %,Aktuel værdi
Strandhusvej 1,4880 Nysted,1.612.500,21-01-2008,"
Alm. Salg",17.154,4,Sommerhus,94,2008,-3 %,Aktuel værdi
Våsenvej 9,4880 Nysted,1.325.000,16-01-2008,"
Alm. Salg",9.137,4,Villa,145,1908,-5 %,Aktuel værdi
Ny Østergade 5,4880 Nysted,960.000,15-01-2008,"
Fam. Salg",4.637,7,Villa,207,1902,-28 %,Aktuel værdi
Holtevej 5,4880 Nysted,810.000,15-01-2008,"
Fam. Salg",5.436,5,Villa,149,1900,,Aktuel værdi
Aarestrupvej 10,4880 Nysted,1.075.000,15-01-2008,"
Fam. Salg",8.269,6,Villa,130,1964,,Aktuel værdi
Solsortvej 3,4880 Nysted,1.465.000,04-01-2008,"
Alm. Salg",12.310,4,Villa,119,1974,,Aktuel værdi
Pilestrædet 1,4880 Nysted,476.000,03-01-2008,"
Fam. Salg",3.552,3,Villa,134,1930,,Aktuel værdi
Adelgade 9,4880 Nysted,750.000,21-12-2007,"
Alm. Salg",7.894,3,Rækkehus,95,1882,-6 %,Aktuel værdi
"Adelgade 51, 1",4880 Nysted,493.000,20-12-2007,"
Fam. Salg",3.792,5,Rækkehus,130,1873,,Aktuel værdi
Østersvej 5,4880 Nysted,2.348.000,19-12-2007,"
Alm. Salg",20.417,5,Sommerhus,115,2007,0 %,Aktuel værdi
Bomstræde 9,4880 Nysted,1.220.000,10-12-2007,"
Alm. Salg",8.413,4,Villa,145,1907,-7 %,Aktuel værdi
Smedestræde 9,4880 Nysted,950.000,06-12-2007,"
Alm. Salg",8.482,4,Villa,112,1915,-5 %,Aktuel værdi
Lærkevej 8,4880 Nysted,1.375.000,05-12-2007,"
Alm. Salg",8.814,5,Villa,156,1973,-4 %,Aktuel værdi
Bomstræde 6,4880 Nysted,695.000,19-11-2007,"
Alm. Salg",6.261,5,Rækkehus,111,1895,-16 %,Aktuel værdi
Egely 17,4880 Nysted,399.900,03-11-2007,"
Alm. Salg",3.845,5,Sommerhus,104,2008,,Aktuel værdi
Ternevangen 11,4880 Nysted,1.812.500,30-10-2007,"
Alm. Salg",15.760,4,Sommerhus,115,2008,4 %,Aktuel værdi
Fiskergade 9,4880 Nysted,850.000,22-10-2007,"
Alm. Salg",7.327,5,Sommerhus,116,1761,,Aktuel værdi
Egely 19,4880 Nysted,485.000,21-10-2007,"
Alm. Salg",4.330,4,Sommerhus,112,2008,,Aktuel værdi
Bøgely 13,4880 Nysted,437.900,14-10-2007,"
Alm. Salg",3.679,4,Sommerhus,119,2013,,Aktuel værdi
Birkely 79,4880 Nysted,575.000,07-10-2007,"
Alm. Salg",-,3,Sommerhus,96,1979,6 %,Aktuel værdi
Tågense Engvej 20,4880 Nysted,500.000,01-10-2007,"
Alm. Salg",3.086,6,Sommerhus,162,1877,,Aktuel værdi
Stubberupvej 16,4880 Nysted,1.045.000,29-09-2007,"
Alm. Salg",8.427,3,Sommerhus,124,1880,,Aktuel værdi
Østersvej 6,4880 Nysted,2.348.000,28-09-2007,"
Alm. Salg",20.417,5,Sommerhus,115,2007,0 %,Aktuel værdi
Birkely 78,4880 Nysted,1.425.000,26-09-2007,"
Alm. Salg",24.152,4,Sommerhus,59,1989,-2 %,Aktuel værdi
Ternevangen 7,4880 Nysted,1.812.500,25-09-2007,"
Alm. Salg",15.760,5,Sommerhus,115,2008,1 %,Aktuel værdi
Vantorevej 78,4880 Nysted,550.000,13-09-2007,"
Fam. Salg",3.571,7,Villa,154,1905,,Aktuel værdi
Egholmvej 32,4880 Nysted,1.275.000,10-09-2007,"
Alm. Salg",10.897,5,Villa,117,1920,0 %,Aktuel værdi
Østersvej 10,4880 Nysted,2.800.000,31-08-2007,"
Alm. Salg",24.347,5,Sommerhus,115,2007,,Aktuel værdi
Drosselvej 6,4880 Nysted,1.490.000,27-08-2007,"
Alm. Salg",7.760,5,Villa,192,1973,-7 %,Aktuel værdi
Strandhustværvej 3,4880 Nysted,1.612.500,20-08-2007,"
Alm. Salg",17.154,4,Sommerhus,94,2008,,Aktuel værdi
Adelgade 88,4880 Nysted,1.250.000,20-08-2007,"
Alm. Salg",-,5,Rækkehus,172,1855,0 %,Aktuel værdi
Ndr Kongemarksvej 12,4880 Nysted,800.000,16-08-2007,"
Alm. Salg",10.000,3,Rækkehus,80,1975,-6 %,Aktuel værdi
Hvedevænget 2,4880 Nysted,215.576,15-08-2007,"
Alm. Salg",1.507,5,Villa,143,2008,,Aktuel værdi
Sakskøbingvej 52,4880 Nysted,3.974.300,10-08-2007,"
Fam. Salg",22.581,6,Stuehus,176,1877,,
Vantorevej 49,4880 Nysted,1.050.000,07-08-2007,"
Alm. Salg",6.176,7,Villa,170,1913,-9 %,Aktuel værdi
Smedestræde 11,4880 Nysted,685.000,07-08-2007,"
Alm. Salg",5.150,7,Rækkehus,133,1853,-7 %,Aktuel værdi
Birkely 52,4880 Nysted,603.500,06-08-2007,"
Alm. Salg",11.605,4,Sommerhus,52,1980,,Aktuel værdi
Strandvejen 59,4880 Nysted,1.725.000,03-08-2007,"
Alm. Salg",9.971,7,Rækkehus,173,1913,,Aktuel værdi
Hvedevænget 19,4880 Nysted,217.630,01-08-2007,"
Alm. Salg",1.554,4,Villa,140,2008,,Aktuel værdi
Bøgely 2,4880 Nysted,429.900,29-07-2007,"
Alm. Salg",4.573,4,Sommerhus,94,2008,,Aktuel værdi
Bøgely 6,4880 Nysted,399.900,24-07-2007,"
Alm. Salg",7.405,3,Sommerhus,54,2008,,Aktuel værdi
Bøgely 8,4880 Nysted,399.900,24-07-2007,"
Alm. Salg",6.555,3,Sommerhus,61,1976,,Aktuel værdi
Kløverrevle 4,4880 Nysted,1.500.000,16-07-2007,"
Alm. Salg",20.000,4,Sommerhus,75,1987,,Aktuel værdi
Vantorevej 63,4880 Nysted,1.150.000,16-07-2007,"
Alm. Salg",5.637,9,Villa,204,1948,0 %,Aktuel værdi
Ternevangen 1,4880 Nysted,1.812.500,09-07-2007,"
Alm. Salg",15.760,5,Sommerhus,115,2007,1 %,Aktuel værdi
Muslingevej 10,4880 Nysted,3.200.000,06-07-2007,"
Alm. Salg",27.826,5,Sommerhus,115,2007,-2 %,Aktuel værdi
Aarestrupvej 15,4880 Nysted,1.100.000,05-07-2007,"
Alm. Salg",8.527,5,Villa,129,1950,-35 %,Aktuel værdi
Skansevej 8,4880 Nysted,1.375.000,02-07-2007,"
Alm. Salg",10.338,4,Villa,133,1908,,Aktuel værdi
Ternevangen 3,4880 Nysted,1.612.500,01-07-2007,"
Alm. Salg",17.154,4,Sommerhus,94,2008,1 %,Aktuel værdi
Birkely 57,4880 Nysted,1.395.000,27-06-2007,"
Alm. Salg",20.217,4,Sommerhus,69,2001,0 %,Aktuel værdi
Birkely 95,4880 Nysted,2.500.000,25-06-2007,"
Alm. Salg",33.333,3,Sommerhus,75,2000,,Aktuel værdi
Sakskøbingvej 27,4880 Nysted,900.000,25-06-2007,"
Alm. Salg",5.172,7,Villa,174,1943,,Aktuel værdi
Sakskøbingvej 3,4880 Nysted,760.000,22-06-2007,"
Alm. Salg",5.984,5,Villa,127,1954,-2 %,Aktuel værdi
Bomstræde 21B,4880 Nysted,950.000,19-06-2007,"
Alm. Salg",8.636,3,Villa,110,1958,,Aktuel værdi
Stubberupvej 31,4880 Nysted,523.000,12-06-2007,"
Fam. Salg",8.864,2,Villa,59,1777,,Aktuel værdi
Gl Torv 23,4880 Nysted,1.337.500,12-06-2007,"
Alm. Salg",16.930,4,Rækkehus,79,1854,,Aktuel værdi
Slotsgade 14,4880 Nysted,700.000,24-05-2007,"
Alm. Salg",6.194,4,Villa,113,1807,,Aktuel værdi
Østerrevle 11,4880 Nysted,1.645.000,12-05-2007,"
Alm. Salg",18.693,4,Sommerhus,88,2005,,Aktuel værdi
Lærkevej 7,4880 Nysted,1.125.000,11-05-2007,"
Alm. Salg",10.044,4,Villa,112,1973,,Aktuel værdi
Østergade 7,4880 Nysted,825.000,08-05-2007,"
Alm. Salg",8.168,4,Villa,101,1877,-6 %,Aktuel værdi
Rosenvænget 28,4880 Nysted,1.275.000,02-05-2007,"
Alm. Salg",11.590,3,Villa,110,1977,0 %,Aktuel værdi
Gadeparterne 9,4880 Nysted,1.050.000,01-05-2007,"
Alm. Salg",6.730,5,Villa,156,1980,,Aktuel værdi
Fjordvej 29,4880 Nysted,1.700.000,20-04-2007,"
Alm. Salg",11.971,6,Villa,142,1967,,Aktuel værdi
Lille Mussevej 8,4880 Nysted,200.000,12-04-2007,"
Andet",2.352,2,Villa,85,1940,,Aktuel værdi
Byfoged Holcksvej 11,4880 Nysted,1.150.000,11-04-2007,"
Alm. Salg",8.914,5,Villa,129,1970,,Aktuel værdi
Sakskøbingvej 4,4880 Nysted,685.000,10-04-2007,"
Alm. Salg",5.708,5,Villa,120,1777,,Aktuel værdi
Vestvej 1,4880 Nysted,315.000,02-04-2007,"
Andet",3.058,2,Villa,103,1926,,Aktuel værdi
Fjordvej 27,4880 Nysted,1.060.000,29-03-2007,"
Alm. Salg",6.424,5,Villa,165,1967,,Aktuel værdi
Egholmvej 14B,4880 Nysted,551.399,26-03-2007,"
Alm. Salg",4.209,4,Villa,131,1988,,Aktuel værdi
Bomstræde 4,4880 Nysted,600.000,16-03-2007,"
Alm. Salg",6.382,3,Rækkehus,94,1895,,Aktuel værdi
Sakskøbingvej 79,4880 Nysted,2.675.000,06-03-2007,"
Alm. Salg",14.153,8,Villa,189,1901,-1 %,Aktuel værdi
Adelgade 4B,4880 Nysted,930.000,26-02-2007,"
Fam. Salg",7.948,2,Rækkehus,117,1872,,Aktuel værdi
Østersvej 2,4880 Nysted,1.712.500,21-02-2007,"
Alm. Salg",18.218,4,Sommerhus,94,2007,,Aktuel værdi
Valtersvej 4,4880 Nysted,1.430.000,20-02-2007,"
Alm. Salg",10.437,6,Villa,137,1918,,Aktuel værdi
Ternevangen 9,4880 Nysted,1.812.500,20-02-2007,"
Alm. Salg",15.760,5,Sommerhus,115,2007,,Aktuel værdi
Solgårdsvej 2,4880 Nysted,1.185.000,12-02-2007,"
Alm. Salg",5.266,6,Villa,225,1850,10 %,Aktuel værdi
Trepilevej 11,4880 Nysted,2.002.500,02-02-2007,"
Fam. Salg",16.149,3,Stuehus,124,1930,,
Fiskergade 11,4880 Nysted,1.000.000,29-01-2007,"
Alm. Salg",8.196,5,Rækkehus,122,1857,,Aktuel værdi
Adelgade 75,4880 Nysted,1.125.000,11-01-2007,"
Alm. Salg",11.250,5,Rækkehus,100,1835,,Aktuel værdi
Pilestrædet 5A,4880 Nysted,471.500,01-01-2007,"
Alm. Salg",3.416,4,Villa,138,1971,,Aktuel værdi
Strandstræde 4,4880 Nysted,1.850.000,11-12-2006,"
Alm. Salg",10.882,5,Villa,170,1833,,Aktuel værdi
Adelgade 1B,4880 Nysted,695.000,11-12-2006,"
Alm. Salg",9.652,2,Rækkehus,72,1895,,Aktuel værdi
Skibsbrostræde 2,4880 Nysted,470.030,01-12-2006,"
Andet",2.764,4,Rækkehus,170,1761,,Aktuel værdi
Muslingevej 6,4880 Nysted,2.112.100,13-11-2006,"
Alm. Salg",22.469,4,Sommerhus,94,2007,,Aktuel værdi
Rosenvænget 34,4880 Nysted,1.350.000,31-10-2006,"
Alm. Salg",9.000,5,Villa,150,1976,,Aktuel værdi
Solgårdsvej 5,4880 Nysted,1.895.000,29-10-2006,"
Alm. Salg",5.742,7,Villa,330,1907,,Aktuel værdi
Fiskergade 24,4880 Nysted,2.250.000,26-10-2006,"
Alm. Salg",12.500,7,Rækkehus,180,1908,,Aktuel værdi
Hvedevænget 17,4880 Nysted,1.985.000,24-10-2006,"
Alm. Salg",13.233,4,Villa,150,2006,,Aktuel værdi
Strandvejen 95,4880 Nysted,2.345.000,23-10-2006,"
Alm. Salg",22.766,4,Villa,103,1954,,Aktuel værdi
Adelgade 79,4880 Nysted,1.195.000,23-10-2006,"
Alm. Salg",9.335,6,Rækkehus,128,1928,,Aktuel værdi
Søndergade 16,4880 Nysted,960.000,20-10-2006,"
Alm. Salg",7.384,5,Rækkehus,130,1900,,Aktuel værdi
Rosenvænget 10,4880 Nysted,1.300.050,18-10-2006,"
Alm. Salg",8.784,5,Villa,148,1975,,Aktuel værdi
Østergade 10,4880 Nysted,675.000,17-10-2006,"
Alm. Salg",7.105,3,Villa,95,1956,,Aktuel værdi
Kallehavevej 15,4880 Nysted,500.000,10-10-2006,"
Alm. Salg",2.840,4,Villa,176,1900,,Aktuel værdi
Adelgade 72,4880 Nysted,2.400.000,09-10-2006,"
Alm. Salg",10.909,5,Rækkehus,220,1919,,Aktuel værdi
Kattesundet 13,4880 Nysted,450.000,06-10-2006,"
Alm. Salg",2.812,6,Rækkehus,160,1874,,Aktuel værdi
Birkely 88,4880 Nysted,2.225.000,04-10-2006,"
Alm. Salg",26.807,4,Sommerhus,83,1976,,Aktuel værdi
Egholmvej 16,4880 Nysted,1.145.000,25-09-2006,"
Alm. Salg",8.297,3,Villa,138,1917,,Aktuel værdi
Stubberupvej 40,4880 Nysted,300.000,19-09-2006,"
Alm. Salg",2.970,4,Villa,101,1967,,Aktuel værdi
Østersøvej 21,4880 Nysted,750.000,15-09-2006,"
Alm. Salg",17.857,2,Sommerhus,42,1962,,Aktuel værdi
Aarestrupvej 7,4880 Nysted,745.000,14-09-2006,"
Alm. Salg",9.933,3,Villa,75,1959,,Aktuel værdi
Vantorevej 91,4880 Nysted,400.000,10-09-2006,"
Alm. Salg",4.651,3,Villa,86,1850,,Aktuel værdi
Muslingevej 8,4880 Nysted,2.426.395,08-09-2006,"
Alm. Salg",25.812,4,Sommerhus,94,2007,,Aktuel værdi
Skovstræde 12,4880 Nysted,700.000,06-09-2006,"
Alm. Salg",5.833,7,Industri o.l.,120,1909,,Aktuel værdi
Birkely 23,4880 Nysted,780.000,28-08-2006,"
Alm. Salg",15.600,3,Sommerhus,50,1976,,Aktuel værdi
Musse Gade 22,4880 Nysted,315.982,22-08-2006,"
Andet",3.224,4,Villa,98,1880,,Aktuel værdi
Jernbanegade 17,4880 Nysted,850.000,21-08-2006,"
Alm. Salg",5.743,6,Villa,148,1912,,Aktuel værdi
Hvedevænget 8,4880 Nysted,219.684,21-08-2006,"
Alm. Salg",1.339,5,Villa,164,2009,,Aktuel værdi
Tværvej 3,4880 Nysted,545.000,11-08-2006,"
Alm. Salg",5.736,4,Villa,95,1964,,Aktuel værdi
Rosenvænget 21,4880 Nysted,1.325.000,09-08-2006,"
Alm. Salg",12.045,4,Villa,110,1979,,Aktuel værdi
Tågense Engvej 12,4880 Nysted,1.250.000,08-08-2006,"
Alm. Salg",16.891,4,Sommerhus,74,1897,,Aktuel værdi
Hovbøllevej 4,4880 Nysted,1.995.000,04-08-2006,"
Alm. Salg",6.027,11,Villa,331,1921,,Aktuel værdi
Tågense Engvej 1,4880 Nysted,965.000,21-07-2006,"
Fam. Salg",8.616,3,Stuehus,112,1900,,
Pilestrædet 12,4880 Nysted,425.000,20-07-2006,"
Alm. Salg",3.899,7,Villa,109,1952,,Aktuel værdi
Østersøvej 14,4880 Nysted,1.200.000,17-07-2006,"
Alm. Salg",19.047,5,Sommerhus,63,1965,,Aktuel værdi
Birkely 45,4880 Nysted,330.000,17-07-2006,"
Alm. Salg",3.586,4,Sommerhus,92,2008,,Aktuel værdi
Fiskergade 10A,4880 Nysted,680.000,13-07-2006,"
Alm. Salg",6.126,2,Rækkehus,111,1857,,Aktuel værdi
Slotsgade 16,4880 Nysted,799.000,13-07-2006,"
Fam. Salg",13.775,3,Villa,58,1862,,Aktuel værdi
Vestvej 9,4880 Nysted,6.360.000,13-07-2006,"
Fam. Salg",16.224,6,Stuehus,392,1914,,
Hvedevænget 6,4880 Nysted,219.526,12-07-2006,"
Alm. Salg",1.346,5,Villa,163,2007,,Aktuel værdi
Østersvej 8,4880 Nysted,2.698.000,12-07-2006,"
Alm. Salg",23.460,5,Sommerhus,115,2007,,Aktuel værdi
Vantorevej 80,4880 Nysted,885.000,09-07-2006,"
Alm. Salg",9.943,4,Sommerhus,89,1872,,Aktuel værdi
Sakskøbingvej 67,4880 Nysted,675.000,05-07-2006,"
Alm. Salg",6.367,5,Villa,106,1946,,Aktuel værdi
Rosenvænget 5,4880 Nysted,1.750.000,30-06-2006,"
Alm. Salg",7.352,6,Villa,238,1980,,Aktuel værdi
Østergade 23,4880 Nysted,465.000,28-06-2006,"
Alm. Salg",10.108,2,Villa,46,1840,,Aktuel værdi
Stubberupvej 5,4880 Nysted,785.000,20-06-2006,"
Alm. Salg",5.946,4,Villa,132,1959,,Aktuel værdi
Hvedevænget 15,4880 Nysted,234.175,15-06-2006,"
Alm. Salg",1.858,4,Villa,126,2009,,Aktuel værdi
Muslingevej 3,4880 Nysted,2.076.250,14-06-2006,"
Alm. Salg",18.054,5,Sommerhus,115,2007,,Aktuel værdi
Sakskøbingvej 31,4880 Nysted,865.000,10-06-2006,"
Alm. Salg",6.360,3,Villa,136,1941,,Aktuel værdi
Muslingevej 7,4880 Nysted,2.632.345,07-06-2006,"
Alm. Salg",22.889,5,Sommerhus,115,2007,,Aktuel værdi
Muslingevej 5,4880 Nysted,2.322.126,02-06-2006,"
Alm. Salg",20.192,5,Sommerhus,115,2007,,Aktuel værdi
Østersvej 3,4880 Nysted,2.012.500,02-06-2006,"
Alm. Salg",17.500,5,Sommerhus,115,2007,,Aktuel værdi
Kirkestien 7,4880 Nysted,800.000,09-05-2006,"
Alm. Salg",10.256,4,Rækkehus,78,1909,,Aktuel værdi
Aarestrupvej 6,4880 Nysted,875.000,08-05-2006,"
Alm. Salg",8.333,4,Villa,105,1966,,Aktuel værdi
Sakskøbingvej 84,4880 Nysted,475.000,08-05-2006,"
Alm. Salg",4.241,3,Villa,112,1951,,Aktuel værdi
Sakskøbingvej 59B,4880 Nysted,945.250,05-05-2006,"
Alm. Salg",6.610,5,Villa,143,1973,,Aktuel værdi
Sdr Kirkestræde 1,4880 Nysted,484.000,01-05-2006,"
Fam. Salg",4.321,3,Villa,112,1979,,Aktuel værdi
Adelgade 23,4880 Nysted,1.250.000,28-04-2006,"
Alm. Salg",4.545,9,Rækkehus,275,1870,,Aktuel værdi
Birkely 76,4880 Nysted,1.150.000,17-04-2006,"
Alm. Salg",11.500,4,Sommerhus,100,1987,,Aktuel værdi
Østersvej 7,4880 Nysted,2.748.000,14-04-2006,"
Alm. Salg",23.895,5,Sommerhus,115,2007,,Aktuel værdi
C A Hansensvej 3,4880 Nysted,1.325.000,10-04-2006,"
Alm. Salg",8.833,5,Villa,150,1972,,Aktuel værdi
Aarestrupvej 9,4880 Nysted,850.000,25-03-2006,"
Alm. Salg",10.240,3,Villa,83,1960,,Aktuel værdi
Skovstræde 9,4880 Nysted,1.050.000,14-03-2006,"
Alm. Salg",7.291,5,Villa,144,1924,,Aktuel værdi
Ndr Kongemarksvej 2A,4880 Nysted,375.800,01-03-2006,"
Fam. Salg",3.955,3,Rækkehus,95,1973,,Aktuel værdi
Gartnerparken 2,4880 Nysted,525.000,20-02-2006,"
Alm. Salg",11.931,1,Rækkehus,44,1971,,Aktuel værdi
Rødstensrevle 2,4880 Nysted,729.000,13-02-2006,"
Fam. Salg",9.227,3,Sommerhus,79,1976,,Aktuel værdi
Kallehavevej 13,4880 Nysted,410.000,05-02-2006,"
Alm. Salg",6.307,3,Villa,65,1969,,Aktuel værdi
Østergade 14,4880 Nysted,1.015.000,04-02-2006,"
Alm. Salg",7.992,6,Villa,127,1925,,Aktuel værdi
Sælvej 2,4880 Nysted,1.848.000,02-02-2006,"
Alm. Salg",16.069,5,Sommerhus,115,2007,,Aktuel værdi
Musse Gade 26,4880 Nysted,502.250,02-02-2006,"
Alm. Salg",5.022,3,Villa,100,1912,,Aktuel værdi
Musse Gade 24,4880 Nysted,830.000,01-02-2006,"
Alm. Salg",6.148,5,Villa,135,1900,,Aktuel værdi
Slotsgade 8,4880 Nysted,1.400.000,23-01-2006,"
Fam. Salg",8.235,5,Rækkehus,170,1761,,Aktuel værdi
Rosenvænget 3,4880 Nysted,42.562,23-01-2006,"
Alm. Salg",261,4,Villa,163,2009,,Aktuel værdi
Gartnerparken 24,4880 Nysted,555.000,20-01-2006,"
Alm. Salg",9.250,2,Rækkehus,60,1973,,Aktuel værdi
Vantorevej 31,4880 Nysted,680.000,17-01-2006,"
Alm. Salg",8.000,3,Rækkehus,85,1880,,Aktuel værdi
Tværvej 5,4880 Nysted,585.000,16-01-2006,"
Alm. Salg",7.312,3,Villa,80,1963,,Aktuel værdi
Pilestrædet 3,4880 Nysted,340.000,06-01-2006,"
Alm. Salg",4.250,4,Villa,80,1952,,Aktuel værdi
Vantorevej 56,4880 Nysted,880.000,30-12-2005,"
Alm. Salg",5.827,4,Villa,151,1860,,Aktuel værdi
Sælvej 9,4880 Nysted,2.848.000,11-12-2005,"
Alm. Salg",24.765,5,Sommerhus,115,2007,,Aktuel værdi
Lindholmvej 10,4880 Nysted,1.010.000,08-12-2005,"
Alm. Salg",4.316,10,Villa,234,1977,,Aktuel værdi
Stilund 1,4880 Nysted,5.300.000,16-11-2005,"
Alm. Salg",17.785,9,Stuehus,298,1925,,
Østersøvej 15,4880 Nysted,950.000,14-11-2005,"
Alm. Salg",38.000,6,Sommerhus,25,1968,,Aktuel værdi
Sakskøbingvej 71,4880 Nysted,1.600.000,14-11-2005,"
Alm. Salg",1.739,19,Villa,920,1979,,Aktuel værdi
Vestvej 6,4880 Nysted,795.000,14-11-2005,"
Alm. Salg",3.916,3,Villa,203,1948,,Aktuel værdi
Vestvej 12,4880 Nysted,7.033.000,14-11-2005,"
Alm. Salg",41.370,5,Villa,170,1976,,Aktuel værdi
Marsvinvej 6,4880 Nysted,1.598.000,13-11-2005,"
Alm. Salg",17.000,4,Sommerhus,94,2006,,Aktuel værdi
Sælvej 5,4880 Nysted,1.998.000,02-11-2005,"
Alm. Salg",17.373,5,Sommerhus,115,2006,,Aktuel værdi
Sælvej 4,4880 Nysted,1.698.000,28-10-2005,"
Alm. Salg",18.063,4,Sommerhus,94,2006,,Aktuel værdi
Bomstræde 13,4880 Nysted,877.000,24-10-2005,"
Alm. Salg",6.851,4,Villa,128,1882,,Aktuel værdi
Strandhus Alleen 26,4880 Nysted,1.850.000,23-10-2005,"
Alm. Salg",10.818,6,Villa,171,1956,,Aktuel værdi
Sælvej 7,4880 Nysted,2.348.000,22-10-2005,"
Alm. Salg",20.417,5,Sommerhus,115,2007,,Aktuel værdi
Sælvej 8,4880 Nysted,2.348.000,20-10-2005,"
Alm. Salg",20.417,5,Sommerhus,115,2007,,Aktuel værdi
Våsenvej 5,4880 Nysted,1.600.000,20-10-2005,"
Alm. Salg",9.523,7,Villa,168,1920,,Aktuel værdi
Marsvinvej 5,4880 Nysted,1.848.000,18-10-2005,"
Alm. Salg",16.069,5,Sommerhus,115,2006,,Aktuel værdi
Sakskøbingvej 115,4880 Nysted,925.000,17-10-2005,"
Alm. Salg",7.007,4,Villa,132,1930,,Aktuel værdi
Marsvinvej 2,4880 Nysted,1.548.000,16-10-2005,"
Alm. Salg",16.468,4,Sommerhus,94,2007,,Aktuel værdi
Sælvej 10,4880 Nysted,2.848.000,16-10-2005,"
Alm. Salg",24.765,5,Sommerhus,115,2007,,Aktuel værdi
Marsvinvej 4,4880 Nysted,1.598.000,15-10-2005,"
Alm. Salg",17.000,4,Sommerhus,94,2005,,Aktuel værdi
Marsvinvej 10,4880 Nysted,2.648.000,15-10-2005,"
Alm. Salg",23.026,5,Sommerhus,115,2006,,Aktuel værdi
Marsvinvej 1,4880 Nysted,1.498.000,15-10-2005,"
Alm. Salg",15.936,4,Sommerhus,94,2006,,Aktuel værdi
Marsvinvej 8,4880 Nysted,2.198.000,15-10-2005,"
Alm. Salg",19.113,5,Sommerhus,115,2005,,Aktuel værdi
Marsvinvej 7,4880 Nysted,1.948.000,15-10-2005,"
Alm. Salg",20.723,4,Sommerhus,94,2007,,Aktuel værdi
Strandvejen 13,4880 Nysted,2.960.000,03-10-2005,"
Alm. Salg",11.699,5,Villa,253,1988,,Aktuel værdi
Stubberupvej 18,4880 Nysted,1.095.000,19-09-2005,"
Alm. Salg",6.083,7,Villa,180,1877,,Aktuel værdi
Søndergade 6,4880 Nysted,724.227,02-09-2005,"
Alm. Salg",7.623,5,Rækkehus,95,1873,,Aktuel værdi
Bomstræde 17,4880 Nysted,575.000,29-08-2005,"
Alm. Salg",6.534,4,Villa,88,1905,,Aktuel værdi
Sakskøbingvej 60,4880 Nysted,1.235.000,22-08-2005,"
Alm. Salg",8.576,5,Villa,144,1911,,Aktuel værdi
Trepilevej 4,4880 Nysted,690.000,09-08-2005,"
Alm. Salg",6.000,6,Villa,115,1921,,Aktuel værdi
Østerrevle 4,4880 Nysted,1.462.500,08-08-2005,"
Alm. Salg",21.828,3,Sommerhus,67,1998,,Aktuel værdi
Gartnerparken 22,4880 Nysted,575.000,03-08-2005,"
Alm. Salg",9.583,2,Rækkehus,60,1973,,Aktuel værdi
Skovstræde 20,4880 Nysted,1.107.000,01-08-2005,"
Alm. Salg",8.515,8,Stuehus,130,1880,,
Birkely 10,4880 Nysted,285.000,28-07-2005,"
Alm. Salg",6.195,2,Sommerhus,46,2007,,Aktuel værdi
Stubberupvej 34,4880 Nysted,840.292,26-07-2005,"
Alm. Salg",5.219,6,Villa,161,1968,,Aktuel værdi
Birkely 34,4880 Nysted,740.000,22-07-2005,"
Alm. Salg",14.509,4,Sommerhus,51,1977,,Aktuel værdi
Lærkevej 1C,4880 Nysted,620.000,22-07-2005,"
Alm. Salg",8.732,2,Rækkehus,71,1984,,Aktuel værdi
Kallehavevej 21,4880 Nysted,550.000,19-07-2005,"
Alm. Salg",4.741,3,Villa,116,1877,,Aktuel værdi
Kirkestien 2A,4880 Nysted,715.000,19-07-2005,"
Alm. Salg",6.745,4,Rækkehus,106,1978,,Aktuel værdi
Dalmosevej 9,4880 Nysted,870.000,15-07-2005,"
Alm. Salg",5.878,4,Villa,148,1962,,Aktuel værdi
Våsenvej 7,4880 Nysted,2.255.000,09-06-2005,"
Alm. Salg",-,7,Villa,140,1777,,Aktuel værdi
Kørsledsvej 4,4880 Nysted,300.000,08-06-2005,"
Fam. Salg",1.666,5,Stuehus,180,1913,,
Søndergade 13,4880 Nysted,700.000,06-06-2005,"
Alm. Salg",7.954,4,Villa,88,1967,,Aktuel værdi
Kirkestien 5,4880 Nysted,320.000,06-06-2005,"
Alm. Salg",7.111,3,Rækkehus,45,1847,,Aktuel værdi
Hvedevænget 9,4880 Nysted,253.207,26-05-2005,"
Alm. Salg",1.612,4,Villa,157,2007,,Aktuel værdi
Bagstræde 8,4880 Nysted,668.000,19-05-2005,"
Alm. Salg",2.891,8,Villa,231,1915,,Aktuel værdi
Lindholmvej 4,4880 Nysted,200.000,16-05-2005,"
Alm. Salg",1.351,4,Villa,148,2008,,Aktuel værdi
Hvedevænget 10,4880 Nysted,213.838,12-05-2005,"
Alm. Salg",1.370,6,Villa,156,2009,,Aktuel værdi
Birkely 19,4880 Nysted,1.295.000,28-04-2005,"
Alm. Salg",12.950,5,Sommerhus,100,1988,,Aktuel værdi
Lille Mussevej 6,4880 Nysted,395.000,20-04-2005,"
Alm. Salg",2.005,6,Stuehus,197,2001,,
Østerrevle 7,4880 Nysted,1.500.000,17-04-2005,"
Alm. Salg",15.789,4,Sommerhus,95,1998,,Aktuel værdi
Bomstræde 11,4880 Nysted,270.470,01-04-2005,"
Andet",2.253,5,Villa,120,1906,,Aktuel værdi
Vantorevej 59,4880 Nysted,620.000,30-03-2005,"
Alm. Salg",4.305,6,Villa,144,1915,,Aktuel værdi
Musse Gade 5,4880 Nysted,520.000,21-03-2005,"
Alm. Salg",3.768,5,Villa,138,1910,,Aktuel værdi
Kirkestien 3,4880 Nysted,275.000,18-03-2005,"
Alm. Salg",3.928,3,Villa,70,1761,,Aktuel værdi
Vantorevej 89,4880 Nysted,965.000,16-03-2005,"
Alm. Salg",5.391,4,Villa,179,1892,,Aktuel værdi
Birkely 85,4880 Nysted,1.400.000,07-03-2005,"
Alm. Salg",22.580,4,Sommerhus,62,1979,,Aktuel værdi
Fiskergade 13,4880 Nysted,514.000,21-02-2005,"
Fam. Salg",5.711,3,Rækkehus,90,1835,,Aktuel værdi
Gl Torv 17,4880 Nysted,2.000.000,12-02-2005,"
Alm. Salg",12.195,5,Villa,164,1885,,Aktuel værdi
Østergade 33,4880 Nysted,206.801,10-02-2005,"
Fam. Salg",2.223,4,Rækkehus,93,1856,,Aktuel værdi
Adelgade 96,4880 Nysted,300.000,07-02-2005,"
Fam. Salg",2.970,4,Rækkehus,101,1761,,Aktuel værdi
Østergade 19,4880 Nysted,375.000,04-02-2005,"
Fam. Salg",4.807,3,Rækkehus,78,1761,,Aktuel værdi
Sakskøbingvej 62,4880 Nysted,550.000,28-01-2005,"
Alm. Salg",5.789,4,Villa,95,1930,,Aktuel værdi
Strandhus Alleen 12,4880 Nysted,2.900.000,20-01-2005,"
Alm. Salg",12.663,3,Villa,229,1890,,Aktuel værdi
Hvedevænget 7,4880 Nysted,251.926,04-01-2005,"
Alm. Salg",1.625,6,Villa,155,2006,,Aktuel værdi
Østergade 4,4880 Nysted,771.275,27-12-2004,"
Alm. Salg",7.141,3,Villa,108,1895,,Aktuel værdi
Gartnerparken 52,4880 Nysted,408.235,06-12-2004,"
Alm. Salg",6.803,2,Rækkehus,60,1976,,Aktuel værdi
Gl Torv 29,4880 Nysted,675.000,13-11-2004,"
Alm. Salg",6.308,5,Villa,107,1876,,Aktuel værdi
Birkely 77,4880 Nysted,980.000,09-11-2004,"
Alm. Salg",19.600,3,Sommerhus,50,1979,,Aktuel værdi
Østersøvej 4,4880 Nysted,218.263,26-10-2004,"
Andet",3.578,3,Sommerhus,61,1967,,Aktuel værdi
Egholmvej 22,4880 Nysted,1.000.000,22-10-2004,"
Alm. Salg",8.333,4,Villa,120,1929,,Aktuel værdi
Kertevej 12,4880 Nysted,450.000,19-10-2004,"
Fam. Salg",3.214,4,Villa,140,1880,,Aktuel værdi
Østergade 29,4880 Nysted,845.000,04-10-2004,"
Alm. Salg",5.671,4,Rækkehus,149,1912,,Aktuel værdi
Vantorevej 35,4880 Nysted,515.000,25-09-2004,"
Andet",4.364,3,Rækkehus,118,1890,,Aktuel værdi
Birkely 39,4880 Nysted,710.000,14-08-2004,"
Alm. Salg",17.317,3,Sommerhus,41,1976,,Aktuel værdi
Rosenvænget 45,4880 Nysted,33.464,04-08-2004,"
Alm. Salg",249,4,Villa,134,2006,,Aktuel værdi
Kirkestien 15,4880 Nysted,750.000,23-07-2004,"
Alm. Salg",7.731,4,Villa,97,1913,,Aktuel værdi
Østersøvej 2,4880 Nysted,585.000,16-07-2004,"
Fam. Salg",8.478,4,Sommerhus,69,1967,,Aktuel værdi
Birkely 2,4880 Nysted,895.000,05-07-2004,"
Alm. Salg",12.260,4,Sommerhus,73,1977,,Aktuel værdi
Tværvej 7,4880 Nysted,297.500,14-06-2004,"
Fam. Salg",2.729,5,Villa,109,1961,,Aktuel værdi
Vantorevej 39A,4880 Nysted,420.000,14-06-2004,"
Alm. Salg",3.442,6,Rækkehus,122,1892,,Aktuel værdi
Østergade 11,4880 Nysted,895.000,12-06-2004,"
Alm. Salg",3.808,9,Rækkehus,235,1875,,Aktuel værdi
Strandvejen 57,4880 Nysted,1.150.000,03-06-2004,"
Alm. Salg",8.273,6,Villa,139,1913,,Aktuel værdi
Sakskøbingvej 23,4880 Nysted,460.000,25-05-2004,"
Alm. Salg",7.187,2,Villa,64,1946,,Aktuel værdi
Rosenvænget 37,4880 Nysted,26.117,21-05-2004,"
Alm. Salg",244,4,Villa,107,2004,,Aktuel værdi
Gartnerparken 12,4880 Nysted,465.000,18-05-2004,"
Alm. Salg",10.568,1,Rækkehus,44,1971,,Aktuel værdi
Rosenvænget 27,4880 Nysted,38.583,12-05-2004,"
Alm. Salg",326,4,Villa,118,2005,,Aktuel værdi
Birkely 58,4880 Nysted,680.000,12-05-2004,"
Alm. Salg",10.461,4,Sommerhus,65,1980,,Aktuel værdi
Sakskøbingvej 113,4880 Nysted,465.000,29-04-2004,"
Alm. Salg",3.522,4,Villa,132,1940,,Aktuel værdi
Vantorevej 74,4880 Nysted,260.000,26-04-2004,"
Alm. Salg",-,6,Villa,232,1900,,Aktuel værdi
Søvej 8,4880 Nysted,1.055.000,10-04-2004,"
Alm. Salg",11.988,3,Villa,88,1936,,Aktuel værdi
Vantorevej 42,4880 Nysted,750.000,29-03-2004,"
Alm. Salg",6.355,4,Villa,118,1956,,Aktuel værdi
Østerrevle 13,4880 Nysted,1.100.000,29-03-2004,"
Fam. Salg",12.790,4,Sommerhus,86,2002,,Aktuel værdi
Adelgade 87,4880 Nysted,470.000,11-03-2004,"
Alm. Salg",8.245,2,Villa,57,1847,,Aktuel værdi
Østerrevle 15,4880 Nysted,1.075.000,16-02-2004,"
Alm. Salg",14.726,4,Sommerhus,73,1997,,Aktuel værdi
Bramsløkkevej 3,4880 Nysted,225.000,02-02-2004,"
Alm. Salg",1.551,4,Villa,145,1900,,Aktuel værdi
Sakskøbingvej 25,4880 Nysted,595.000,09-12-2003,"
Alm. Salg",4.440,5,Villa,134,1937,,Aktuel værdi
Birkely 84,4880 Nysted,500.000,08-12-2003,"
Alm. Salg",13.157,3,Sommerhus,38,1979,,Aktuel værdi
Strandhus Alleen 8,4880 Nysted,700.000,28-11-2003,"
Alm. Salg",-,4,Sommerhus,139,1894,,Aktuel værdi
Østersøvej 13,4880 Nysted,450.000,08-11-2003,"
Alm. Salg",7.258,3,Sommerhus,62,2012,,Aktuel værdi
Skansevej 18,4880 Nysted,800.000,06-11-2003,"
Alm. Salg",10.389,2,Villa,77,1960,,Aktuel værdi
Strandvejen 33,4880 Nysted,1.800.000,03-11-2003,"
Alm. Salg",14.634,5,Villa,123,1906,,Aktuel værdi
Adelgade 78,4880 Nysted,535.000,03-11-2003,"
Alm. Salg",-,4,Rækkehus,107,1885,,Aktuel værdi
Østerrevle 1,4880 Nysted,467.500,27-10-2003,"
Fam. Salg",4.675,4,Sommerhus,100,2004,,Aktuel værdi
Strandvejen 79,4880 Nysted,1.225.000,10-10-2003,"
Alm. Salg",8.506,3,Villa,144,1908,,Aktuel værdi
Wichmandsvej 32,4880 Nysted,874.000,27-09-2003,"
Alm. Salg",6.571,4,Villa,133,1973,,Aktuel værdi
Birkely 63,4880 Nysted,425.000,18-09-2003,"
Alm. Salg",-,4,Sommerhus,59,1980,,Aktuel værdi
Pilestrædet 8A,4880 Nysted,210.000,08-09-2003,"
Alm. Salg",2.019,3,Villa,104,1900,,Aktuel værdi
Byfoged Holcksvej 15,4880 Nysted,562.195,28-08-2003,"
Alm. Salg",5.354,3,Villa,105,1970,,Aktuel værdi
Fjordvej 3,4880 Nysted,745.000,13-08-2003,"
Alm. Salg",5.960,4,Villa,125,1972,,Aktuel værdi
Skibsbrostræde 5,4880 Nysted,1.863.000,08-08-2003,"
Alm. Salg",8.665,6,Rækkehus,215,1856,,Aktuel værdi
Gl Torv 3,4880 Nysted,380.000,01-08-2003,"
Fam. Salg",1.630,8,Rækkehus,233,1840,,Aktuel værdi
Østerrevle 9,4880 Nysted,671.500,21-07-2003,"
Andet",8.500,4,Sommerhus,79,1998,,Aktuel værdi
Vantorevej 121,4880 Nysted,720.000,10-07-2003,"
Alm. Salg",-,5,Stuehus,121,1942,,
Søndergade 1,4880 Nysted,390.000,04-07-2003,"
Alm. Salg",5.064,3,Rækkehus,77,1900,,Aktuel værdi
Birkely 44,4880 Nysted,601.209,03-07-2003,"
Alm. Salg",8.350,4,Sommerhus,72,1978,,Aktuel værdi
Strandvejen 53,4880 Nysted,700.000,01-07-2003,"
Alm. Salg",8.750,3,Villa,80,1855,,Aktuel værdi
Egholmvej 26,4880 Nysted,725.000,20-06-2003,"
Alm. Salg",3.502,6,Villa,207,1880,,Aktuel værdi
Rødstensrevle 8,4880 Nysted,595.000,02-06-2003,"
Alm. Salg",-,4,Sommerhus,114,1995,,Aktuel værdi
Hvedevænget 11,4880 Nysted,231.796,02-06-2003,"
Alm. Salg",2.759,4,Villa,84,2004,,Aktuel værdi
Sakskøbingvej 93,4880 Nysted,1.175.000,02-06-2003,"
Alm. Salg",7.298,4,Villa,161,1906,,Aktuel værdi
Gl Torv 10,4880 Nysted,450.000,26-05-2003,"
Alm. Salg",2.184,6,Rækkehus,206,1868,,Aktuel værdi
Kallehavevej 11,4880 Nysted,550.000,20-05-2003,"
Alm. Salg",4.166,5,Villa,132,1955,,Aktuel værdi
Rosenvænget 14,4880 Nysted,975.000,05-05-2003,"
Alm. Salg",7.116,4,Villa,137,1978,,Aktuel værdi
Rosenvænget 16C,4880 Nysted,25.108,28-04-2003,"
Alm. Salg",160,4,Villa,156,2004,,Aktuel værdi
Adelgade 2B,4880 Nysted,1.250.000,28-04-2003,"
Alm. Salg",7.812,5,Villa,160,1958,,Aktuel værdi
Solsortvej 8,4880 Nysted,1.150.000,24-04-2003,"
Alm. Salg",6.764,5,Villa,170,1973,,Aktuel værdi
Strandvejen 89,4880 Nysted,1.149.651,07-04-2003,"
Alm. Salg",9.580,3,Villa,120,1912,,Aktuel værdi
Egholmvej 2,4880 Nysted,610.653,07-04-2003,"
Alm. Salg",5.815,4,Villa,105,1972,,Aktuel værdi
Rosenvænget 16D,4880 Nysted,21.873,27-03-2003,"
Alm. Salg",170,4,Villa,128,2004,,Aktuel værdi
Fiskergade 18,4880 Nysted,463.608,21-03-2003,"
Fam. Salg",3.679,3,Rækkehus,126,1897,,Aktuel værdi
Skansevej 14,4880 Nysted,1.186.000,20-03-2003,"
Alm. Salg",8.656,5,Villa,137,1950,,Aktuel værdi
Vantorevej 79,4880 Nysted,600.000,18-03-2003,"
Alm. Salg",5.454,5,Sommerhus,110,1887,,Aktuel værdi
Østvej 3,4880 Nysted,3.600.000,27-02-2003,"
Alm. Salg",18.181,7,Stuehus,198,1913,,
Slotsgade 7A,4880 Nysted,745.000,24-02-2003,"
Alm. Salg",9.802,3,Villa,76,1761,,Aktuel værdi
Hovbøllevej 2,4880 Nysted,230.000,24-02-2003,"
Fam. Salg",2.323,3,Villa,99,1922,,Aktuel værdi
Vantorevej 40,4880 Nysted,721.000,24-02-2003,"
Alm. Salg",5.041,6,Villa,143,1949,,Aktuel værdi
Skårupvej 2,4880 Nysted,200.000,07-02-2003,"
Fam. Salg",2.000,5,Sommerhus,100,1877,,Aktuel værdi
Fjordvej 25,4880 Nysted,950.000,06-02-2003,"
Alm. Salg",8.407,4,Villa,113,1967,,Aktuel værdi
Wichmandsvej 19,4880 Nysted,700.000,24-01-2003,"
Alm. Salg",2.573,6,Villa,272,1967,,Aktuel værdi
Stubberupvej 38,4880 Nysted,885.000,13-12-2002,"
Alm. Salg",5.746,6,Villa,154,1970,,Aktuel værdi
Vantorevej 103,4880 Nysted,1.183.784,09-12-2002,"
Alm. Salg",4.871,7,Villa,243,1954,,Aktuel værdi
Jernbanegade 5,4880 Nysted,570.000,06-12-2002,"
Alm. Salg",6.263,4,Villa,91,1925,,Aktuel værdi
Adelgade 16,4880 Nysted,1.650.000,20-11-2002,"
Alm. Salg",-,9,Detailhandel,310,1872,,Aktuel værdi
Vantorevej 119,4880 Nysted,699.000,17-11-2002,"
Alm. Salg",2.330,8,Stuehus,300,1890,,
Musse Gade 4,4880 Nysted,525.000,15-11-2002,"
Alm. Salg",4.487,4,Villa,117,1960,,Aktuel værdi
Skansevej 7,4880 Nysted,540.000,25-10-2002,"
Alm. Salg",-,3,Villa,75,1943,,Aktuel værdi
Strandvejen 43,4880 Nysted,999.999,14-10-2002,"
Alm. Salg",-,4,Villa,169,1961,,Aktuel værdi
Sakskøbingvej 51A,4880 Nysted,275.000,14-10-2002,"
Fam. Salg",3.273,3,Rækkehus,84,1900,,Aktuel værdi
Mårbækvej 1,4880 Nysted,535.000,16-09-2002,"
Alm. Salg",4.179,4,Villa,128,1906,,Aktuel værdi
Skansevej 9,4880 Nysted,785.000,16-09-2002,"
Alm. Salg",5.413,5,Villa,145,1947,,Aktuel værdi
Kløverrevle 6,4880 Nysted,620.000,14-09-2002,"
Alm. Salg",7.948,4,Sommerhus,78,1977,,Aktuel værdi
Rosenvænget 31,4880 Nysted,38.583,03-09-2002,"
Alm. Salg",277,5,Villa,139,2003,,Aktuel værdi
Vestvej 3,4880 Nysted,1.350.000,03-09-2002,"
Alm. Salg",6.459,6,Villa,209,1906,,Aktuel værdi
Egholmvej 8,4880 Nysted,386.990,19-08-2002,"
Alm. Salg",3.365,4,Villa,115,1967,,Aktuel værdi
Østersøvej 5,4880 Nysted,360.000,29-07-2002,"
Alm. Salg",-,5,Sommerhus,73,1962,,Aktuel værdi
Vantorevej 86,4880 Nysted,210.857,27-06-2002,"
Alm. Salg",-,6,Villa,150,1850,,Aktuel værdi
Kattesundet 7,4880 Nysted,555.571,22-06-2002,"
Alm. Salg",8.170,4,Rækkehus,68,1820,,Aktuel værdi
Strandvejen 5,4880 Nysted,477.506,27-05-2002,"
Andet",3.673,5,Villa,130,1932,,Aktuel værdi
Sakskøbingvej 37,4880 Nysted,240.000,17-05-2002,"
Alm. Salg",-,4,Villa,102,1930,,Aktuel værdi
Birkely 47,4880 Nysted,60.000,14-05-2002,"
Fam. Salg",606,2,Sommerhus,99,2007,,Aktuel værdi
Vestvej 7,4880 Nysted,184.615,09-05-2002,"
Andet",1.079,5,Villa,171,1912,,Aktuel værdi
Strandvejen 7,4880 Nysted,1.550.000,29-04-2002,"
Fam. Salg",7.311,6,Villa,212,1963,,Aktuel værdi
Gartnerparken 40,4880 Nysted,350.000,13-04-2002,"
Alm. Salg",5.833,2,Rækkehus,60,1975,,Aktuel værdi
Brydebjergvej 1,4880 Nysted,660.000,12-04-2002,"
Alm. Salg",1.578,4,Villa,418,1952,,Aktuel værdi
Krogsvej 2,4880 Nysted,595.000,10-04-2002,"
Alm. Salg",2.833,6,Villa,210,1910,,Aktuel værdi
Hvedevænget 13,4880 Nysted,241.495,08-04-2002,"
Alm. Salg",2.367,3,Villa,102,2003,,Aktuel værdi
Rosenvang 2,4880 Nysted,355.000,04-03-2002,"
Alm. Salg",1.635,8,Villa,217,1932,,Aktuel værdi
Byfoged Holcksvej 14,4880 Nysted,791.000,14-02-2002,"
Alm. Salg",7.062,4,Villa,112,1970,,Aktuel værdi
Birkely 64,4880 Nysted,84.000,23-01-2002,"
Alm. Salg",903,4,Sommerhus,93,2002,,Aktuel værdi
Fiskergade 21,4880 Nysted,555.000,21-01-2002,"
Alm. Salg",-,4,Villa,99,1911,,Aktuel værdi
Solgårdsvej 4,4880 Nysted,505.000,11-01-2002,"
Alm. Salg",3.482,5,Villa,145,1919,,Aktuel værdi
Gartnerparken 54,4880 Nysted,325.000,10-12-2001,"
Alm. Salg",5.416,2,Rækkehus,60,1976,,Aktuel værdi
Vantorevej 75,4880 Nysted,3.450.000,07-12-2001,"
Alm. Salg",-,11,Stuehus,318,1923,,
Østergade 37,4880 Nysted,215.200,11-11-2001,"
Fam. Salg",3.586,2,Rækkehus,60,1908,,Aktuel værdi
Krogsvej 4,4880 Nysted,555.000,06-11-2001,"
Alm. Salg",-,8,Villa,251,1914,,Aktuel værdi
Byfoged Holcksvej 7,4880 Nysted,720.000,03-11-2001,"
Alm. Salg",6.428,3,Villa,112,1971,,Aktuel værdi
Østergade 27,4880 Nysted,376.000,28-09-2001,"
Alm. Salg",5.449,2,Rækkehus,69,1840,,Aktuel værdi
Wichmandsvej 35,4880 Nysted,720.000,13-09-2001,"
Alm. Salg",6.428,4,Villa,112,1973,,Aktuel værdi
Birkely 54,4880 Nysted,290.000,13-09-2001,"
Alm. Salg",6.041,4,Sommerhus,48,1978,,Aktuel værdi
Skansevej 23,4880 Nysted,315.000,12-09-2001,"
Alm. Salg",6.300,3,Sommerhus,50,1962,,Aktuel værdi
Vantorevej 68,4880 Nysted,392.800,10-09-2001,"
Alm. Salg",2.654,6,Villa,148,1910,,Aktuel værdi
Mallehavevej 2,4880 Nysted,230.000,17-08-2001,"
Alm. Salg",-,5,Villa,136,1954,,Aktuel værdi
Sakskøbingvej 101,4880 Nysted,148.867,17-08-2001,"
Auktion",1.567,4,Villa,95,1927,,Aktuel værdi
Kørsledsvej 2,4880 Nysted,525.000,05-07-2001,"
Alm. Salg",4.375,3,Villa,120,1906,,Aktuel værdi
Sakskøbingvej 69,4880 Nysted,230.000,28-06-2001,"
Fam. Salg",1.691,5,Villa,136,1954,,Aktuel værdi
Vantorevej 27C,4880 Nysted,349.709,27-06-2001,"
Fam. Salg",2.649,4,Villa,132,1976,,Aktuel værdi
Adelgade 55,4880 Nysted,1.373.000,25-06-2001,"
Alm. Salg",8.124,5,Rækkehus,169,1981,,Aktuel værdi
Byfoged Holcksvej 1,4880 Nysted,1.125.000,20-06-2001,"
Alm. Salg",-,7,Villa,192,1970,,Aktuel værdi
Kløverrevle 5,4880 Nysted,410.000,20-06-2001,"
Alm. Salg",6.721,3,Sommerhus,61,1977,,Aktuel værdi
Østergade 26,4880 Nysted,476.000,18-06-2001,"
Alm. Salg",5.118,3,Villa,93,1870,,Aktuel værdi
Valtersvej 6,4880 Nysted,325.000,04-06-2001,"
Alm. Salg",6.250,3,Sommerhus,52,1892,,Aktuel værdi
Søndergade 8,4880 Nysted,278.000,04-06-2001,"
Fam. Salg",2.780,3,Rækkehus,100,1876,,Aktuel værdi
Sakskøbingvej 91,4880 Nysted,330.000,25-05-2001,"
Andet",2.750,6,Villa,120,1900,,Aktuel værdi
Kallehavevej 2,4880 Nysted,750.000,24-04-2001,"
Alm. Salg",3.000,9,Villa,250,1912,,Aktuel værdi
Birkely 90,4880 Nysted,300.000,16-04-2001,"
Fam. Salg",4.687,4,Sommerhus,64,1990,,Aktuel værdi
Gartnerparken 26,4880 Nysted,300.000,16-04-2001,"
Alm. Salg",5.000,2,Rækkehus,60,1973,,Aktuel værdi
Birkely 3,4880 Nysted,338.000,01-04-2001,"
Alm. Salg",8.243,3,Sommerhus,41,1984,,Aktuel værdi
Vantorevej 37,4880 Nysted,140.000,27-03-2001,"
Fam. Salg",2.058,4,Sommerhus,68,1889,,Aktuel værdi
Kløverrevle 7,4880 Nysted,517.224,25-03-2001,"
Alm. Salg",-,6,Sommerhus,114,1989,,Aktuel værdi
Solgårdsvej 1,4880 Nysted,166.000,19-03-2001,"
Alm. Salg",3.254,3,Rækkehus,51,1895,,Aktuel værdi
Solsortvej 6,4880 Nysted,992.000,05-03-2001,"
Alm. Salg",6.657,4,Villa,149,1974,,Aktuel værdi
Adelgade 19,4880 Nysted,1.250.000,20-02-2001,"
Alm. Salg",-,10,Lejlighed,206,1901,,Aktuel værdi
Wichmandsvej 2,4880 Nysted,1.737.474,19-02-2001,"
Alm. Salg",11.066,4,Villa,157,1972,,Aktuel værdi
Skansevej 6,4880 Nysted,1.030.000,22-01-2001,"
Alm. Salg",5.659,6,Villa,182,1907,,Aktuel værdi
Vantorevej 47,4880 Nysted,628.040,22-01-2001,"
Alm. Salg",3.376,7,Villa,186,1910,,Aktuel værdi
Søndergade 10,4880 Nysted,552.000,30-12-2000,"
Alm. Salg",4.600,4,Rækkehus,120,1877,,Aktuel værdi
Wichmandsvej 58,4880 Nysted,620.000,14-12-2000,"
Alm. Salg",6.526,3,Rækkehus,95,1978,,Aktuel værdi
Wichmandsvej 43,4880 Nysted,855.000,12-12-2000,"
Alm. Salg",5.700,4,Villa,150,1972,,Aktuel værdi
Rosenvænget 9,4880 Nysted,800.000,11-12-2000,"
Alm. Salg",5.194,5,Villa,154,1980,,Aktuel værdi
Fjordvej 6,4880 Nysted,1.300.000,27-10-2000,"
Alm. Salg",-,4,Villa,144,1971,,Aktuel værdi
Kirkestien 11,4880 Nysted,369.130,28-09-2000,"
Andet",2.976,5,Rækkehus,124,1870,,Aktuel værdi
Lindholmvej 2B,4880 Nysted,295.000,24-09-2000,"
Andet",1.482,5,Villa,199,1879,,Aktuel værdi
Lindholmvej 8,4880 Nysted,645.500,19-09-2000,"
Andet",4.164,5,Villa,155,1976,,Aktuel værdi
Sakskøbingvej 56,4880 Nysted,359.200,14-09-2000,"
Alm. Salg",3.388,4,Villa,106,1877,,Aktuel værdi
Billevej 4,4880 Nysted,273.000,05-09-2000,"
Alm. Salg",1.452,7,Villa,188,1850,,Aktuel værdi
Vantorevej 76,4880 Nysted,301.500,14-08-2000,"
Alm. Salg",-,8,Villa,166,1908,,Aktuel værdi
Vantorevej 92,4880 Nysted,325.000,14-08-2000,"
Alm. Salg",4.276,2,Sommerhus,76,1850,,Aktuel værdi
Gartnerparken 36,4880 Nysted,295.000,10-08-2000,"
Alm. Salg",4.916,2,Rækkehus,60,1973,,Aktuel værdi
Sakskøbingvej 57,4880 Nysted,426.500,07-08-2000,"
Alm. Salg",3.708,3,Villa,115,1948,,Aktuel værdi
Adelgade 1G,4880 Nysted,950.000,24-07-2000,"
Alm. Salg",4.634,6,Rækkehus,205,1879,,Aktuel værdi
Søvej 10,4880 Nysted,650.000,14-07-2000,"
Alm. Salg",6.914,4,Villa,94,1934,,Aktuel værdi
Munkestien 2,4880 Nysted,661.000,07-07-2000,"
Alm. Salg",5.204,3,Villa,127,1977,,Aktuel værdi
Fiskergade 5B,4880 Nysted,260.000,30-06-2000,"
Alm. Salg",3.023,4,Rækkehus,86,1860,,Aktuel værdi
Østersøvej 3,4880 Nysted,484.000,29-06-2000,"
Alm. Salg",4.609,3,Sommerhus,105,1966,,Aktuel værdi
Pilestrædet 10,4880 Nysted,255.000,24-06-2000,"
Alm. Salg",2.833,4,Villa,90,1892,,Aktuel værdi
Bomstræde 10,4880 Nysted,283.500,21-06-2000,"
Alm. Salg",4.169,2,Rækkehus,68,1895,,Aktuel værdi
Valtersvej 2,4880 Nysted,913.000,20-06-2000,"
Alm. Salg",3.126,4,Villa,292,2012,,Aktuel værdi
Strandvejen 15,4880 Nysted,1.300.000,19-06-2000,"
Alm. Salg",8.024,3,Villa,162,1970,,Aktuel værdi
Sakskøbingvej 18,4880 Nysted,175.000,19-06-2000,"
Alm. Salg",845,6,Villa,207,1918,,Aktuel værdi
Slotsgade 10,4880 Nysted,590.000,04-06-2000,"
Alm. Salg",6.344,2,Villa,93,1761,,Aktuel værdi
Stubberupvej 32,4880 Nysted,421.561,25-05-2000,"
Alm. Salg",3.832,4,Villa,110,1877,,Aktuel værdi
Skovstræde 5,4880 Nysted,155.000,08-05-2000,"
Alm. Salg",-,7,Rækkehus,163,1910,,Aktuel værdi
Trepilevej 13,4880 Nysted,539.000,04-04-2000,"
Fam. Salg",2.764,6,Villa,195,1897,,Aktuel værdi
Tågense Engvej 5,4880 Nysted,700.000,03-04-2000,"
Alm. Salg",-,3,Villa,129,1863,,Aktuel værdi
Adelgade 83,4880 Nysted,581.260,01-04-2000,"
Alm. Salg",5.871,3,Rækkehus,99,1846,,Aktuel værdi
Fjordvej 5,4880 Nysted,969.000,27-03-2000,"
Alm. Salg",-,4,Villa,125,1969,,Aktuel værdi
Sakskøbingvej 39,4880 Nysted,180.000,20-03-2000,"
Alm. Salg",1.978,3,Villa,91,1860,,Aktuel værdi
Solsortvej 1,4880 Nysted,850.000,18-03-2000,"
Alm. Salg",5.782,5,Villa,147,1973,,Aktuel værdi
Strandvejen 71,4880 Nysted,825.000,10-03-2000,"
Alm. Salg",7.568,3,Rækkehus,109,1887,,Aktuel værdi
Jernbanegade 13,4880 Nysted,540.000,06-03-2000,"
Alm. Salg",4.736,4,Villa,114,1912,,Aktuel værdi
Stubberupvej 23,4880 Nysted,815.000,28-02-2000,"
Alm. Salg",3.381,9,Villa,241,1900,,Aktuel værdi
Strandvejen 65,4880 Nysted,1.540.000,14-02-2000,"
Alm. Salg",8.020,5,Villa,192,1974,,Aktuel værdi
Wichmandsvej 60,4880 Nysted,575.054,03-02-2000,"
Alm. Salg",7.099,2,Rækkehus,81,1978,,Aktuel værdi
Vantorevej 53,4880 Nysted,200.000,19-12-1999,"
Alm. Salg",819,8,Stuehus,244,1915,,
Sakskøbingvej 83A,4880 Nysted,463.074,09-12-1999,"
Alm. Salg",4.327,5,Villa,107,1930,,Aktuel værdi
Østergade 6,4880 Nysted,847.000,28-10-1999,"
Alm. Salg",5.572,6,Villa,152,1923,,Aktuel værdi
Strandhus Alleen 14,4880 Nysted,1.254.337,25-10-1999,"
Alm. Salg",6.636,5,Villa,189,1920,,Aktuel værdi
Stubberupvej 21,4880 Nysted,255.000,18-10-1999,"
Alm. Salg",3.642,3,Villa,70,1777,,Aktuel værdi
Gl Torv 9,4880 Nysted,288.000,05-10-1999,"
Alm. Salg",3.469,3,Villa,83,1874,,Aktuel værdi
Østersøvej 19,4880 Nysted,258.850,20-09-1999,"
Alm. Salg",7.843,1,Sommerhus,33,1967,,Aktuel værdi
Sakskøbingvej 58,4880 Nysted,125.050,20-09-1999,"
Auktion",1.488,5,Villa,84,1922,,Aktuel værdi
Sakskøbingvej 117,4880 Nysted,305.000,10-09-1999,"
Alm. Salg",2.877,4,Villa,106,1933,,Aktuel værdi
"Adelgade 42, 1",4880 Nysted,1.381.532,23-08-1999,"
Andet",6.059,9,Lejlighed,228,1867,,Aktuel værdi
Søndergade 14,4880 Nysted,225.000,23-08-1999,"
Alm. Salg",4.166,2,Rækkehus,54,1900,,Aktuel værdi
Adelgade 31,4880 Nysted,455.000,20-08-1999,"
Alm. Salg",3.395,10,Rækkehus,134,1912,,Aktuel værdi
Sakskøbingvej 34,4880 Nysted,439.000,09-08-1999,"
Alm. Salg",3.113,5,Villa,141,1903,,Aktuel værdi
Vantorevej 28,4880 Nysted,777.000,24-07-1999,"
Alm. Salg",5.358,5,Villa,145,1967,,Aktuel værdi
Adelgade 76A,4880 Nysted,610.477,19-07-1999,"
Alm. Salg",4.360,3,Rækkehus,140,1856,,Aktuel værdi
Kirkestien 17,4880 Nysted,525.000,17-07-1999,"
Alm. Salg",4.200,4,Villa,125,1947,,Aktuel værdi
Fiskergade 2,4880 Nysted,512.000,11-06-1999,"
Alm. Salg",4.266,4,Rækkehus,120,1855,,Aktuel værdi
Vantorevej 99,4880 Nysted,190.000,11-06-1999,"
Alm. Salg",2.435,3,Sommerhus,78,1927,,Aktuel værdi
Fjordvej 9,4880 Nysted,750.000,31-05-1999,"
Alm. Salg",5.725,4,Villa,131,1968,,Aktuel værdi
Birkely 24,4880 Nysted,45.000,03-05-1999,"
Alm. Salg",762,3,Sommerhus,59,2002,,Aktuel værdi
Nysted Skov 7,4880 Nysted,360.000,12-04-1999,"
Fam. Salg",4.931,4,Sommerhus,73,1877,,Aktuel værdi
Bramsløkkevej 1,4880 Nysted,1.536.000,31-03-1999,"
Alm. Salg",10.816,4,Stuehus,142,1900,,
Ndr Kongemarksvej 4,4880 Nysted,420.000,30-03-1999,"
Alm. Salg",5.121,3,Rækkehus,82,1973,,Aktuel værdi
Adelgade 84,4880 Nysted,588.000,30-03-1999,"
Alm. Salg",-,6,Rækkehus,170,1860,,Aktuel værdi
Fjordvej 16,4880 Nysted,1.090.000,26-03-1999,"
Alm. Salg",-,6,Villa,174,1965,,Aktuel værdi
Sakskøbingvej 54,4880 Nysted,245.000,02-03-1999,"
Alm. Salg",2.552,4,Villa,96,1930,,Aktuel værdi
Egholmvej 38,4880 Nysted,591.078,19-02-1999,"
Alm. Salg",2.547,7,Villa,232,1922,,Aktuel værdi
Ndr Kongemarksvej 7,4880 Nysted,1.061.500,11-02-1999,"
Alm. Salg",5.103,6,Villa,208,1975,,Aktuel værdi
"Adelgade 21, 1",4880 Nysted,384.900,09-02-1999,"
Alm. Salg",3.531,3,Lejlighed,109,1847,,Aktuel værdi
Strandvejen 81,4880 Nysted,939.665,25-01-1999,"
Alm. Salg",3.355,8,Villa,280,1912,,Aktuel værdi
Egholmvej 18,4880 Nysted,1.200.000,05-01-1999,"
Alm. Salg",8.955,6,Stuehus,134,1910,,
Birkely 6,4880 Nysted,407.680,09-11-1998,"
Alm. Salg",6.575,3,Sommerhus,62,1980,,Aktuel værdi
Stilund 10,4880 Nysted,515.740,09-11-1998,"
Alm. Salg",3.264,5,Villa,158,1777,,Aktuel værdi
Ny Østergade 3,4880 Nysted,461.000,30-10-1998,"
Alm. Salg",2.881,6,Villa,160,1911,,Aktuel værdi
Rosenvænget 19,4880 Nysted,370.000,23-10-1998,"
Alm. Salg",-,4,Villa,93,1978,,Aktuel værdi
Vantorevej 77,4880 Nysted,400.000,19-10-1998,"
Alm. Salg",1.666,6,Villa,240,1900,,Aktuel værdi
Krogsvej 6,4880 Nysted,454.117,14-09-1998,"
Alm. Salg",2.390,5,Villa,190,1900,,Aktuel værdi
Vantorevej 41,4880 Nysted,281.000,31-08-1998,"
Alm. Salg",-,9,Villa,213,1890,,Aktuel værdi
Østersøvej 7,4880 Nysted,290.000,31-08-1998,"
Alm. Salg",3.411,3,Sommerhus,85,1963,,Aktuel værdi
Egholmvej 24,4880 Nysted,900.000,27-08-1998,"
Alm. Salg",5.325,8,Stuehus,169,1885,,
Østerrevle 2,4880 Nysted,92.000,14-08-1998,"
Alm. Salg",938,4,Sommerhus,98,1999,,Aktuel værdi
Vantorevej 94,4880 Nysted,475.000,12-08-1998,"
Alm. Salg",3.209,4,Villa,148,1872,,Aktuel værdi
Slotsgade 9,4880 Nysted,1.600.846,26-07-1998,"
Alm. Salg",9.361,5,Villa,171,1832,,Aktuel værdi
Bomstræde 19,4880 Nysted,165.000,06-07-1998,"
Alm. Salg",2.426,4,Villa,68,1910,,Aktuel værdi
Musse Mader 5,4880 Nysted,130.000,18-06-1998,"
Alm. Salg",1.226,3,Villa,106,1877,,Aktuel værdi
Vantorevej 38,4880 Nysted,338.000,27-05-1998,"
Alm. Salg",1.379,6,Villa,245,2001,,Aktuel værdi
Solsortvej 4,4880 Nysted,669.000,25-05-1998,"
Alm. Salg",5.106,5,Villa,131,1974,,Aktuel værdi
Aarestrupvej 3,4880 Nysted,493.000,22-05-1998,"
Alm. Salg",4.607,3,Villa,107,1967,,Aktuel værdi
Birkely 92,4880 Nysted,240.000,06-04-1998,"
Alm. Salg",4.363,3,Sommerhus,55,1977,,Aktuel værdi
Egholmvej 3,4880 Nysted,673.000,06-04-1998,"
Alm. Salg",3.560,8,Villa,189,1928,,Aktuel værdi
Mallehavevej 12,4880 Nysted,759.000,02-04-1998,"
Alm. Salg",5.838,5,Villa,130,1911,,Aktuel værdi
Sakskøbingvej 49,4880 Nysted,316.000,16-03-1998,"
Alm. Salg",2.846,3,Villa,111,1890,,Aktuel værdi
Stubberupvej 37,4880 Nysted,205.000,09-03-1998,"
Alm. Salg",1.601,4,Villa,128,1877,,Aktuel værdi
Skovstræde 13,4880 Nysted,1.232.000,05-03-1998,"
Alm. Salg",9.058,5,Stuehus,136,1920,,
Sakskøbingvej 42,4880 Nysted,245.000,23-02-1998,"
Alm. Salg",2.401,4,Villa,102,1835,,Aktuel værdi
Solgårdsvej 3,4880 Nysted,279.000,17-02-1998,"
Alm. Salg",2.469,4,Villa,113,1943,,Aktuel værdi
Stubberupvej 11,4880 Nysted,159.270,02-02-1998,"
Alm. Salg",723,6,Stuehus,220,1905,,
Dalmosevej 2,4880 Nysted,1.461.786,02-02-1998,"
Alm. Salg",6.328,6,Villa,231,1874,,Aktuel værdi
Østvej 7,4880 Nysted,381.000,13-01-1998,"
Alm. Salg",-,5,Villa,235,1912,,Aktuel værdi
Vantore Strandvej 4,4880 Nysted,250.000,08-12-1997,"
Alm. Salg",-,3,Villa,103,1909,,Aktuel værdi
Østerrevle 3,4880 Nysted,111.000,03-11-1997,"
Alm. Salg",2.265,2,Sommerhus,49,1977,,Aktuel værdi
Sakskøbingvej 26,4880 Nysted,240.000,03-11-1997,"
Alm. Salg",1.678,4,Villa,143,1900,,Aktuel værdi
Birkely 29,4880 Nysted,285.000,30-10-1997,"
Alm. Salg",3.904,4,Sommerhus,73,1976,,Aktuel værdi
"Ny Østergade 4, 1",4880 Nysted,625.000,16-09-1997,"
Alm. Salg",2.815,7,Lejlighed,222,1980,,Aktuel værdi
Strandhus Alleen 2,4880 Nysted,387.500,30-08-1997,"
Alm. Salg",-,3,Villa,144,1777,,Aktuel værdi
Egholmvej 13,4880 Nysted,200.000,22-08-1997,"
Alm. Salg",-,4,Villa,225,1850,,Aktuel værdi
Byfoged Holcksvej 16,4880 Nysted,575.000,01-08-1997,"
Alm. Salg",5.133,3,Villa,112,1972,,Aktuel værdi
Birkely 36,4880 Nysted,275.000,12-07-1997,"
Alm. Salg",6.875,3,Sommerhus,40,1976,,Aktuel værdi
Østersøvej 11,4880 Nysted,258.000,15-06-1997,"
Alm. Salg",-,2,Sommerhus,42,1962,,Aktuel værdi
Wichmandsvej 54,4880 Nysted,420.000,10-06-1997,"
Alm. Salg",-,4,Rækkehus,95,1976,,Aktuel værdi
Billevej 5,4880 Nysted,245.000,07-06-1997,"
Alm. Salg",2.187,3,Villa,112,1894,,Aktuel værdi
Sdr Kirkestræde 3,4880 Nysted,210.687,06-06-1997,"
Alm. Salg",2.065,3,Villa,102,1979,,Aktuel værdi
Lærkevej 6,4880 Nysted,702.500,31-05-1997,"
Alm. Salg",5.281,4,Villa,133,1977,,Aktuel værdi
Tværvej 1,4880 Nysted,135.000,26-05-1997,"
Alm. Salg",-,4,Villa,133,1961,,Aktuel værdi
Tværvej 11,4880 Nysted,134.000,16-05-1997,"
Alm. Salg",1.440,4,Villa,93,1959,,Aktuel værdi
Fjordvej 12,4880 Nysted,900.000,09-05-1997,"
Alm. Salg",6.923,5,Villa,130,1966,,Aktuel værdi
Solsortvej 7,4880 Nysted,737.000,17-04-1997,"
Alm. Salg",-,4,Villa,161,1974,,Aktuel værdi
Strandvejen 91,4880 Nysted,725.000,16-04-1997,"
Alm. Salg",5.178,6,Villa,140,1953,,Aktuel værdi
Stubberupvej 26,4880 Nysted,1.400.000,15-04-1997,"
Fam. Salg",9.722,6,Stuehus,144,1880,,
Wichmandsvej 52,4880 Nysted,400.000,14-04-1997,"
Alm. Salg",4.938,3,Rækkehus,81,1976,,Aktuel værdi
Gartnerparken 44,4880 Nysted,204.000,14-04-1997,"
Fam. Salg",3.400,2,Rækkehus,60,1975,,Aktuel værdi
Stubberupvej 35,4880 Nysted,261.537,14-03-1997,"
Alm. Salg",1.937,5,Rækkehus,135,1900,,Aktuel værdi
Mallehavevej 5,4880 Nysted,206.000,23-02-1997,"
Fam. Salg",-,6,Villa,174,1913,,Aktuel værdi
Gartnerparken 30,4880 Nysted,233.500,22-02-1997,"
Alm. Salg",3.891,2,Rækkehus,60,1973,,Aktuel værdi
Havnegade 7,4880 Nysted,625.000,17-02-1997,"
Alm. Salg",4.960,6,Villa,126,1898,,Aktuel værdi
Trepilevej 9,4880 Nysted,1.292.277,07-02-1997,"
Auktion",8.615,4,Villa,150,1922,,Aktuel værdi
Skansevej 15B,4880 Nysted,454.000,25-01-1997,"
Alm. Salg",2.751,5,Villa,165,1900,,Aktuel værdi
Stubberupvej 3,4880 Nysted,744.000,05-01-1997,"
Alm. Salg",4.960,4,Villa,150,1900,,Aktuel værdi
Sakskøbingvej 16,4880 Nysted,1.392.000,17-12-1996,"
Fam. Salg",6.566,6,Stuehus,212,1929,,
Sdr Kongemarksvej 8,4880 Nysted,235.000,16-12-1996,"
Alm. Salg",-,8,Villa,204,1915,,Aktuel værdi
Pilestrædet 9,4880 Nysted,194.920,11-12-1996,"
Alm. Salg",1.740,5,Villa,112,1935,,Aktuel værdi
Pilestrædet 5B,4880 Nysted,300.000,18-11-1996,"
Fam. Salg",1.648,4,Villa,182,1975,,Aktuel værdi
Adelgade 8,4880 Nysted,375.000,01-11-1996,"
Alm. Salg",-,5,Villa,166,1880,,Aktuel værdi
Birkely 50,4880 Nysted,280.000,18-10-1996,"
Alm. Salg",4.444,3,Sommerhus,63,1976,,Aktuel værdi
Strandvejen 29,4880 Nysted,300.000,10-10-1996,"
Fam. Salg",3.846,5,Rækkehus,78,1912,,Aktuel værdi
"Adelgade 48, 1",4880 Nysted,856.160,05-10-1996,"
Alm. Salg",-,4,Lejlighed,113,1875,,Aktuel værdi
Vantorevej 48,4880 Nysted,683.000,01-10-1996,"
Alm. Salg",2.732,6,Villa,250,1875,,Aktuel værdi
Birkely 73,4880 Nysted,172.040,26-09-1996,"
Alm. Salg",4.527,3,Sommerhus,38,1980,,Aktuel værdi
Kattesundet 11,4880 Nysted,165.000,12-09-1996,"
Alm. Salg",2.088,4,Rækkehus,79,1874,,Aktuel værdi
Stubberupvej 13,4880 Nysted,171.000,09-09-1996,"
Alm. Salg",2.514,4,Villa,68,1837,,Aktuel værdi
Gadeparterne 3,4880 Nysted,470.473,04-09-1996,"
Alm. Salg",3.313,4,Villa,142,1979,,Aktuel værdi
Bomstræde 21A,4880 Nysted,235.000,21-08-1996,"
Alm. Salg",3.219,3,Villa,73,1800,,Aktuel værdi
Lærkevej 3,4880 Nysted,535.000,29-07-1996,"
Alm. Salg",-,5,Villa,140,1974,,Aktuel værdi
Ndr Kongemarksvej 1,4880 Nysted,580.000,10-07-1996,"
Alm. Salg",3.431,5,Villa,169,1967,,Aktuel værdi
Vestvej 8,4880 Nysted,3.420.500,13-06-1996,"
Fam. Salg",16.210,7,Stuehus,211,1880,,
Holtevej 9,4880 Nysted,2.000.000,07-06-1996,"
Fam. Salg",11.494,7,Stuehus,174,1910,,
Adelgade 20,4880 Nysted,875.000,08-05-1996,"
Alm. Salg",2.692,8,Rækkehus,325,1872,,Aktuel værdi
Rosenvænget 8,4880 Nysted,557.500,06-05-1996,"
Alm. Salg",5.068,4,Villa,110,1977,,Aktuel værdi
Birkely 14,4880 Nysted,166.600,01-05-1996,"
Alm. Salg",3.621,3,Sommerhus,46,1992,,Aktuel værdi
Skansevej 5,4880 Nysted,323.000,24-04-1996,"
Alm. Salg",1.981,5,Villa,163,1930,,Aktuel værdi
Tåstrupvej 5,4880 Nysted,875.000,08-04-1996,"
Alm. Salg",3.339,7,Stuehus,262,1777,,
Østergade 25,4880 Nysted,160.000,04-03-1996,"
Alm. Salg",2.424,3,Villa,66,1840,,Aktuel værdi
Nysted Skov 5,4880 Nysted,143.384,22-02-1996,"
Fam. Salg",868,8,Villa,165,1924,,Aktuel værdi
Lindholmvej 6,4880 Nysted,530.000,17-01-1996,"
Alm. Salg",4.140,3,Villa,128,1976,,Aktuel værdi
Musse Gade 12,4880 Nysted,255.380,04-12-1995,"
Alm. Salg",3.076,2,Villa,83,1949,,Aktuel værdi
Sakskøbingvej 105,4880 Nysted,174.000,01-12-1995,"
Alm. Salg",1.216,5,Villa,143,1912,,Aktuel værdi
Vantorevej 95,4880 Nysted,275.000,22-11-1995,"
Alm. Salg",-,5,Villa,145,1938,,Aktuel værdi
Østergade 16,4880 Nysted,425.000,15-11-1995,"
Alm. Salg",4.292,4,Villa,99,1912,,Aktuel værdi
Østergade 31,4880 Nysted,378.000,13-11-1995,"
Alm. Salg",-,6,Rækkehus,147,1912,,Aktuel værdi
Byfoged Holcksvej 17,4880 Nysted,550.000,23-10-1995,"
Alm. Salg",3.873,4,Villa,142,1971,,Aktuel værdi
Holtevej 4,4880 Nysted,240.000,07-10-1995,"
Alm. Salg",2.181,4,Sommerhus,110,2014,,Aktuel værdi
Adelgade 54,4880 Nysted,366.400,02-10-1995,"
Alm. Salg",2.142,7,Rækkehus,171,1859,,Aktuel værdi
Adelgade 94,4880 Nysted,1.335.000,20-09-1995,"
Alm. Salg",8.190,4,Rækkehus,163,1761,,Aktuel værdi
Sakskøbingvej 21,4880 Nysted,195.000,05-09-1995,"
Alm. Salg",2.031,4,Villa,96,1931,,Aktuel værdi
Sakskøbingvej 7,4880 Nysted,280.000,31-08-1995,"
Alm. Salg",2.666,3,Villa,105,1920,,Aktuel værdi
Fiskergade 5A,4880 Nysted,245.950,25-08-1995,"
Alm. Salg",3.842,2,Rækkehus,64,1860,,Aktuel værdi
Musse Mader 7,4880 Nysted,1.943.637,01-07-1995,"
Fam. Salg",16.063,4,Stuehus,121,1973,,
Tågense Engvej 10,4880 Nysted,148.750,18-06-1995,"
Alm. Salg",-,5,Villa,200,1877,,Aktuel værdi
Østersøvej 20,4880 Nysted,425.000,14-06-1995,"
Alm. Salg",6.071,3,Sommerhus,70,1970,,Aktuel værdi
Adelgade 99,4880 Nysted,243.000,13-06-1995,"
Alm. Salg",-,7,Rækkehus,179,1777,,Aktuel værdi
Kløverrevle 12,4880 Nysted,145.000,19-01-1995,"
Alm. Salg",2.013,4,Sommerhus,72,1980,,Aktuel værdi
Strandvejen 51,4880 Nysted,1.143.000,11-01-1995,"
Alm. Salg",7.993,4,Villa,143,1949,,Aktuel værdi
Slotsgade 7B,4880 Nysted,768.000,21-12-1994,"
Alm. Salg",5.408,4,Villa,142,1969,,Aktuel værdi
Rosenvænget 39,4880 Nysted,585.000,21-11-1994,"
Alm. Salg",3.774,6,Villa,155,1987,,Aktuel værdi
Lærkevej 5,4880 Nysted,250.000,25-10-1994,"
Andet",1.851,5,Villa,135,1975,,Aktuel værdi
Jernbanegade 23,4880 Nysted,292.980,10-10-1994,"
Alm. Salg",1.940,4,Villa,151,1911,,Aktuel værdi
Byfoged Holcksvej 18,4880 Nysted,616.397,15-08-1994,"
Alm. Salg",3.852,6,Villa,160,1969,,Aktuel værdi
Østergade 43,4880 Nysted,350.000,26-07-1994,"
Alm. Salg",4.069,4,Rækkehus,86,1825,,Aktuel værdi
Adelgade 26D,4880 Nysted,657.112,16-07-1994,"
Alm. Salg",4.796,5,Rækkehus,137,1941,,Aktuel værdi
Vantorevej 34B,4880 Nysted,420.000,14-07-1994,"
Alm. Salg",2.307,7,Villa,182,1777,,Aktuel værdi
Valtersvej 1,4880 Nysted,295.000,08-07-1994,"
Alm. Salg",2.341,3,Villa,126,1880,,Aktuel værdi
Østersøvej 6,4880 Nysted,203.220,13-06-1994,"
Alm. Salg",4.618,3,Sommerhus,44,1965,,Aktuel værdi
Skovstræde 7,4880 Nysted,75.000,10-06-1994,"
Alm. Salg",1.171,3,Rækkehus,64,1921,,Aktuel værdi
Strandvejen 93,4880 Nysted,600.000,30-05-1994,"
Alm. Salg",-,5,Villa,148,1953,,Aktuel værdi
Våsenvej 3A,4880 Nysted,209.322,30-05-1994,"
Alm. Salg",1.852,5,Villa,113,1877,,Aktuel værdi
Drosselvej 10,4880 Nysted,655.680,17-05-1994,"
Alm. Salg",3.790,6,Villa,173,1973,,Aktuel værdi
Pilestrædet 2,4880 Nysted,100.000,06-05-1994,"
Alm. Salg",709,4,Villa,141,1974,,Aktuel værdi
Birkely 9,4880 Nysted,170.000,24-03-1994,"
Andet",1.888,4,Sommerhus,90,1980,,Aktuel værdi
Musse Gade 28,4880 Nysted,180.000,01-03-1994,"
Fam. Salg",1.500,4,Villa,120,1942,,Aktuel værdi
Fiskergade 22,4880 Nysted,192.000,19-01-1994,"
Alm. Salg",-,5,Villa,116,1830,,Aktuel værdi
Rosenvænget 6,4880 Nysted,413.600,11-12-1993,"
Alm. Salg",3.760,4,Villa,110,1978,,Aktuel værdi
Jernbanegade 3,4880 Nysted,484.820,27-11-1993,"
Alm. Salg",2.565,9,Villa,189,1925,,Aktuel værdi
Fjordvej 19,4880 Nysted,470.000,10-11-1993,"
Alm. Salg",4.196,5,Rækkehus,112,1967,,Aktuel værdi
Ved Havnen 5,4880 Nysted,1.500.000,30-10-1993,"
Alm. Salg",6.122,7,Villa,245,1939,,Aktuel værdi
Sakskøbingvej 85,4880 Nysted,371.250,09-10-1993,"
Alm. Salg",2.900,5,Villa,128,1909,,Aktuel værdi
Wichmandsvej 62,4880 Nysted,410.000,30-09-1993,"
Alm. Salg",2.546,5,Villa,161,1977,,Aktuel værdi
Fjordvej 7,4880 Nysted,450.000,30-09-1993,"
Alm. Salg",3.658,4,Villa,123,1969,,Aktuel værdi
Østergade 47,4880 Nysted,9.000,28-09-1993,"
Alm. Salg",62,4,Villa,144,1838,,Aktuel værdi
Strandvejen 61,4880 Nysted,632.505,27-09-1993,"
Andet",4.161,3,Villa,152,1913,,Aktuel værdi
Østersøvej 18,4880 Nysted,80.220,27-09-1993,"
Alm. Salg",853,4,Sommerhus,94,2000,,Aktuel værdi
Rosenvænget 4,4880 Nysted,630.000,21-09-1993,"
Alm. Salg",3.519,5,Villa,179,1975,,Aktuel værdi
Adelgade 95,4880 Nysted,280.500,18-07-1993,"
Fam. Salg",-,7,Rækkehus,188,1842,,Aktuel værdi
Østvej 1,4880 Nysted,310.000,15-07-1993,"
Alm. Salg",2.183,6,Villa,142,1926,,Aktuel værdi
Østersøvej 16,4880 Nysted,205.000,09-07-1993,"
Alm. Salg",3.867,4,Sommerhus,53,1968,,Aktuel værdi
Slotsgade 6,4880 Nysted,203.000,29-06-1993,"
Alm. Salg",2.985,3,Rækkehus,68,1761,,Aktuel værdi
Ndr Kongemarksvej 8,4880 Nysted,332.600,13-06-1993,"
Alm. Salg",4.056,3,Rækkehus,82,1973,,Aktuel værdi
Østersøvej 22,4880 Nysted,246.092,13-06-1993,"
Alm. Salg",-,6,Sommerhus,105,1966,,Aktuel værdi
Våsenvej 13,4880 Nysted,190.975,01-05-1993,"
Alm. Salg",2.098,3,Villa,91,1860,,Aktuel værdi
Kløverrevle 16,4880 Nysted,246.000,02-04-1993,"
Alm. Salg",4.920,3,Sommerhus,50,1976,,Aktuel værdi
Lille Mussevej 7,4880 Nysted,34.000,01-03-1993,"
Auktion",459,2,Villa,74,1900,,Aktuel værdi
Østergade 13,4880 Nysted,626.750,14-01-1993,"
Alm. Salg",2.110,9,Rækkehus,297,1876,,Aktuel værdi
Lille Mussevej 12,4880 Nysted,365.000,23-12-1992,"
Alm. Salg",3.093,3,Villa,118,1926,,Aktuel værdi
Fiskergade 10C,4880 Nysted,310.000,16-12-1992,"
Alm. Salg",3.974,4,Rækkehus,78,1857,,Aktuel værdi
Skovstræde 17,4880 Nysted,30.000,19-11-1992,"
Alm. Salg",141,6,Stuehus,212,1957,,
Strandvejen 3,4880 Nysted,40.000,30-10-1992,"
Alm. Salg",283,5,Rækkehus,141,1924,,Aktuel værdi
"Jernbanegade 11, 1",4880 Nysted,240.000,27-10-1992,"
Alm. Salg",2.696,4,Villa,89,1951,,Aktuel værdi
Byfoged Holcksvej 5,4880 Nysted,465.000,07-10-1992,"
Alm. Salg",-,3,Villa,118,1973,,Aktuel værdi
Ved Havnen 8,4880 Nysted,570.000,14-09-1992,"
Alm. Salg",3.800,5,Sommerhus,150,1969,,Aktuel værdi
Skansevej 30,4880 Nysted,495.000,24-08-1992,"
Alm. Salg",-,5,Villa,181,1900,,Aktuel værdi
Østergade 5,4880 Nysted,285.000,02-07-1992,"
Alm. Salg",3.166,4,Villa,90,1922,,Aktuel værdi
Fjordvej 10,4880 Nysted,485.000,30-06-1992,"
Alm. Salg",-,4,Villa,142,1965,,Aktuel værdi
Adelgade 59,4880 Nysted,390.000,22-06-1992,"
Alm. Salg",3.333,4,Rækkehus,117,1848,,Aktuel værdi
Birkely 62,4880 Nysted,270.000,23-05-1992,"
Alm. Salg",4.500,4,Sommerhus,60,1977,,Aktuel værdi
Rosenvænget 36,4880 Nysted,275.000,22-05-1992,"
Alm. Salg",-,5,Villa,147,1980,,Aktuel værdi
Bomstræde 12,4880 Nysted,225.000,17-04-1992,"
Alm. Salg",1.704,6,Villa,132,1914,,Aktuel værdi
Billevej 8,4880 Nysted,125.000,06-03-1992,"
Alm. Salg",1.736,2,Villa,72,1902,,Aktuel værdi
Adelgade 80B,4880 Nysted,535.991,05-03-1992,"
Alm. Salg",6.305,3,Villa,85,1818,,Aktuel værdi
Fjordvej 31,4880 Nysted,110.000,31-01-1992,"
Fam. Salg",916,4,Villa,120,1966,,Aktuel værdi
