address,zip_code,price,sell_date,sell_type,price_per_sq_m,no_rooms,housing_type,size_in_sq_m,year_of_construction,price_change_in_pct
Rågelundevej 22,4892 Kettinge,475.000,03-05-2017,"
Alm. Salg",4.241,4,Villa,112,1927,0 %,Aktuel værdi
Grønnegadevej 60,4892 Kettinge,5.822.500,30-03-2017,"
Fam. Salg",21.971,8,Stuehus,265,1896,,
Rågelundevej 35,4892 Kettinge,100.000,23-03-2017,"
Alm. Salg",1.315,3,Villa,76,1877,,Aktuel værdi
Høgevej 5,4892 Kettinge,325.000,17-03-2017,"
Alm. Salg",2.620,4,Villa,124,1973,-18 %,Aktuel værdi
Bregningevej 22,4892 Kettinge,285.600,08-03-2017,"
Fam. Salg",2.944,4,Villa,97,1914,,Aktuel værdi
Kolkevej 10,4892 Kettinge,430.000,07-03-2017,"
Fam. Salg",3.185,6,Villa,135,1877,,Aktuel værdi
Præstegårdsstræde 2,4892 Kettinge,85.000,03-03-2017,"
Alm. Salg",1.089,4,Villa,78,1860,-51 %,Aktuel værdi
Rågelundevej 42,4892 Kettinge,154.000,02-02-2017,"
Alm. Salg",684,6,Stuehus,225,1897,,
Enghavevej 13,4892 Kettinge,62.254,01-02-2017,"
Auktion",622,3,Villa,100,1800,,Aktuel værdi
Birkevænget 12,4892 Kettinge,470.000,06-01-2017,"
Fam. Salg",3.455,5,Villa,136,1976,,Aktuel værdi
Kolkevej 19,4892 Kettinge,1.890.000,25-11-2016,"
Alm. Salg",12.857,5,Stuehus,147,1800,,
Rågelundevej 32,4892 Kettinge,700.000,25-11-2016,"
Alm. Salg",5.185,5,Villa,135,1968,-3 %,Aktuel værdi
Sønderhavevej 8,4892 Kettinge,175.000,23-11-2016,"
Auktion",1.620,2,Villa,108,1914,,Aktuel værdi
Nørrevej 11,4892 Kettinge,250.000,21-11-2016,"
Alm. Salg",1.582,5,Villa,158,1918,-15 %,Aktuel værdi
Sløsserupvej 10,4892 Kettinge,275.000,14-11-2016,"
Alm. Salg",2.291,4,Villa,120,1900,0 %,Aktuel værdi
Fuglsangvej 9,4892 Kettinge,238.500,27-10-2016,"
Alm. Salg",1.908,7,Villa,125,1924,,Aktuel værdi
Fuglsangvej 25A,4892 Kettinge,695.000,15-10-2016,"
Alm. Salg",4.602,9,Villa,151,1870,0 %,Aktuel værdi
Kolkevej 4,4892 Kettinge,630.000,14-10-2016,"
Alm. Salg",4.598,3,Villa,137,1925,-2 %,Aktuel værdi
Eskemosevej 19,4892 Kettinge,277.120,03-10-2016,"
Alm. Salg",3.379,3,Villa,82,1962,7 %,Aktuel værdi
Kettingevej 112,4892 Kettinge,450.000,30-09-2016,"
Alm. Salg",4.591,5,Villa,98,1915,,Aktuel værdi
Rågelundevej 46,4892 Kettinge,180.000,30-08-2016,"
Alm. Salg",1.285,4,Villa,140,1750,-8 %,Aktuel værdi
Kettingevej 137,4892 Kettinge,530.000,25-08-2016,"
Alm. Salg",4.380,4,Villa,121,1943,-4 %,Aktuel værdi
Kettingevej 151,4892 Kettinge,225.000,18-07-2016,"
Alm. Salg",2.045,6,Villa,110,1902,-24 %,Aktuel værdi
Enghavevej 74,4892 Kettinge,701.250,11-07-2016,"
Fam. Salg",3.831,4,Villa,183,1900,,Aktuel værdi
Bukkeholmvej 2,4892 Kettinge,2.550.000,07-07-2016,"
Fam. Salg",11.135,9,Stuehus,229,1889,,
Stoffervej 9,4892 Kettinge,393.779,06-07-2016,"
Andet",3.579,4,Villa,110,1965,,Aktuel værdi
Kettingevej 96,4892 Kettinge,175.000,30-06-2016,"
Alm. Salg",1.121,5,Villa,156,1915,-29 %,Aktuel værdi
Kettingevej 11,4892 Kettinge,495.000,27-06-2016,"
Alm. Salg",3.437,5,Villa,144,1910,-9 %,Aktuel værdi
Frejlevvej 24,4892 Kettinge,240.000,02-06-2016,"
Alm. Salg",1.818,4,Villa,132,1909,,Aktuel værdi
Bækkeskovvej 9,4892 Kettinge,500.000,20-05-2016,"
Alm. Salg",4.716,3,Villa,106,1910,-13 %,Aktuel værdi
Sønderhavevej 6,4892 Kettinge,450.000,15-05-2016,"
Alm. Salg",2.727,5,Villa,165,1964,-14 %,Aktuel værdi
Falkevej 5,4892 Kettinge,860.000,14-04-2016,"
Alm. Salg",5.512,5,Villa,156,1973,-4 %,Aktuel værdi
Kettingevej 145,4892 Kettinge,325.000,02-04-2016,"
Alm. Salg",2.850,4,Villa,114,1899,-6 %,Aktuel værdi
Mejerivej 5,4892 Kettinge,500.000,14-03-2016,"
Alm. Salg",2.083,7,Villa,240,1906,,Aktuel værdi
Torupvej 2,4892 Kettinge,2.175.000,10-03-2016,"
Alm. Salg",12.500,7,Stuehus,174,1912,,
Bækkeskovvej 31,4892 Kettinge,195.000,29-02-2016,"
Alm. Salg",1.373,4,Villa,142,1918,-29 %,Aktuel værdi
Høgevej 1,4892 Kettinge,920.000,29-02-2016,"
Alm. Salg",6.917,3,Villa,133,1974,-3 %,Aktuel værdi
Rågelundevej 41,4892 Kettinge,603.147,18-02-2016,"
Alm. Salg",5.971,4,Villa,101,1934,,Aktuel værdi
Kettingevej 89,4892 Kettinge,300.000,11-01-2016,"
Alm. Salg",3.448,4,Villa,87,1925,-8 %,Aktuel værdi
Stationsvej 13,4892 Kettinge,477.997,06-01-2016,"
Alm. Salg",2.845,3,Villa,168,1877,,Aktuel værdi
Grønnegadevej 39,4892 Kettinge,215.082,21-10-2015,"
Auktion",1.361,4,Villa,158,1877,-52 %,Aktuel værdi
Kettingevej 19,4892 Kettinge,550.000,05-10-2015,"
Alm. Salg",5.238,4,Villa,105,1967,-4 %,Aktuel værdi
Kettingevej 10,4892 Kettinge,1.250.000,29-09-2015,"
Alm. Salg",4.612,6,Villa,271,1850,-10 %,Aktuel værdi
Grønnegadevej 20,4892 Kettinge,575.000,03-09-2015,"
Alm. Salg",2.875,7,Villa,200,1910,-11 %,Aktuel værdi
Kettingevej 128,4892 Kettinge,374.000,31-08-2015,"
Fam. Salg",3.666,6,Villa,102,1898,,Aktuel værdi
Klokkemosen 2,4892 Kettinge,890.000,28-08-2015,"
Alm. Salg",6.267,5,Villa,142,1962,-6 %,Aktuel værdi
Enghavevej 12,4892 Kettinge,700.000,23-08-2015,"
Alm. Salg",3.888,6,Villa,180,1971,-22 %,Aktuel værdi
Bækkeskovvej 13,4892 Kettinge,225.000,21-08-2015,"
Alm. Salg",1.520,5,Villa,148,1857,,Aktuel værdi
Birkevænget 1,4892 Kettinge,375.000,14-08-2015,"
Alm. Salg",3.232,3,Villa,116,1975,0 %,Aktuel værdi
Frejlevvej 22,4892 Kettinge,555.500,06-08-2015,"
Andet",2.709,4,Villa,205,1885,,Aktuel værdi
Kettingevej 123,4892 Kettinge,305.000,05-08-2015,"
Auktion",2.401,5,Villa,127,1927,,Aktuel værdi
Torupvej 3,4892 Kettinge,1.050.000,20-07-2015,"
Alm. Salg",6.000,6,Villa,175,1927,-25 %,Aktuel værdi
Nørrevej 6,4892 Kettinge,640.000,14-07-2015,"
Alm. Salg",4.507,4,Villa,142,1915,-7 %,Aktuel værdi
Kettingevej 66,4892 Kettinge,720.000,13-07-2015,"
Alm. Salg",5.333,5,Villa,135,1966,-6 %,Aktuel værdi
Enghavevej 84,4892 Kettinge,475.000,29-06-2015,"
Alm. Salg",4.656,4,Sommerhus,102,1915,,Aktuel værdi
Fuglsangvej 15,4892 Kettinge,635.000,23-06-2015,"
Alm. Salg",4.070,4,Villa,156,1895,-1 %,Aktuel værdi
Kettingevej 45,4892 Kettinge,320.000,21-06-2015,"
Alm. Salg",2.162,4,Villa,148,1917,-15 %,Aktuel værdi
Bækkeskovvej 25,4892 Kettinge,21.418.000,11-06-2015,"
Alm. Salg",103.970,7,Stuehus,206,1986,,
Rågelundevej 21,4892 Kettinge,2.658.750,31-05-2015,"
Alm. Salg",9.361,6,Villa,284,2014,,Aktuel værdi
Syttenbanken 4,4892 Kettinge,450.000,18-05-2015,"
Alm. Salg",3.125,7,Villa,144,1827,-9 %,Aktuel værdi
Bregningevej 16,4892 Kettinge,20.000,18-05-2015,"
Alm. Salg",162,3,Villa,123,1877,,Aktuel værdi
Sønderhavevej 3,4892 Kettinge,240.000,28-04-2015,"
Alm. Salg",1.568,4,Villa,153,1900,-19 %,Aktuel værdi
Plantagevej 12,4892 Kettinge,275.000,27-04-2015,"
Alm. Salg",1.936,4,Villa,142,1877,-7 %,Aktuel værdi
Plantagevej 16A,4892 Kettinge,1.000.000,10-04-2015,"
Alm. Salg",2.985,14,Villa,335,1937,-9 %,Aktuel værdi
Kettingevej 27,4892 Kettinge,767.267,31-03-2015,"
Alm. Salg",1.492,13,Villa,514,1900,,Aktuel værdi
Kettingevej 100,4892 Kettinge,175.000,19-03-2015,"
Alm. Salg",1.367,4,Villa,128,1970,0 %,Aktuel værdi
Grønnegadevej 56,4892 Kettinge,190.000,27-02-2015,"
Alm. Salg",1.520,3,Villa,125,1938,-28 %,Aktuel værdi
Høgevej 3,4892 Kettinge,450.000,20-02-2015,"
Alm. Salg",1.956,10,Villa,230,1973,-24 %,Aktuel værdi
Bøgevænget 1,4892 Kettinge,160.000,19-02-2015,"
Alm. Salg",1.684,3,Villa,95,1979,-18 %,Aktuel værdi
Enghavevej 80A,4892 Kettinge,1.200.000,19-02-2015,"
Fam. Salg",16.666,3,Stuehus,72,1890,,
Bregningevej 20,4892 Kettinge,4.212.690,09-02-2015,"
Fam. Salg",17.700,9,Stuehus,238,1938,,
Mejerivej 7,4892 Kettinge,150.000,01-02-2015,"
Alm. Salg",1.388,4,Villa,108,1850,,Aktuel værdi
Engvej 1,4892 Kettinge,325.000,15-01-2015,"
Alm. Salg",3.385,3,Villa,96,1877,-18 %,Aktuel værdi
Kettingevej 76A,4892 Kettinge,30.000,07-01-2015,"
Auktion",225,4,Villa,133,1930,-91 %,Aktuel værdi
Grønnegadevej 38,4892 Kettinge,115.000,14-11-2014,"
Alm. Salg",1.306,3,Villa,88,1934,-38 %,Aktuel værdi
Sløsserupvej 14,4892 Kettinge,28.192.296,22-10-2014,"
Fam. Salg",84.661,7,Stuehus,333,1926,,
Rågelundevej 5,4892 Kettinge,475.000,06-10-2014,"
Alm. Salg",3.682,5,Villa,129,1928,-4 %,Aktuel værdi
Nyvej 1,4892 Kettinge,395.000,16-09-2014,"
Alm. Salg",3.110,5,Villa,127,1954,0 %,Aktuel værdi
Kettingevej 84,4892 Kettinge,360.000,13-09-2014,"
Alm. Salg",4.337,3,Villa,83,1928,-9 %,Aktuel værdi
Grønnegadevej 21,4892 Kettinge,460.000,27-08-2014,"
Alm. Salg",2.987,4,Villa,154,1968,-8 %,Aktuel værdi
Grønnegadevej 17C,4892 Kettinge,150.000,13-08-2014,"
Auktion",1.764,3,Villa,85,1991,-50 %,Aktuel værdi
Kettingevej 2,4892 Kettinge,1.425.000,05-08-2014,"
Alm. Salg",8.850,4,Villa,161,1882,,Aktuel værdi
Stoffervej 13,4892 Kettinge,220.000,22-07-2014,"
Alm. Salg",1.833,5,Villa,120,1900,-25 %,Aktuel værdi
Fuglsangvej 31,4892 Kettinge,599.000,14-07-2014,"
Alm. Salg",5.348,4,Villa,112,1939,0 %,Aktuel værdi
Bækkeskovvej 16,4892 Kettinge,179.000,04-07-2014,"
Alm. Salg",1.845,3,Villa,97,1849,-39 %,Aktuel værdi
Kettingevej 57,4892 Kettinge,1.294.000,11-06-2014,"
Auktion",5.015,6,Villa,258,2004,,Aktuel værdi
Bækkeskovvej 2,4892 Kettinge,5.440.000,08-04-2014,"
Alm. Salg",24.727,9,Stuehus,220,1911,,
Falkevej 2,4892 Kettinge,960.000,26-03-2014,"
Alm. Salg",4.137,7,Villa,232,1975,-4 %,Aktuel værdi
Granhækken 8,4892 Kettinge,975.000,20-02-2014,"
Alm. Salg",6.210,6,Villa,157,1920,0 %,Aktuel værdi
Kildevangsvej 8,4892 Kettinge,660.000,14-02-2014,"
Alm. Salg",3.300,7,Villa,200,1880,,Aktuel værdi
Stoffervej 18,4892 Kettinge,240.000,04-02-2014,"
Alm. Salg",2.352,3,Villa,102,1980,-39 %,Aktuel værdi
Høgevej 6,4892 Kettinge,544.039,19-12-2013,"
Andet",3.913,4,Villa,139,1973,,Aktuel værdi
Granvænget 6,4892 Kettinge,1.000.000,13-12-2013,"
Alm. Salg",5.405,5,Villa,185,1974,-13 %,Aktuel værdi
Eskemosevej 20,4892 Kettinge,960.000,12-12-2013,"
Alm. Salg",4.423,6,Villa,217,1907,,Aktuel værdi
Frejlevvej 1,4892 Kettinge,185.000,04-12-2013,"
Auktion",1.114,6,Villa,166,1910,,Aktuel værdi
Kettingevej 71,4892 Kettinge,400.000,03-12-2013,"
Alm. Salg",4.000,4,Villa,100,1912,-14 %,Aktuel værdi
Nyvej 5,4892 Kettinge,135.000,18-11-2013,"
Alm. Salg",1.500,3,Villa,90,1957,-18 %,Aktuel værdi
Bækkeskovvej 6,4892 Kettinge,650.000,17-11-2013,"
Fam. Salg",3.551,6,Villa,183,1927,,Aktuel værdi
Kertevej 2,4892 Kettinge,400.000,30-10-2013,"
Auktion",2.597,7,Villa,154,1908,-55 %,Aktuel værdi
Plantagevej 8,4892 Kettinge,45.059,30-10-2013,"
Auktion",693,2,Villa,65,1777,,Aktuel værdi
Tokkerupvej 9,4892 Kettinge,800.000,16-10-2013,"
Auktion",3.433,9,Villa,233,1910,,Aktuel værdi
Bækkeskovvej 21,4892 Kettinge,500.000,07-10-2013,"
Alm. Salg",3.267,3,Villa,153,1883,,Aktuel værdi
Brandtvej 11,4892 Kettinge,295.000,16-09-2013,"
Alm. Salg",3.041,3,Villa,97,1966,-31 %,Aktuel værdi
Langet 6,4892 Kettinge,250.000,28-08-2013,"
Auktion",1.515,7,Villa,165,1908,,Aktuel værdi
Kettingevej 110,4892 Kettinge,150.000,14-08-2013,"
Alm. Salg",1.456,3,Villa,103,1908,-33 %,Aktuel værdi
Kettingevej 126,4892 Kettinge,52.000,19-06-2013,"
Auktion",764,5,Villa,68,1700,-85 %,Aktuel værdi
Bregningevej 18,4892 Kettinge,9.885.000,06-06-2013,"
Alm. Salg",38.764,8,Stuehus,255,1850,,
Bækkeskovvej 33,4892 Kettinge,67.000,29-05-2013,"
Auktion",478,4,Villa,140,1897,,Aktuel værdi
Knoldeholmsvej 4,4892 Kettinge,800.000,05-05-2013,"
Alm. Salg",6.666,3,Villa,120,1962,-20 %,Aktuel værdi
Kettingevej 87,4892 Kettinge,20.001,24-04-2013,"
Auktion",240,3,Villa,83,1877,,Aktuel værdi
Kildevej 9,4892 Kettinge,23.550.000,17-04-2013,"
Alm. Salg",78.500,12,Stuehus,300,1907,,
Kettingevej 83,4892 Kettinge,300.000,09-04-2013,"
Alm. Salg",3.370,4,Villa,89,1912,-8 %,Aktuel værdi
Kolkevej 31,4892 Kettinge,486.000,27-02-2013,"
Auktion",1.205,8,Villa,403,1872,,Aktuel værdi
Rågelundevej 15,4892 Kettinge,30.001,13-02-2013,"
Auktion",375,3,Villa,80,1903,,Aktuel værdi
Kettingevej 21,4892 Kettinge,509.352,04-12-2012,"
Fam. Salg",3.858,4,Villa,132,1939,,Aktuel værdi
Enghavevej 40,4892 Kettinge,3.500.000,03-12-2012,"
Fam. Salg",14.583,3,Stuehus,240,1913,,
Bregningevej 6,4892 Kettinge,810.219,03-12-2012,"
Alm. Salg",4.501,10,Stuehus,180,1907,,
Fuglsangvej 13,4892 Kettinge,115.000,29-11-2012,"
Alm. Salg",657,5,Villa,175,1910,-8 %,Aktuel værdi
Kettingevej 49,4892 Kettinge,1.775.000,13-11-2012,"
Alm. Salg",6.525,11,Villa,272,1916,-11 %,Aktuel værdi
Nyvej 17,4892 Kettinge,350.000,12-11-2012,"
Alm. Salg",3.977,3,Villa,88,1963,-7 %,Aktuel værdi
Knoldeholmsvej 2,4892 Kettinge,305.900,22-08-2012,"
Alm. Salg",2.185,4,Villa,140,1914,,Aktuel værdi
Eskemosevej 10,4892 Kettinge,1.195.000,24-07-2012,"
Alm. Salg",5.241,5,Villa,228,1890,0 %,Aktuel værdi
Skolevej 4,4892 Kettinge,4.854.000,12-07-2012,"
Fam. Salg",24.270,5,Stuehus,200,1906,,
Nyvej 10,4892 Kettinge,522.206,24-06-2012,"
Alm. Salg",3.868,6,Villa,135,1954,-25 %,Aktuel værdi
Langet 16,4892 Kettinge,447.500,04-06-2012,"
Fam. Salg",2.458,7,Villa,182,1943,,Aktuel værdi
Enghavevej 38,4892 Kettinge,565.000,21-05-2012,"
Fam. Salg",2.839,7,Villa,199,1992,,Aktuel værdi
Falkevej 1,4892 Kettinge,850.000,15-05-2012,"
Alm. Salg",6.854,4,Villa,124,1972,-9 %,Aktuel værdi
Nørrevej 4,4892 Kettinge,650.000,06-05-2012,"
Alm. Salg",5.118,5,Villa,127,1900,,Aktuel værdi
Birkevænget 10,4892 Kettinge,760.000,26-04-2012,"
Fam. Salg",6.725,4,Villa,113,1979,-11 %,Aktuel værdi
Anneksvej 5,4892 Kettinge,5.710.000,02-03-2012,"
Alm. Salg",33.988,6,Stuehus,168,1910,,
Bregningevej 1,4892 Kettinge,295.000,29-02-2012,"
Auktion",3.172,3,Villa,93,1957,-60 %,Aktuel værdi
Stenrisvej 4,4892 Kettinge,5.040.000,20-02-2012,"
Alm. Salg",17.379,9,Stuehus,290,1916,,
Langet 14,4892 Kettinge,301.704,12-02-2012,"
Alm. Salg",3.389,2,Villa,89,1942,,Aktuel værdi
Enghavevej 9,4892 Kettinge,355.500,04-01-2012,"
Alm. Salg",3.146,4,Villa,113,1961,-28 %,Aktuel værdi
Fuglsangvej 2D,4892 Kettinge,200.000,10-11-2011,"
Auktion",1.459,4,Villa,137,1904,-49 %,Aktuel værdi
Syttenbanken 6,4892 Kettinge,900.000,17-10-2011,"
Alm. Salg",6.250,5,Villa,144,1910,-10 %,Aktuel værdi
Nørrevej 10,4892 Kettinge,175.000,28-09-2011,"
Auktion",714,7,Villa,245,1917,,Aktuel værdi
Granhækken 4,4892 Kettinge,995.000,10-08-2011,"
Alm. Salg",4.760,8,Villa,209,1900,,Aktuel værdi
Mejerivej 6,4892 Kettinge,522.000,29-07-2011,"
Alm. Salg",3.389,4,Villa,154,1931,,Aktuel værdi
Birkevænget 11,4892 Kettinge,500.000,08-07-2011,"
Alm. Salg",4.950,3,Villa,101,1979,-16 %,Aktuel værdi
Kettingevej 117,4892 Kettinge,430.000,06-07-2011,"
Fam. Salg",4.479,4,Villa,96,1942,-31 %,Aktuel værdi
Enghavevej 86,4892 Kettinge,200.000,01-07-2011,"
Alm. Salg",2.777,3,Villa,72,1877,,Aktuel værdi
Grønnegadevej 36,4892 Kettinge,1.315.000,27-06-2011,"
Alm. Salg",10.115,5,Villa,130,1936,-12 %,Aktuel værdi
Bækkeskovvej 17,4892 Kettinge,2.597.000,10-06-2011,"
Alm. Salg",19.976,5,Stuehus,130,1918,,
Sløsserupvej 3,4892 Kettinge,75.000,01-06-2011,"
Auktion",781,4,Villa,96,1912,,Aktuel værdi
Kolkevej 12,4892 Kettinge,413.093,10-04-2011,"
Fam. Salg",3.082,4,Villa,134,1897,,Aktuel værdi
Nyvej 8,4892 Kettinge,349.054,16-03-2011,"
Andet",2.792,4,Villa,125,1950,,Aktuel værdi
Fuglsangvej 5,4892 Kettinge,447.289,25-02-2011,"
Fam. Salg",3.127,4,Villa,143,1929,-55 %,Aktuel værdi
Enghavevej 44,4892 Kettinge,600.000,25-02-2011,"
Alm. Salg",4.225,3,Villa,142,1926,-14 %,Aktuel værdi
Enghavevej 2,4892 Kettinge,300.000,25-01-2011,"
Fam. Salg",2.054,4,Stuehus,146,1902,,
Grønnegadevej 46,4892 Kettinge,250.000,25-12-2010,"
Alm. Salg",2.212,3,Villa,113,1900,,Aktuel værdi
Frejlevvej 21,4892 Kettinge,1.195.000,14-12-2010,"
Alm. Salg",5.558,5,Villa,215,1897,0 %,Aktuel værdi
Kettingevej 20,4892 Kettinge,1.600.000,24-11-2010,"
Andet",6.837,6,Villa,234,1917,,Aktuel værdi
Frejlevvej 25,4892 Kettinge,300.000,08-11-2010,"
Fam. Salg",5.000,2,Villa,60,1902,,Aktuel værdi
Kettingevej 22,4892 Kettinge,350.000,30-09-2010,"
Alm. Salg",3.977,3,Villa,88,1932,-7 %,Aktuel værdi
Lienlundsvej 3,4892 Kettinge,7.690.000,12-08-2010,"
Alm. Salg",45.235,6,Stuehus,170,1948,,
Grønnegadevej 10,4892 Kettinge,645.000,06-08-2010,"
Alm. Salg",7.500,5,Villa,86,1926,-7 %,Aktuel værdi
Kettingevej 16,4892 Kettinge,1.250.000,11-05-2010,"
Alm. Salg",7.716,5,Villa,162,1910,-10 %,Aktuel værdi
Kildevej 3,4892 Kettinge,1.000.000,06-05-2010,"
Alm. Salg",6.666,6,Villa,150,1870,,Aktuel værdi
Nyvej 13,4892 Kettinge,460.000,28-04-2010,"
Auktion",3.833,4,Villa,120,1964,-34 %,Aktuel værdi
Fuglsangvej 27,4892 Kettinge,730.000,26-04-2010,"
Alm. Salg",4.709,6,Villa,155,1921,-3 %,Aktuel værdi
Enghavevej 18,4892 Kettinge,1.260.000,14-04-2010,"
Fam. Salg",9.000,4,Villa,140,1910,-3 %,Aktuel værdi
Eskemosevej 16,4892 Kettinge,698.000,09-04-2010,"
Alm. Salg",5.674,5,Villa,123,1910,0 %,Aktuel værdi
Kettingevej 50,4892 Kettinge,65.000,07-04-2010,"
Alm. Salg",265,8,Villa,245,1940,,Aktuel værdi
Rågelundevej 52,4892 Kettinge,195.000,24-03-2010,"
Alm. Salg",2.096,3,Villa,93,1963,-9 %,Aktuel værdi
Enghavevej 45,4892 Kettinge,800.000,24-03-2010,"
Fam. Salg",6.400,5,Villa,125,1948,,Aktuel værdi
Kildevej 18,4892 Kettinge,600.000,19-03-2010,"
Alm. Salg",3.846,6,Villa,156,1903,,Aktuel værdi
Bækkeskovvej 18,4892 Kettinge,400.000,17-03-2010,"
Auktion",2.312,5,Villa,173,1870,,Aktuel værdi
Rågelundevej 3,4892 Kettinge,365.000,23-02-2010,"
Alm. Salg",3.924,5,Villa,93,1913,-16 %,Aktuel værdi
Rågelundevej 37,4892 Kettinge,650.000,18-02-2010,"
Alm. Salg",4.710,3,Villa,138,1860,-4 %,Aktuel værdi
Grønnegadevej 50,4892 Kettinge,550.000,17-02-2010,"
Alm. Salg",4.104,4,Villa,134,1911,,Aktuel værdi
Langet 3,4892 Kettinge,420.000,12-02-2010,"
Alm. Salg",6.363,3,Sommerhus,66,1850,-15 %,Aktuel værdi
Kettingevej 120B,4892 Kettinge,1.400.000,25-01-2010,"
Alm. Salg",5.303,5,Stuehus,264,1910,-14 %,
Grønnegadevej 62,4892 Kettinge,686.000,04-12-2009,"
Alm. Salg",2.679,8,Stuehus,256,1875,,
Kettingevej 8,4892 Kettinge,750.000,03-12-2009,"
Alm. Salg",5.555,5,Villa,135,1870,-6 %,Aktuel værdi
Kettingevej 136,4892 Kettinge,500.000,18-11-2009,"
Auktion",2.304,5,Villa,217,1914,,Aktuel værdi
Langet 8,4892 Kettinge,101.000,06-11-2009,"
Alm. Salg",1.603,2,Sommerhus,63,1877,,Aktuel værdi
Fuglsangvej 29,4892 Kettinge,125.000,04-11-2009,"
Auktion",722,7,Villa,173,1928,0 %,Aktuel værdi
Falkevej 7,4892 Kettinge,750.000,14-10-2009,"
Alm. Salg",5.952,4,Villa,126,1972,-16 %,Aktuel værdi
Stoffervej 2,4892 Kettinge,635.000,30-09-2009,"
Alm. Salg",5.204,4,Villa,122,1950,0 %,Aktuel værdi
Kettingevej 125,4892 Kettinge,1.375.000,28-09-2009,"
Alm. Salg",6.740,6,Villa,204,1919,0 %,Aktuel værdi
Kettingevej 3C,4892 Kettinge,1.100.000,21-08-2009,"
Alm. Salg",7.189,4,Villa,153,1974,-15 %,Aktuel værdi
Kettingevej 5,4892 Kettinge,800.000,11-08-2009,"
Alm. Salg",5.000,4,Villa,160,1827,-4 %,Aktuel værdi
Kildevangsvej 2,4892 Kettinge,100.000,16-07-2009,"
Alm. Salg",714,4,Villa,140,1936,,Aktuel værdi
Grønnegadevej 23,4892 Kettinge,925.000,03-07-2009,"
Alm. Salg",8.894,4,Villa,104,1957,-7 %,Aktuel værdi
Tokkerupvej 6,4892 Kettinge,395.000,26-06-2009,"
Alm. Salg",4.702,2,Villa,84,1900,0 %,Aktuel værdi
Sønderhavevej 7,4892 Kettinge,250.000,20-06-2009,"
Alm. Salg",3.246,3,Villa,77,1900,11 %,Aktuel værdi
Kettingevej 55,4892 Kettinge,416.500,31-05-2009,"
Fam. Salg",6.717,3,Villa,62,1956,,Aktuel værdi
Nørrevej 3,4892 Kettinge,500.000,25-05-2009,"
Fam. Salg",5.208,3,Villa,96,1880,-13 %,Aktuel værdi
Eskemosevej 1B,4892 Kettinge,6.982.128,25-05-2009,"
Fam. Salg",31.031,4,Stuehus,225,1956,,
Enghavevej 72,4892 Kettinge,80.000,07-05-2009,"
Andet",349,8,Sommerhus,229,1860,,Aktuel værdi
Enghavevej 14,4892 Kettinge,230.332,06-05-2009,"
Auktion",1.785,4,Villa,129,1960,,Aktuel værdi
Nyvej 3,4892 Kettinge,177.000,08-04-2009,"
Auktion",1.701,4,Villa,104,1954,-49 %,Aktuel værdi
Valtersvej 5,4892 Kettinge,850.000,01-04-2009,"
Fam. Salg",4.106,5,Villa,207,1877,,Aktuel værdi
Grønnegadevej 58,4892 Kettinge,1.500.000,26-02-2009,"
Alm. Salg",7.500,8,Stuehus,200,1927,,
Rågelundevej 39,4892 Kettinge,8.421.465,25-02-2009,"
Fam. Salg",28.355,7,Stuehus,297,1965,,
Grønnegadevej 8,4892 Kettinge,515.000,11-02-2009,"
Andet",-,6,Villa,177,1911,-24 %,Aktuel værdi
Nørrevej 17,4892 Kettinge,38.690.000,09-02-2009,"
Fam. Salg",154.760,10,Stuehus,250,1941,,
Kolkevej 1,4892 Kettinge,975.000,30-12-2008,"
Alm. Salg",7.169,5,Villa,136,1950,-7 %,Aktuel værdi
Eskemosevej 7,4892 Kettinge,1.145.000,27-11-2008,"
Alm. Salg",7.024,6,Stuehus,163,1930,,
Rågelundevej 12A,4892 Kettinge,15.000,26-11-2008,"
Auktion",107,4,Villa,140,1909,-98 %,Aktuel værdi
Eskemosevej 3,4892 Kettinge,200.000,14-10-2008,"
Alm. Salg",840,8,Stuehus,238,1922,,
Kettingevej 119,4892 Kettinge,695.000,28-08-2008,"
Alm. Salg",7.239,4,Villa,96,1931,0 %,Aktuel værdi
Kettingevej 28,4892 Kettinge,850.000,15-08-2008,"
Alm. Salg",6.250,4,Villa,136,1934,-8 %,Aktuel værdi
Tokkerupvej 4,4892 Kettinge,900.000,14-08-2008,"
Alm. Salg",9.000,4,Villa,100,1908,-10 %,Aktuel værdi
Bukkeholmvej 6,4892 Kettinge,265.000,06-08-2008,"
Auktion",2.154,4,Villa,123,1946,,Aktuel værdi
Grønnegadevej 37,4892 Kettinge,235.000,04-08-2008,"
Alm. Salg",2.670,4,Sommerhus,88,1852,,Aktuel værdi
Frostrupvej 2,4892 Kettinge,749.820,21-07-2008,"
Alm. Salg",9.372,3,Villa,80,1900,-11 %,Aktuel værdi
Kolkevej 6A,4892 Kettinge,1.100.000,12-07-2008,"
Alm. Salg",7.857,5,Villa,140,1909,-3 %,Aktuel værdi
Enghavevej 4,4892 Kettinge,1.200.000,20-06-2008,"
Alm. Salg",8.000,5,Villa,150,1870,-6 %,Aktuel værdi
Kettingevej 6,4892 Kettinge,374.000,28-05-2008,"
Fam. Salg",4.298,3,Villa,87,1942,,Aktuel værdi
Kettingevej 47,4892 Kettinge,387.500,18-05-2008,"
Andet",2.709,7,Villa,143,1912,,Aktuel værdi
Nyvej 12,4892 Kettinge,935.000,11-04-2008,"
Alm. Salg",8.990,5,Villa,104,1949,,Aktuel værdi
Stoffervej 11,4892 Kettinge,870.000,06-04-2008,"
Alm. Salg",7.699,3,Villa,113,1910,-3 %,Aktuel værdi
Granhækken 1,4892 Kettinge,7.500.000,31-03-2008,"
Alm. Salg",35.714,7,Stuehus,210,1907,,
Enghavevej 3,4892 Kettinge,244.000,22-03-2008,"
Fam. Salg",1.220,4,Villa,200,1822,,Aktuel værdi
Torupvej 9,4892 Kettinge,490.115,24-02-2008,"
Andet",3.141,8,Villa,156,1850,,Aktuel værdi
Enghavevej 37,4892 Kettinge,2.171.500,19-02-2008,"
Fam. Salg",13.657,6,Stuehus,159,1801,,
Kolkevej 2,4892 Kettinge,1.115.000,17-01-2008,"
Alm. Salg",7.964,4,Villa,140,1850,-3 %,Aktuel værdi
Kettingevej 108,4892 Kettinge,1.595.000,07-01-2008,"
Alm. Salg",7.975,8,Villa,200,1967,0 %,Aktuel værdi
Sløsserupvej 1,4892 Kettinge,1.495.000,19-12-2007,"
Alm. Salg",6.953,4,Villa,215,1969,0 %,Aktuel værdi
Kettingevej 29,4892 Kettinge,935.000,11-12-2007,"
Alm. Salg",6.538,4,Villa,143,1925,0 %,Aktuel værdi
Fuglsangvej 35,4892 Kettinge,940.000,12-11-2007,"
Alm. Salg",4.895,8,Villa,192,1901,-6 %,Aktuel værdi
Kettingevej 131,4892 Kettinge,865.000,24-10-2007,"
Alm. Salg",6.653,4,Villa,130,1910,-3 %,Aktuel værdi
Sønderhavevej 11,4892 Kettinge,1.450.000,25-09-2007,"
Alm. Salg",7.250,5,Villa,200,1880,,Aktuel værdi
Plantagevej 10,4892 Kettinge,1.365.200,19-09-2007,"
Alm. Salg",8.922,6,Stuehus,153,1933,9 %,
Fuglsangvej 7,4892 Kettinge,462.000,03-09-2007,"
Auktion",4.442,4,Villa,104,1926,-29 %,Aktuel værdi
Stationsvej 5,4892 Kettinge,975.000,30-07-2007,"
Alm. Salg",7.014,5,Villa,139,1897,0 %,Aktuel værdi
Kettingevej 24,4892 Kettinge,1.065.000,25-07-2007,"
Alm. Salg",8.588,3,Villa,124,1936,,Aktuel værdi
Sporet 4,4892 Kettinge,690.000,24-07-2007,"
Alm. Salg",5.267,4,Villa,131,1936,-6 %,Aktuel værdi
Kettingevej 59,4892 Kettinge,550.000,21-07-2007,"
Alm. Salg",5.092,5,Villa,108,1922,-4 %,Aktuel værdi
Bregningevej 25,4892 Kettinge,919.709,02-07-2007,"
Alm. Salg",11.496,5,Villa,80,1930,3 %,Aktuel værdi
Klokkemosen 4,4892 Kettinge,551.000,21-06-2007,"
Alm. Salg",3.773,4,Villa,146,1962,,Aktuel værdi
Kildevej 20,4892 Kettinge,565.000,07-06-2007,"
Alm. Salg",3.021,10,Villa,187,1883,,Aktuel værdi
Birkevænget 4,4892 Kettinge,895.000,04-06-2007,"
Alm. Salg",7.217,4,Villa,124,1978,,Aktuel værdi
Margrethelundsvej 3,4892 Kettinge,1.035.000,04-06-2007,"
Alm. Salg",5.880,5,Villa,176,1903,,Aktuel værdi
Kettingevej 139,4892 Kettinge,710.000,14-05-2007,"
Alm. Salg",7.473,5,Villa,95,1933,-5 %,Aktuel værdi
Plantagevej 3,4892 Kettinge,675.000,24-04-2007,"
Alm. Salg",7.258,3,Villa,93,1956,,Aktuel værdi
Eskemosevej 4,4892 Kettinge,1.550.000,04-04-2007,"
Fam. Salg",11.151,6,Villa,139,1902,,Aktuel værdi
Grønnegadevej 42,4892 Kettinge,895.000,27-03-2007,"
Alm. Salg",6.729,5,Villa,133,1878,,Aktuel værdi
Kolkevej 7A,4892 Kettinge,75.000,14-03-2007,"
Alm. Salg",454,5,Villa,165,2010,,Aktuel værdi
Kettingevej 133,4892 Kettinge,970.000,06-03-2007,"
Alm. Salg",8.016,6,Villa,121,1936,-3 %,Aktuel værdi
Kolkevej 11,4892 Kettinge,795.000,19-02-2007,"
Alm. Salg",8.736,3,Villa,91,1960,,Aktuel værdi
Fuglsangvej 33,4892 Kettinge,1.050.000,18-02-2007,"
Alm. Salg",8.333,3,Villa,126,1934,,Aktuel værdi
Fuglsangvej 41,4892 Kettinge,1.699.000,04-02-2007,"
Alm. Salg",9.491,5,Villa,179,1977,0 %,Aktuel værdi
Grønnegadevej 12A,4892 Kettinge,732.000,22-12-2006,"
Alm. Salg",7.956,4,Villa,92,1932,,Aktuel værdi
Plantagevej 1A,4892 Kettinge,975.000,18-12-2006,"
Alm. Salg",7.014,5,Villa,139,1938,,Aktuel værdi
Nyvej 11,4892 Kettinge,495.000,06-11-2006,"
Alm. Salg",6.036,2,Villa,82,1957,,Aktuel værdi
Rågelundevej 31,4892 Kettinge,263.500,22-10-2006,"
Fam. Salg",2.558,5,Villa,103,1900,,Aktuel værdi
Granvænget 2,4892 Kettinge,875.000,28-09-2006,"
Alm. Salg",8.928,3,Villa,98,1965,,Aktuel værdi
Grønnegadevej 5,4892 Kettinge,775.000,09-09-2006,"
Alm. Salg",5.308,6,Villa,146,1914,,Aktuel værdi
Kettingevej 140,4892 Kettinge,795.000,09-09-2006,"
Alm. Salg",7.794,4,Villa,102,1945,,Aktuel værdi
Kettingevej 48,4892 Kettinge,1.295.000,10-08-2006,"
Alm. Salg",6.573,7,Villa,197,1946,,Aktuel værdi
Kettingevej 111,4892 Kettinge,595.000,09-08-2006,"
Alm. Salg",6.134,2,Villa,97,1920,,Aktuel værdi
Grønnegadevej 41,4892 Kettinge,910.000,21-07-2006,"
Alm. Salg",9.479,4,Villa,96,1852,,Aktuel værdi
Kettingevej 93,4892 Kettinge,850.000,15-07-2006,"
Alm. Salg",4.748,4,Villa,179,1939,,Aktuel værdi
Kolkevej 8A,4892 Kettinge,900.000,09-06-2006,"
Alm. Salg",5.084,7,Villa,177,1940,,Aktuel værdi
Enghavevej 16,4892 Kettinge,920.000,30-05-2006,"
Alm. Salg",9.387,3,Villa,98,1983,,Aktuel værdi
Enghavevej 82,4892 Kettinge,595.000,08-03-2006,"
Fam. Salg",3.380,5,Villa,176,1870,,Aktuel værdi
Kettingevej 149,4892 Kettinge,595.000,07-03-2006,"
Alm. Salg",5.219,3,Villa,114,1900,,Aktuel værdi
Granvænget 4,4892 Kettinge,1.175.000,06-03-2006,"
Alm. Salg",6.911,4,Villa,170,1974,,Aktuel værdi
Enghavevej 39,4892 Kettinge,1.475.000,01-03-2006,"
Alm. Salg",6.555,7,Villa,225,1850,,Aktuel værdi
Høgevej 4,4892 Kettinge,1.500.000,29-01-2006,"
Alm. Salg",9.493,4,Villa,158,1973,,Aktuel værdi
Kolkevej 18,4892 Kettinge,450.000,23-01-2006,"
Alm. Salg",3.040,3,Villa,148,1917,,Aktuel værdi
Fuglsangvej 39,4892 Kettinge,695.000,23-01-2006,"
Alm. Salg",5.791,4,Villa,120,1890,,Aktuel værdi
Kolkevej 29,4892 Kettinge,820.000,15-01-2006,"
Alm. Salg",6.560,6,Villa,125,1877,,Aktuel værdi
Stoffervej 17,4892 Kettinge,275.000,10-01-2006,"
Alm. Salg",2.370,4,Villa,116,1877,,Aktuel værdi
Nyvej 4,4892 Kettinge,795.000,22-12-2005,"
Alm. Salg",5.719,6,Villa,139,1953,,Aktuel værdi
Kettingevej 43,4892 Kettinge,645.000,14-12-2005,"
Alm. Salg",8.062,3,Villa,80,1954,,Aktuel værdi
Nyvej 6,4892 Kettinge,174.821,22-11-2005,"
Andet",1.285,2,Villa,136,1948,,Aktuel værdi
Enghavevej 64,4892 Kettinge,910.000,19-11-2005,"
Alm. Salg",9.680,3,Villa,94,1925,,Aktuel værdi
Vænget 3,4892 Kettinge,895.000,14-11-2005,"
Alm. Salg",4.543,7,Villa,197,1945,,Aktuel værdi
Grønnegadevej 17B,4892 Kettinge,675.000,09-11-2005,"
Alm. Salg",7.941,3,Rækkehus,85,1960,,Aktuel værdi
Langet 11,4892 Kettinge,816.000,31-10-2005,"
Alm. Salg",8.160,3,Villa,100,1917,,Aktuel værdi
Rågelundevej 27,4892 Kettinge,500.000,03-10-2005,"
Alm. Salg",6.493,2,Villa,77,1900,,Aktuel værdi
Stoffervej 7,4892 Kettinge,685.000,30-08-2005,"
Alm. Salg",6.227,4,Villa,110,1965,,Aktuel værdi
Langet 13,4892 Kettinge,775.000,22-08-2005,"
Alm. Salg",4.754,3,Villa,163,1909,,Aktuel værdi
Grønnegadevej 17A,4892 Kettinge,645.000,22-08-2005,"
Alm. Salg",7.588,3,Rækkehus,85,1960,,Aktuel værdi
Eskemosevej 12,4892 Kettinge,1.195.000,02-08-2005,"
Alm. Salg",6.713,5,Villa,178,1940,,Aktuel værdi
Rågelundevej 23,4892 Kettinge,700.000,08-06-2005,"
Alm. Salg",2.766,6,Villa,253,1777,,Aktuel værdi
Kettingevej 34,4892 Kettinge,895.000,06-06-2005,"
Alm. Salg",7.584,5,Villa,118,1946,,Aktuel værdi
Kettingevej 92,4892 Kettinge,12.500.000,06-06-2005,"
Alm. Salg",48.076,7,Stuehus,260,1926,,
Bækkeskovvej 19,4892 Kettinge,1.025.000,30-05-2005,"
Alm. Salg",4.575,6,Villa,224,1934,,Aktuel værdi
Kettingevej 4,4892 Kettinge,321.801,23-05-2005,"
Alm. Salg",4.022,3,Villa,80,1943,,Aktuel værdi
Bregningevej 3,4892 Kettinge,485.000,23-05-2005,"
Alm. Salg",6.062,3,Villa,80,1941,,Aktuel værdi
Frostrupvej 8,4892 Kettinge,598.338,07-05-2005,"
Andet",2.862,10,Villa,209,1940,,Aktuel værdi
Kettingevej 56,4892 Kettinge,440.000,03-05-2005,"
Andet",2.000,7,Villa,220,1912,,Aktuel værdi
Mosevej 2,4892 Kettinge,600.000,11-04-2005,"
Alm. Salg",3.428,5,Villa,175,1850,,Aktuel værdi
Langet 1,4892 Kettinge,425.000,01-04-2005,"
Alm. Salg",4.086,3,Villa,104,1932,,Aktuel værdi
Kettingevej 155,4892 Kettinge,875.000,03-03-2005,"
Alm. Salg",7.172,5,Villa,122,1887,,Aktuel værdi
Falkevej 8,4892 Kettinge,995.000,08-02-2005,"
Alm. Salg",5.852,5,Villa,170,1974,,Aktuel værdi
Enghavevej 19,4892 Kettinge,820.000,13-01-2005,"
Alm. Salg",6.074,4,Villa,135,1820,,Aktuel værdi
Plantagevej 13,4892 Kettinge,3.230.000,13-01-2005,"
Fam. Salg",12.716,9,Stuehus,254,1922,,
Kettingevej 15,4892 Kettinge,1.807.000,29-12-2004,"
Fam. Salg",6.950,10,Stuehus,260,1890,,
Nørrevej 8,4892 Kettinge,386.500,17-12-2004,"
Fam. Salg",3.513,4,Villa,110,1947,,Aktuel værdi
Bækkeskovvej 8A,4892 Kettinge,620.664,29-11-2004,"
Alm. Salg",6.084,3,Villa,102,1897,,Aktuel værdi
Kildevej 2,4892 Kettinge,467.500,27-11-2004,"
Fam. Salg",5.081,4,Villa,92,1937,,Aktuel værdi
Birkevænget 2,4892 Kettinge,875.000,15-11-2004,"
Alm. Salg",7.954,4,Villa,110,1979,,Aktuel værdi
Stationsvej 15,4892 Kettinge,675.000,20-10-2004,"
Alm. Salg",4.440,5,Villa,152,1933,,Aktuel værdi
Enghavevej 17,4892 Kettinge,767.000,18-10-2004,"
Alm. Salg",6.391,4,Villa,120,1900,,Aktuel værdi
Kettingevej 9,4892 Kettinge,975.000,08-10-2004,"
Alm. Salg",4.899,7,Villa,199,1907,,Aktuel værdi
Bukkeholmvej 1,4892 Kettinge,658.845,06-09-2004,"
Alm. Salg",6.459,5,Villa,102,1900,,Aktuel værdi
Vivevej 5,4892 Kettinge,244.500,25-08-2004,"
Andet",2.144,5,Villa,114,1900,,Aktuel værdi
Bækkeskovvej 12,4892 Kettinge,885.000,24-08-2004,"
Alm. Salg",4.809,4,Villa,184,1905,,Aktuel værdi
Kettingevej 30,4892 Kettinge,745.000,16-08-2004,"
Alm. Salg",6.008,3,Villa,124,1937,,Aktuel værdi
Nyvej 2,4892 Kettinge,286.101,16-08-2004,"
Andet",1.973,5,Villa,145,1940,,Aktuel værdi
Enghavevej 47,4892 Kettinge,840.000,14-07-2004,"
Alm. Salg",-,6,Villa,150,1902,,Aktuel værdi
Kettingevej 103,4892 Kettinge,399.000,02-07-2004,"
Alm. Salg",4.586,4,Villa,87,1964,,Aktuel værdi
Frejlevvej 4,4892 Kettinge,746.000,30-06-2004,"
Alm. Salg",5.180,4,Villa,144,1912,,Aktuel værdi
Kolkevej 16,4892 Kettinge,4.571.312,28-06-2004,"
Alm. Salg",15.237,10,Stuehus,300,1919,,
Kettingevej 80,4892 Kettinge,272.000,14-06-2004,"
Fam. Salg",2.045,5,Villa,133,1933,,Aktuel værdi
Birkevænget 3,4892 Kettinge,337.528,10-05-2004,"
Alm. Salg",-,3,Villa,151,1976,,Aktuel værdi
Stationsvej 10,4892 Kettinge,609.576,26-04-2004,"
Alm. Salg",5.644,5,Villa,108,1913,,Aktuel værdi
Kolkevej 9,4892 Kettinge,600.000,20-04-2004,"
Alm. Salg",5.825,3,Villa,103,1959,,Aktuel værdi
Bækkeskovvej 23,4892 Kettinge,695.000,24-03-2004,"
Alm. Salg",6.096,4,Villa,114,1906,,Aktuel værdi
Fuglsangvej 23,4892 Kettinge,712.500,01-03-2004,"
Alm. Salg",3.830,9,Villa,186,1900,,Aktuel værdi
Nørrevej 7,4892 Kettinge,125.000,17-02-2004,"
Andet",1.302,4,Villa,96,1800,,Aktuel værdi
Grønnegadevej 54,4892 Kettinge,560.000,16-02-2004,"
Alm. Salg",3.708,3,Villa,151,1887,,Aktuel værdi
Torupvej 8,4892 Kettinge,550.000,22-12-2003,"
Fam. Salg",2.455,7,Villa,224,1900,,Aktuel værdi
Sløsserupvej 9,4892 Kettinge,775.000,11-12-2003,"
Alm. Salg",4.428,6,Villa,175,1912,,Aktuel værdi
Birkevænget 6,4892 Kettinge,544.000,08-12-2003,"
Fam. Salg",4.495,4,Villa,121,1978,,Aktuel værdi
Plantagevej 7,4892 Kettinge,833.000,24-09-2003,"
Alm. Salg",6.941,4,Villa,120,1963,,Aktuel værdi
Rågelundevej 49,4892 Kettinge,375.000,29-08-2003,"
Alm. Salg",2.976,4,Villa,126,1900,,Aktuel værdi
Bregningevej 8,4892 Kettinge,270.000,29-08-2003,"
Alm. Salg",2.368,3,Villa,114,1920,,Aktuel værdi
Nørrevej 1,4892 Kettinge,905.000,28-07-2003,"
Alm. Salg",3.678,8,Villa,246,1880,,Aktuel værdi
Stoffervej 12,4892 Kettinge,815.000,21-07-2003,"
Alm. Salg",5.659,4,Villa,144,1984,,Aktuel værdi
Kettingevej 132,4892 Kettinge,420.000,23-06-2003,"
Alm. Salg",-,4,Villa,106,1964,,Aktuel værdi
Bøgevænget 16,4892 Kettinge,690.000,20-06-2003,"
Alm. Salg",7.187,4,Villa,96,1982,,Aktuel værdi
Mosevej 6,4892 Kettinge,130.000,30-05-2003,"
Alm. Salg",2.321,3,Villa,56,1956,,Aktuel værdi
Sporet 2,4892 Kettinge,575.000,15-04-2003,"
Alm. Salg",3.549,5,Villa,162,1922,,Aktuel værdi
Grønnegadevej 26,4892 Kettinge,550.000,02-04-2003,"
Alm. Salg",4.910,2,Villa,112,1941,,Aktuel værdi
Bækkeskovvej 20,4892 Kettinge,463.565,10-03-2003,"
Alm. Salg",3.863,4,Villa,120,1837,,Aktuel værdi
Mosevej 3,4892 Kettinge,580.000,06-03-2003,"
Alm. Salg",2.857,8,Villa,203,1914,,Aktuel værdi
Enghavevej 26,4892 Kettinge,120.000,14-02-2003,"
Alm. Salg",609,5,Stuehus,197,1912,,
Kettingevej 53,4892 Kettinge,565.000,10-01-2003,"
Alm. Salg",4.520,5,Villa,125,1919,,Aktuel værdi
Kettingevej 121,4892 Kettinge,440.000,18-11-2002,"
Andet",2.993,5,Villa,147,1931,,Aktuel værdi
Fuglsangvej 3,4892 Kettinge,662.428,23-10-2002,"
Alm. Salg",3.200,6,Villa,207,1934,,Aktuel værdi
Bregningevej 5,4892 Kettinge,300.000,19-08-2002,"
Fam. Salg",3.658,3,Villa,82,1820,,Aktuel værdi
Stoffervej 5,4892 Kettinge,397.822,13-08-2002,"
Andet",2.669,4,Villa,149,1965,,Aktuel værdi
Kettingevej 75,4892 Kettinge,809.000,25-06-2002,"
Alm. Salg",5.120,5,Villa,158,1909,,Aktuel værdi
Kettingevej 3A,4892 Kettinge,395.000,24-06-2002,"
Alm. Salg",5.563,3,Rækkehus,71,1976,,Aktuel værdi
Nørrevej 9,4892 Kettinge,345.000,17-06-2002,"
Alm. Salg",-,5,Villa,149,1880,,Aktuel værdi
Nørrevej 12,4892 Kettinge,692.969,28-05-2002,"
Alm. Salg",3.937,5,Villa,176,1920,,Aktuel værdi
Stenrisvej 2,4892 Kettinge,797.182,23-04-2002,"
Alm. Salg",3.690,7,Villa,216,1900,,Aktuel værdi
Eskemosevej 8,4892 Kettinge,3.102.500,05-04-2002,"
Fam. Salg",7.215,11,Stuehus,430,1930,,
Kettingevej 105,4892 Kettinge,660.000,27-03-2002,"
Alm. Salg",4.074,6,Villa,162,1966,,Aktuel værdi
Plantagevej 5,4892 Kettinge,420.000,26-03-2002,"
Alm. Salg",5.250,3,Villa,80,1960,,Aktuel værdi
Grønnegadevej 22,4892 Kettinge,537.066,25-03-2002,"
Alm. Salg",4.838,5,Villa,111,1955,,Aktuel værdi
Nørrevej 5,4892 Kettinge,395.000,30-01-2002,"
Alm. Salg",3.950,3,Villa,100,1900,,Aktuel værdi
Sløsserupvej 12,4892 Kettinge,4.600.000,18-12-2001,"
Fam. Salg",18.473,7,Stuehus,249,1968,,
Kettingevej 118A,4892 Kettinge,250.000,08-12-2001,"
Alm. Salg",1.445,4,Villa,173,1860,,Aktuel værdi
Torupvej 6,4892 Kettinge,802.200,07-12-2001,"
Andet",2.938,9,Villa,273,1879,,Aktuel værdi
Rågelundevej 34,4892 Kettinge,474.000,25-11-2001,"
Alm. Salg",3.019,6,Villa,157,1877,,Aktuel værdi
Kettingevej 68,4892 Kettinge,665.000,19-11-2001,"
Alm. Salg",5.450,3,Villa,122,1947,,Aktuel værdi
Tokkerupvej 1,4892 Kettinge,811.000,08-10-2001,"
Alm. Salg",3.310,11,Villa,245,1908,,Aktuel værdi
Vivevej 2,4892 Kettinge,484.000,23-09-2001,"
Alm. Salg",4.400,3,Sommerhus,110,1900,,Aktuel værdi
Stoffervej 8,4892 Kettinge,830.000,16-09-2001,"
Alm. Salg",6.014,5,Villa,138,1978,,Aktuel værdi
Grønnegadevej 45A,4892 Kettinge,126.000,06-08-2001,"
Fam. Salg",1.298,2,Villa,97,1850,,Aktuel værdi
Bregningevej 17,4892 Kettinge,673.500,28-06-2001,"
Alm. Salg",4.317,5,Villa,156,1877,,Aktuel værdi
Torupvej 5,4892 Kettinge,1.200.000,27-06-2001,"
Alm. Salg",-,4,Villa,138,1969,,Aktuel værdi
Stoffervej 6,4892 Kettinge,1.079.000,27-06-2001,"
Alm. Salg",6.273,4,Villa,172,1980,,Aktuel værdi
Rågelundevej 17,4892 Kettinge,258.000,08-06-2001,"
Alm. Salg",3.583,4,Villa,72,1900,,Aktuel værdi
Enghavevej 66,4892 Kettinge,830.000,04-06-2001,"
Alm. Salg",-,6,Villa,200,1900,,Aktuel værdi
Frejlevvej 2,4892 Kettinge,1.050.000,23-05-2001,"
Alm. Salg",4.929,7,Villa,213,1912,,Aktuel værdi
Enghavevej 76,4892 Kettinge,490.000,04-05-2001,"
Alm. Salg",5.833,3,Stuehus,84,1877,,
Rågelundevej 16,4892 Kettinge,446.241,23-04-2001,"
Alm. Salg",-,5,Villa,190,1909,,Aktuel værdi
Kertevej 5,4892 Kettinge,840.000,01-01-2001,"
Alm. Salg",4.019,4,Villa,209,1894,,Aktuel værdi
Fuglsangvej 47,4892 Kettinge,437.000,01-01-2001,"
Fam. Salg",3.387,5,Villa,129,1930,,Aktuel værdi
Granhækken 2,4892 Kettinge,3.643.000,01-01-2001,"
Fam. Salg",13.010,7,Stuehus,280,1910,,
Frostrupvej 5A,4892 Kettinge,974.450,28-12-2000,"
Alm. Salg",3.419,8,Villa,285,1870,,Aktuel værdi
Langet 9,4892 Kettinge,385.000,01-12-2000,"
Alm. Salg",2.938,5,Villa,131,1912,,Aktuel værdi
Kettingevej 101,4892 Kettinge,545.000,30-10-2000,"
Alm. Salg",3.657,3,Villa,149,1945,,Aktuel værdi
Kildevangsvej 4,4892 Kettinge,451.721,21-06-2000,"
Alm. Salg",2.140,5,Villa,211,1800,,Aktuel værdi
Nyvej 9,4892 Kettinge,355.000,19-06-2000,"
Alm. Salg",4.930,3,Villa,72,1957,,Aktuel værdi
Grønnegadevej 11,4892 Kettinge,422.000,19-06-2000,"
Alm. Salg",3.080,5,Villa,137,1939,,Aktuel værdi
Eskemosevej 5,4892 Kettinge,291.708,15-06-2000,"
Andet",2.581,5,Villa,113,1910,,Aktuel værdi
Kettingevej 3B,4892 Kettinge,340.000,07-06-2000,"
Alm. Salg",4.788,3,Rækkehus,71,1976,,Aktuel værdi
Enghavevej 30,4892 Kettinge,604.000,06-06-2000,"
Alm. Salg",1.498,10,Villa,403,1914,,Aktuel værdi
Stoffervej 15,4892 Kettinge,178.000,09-05-2000,"
Alm. Salg",1.424,4,Villa,125,1850,,Aktuel værdi
Langet 7,4892 Kettinge,6.458.285,15-04-2000,"
Alm. Salg",25.326,6,Villa,255,1860,,Aktuel værdi
Grønnegadevej 6,4892 Kettinge,265.000,15-04-2000,"
Alm. Salg",2.284,4,Villa,116,1910,,Aktuel værdi
Enghavevej 7,4892 Kettinge,387.000,09-04-2000,"
Alm. Salg",-,6,Villa,154,1917,,Aktuel værdi
Birkevænget 8,4892 Kettinge,756.500,31-03-2000,"
Fam. Salg",4.641,3,Villa,163,1995,,Aktuel værdi
Frostrupvej 6,4892 Kettinge,785.000,19-03-2000,"
Alm. Salg",4.485,7,Villa,175,1935,,Aktuel værdi
Kettingevej 41,4892 Kettinge,370.000,03-02-2000,"
Alm. Salg",2.483,4,Villa,149,1910,,Aktuel værdi
Sønderhavevej 15,4892 Kettinge,50.000,29-12-1999,"
Alm. Salg",145,9,Villa,344,1933,,Aktuel værdi
Bækkeskovvej 22,4892 Kettinge,50.000,28-12-1999,"
Alm. Salg",359,5,Stuehus,139,1917,,
Enghavevej 22,4892 Kettinge,871.545,29-09-1999,"
Alm. Salg",3.378,6,Villa,258,1945,,Aktuel værdi
Vivevej 4,4892 Kettinge,260.290,09-08-1999,"
Alm. Salg",-,6,Villa,136,1914,,Aktuel værdi
Eskemosevej 18,4892 Kettinge,265.960,03-08-1999,"
Alm. Salg",3.499,3,Villa,76,1942,,Aktuel værdi
Rågelundevej 36,4892 Kettinge,640.725,03-08-1999,"
Alm. Salg",3.930,5,Villa,163,1968,,Aktuel værdi
Kolkevej 25,4892 Kettinge,223.905,06-07-1999,"
Fam. Salg",1.544,5,Villa,145,2001,,Aktuel værdi
Mejerivej 4,4892 Kettinge,365.000,08-06-1999,"
Alm. Salg",3.379,4,Villa,108,1949,,Aktuel værdi
Stationsvej 11,4892 Kettinge,186.000,25-05-1999,"
Alm. Salg",1.660,7,Villa,112,1925,,Aktuel værdi
Kolkevej 13,4892 Kettinge,404.476,26-04-1999,"
Alm. Salg",3.370,5,Villa,120,1962,,Aktuel værdi
Enghavevej 32,4892 Kettinge,482.000,26-04-1999,"
Alm. Salg",3.597,5,Villa,134,1912,,Aktuel værdi
Grønnegadevej 1A,4892 Kettinge,133.349,12-04-1999,"
Alm. Salg",1.212,5,Villa,110,1877,,Aktuel værdi
Kettingevej 1B,4892 Kettinge,1.254.000,09-02-1999,"
Alm. Salg",-,8,Stuehus,223,1930,,
Valtersvej 8,4892 Kettinge,719.000,16-01-1999,"
Alm. Salg",3.423,7,Villa,210,1926,,Aktuel værdi
Kildevej 10,4892 Kettinge,355.000,15-01-1999,"
Alm. Salg",2.933,3,Villa,121,1971,,Aktuel værdi
Bøgevænget 17,4892 Kettinge,619.000,15-12-1998,"
Alm. Salg",6.585,4,Villa,94,1980,,Aktuel værdi
Kettingevej 7,4892 Kettinge,679.000,19-09-1998,"
Alm. Salg",4.217,6,Villa,161,1916,,Aktuel værdi
Eskemosevej 17,4892 Kettinge,388.000,02-09-1998,"
Alm. Salg",4.790,3,Villa,81,1963,,Aktuel værdi
Præstegårdsstræde 1,4892 Kettinge,462.000,01-09-1998,"
Alm. Salg",-,6,Villa,144,1928,,Aktuel værdi
Kolkevej 17,4892 Kettinge,250.000,20-08-1998,"
Alm. Salg",-,6,Villa,184,1870,,Aktuel værdi
Mosevej 4,4892 Kettinge,345.000,14-08-1998,"
Alm. Salg",3.965,3,Villa,87,1910,,Aktuel værdi
Kolkevej 7B,4892 Kettinge,390.000,29-06-1998,"
Alm. Salg",4.431,3,Villa,88,1958,,Aktuel værdi
Bækkeskovvej 15,4892 Kettinge,515.000,17-06-1998,"
Alm. Salg",3.678,7,Villa,140,1885,,Aktuel værdi
Rågelundevej 8,4892 Kettinge,196.700,08-06-1998,"
Alm. Salg",2.489,4,Villa,79,1934,,Aktuel værdi
Kettingevej 116,4892 Kettinge,340.000,04-06-1998,"
Alm. Salg",3.269,5,Villa,104,1924,,Aktuel værdi
Anneksvej 1,4892 Kettinge,275.000,11-05-1998,"
Alm. Salg",2.455,3,Villa,112,1900,,Aktuel værdi
Syttenbanken 2,4892 Kettinge,747.000,11-05-1998,"
Alm. Salg",-,6,Villa,199,1896,,Aktuel værdi
Vivevej 6,4892 Kettinge,2.230.000,11-05-1998,"
Fam. Salg",11.150,7,Stuehus,200,1900,,
Stationsvej 7,4892 Kettinge,280.000,11-05-1998,"
Alm. Salg",1.842,6,Villa,152,1932,,Aktuel værdi
Langet 2,4892 Kettinge,481.000,22-04-1998,"
Alm. Salg",3.589,4,Villa,134,1919,,Aktuel værdi
Rågelundevej 40,4892 Kettinge,57.668,05-03-1998,"
Alm. Salg",678,3,Sommerhus,85,1880,,Aktuel værdi
Tokkerupvej 7,4892 Kettinge,308.000,23-02-1998,"
Alm. Salg",-,6,Villa,192,1877,,Aktuel værdi
Kettingevej 65,4892 Kettinge,499.000,21-02-1998,"
Alm. Salg",3.809,5,Villa,131,1925,,Aktuel værdi
Enghavevej 34,4892 Kettinge,371.500,13-01-1998,"
Alm. Salg",2.751,6,Villa,135,1907,,Aktuel værdi
Sløsserupvej 8,4892 Kettinge,325.000,06-01-1998,"
Alm. Salg",1.321,7,Villa,246,1912,,Aktuel værdi
Grønnegadevej 52,4892 Kettinge,343.000,03-11-1997,"
Alm. Salg",2.956,4,Villa,116,1900,,Aktuel værdi
Enghavevej 41,4892 Kettinge,470.000,14-10-1997,"
Alm. Salg",-,12,Villa,258,1924,,Aktuel værdi
Falkevej 3,4892 Kettinge,584.000,06-10-1997,"
Alm. Salg",-,5,Villa,158,1972,,Aktuel værdi
Kettingevej 122,4892 Kettinge,290.000,08-09-1997,"
Alm. Salg",3.295,3,Villa,88,1964,,Aktuel værdi
Kettingevej 143,4892 Kettinge,1.258.700,29-08-1997,"
Fam. Salg",6.357,5,Stuehus,198,1860,,
Bregningevej 21,4892 Kettinge,273.000,22-08-1997,"
Alm. Salg",1.727,4,Villa,158,1877,,Aktuel værdi
Kildevej 1,4892 Kettinge,461.500,11-07-1997,"
Alm. Salg",3.273,4,Villa,141,1897,,Aktuel værdi
Rågelundevej 50,4892 Kettinge,371.000,17-06-1997,"
Alm. Salg",2.473,4,Villa,150,1870,,Aktuel værdi
Nørrevej 19A,4892 Kettinge,504.000,15-05-1997,"
Alm. Salg",2.057,7,Villa,245,1900,,Aktuel værdi
Kettingevej 79,4892 Kettinge,274.050,11-05-1997,"
Alm. Salg",2.514,3,Villa,109,1927,,Aktuel værdi
Kildevej 12,4892 Kettinge,1.307.000,07-05-1997,"
Alm. Salg",6.952,10,Villa,188,1928,,Aktuel værdi
Torupvej 1,4892 Kettinge,399.000,18-04-1997,"
Alm. Salg",2.216,7,Villa,180,1875,,Aktuel værdi
Plantagevej 14,4892 Kettinge,1.050.000,02-04-1997,"
Alm. Salg",7.894,5,Stuehus,133,1925,,
Plantagevej 2,4892 Kettinge,390.000,10-02-1997,"
Alm. Salg",1.578,6,Villa,247,1967,,Aktuel værdi
Stationsvej 12,4892 Kettinge,250.000,10-02-1997,"
Alm. Salg",3.125,3,Villa,80,1925,,Aktuel værdi
Nørrevej 33,4892 Kettinge,655.994,03-02-1997,"
Alm. Salg",3.545,8,Villa,185,1900,,Aktuel værdi
Grønnegadevej 27,4892 Kettinge,300.873,28-11-1996,"
Alm. Salg",2.332,6,Villa,129,1957,,Aktuel værdi
Grønnegadevej 35,4892 Kettinge,520.000,27-11-1996,"
Alm. Salg",2.653,6,Villa,196,1900,,Aktuel værdi
Kettingevej 109,4892 Kettinge,210.000,29-10-1996,"
Alm. Salg",1.500,4,Villa,140,1933,,Aktuel værdi
Vænget 5,4892 Kettinge,556.965,10-08-1996,"
Alm. Salg",2.946,7,Villa,189,1927,,Aktuel værdi
Kildevej 5,4892 Kettinge,579.000,22-07-1996,"
Alm. Salg",2.984,5,Villa,194,1880,,Aktuel værdi
Nørrevej 23,4892 Kettinge,276.205,04-07-1996,"
Alm. Salg",2.209,3,Villa,125,1827,,Aktuel værdi
Kettingevej 114,4892 Kettinge,257.000,04-07-1996,"
Alm. Salg",2.793,3,Villa,92,1914,,Aktuel værdi
Enghavevej 28,4892 Kettinge,152.000,02-06-1996,"
Alm. Salg",1.583,5,Sommerhus,96,1887,,Aktuel værdi
Grønnegadevej 28,4892 Kettinge,350.000,29-04-1996,"
Alm. Salg",2.333,5,Villa,150,1927,,Aktuel værdi
Torupvej 4,4892 Kettinge,664.440,16-04-1996,"
Alm. Salg",3.885,3,Villa,171,1873,,Aktuel værdi
Kolkevej 15,4892 Kettinge,320.000,10-04-1996,"
Alm. Salg",2.442,3,Villa,131,1963,,Aktuel værdi
Lienlundsvej 1,4892 Kettinge,351.400,08-04-1996,"
Alm. Salg",2.043,4,Villa,172,1803,,Aktuel værdi
Kettingevej 36,4892 Kettinge,329.840,29-03-1996,"
Alm. Salg",3.171,4,Villa,104,1933,,Aktuel værdi
Eskemosevej 6,4892 Kettinge,265.000,02-01-1996,"
Fam. Salg",-,2,Villa,114,1880,,Aktuel værdi
Grønnegadevej 13,4892 Kettinge,360.000,28-11-1995,"
Alm. Salg",-,4,Villa,124,1927,,Aktuel værdi
Tokkerupvej 11,4892 Kettinge,250.000,30-10-1995,"
Alm. Salg",-,5,Villa,164,1864,,Aktuel værdi
Enghavevej 50,4892 Kettinge,331.500,30-10-1995,"
Fam. Salg",3.683,3,Villa,90,1933,,Aktuel værdi
Brandtvej 2,4892 Kettinge,515.000,18-10-1995,"
Alm. Salg",-,5,Villa,170,1909,,Aktuel værdi
Rågelundevej 10,4892 Kettinge,295.000,16-10-1995,"
Alm. Salg",-,4,Villa,85,1934,,Aktuel værdi
Granhækken 6,4892 Kettinge,600.000,15-10-1995,"
Alm. Salg",3.076,6,Stuehus,195,1907,,
Stationsvej 1,4892 Kettinge,197.695,13-10-1995,"
Alm. Salg",2.601,3,Villa,76,1942,,Aktuel værdi
Nørrevej 37,4892 Kettinge,550.000,07-09-1995,"
Alm. Salg",2.455,7,Villa,224,1914,,Aktuel værdi
Brandtvej 7,4892 Kettinge,295.000,23-08-1995,"
Alm. Salg",-,4,Villa,113,1961,,Aktuel værdi
Margrethelundsvej 2,4892 Kettinge,1.986.705,16-07-1995,"
Alm. Salg",11.161,6,Stuehus,178,1915,,
Bregningevej 31,4892 Kettinge,327.750,13-07-1995,"
Alm. Salg",2.276,5,Villa,144,1932,,Aktuel værdi
Rågelundevej 26,4892 Kettinge,280.000,08-05-1995,"
Alm. Salg",3.414,3,Villa,82,1902,,Aktuel værdi
Grønnegadevej 18,4892 Kettinge,248.000,15-03-1995,"
Alm. Salg",3.263,3,Villa,76,1935,,Aktuel værdi
Sløsserupvej 5,4892 Kettinge,135.000,24-02-1995,"
Alm. Salg",964,4,Villa,140,1900,,Aktuel værdi
Grønnegadevej 34A,4892 Kettinge,265.000,18-02-1995,"
Alm. Salg",-,7,Villa,155,1898,,Aktuel værdi
Enghavevej 48,4892 Kettinge,495.000,27-01-1995,"
Alm. Salg",-,9,Villa,328,1877,,Aktuel værdi
Kampervej 2,4892 Kettinge,254.000,16-01-1995,"
Alm. Salg",1.443,3,Villa,176,1890,,Aktuel værdi
Sporet 6,4892 Kettinge,214.044,03-01-1995,"
Alm. Salg",1.363,5,Villa,157,1911,,Aktuel værdi
Grønnegadevej 44A,4892 Kettinge,80.000,11-11-1994,"
Alm. Salg",833,3,Villa,96,1909,,Aktuel værdi
Bukkeholmvej 3,4892 Kettinge,502.871,26-10-1994,"
Alm. Salg",3.868,4,Villa,130,1930,,Aktuel værdi
Anneksvej 3,4892 Kettinge,320.000,13-10-1994,"
Alm. Salg",2.857,3,Villa,112,1875,,Aktuel værdi
Enghavevej 20,4892 Kettinge,138.700,18-08-1994,"
Alm. Salg",-,4,Villa,129,1900,,Aktuel værdi
Kettingevej 147,4892 Kettinge,145.000,09-08-1994,"
Alm. Salg",1.647,3,Villa,88,1900,,Aktuel værdi
Kettingevej 129,4892 Kettinge,555.800,13-07-1994,"
Alm. Salg",1.916,8,Villa,290,1876,,Aktuel værdi
Skolevej 6,4892 Kettinge,480.000,13-06-1994,"
Alm. Salg",3.750,4,Villa,128,1880,,Aktuel værdi
Kettingevej 58,4892 Kettinge,320.000,03-06-1994,"
Alm. Salg",-,9,Villa,192,1897,,Aktuel værdi
Mejerivej 2,4892 Kettinge,406.000,30-05-1994,"
Alm. Salg",2.346,5,Villa,173,1927,,Aktuel værdi
Stenrisvej 1,4892 Kettinge,550.000,30-05-1994,"
Alm. Salg",2.972,6,Stuehus,185,1938,,
Stoffervej 1,4892 Kettinge,330.000,30-05-1994,"
Fam. Salg",2.578,3,Villa,128,1962,,Aktuel værdi
Eskemosevej 15,4892 Kettinge,430.000,16-05-1994,"
Alm. Salg",2.721,5,Villa,158,1963,,Aktuel værdi
Enghavevej 24,4892 Kettinge,150.000,10-05-1994,"
Auktion",1.162,4,Villa,129,1800,,Aktuel værdi
Kertevej 1,4892 Kettinge,415.000,02-05-1994,"
Alm. Salg",2.184,6,Villa,190,1934,,Aktuel værdi
Knoldeholmsvej 8,4892 Kettinge,2.500.000,19-03-1994,"
Fam. Salg",11.792,9,Stuehus,212,1926,,
Kettingevej 54,4892 Kettinge,265.000,14-03-1994,"
Alm. Salg",1.802,6,Villa,147,1908,,Aktuel værdi
Plantagevej 16B,4892 Kettinge,717.000,07-02-1994,"
Fam. Salg",1.723,10,Villa,416,1920,,Aktuel værdi
Kampervej 4,4892 Kettinge,385.800,07-02-1994,"
Fam. Salg",3.709,6,Villa,104,1900,,Aktuel værdi
Stationsvej 2,4892 Kettinge,150.000,27-01-1994,"
Alm. Salg",1.666,4,Villa,90,1800,,Aktuel værdi
Brandtvej 1B,4892 Kettinge,170.000,14-01-1994,"
Fam. Salg",1.491,4,Villa,114,1887,,Aktuel værdi
Kettingevej 23,4892 Kettinge,353.000,15-10-1993,"
Fam. Salg",1.782,6,Villa,198,1910,,Aktuel værdi
Nørrevej 29,4892 Kettinge,150.000,24-09-1993,"
Alm. Salg",750,8,Villa,200,1913,,Aktuel værdi
Grønnegadevej 25,4892 Kettinge,495.000,24-09-1993,"
Alm. Salg",-,4,Villa,123,1943,,Aktuel værdi
Brandtvej 13,4892 Kettinge,255.000,30-08-1993,"
Alm. Salg",-,6,Villa,115,1965,,Aktuel værdi
Enghavevej 52,4892 Kettinge,401.200,09-08-1993,"
Alm. Salg",1.840,6,Villa,218,1900,,Aktuel værdi
Birkevænget 13,4892 Kettinge,655.000,28-07-1993,"
Alm. Salg",4.281,5,Villa,153,1976,,Aktuel værdi
Kettingevej 70,4892 Kettinge,300.000,21-07-1993,"
Alm. Salg",3.703,3,Villa,81,1943,,Aktuel værdi
Kettingevej 32,4892 Kettinge,380.000,12-07-1993,"
Alm. Salg",-,4,Villa,135,1940,,Aktuel værdi
Rågelundevej 45,4892 Kettinge,375.000,07-07-1993,"
Alm. Salg",1.171,13,Stuehus,320,1908,,
Brandtvej 5,4892 Kettinge,360.000,07-04-1993,"
Alm. Salg",-,6,Villa,137,1966,,Aktuel værdi
Mallehavevej 14,4892 Kettinge,380.000,15-02-1993,"
Alm. Salg",2.620,3,Stuehus,145,1912,,
Engvej 2,4892 Kettinge,344.000,15-02-1993,"
Alm. Salg",1.645,6,Villa,209,1917,,Aktuel værdi
Kolkevej 27,4892 Kettinge,126.000,05-02-1993,"
Fam. Salg",602,7,Villa,209,1997,,Aktuel værdi
Enghavevej 5,4892 Kettinge,305.000,03-02-1993,"
Alm. Salg",1.596,6,Villa,191,1931,,Aktuel værdi
Kettingevej 74A,4892 Kettinge,289.000,18-01-1993,"
Fam. Salg",-,5,Villa,208,1920,,Aktuel værdi
Rågelundevej 7,4892 Kettinge,150.000,13-01-1993,"
Alm. Salg",1.363,3,Villa,110,1913,,Aktuel værdi
Kettingevej 42,4892 Kettinge,361.250,23-12-1992,"
Alm. Salg",1.931,5,Villa,187,1954,,Aktuel værdi
Kettingevej 81A,4892 Kettinge,185.000,02-11-1992,"
Alm. Salg",3.083,4,Villa,60,1827,,Aktuel værdi
Vivevej 3,4892 Kettinge,65.000,06-10-1992,"
Alm. Salg",580,4,Villa,112,1907,,Aktuel værdi
Bregningevej 4,4892 Kettinge,1.088.920,28-09-1992,"
Fam. Salg",4.355,8,Stuehus,250,1940,,
Enghavevej 6,4892 Kettinge,235.000,18-08-1992,"
Alm. Salg",-,9,Villa,197,1908,,Aktuel værdi
Skolevej 2,4892 Kettinge,400.000,27-07-1992,"
Fam. Salg",4.166,5,Stuehus,96,1923,,
Rågelundevej 20,4892 Kettinge,30.000,30-06-1992,"
Alm. Salg",265,4,Villa,113,1920,,Aktuel værdi
Knoldeholmsvej 6,4892 Kettinge,140.000,30-03-1992,"
Alm. Salg",1.728,3,Villa,81,1914,,Aktuel værdi
