address,zip_code,price,sell_date,sell_type,price_per_sq_m,no_rooms,housing_type,size_in_sq_m,year_of_construction,price_change_in_pct
Tunnelen 9,4894 Øster Ulslev,350.000,29-03-2017,"
Fam. Salg",1.612,5,Villa,217,1877,,Aktuel værdi
Tunnelen 4,4894 Øster Ulslev,55.000,15-03-2017,"
Alm. Salg",233,7,Villa,236,1914,,Aktuel værdi
Viadukten 2,4894 Øster Ulslev,150.000,26-02-2017,"
Alm. Salg",1.875,3,Villa,80,1890,,Aktuel værdi
Godstedvej 12,4894 Øster Ulslev,400.000,22-02-2017,"
Alm. Salg",4.166,4,Villa,96,1895,,Aktuel værdi
Alleen 4,4894 Øster Ulslev,1.695.000,07-02-2017,"
Alm. Salg",6.621,11,Villa,256,1906,0 %,Aktuel værdi
Sløssevej 9,4894 Øster Ulslev,350.000,13-01-2017,"
Alm. Salg",2.916,4,Villa,120,1912,-12 %,Aktuel værdi
Birketoften 7,4894 Øster Ulslev,275.000,13-01-2017,"
Alm. Salg",2.200,4,Villa,125,1979,-20 %,Aktuel værdi
Krumsøvej 1B,4894 Øster Ulslev,265.900,04-01-2017,"
Auktion",1.715,4,Villa,155,1987,-56 %,Aktuel værdi
Godstedvej 30,4894 Øster Ulslev,450.000,22-12-2016,"
Alm. Salg",5.172,4,Villa,87,1927,-9 %,Aktuel værdi
Sløssevej 7B,4894 Øster Ulslev,350.000,13-12-2016,"
Alm. Salg",2.592,4,Villa,135,1995,-30 %,Aktuel værdi
Sløssevej 28,4894 Øster Ulslev,292.000,30-11-2016,"
Andet",2.495,5,Villa,117,1912,,Aktuel værdi
Godstedvej 18,4894 Øster Ulslev,1.445.000,21-11-2016,"
Alm. Salg",3.400,6,Villa,425,1920,-2 %,Aktuel værdi
Humlehaven 3,4894 Øster Ulslev,75.000,15-11-2016,"
Alm. Salg",721,4,Villa,104,1959,,Aktuel værdi
Møllevej 13,4894 Øster Ulslev,80.000,02-11-2016,"
Alm. Salg",522,6,Villa,153,1900,,Aktuel værdi
Egehøjvej 2,4894 Øster Ulslev,404.000,07-10-2016,"
Fam. Salg",1.697,8,Villa,238,1944,,Aktuel værdi
St Kirkestræde 7,4894 Øster Ulslev,600.000,22-09-2016,"
Alm. Salg",3.821,8,Villa,157,1939,20 %,Aktuel værdi
Skovgårdsvej 4,4894 Øster Ulslev,71.501,21-09-2016,"
Auktion",1.021,3,Villa,70,1911,,Aktuel værdi
Ribergårdsvej 3,4894 Øster Ulslev,6.300.000,02-09-2016,"
Alm. Salg",45.652,5,Stuehus,138,1850,,
Sløssevej 26,4894 Øster Ulslev,100.000,22-08-2016,"
Alm. Salg",724,4,Villa,138,1948,-43 %,Aktuel værdi
Møllevej 23,4894 Øster Ulslev,300.000,01-08-2016,"
Alm. Salg",1.886,2,Villa,159,1902,,Aktuel værdi
Holebyvej 52,4894 Øster Ulslev,700.000,26-06-2016,"
Alm. Salg",6.363,4,Villa,110,1877,,Aktuel værdi
Karlebyvej 16,4894 Øster Ulslev,180.000,12-06-2016,"
Alm. Salg",1.343,4,Villa,134,1963,,Aktuel værdi
Øllebøllevej 1,4894 Øster Ulslev,1.801.608,28-05-2016,"
Alm. Salg",6.107,10,Stuehus,295,1923,,
Høvængevej 1,4894 Øster Ulslev,737.132,28-05-2016,"
Alm. Salg",2.385,14,Stuehus,309,1878,,
Høvængevej 2,4894 Øster Ulslev,3.060.000,26-05-2016,"
Alm. Salg",13.421,7,Stuehus,228,1930,,
Holebyvej 1,4894 Øster Ulslev,290.000,30-04-2016,"
Alm. Salg",2.148,5,Villa,135,1926,-2 %,Aktuel værdi
Sløssevej 21,4894 Øster Ulslev,420.000,12-02-2016,"
Alm. Salg",3.716,4,Villa,113,1900,0 %,Aktuel værdi
Karlebyvej 2,4894 Øster Ulslev,250.000,10-02-2016,"
Alm. Salg",1.700,3,Villa,147,1939,-23 %,Aktuel værdi
Sløssevej 12,4894 Øster Ulslev,188.530,13-01-2016,"
Alm. Salg",1.396,4,Villa,135,1877,-46 %,Aktuel værdi
Dalbakkevej 16,4894 Øster Ulslev,65.000,21-12-2015,"
Alm. Salg",406,7,Villa,160,1907,,Aktuel værdi
Godstedvej 14,4894 Øster Ulslev,235.000,13-12-2015,"
Alm. Salg",1.727,6,Sommerhus,136,1897,-15 %,Aktuel værdi
Krumsøvej 10,4894 Øster Ulslev,120.000,01-12-2015,"
Alm. Salg",1.142,5,Villa,105,1959,-35 %,Aktuel værdi
Brydebjergvej 8,4894 Øster Ulslev,175.000,09-10-2015,"
Alm. Salg",1.483,3,Villa,118,1925,-12 %,Aktuel værdi
Krumsøvej 20,4894 Øster Ulslev,400.000,01-10-2015,"
Alm. Salg",2.312,5,Villa,173,1920,,Aktuel værdi
Dalbakkevej 8,4894 Øster Ulslev,180.000,15-09-2015,"
Alm. Salg",1.764,4,Villa,102,1892,-8 %,Aktuel værdi
Johanneslundsvej 6,4894 Øster Ulslev,320.000,27-08-2015,"
Alm. Salg",2.461,4,Villa,130,1973,-19 %,Aktuel værdi
Holebyvej 56,4894 Øster Ulslev,1.322.500,23-07-2015,"
Alm. Salg",10.580,5,Villa,125,1966,-42 %,Aktuel værdi
Egehøjvej 4,4894 Øster Ulslev,275.000,18-06-2015,"
Alm. Salg",2.619,3,Villa,105,1896,,Aktuel værdi
Korsvej 8,4894 Øster Ulslev,333.500,08-06-2015,"
Andet",1.334,7,Villa,250,1865,,Aktuel værdi
Karlebyvej 56,4894 Øster Ulslev,4.917.000,28-05-2015,"
Alm. Salg",19.668,7,Stuehus,250,1907,,
Præsteparken 8,4894 Øster Ulslev,275.000,19-05-2015,"
Fam. Salg",1.785,4,Villa,154,1900,,Aktuel værdi
Strandbyvej 3,4894 Øster Ulslev,235.000,05-05-2015,"
Alm. Salg",1.077,6,Villa,218,1972,0 %,Aktuel værdi
Præsteparken 6,4894 Øster Ulslev,150.000,05-05-2015,"
Alm. Salg",1.744,2,Villa,86,1958,,Aktuel værdi
Handermellevej 7,4894 Øster Ulslev,146.200,27-04-2015,"
Fam. Salg",596,7,Villa,245,1970,,Aktuel værdi
Holebyvej 2,4894 Øster Ulslev,140.000,01-04-2015,"
Alm. Salg",1.060,3,Villa,132,1885,,Aktuel værdi
Korsvej 16,4894 Øster Ulslev,225.000,01-04-2015,"
Alm. Salg",3.040,3,Villa,74,1940,-10 %,Aktuel værdi
Dalbakkevej 18,4894 Øster Ulslev,60.000,09-03-2015,"
Alm. Salg",750,4,Villa,80,1877,,Aktuel værdi
Karlebyvej 30,4894 Øster Ulslev,900.000,03-03-2015,"
Alm. Salg",4.411,5,Villa,204,1900,,Aktuel værdi
Sløssevej 48,4894 Øster Ulslev,110.000,06-02-2015,"
Alm. Salg",866,3,Villa,127,1893,-19 %,Aktuel værdi
Godstedvej 42,4894 Øster Ulslev,1.239.620,27-11-2014,"
Alm. Salg",17.216,2,Stuehus,72,1923,,
Næsvej 6,4894 Øster Ulslev,850.000,03-09-2014,"
Alm. Salg",4.857,3,Stuehus,175,1923,-5 %,
Sløssevej 23,4894 Øster Ulslev,150.000,14-08-2014,"
Alm. Salg",882,5,Villa,170,1899,-23 %,Aktuel værdi
Næsvej 13,4894 Øster Ulslev,368.707,10-07-2014,"
Alm. Salg",1.562,5,Villa,236,1923,-69 %,Aktuel værdi
Hejredevej 44,4894 Øster Ulslev,65.000,18-06-2014,"
Alm. Salg",812,3,Villa,80,1927,-67 %,Aktuel værdi
Karlebyvej 21,4894 Øster Ulslev,33.000,12-06-2014,"
Alm. Salg",234,5,Villa,141,1912,,Aktuel værdi
Krumsøvej 4,4894 Øster Ulslev,485.000,13-05-2014,"
Alm. Salg",3.730,5,Villa,130,1959,-8 %,Aktuel værdi
Kårup Vænge 2,4894 Øster Ulslev,500.000,25-03-2014,"
Alm. Salg",3.030,5,Villa,165,1900,,Aktuel værdi
Sørupvej 6,4894 Øster Ulslev,200.000,24-03-2014,"
Alm. Salg",3.389,2,Sommerhus,59,1850,,Aktuel værdi
Sørupvej 1,4894 Øster Ulslev,3.701.802,04-03-2014,"
Fam. Salg",20.118,9,Stuehus,184,1901,,
Dahlerupsvej 2,4894 Øster Ulslev,1.992.695,30-12-2013,"
Alm. Salg",9.580,8,Stuehus,208,1979,-11 %,
Johanneslundsvej 7,4894 Øster Ulslev,500.000,17-11-2013,"
Fam. Salg",5.952,3,Villa,84,1973,,Aktuel værdi
Sløssevej 34,4894 Øster Ulslev,225.000,12-10-2013,"
Alm. Salg",1.451,4,Villa,155,1947,-18 %,Aktuel værdi
Sløssevej 42,4894 Øster Ulslev,750.000,01-10-2013,"
Alm. Salg",2.293,9,Villa,327,1891,-6 %,Aktuel værdi
Gartnervænget 4,4894 Øster Ulslev,45.000,01-10-2013,"
Alm. Salg",642,3,Rækkehus,70,1900,,Aktuel værdi
Krumsøvej 5,4894 Øster Ulslev,162.500,25-09-2013,"
Alm. Salg",1.625,4,Villa,100,1951,-31 %,Aktuel værdi
Møllevej 27,4894 Øster Ulslev,435.000,19-09-2013,"
Alm. Salg",3.198,5,Villa,136,1936,-24 %,Aktuel værdi
Godstedvej 16,4894 Øster Ulslev,100.000,19-09-2013,"
Alm. Salg",1.000,4,Villa,100,1924,-26 %,Aktuel værdi
Holebyvej 46,4894 Øster Ulslev,27.500,10-07-2013,"
Alm. Salg",357,3,Rækkehus,77,1877,-71 %,Aktuel værdi
Øllebøllevej 23,4894 Øster Ulslev,50.000,26-06-2013,"
Auktion",581,3,Villa,86,1928,,Aktuel værdi
Dahlerupsvej 7,4894 Øster Ulslev,450.000,07-05-2013,"
Auktion",2.272,5,Villa,198,1932,,Aktuel værdi
Øllebøllevej 20,4894 Øster Ulslev,225.000,29-04-2013,"
Alm. Salg",1.923,3,Villa,117,1968,-50 %,Aktuel værdi
Dahlerupsvej 5A,4894 Øster Ulslev,600.000,09-04-2013,"
Alm. Salg",4.761,4,Villa,126,1973,-14 %,Aktuel værdi
Karlebyvej 12,4894 Øster Ulslev,290.000,16-12-2012,"
Alm. Salg",2.788,3,Villa,104,1851,,Aktuel værdi
Næsvej 2,4894 Øster Ulslev,1.585.000,13-12-2012,"
Alm. Salg",18.430,4,Stuehus,86,1870,,
Bregnebølvej 5,4894 Øster Ulslev,100.383,12-12-2012,"
Auktion",1.067,4,Villa,94,1900,,Aktuel værdi
Godstedvej 3,4894 Øster Ulslev,111.111,19-09-2012,"
Auktion",1.262,4,Villa,88,1883,,Aktuel værdi
Ryttervej 1,4894 Øster Ulslev,525.000,22-08-2012,"
Alm. Salg",1.458,9,Villa,360,1930,-41 %,Aktuel værdi
Dahlerupsvej 1,4894 Øster Ulslev,585.000,21-06-2012,"
Alm. Salg",3.095,6,Villa,189,1973,-27 %,Aktuel værdi
Næsvej 7,4894 Øster Ulslev,995.000,14-05-2012,"
Alm. Salg",7.960,3,Villa,125,1920,0 %,Aktuel værdi
Dalbakkevej 9,4894 Øster Ulslev,90.000,01-05-2012,"
Alm. Salg",1.363,2,Villa,66,1896,,Aktuel værdi
Birketoften 8,4894 Øster Ulslev,775.000,25-04-2012,"
Alm. Salg",6.858,4,Villa,113,1982,-8 %,Aktuel værdi
Krumsøvej 2B,4894 Øster Ulslev,450.000,19-04-2012,"
Alm. Salg",4.017,4,Villa,112,1959,-55 %,Aktuel værdi
Øllebøllevej 31,4894 Øster Ulslev,200.000,04-04-2012,"
Auktion",1.183,5,Villa,169,1928,-42 %,Aktuel værdi
Brydebjergvej 17,4894 Øster Ulslev,290.920,03-04-2012,"
Alm. Salg",3.062,4,Villa,95,1900,-76 %,Aktuel værdi
Dahlerupsvej 6,4894 Øster Ulslev,750.000,01-04-2012,"
Andet",5.172,3,Stuehus,145,1932,,
Karlebyvej 11,4894 Øster Ulslev,650.000,28-12-2011,"
Alm. Salg",6.770,3,Rækkehus,96,1900,,Aktuel værdi
Sløssevej 32,4894 Øster Ulslev,20.000,26-10-2011,"
Auktion",312,3,Villa,64,1936,-96 %,Aktuel værdi
Lille Kirkestræde 1,4894 Øster Ulslev,95.754,20-10-2011,"
Alm. Salg",1.740,3,Rækkehus,55,1781,,Aktuel værdi
Præstevænget 8,4894 Øster Ulslev,400.000,26-09-2011,"
Alm. Salg",5.333,3,Villa,75,1877,,Aktuel værdi
Godstedvej 32,4894 Øster Ulslev,640.000,18-08-2011,"
Alm. Salg",3.902,4,Villa,164,1933,,Aktuel værdi
Kirkevej 5,4894 Øster Ulslev,525.000,01-08-2011,"
Alm. Salg",3.832,4,Villa,137,1980,-19 %,Aktuel værdi
Næsvej 19,4894 Øster Ulslev,575.000,01-08-2011,"
Andet",2.904,7,Villa,198,1923,,Aktuel værdi
Skovfogedvej 1,4894 Øster Ulslev,1.050.000,21-06-2011,"
Alm. Salg",4.861,5,Stuehus,216,1890,5 %,
Godstedvej 26A,4894 Øster Ulslev,1.400.000,26-05-2011,"
Alm. Salg",7.777,8,Villa,180,1912,-6 %,Aktuel værdi
Næsvej 10,4894 Øster Ulslev,305.000,28-03-2011,"
Fam. Salg",4.420,2,Villa,69,1923,,Aktuel værdi
Møllevej 5,4894 Øster Ulslev,424.000,26-02-2011,"
Alm. Salg",2.944,6,Villa,144,1952,,Aktuel værdi
Karlebyvej 36,4894 Øster Ulslev,200.000,16-02-2011,"
Auktion",1.680,5,Villa,119,1910,,Aktuel værdi
Kirkevej 7,4894 Øster Ulslev,50.000,21-01-2011,"
Alm. Salg",543,3,Villa,92,1942,,Aktuel værdi
Egehøjvej 8,4894 Øster Ulslev,4.600.000,08-12-2010,"
Alm. Salg",19.409,6,Stuehus,237,1830,,
Sløssevej 2,4894 Øster Ulslev,1.275.000,05-08-2010,"
Alm. Salg",6.606,6,Villa,193,1876,-5 %,Aktuel værdi
Holebyvej 11,4894 Øster Ulslev,7.278.867,04-03-2010,"
Alm. Salg",32.350,6,Stuehus,225,1934,,
Krumsøvej 1A,4894 Øster Ulslev,5.398.289,04-03-2010,"
Alm. Salg",22.124,6,Stuehus,244,1937,,
Moltkesvej 7,4894 Øster Ulslev,600.000,04-03-2010,"
Alm. Salg",4.615,4,Stuehus,130,1910,,
Dahlerupsvej 5B,4894 Øster Ulslev,1.000.000,08-01-2010,"
Alm. Salg",6.097,5,Villa,164,1978,-5 %,Aktuel værdi
Svinget 14,4894 Øster Ulslev,125.000,11-11-2009,"
Auktion",1.225,3,Villa,102,1900,-64 %,Aktuel værdi
Holebyvej 36,4894 Øster Ulslev,530.000,01-08-2009,"
Alm. Salg",4.649,3,Villa,114,1939,,Aktuel værdi
Holebyvej 5,4894 Øster Ulslev,7.580.000,24-07-2009,"
Alm. Salg",40.105,8,Stuehus,189,1873,,
Møllevej 3,4894 Øster Ulslev,650.000,14-07-2009,"
Alm. Salg",4.887,4,Villa,133,1952,,Aktuel værdi
Kirkevej 2B,4894 Øster Ulslev,217.000,24-06-2009,"
Auktion",2.679,2,Villa,81,1857,,Aktuel værdi
Godstedvej 8,4894 Øster Ulslev,10.000.000,11-06-2009,"
Alm. Salg",46.948,7,Stuehus,213,1925,,
Møllevej 7,4894 Øster Ulslev,575.000,25-05-2009,"
Alm. Salg",6.318,4,Villa,91,1954,,Aktuel værdi
Karlebyvej 6,4894 Øster Ulslev,500.000,27-01-2009,"
Alm. Salg",3.906,5,Villa,128,1962,,Aktuel værdi
Sørupvej 3,4894 Øster Ulslev,675.000,30-11-2008,"
Alm. Salg",7.105,3,Villa,95,1887,0 %,Aktuel værdi
Sløssevej 36,4894 Øster Ulslev,697.000,12-11-2008,"
Fam. Salg",6.638,3,Sommerhus,105,1800,,Aktuel værdi
Bregnebølvej 6,4894 Øster Ulslev,9.500.000,30-10-2008,"
Alm. Salg",45.238,8,Stuehus,210,1907,,
Strandbyvej 6,4894 Øster Ulslev,1.598.000,22-09-2008,"
Alm. Salg",8.877,7,Villa,180,1855,7 %,Aktuel værdi
Dalbakkevej 22,4894 Øster Ulslev,285.000,10-09-2008,"
Auktion",2.638,3,Villa,108,1800,,Aktuel værdi
Karlebyvej 15,4894 Øster Ulslev,488.430,15-08-2008,"
Alm. Salg",6.182,2,Villa,79,1919,6 %,Aktuel værdi
Tamrodsvej 63,4894 Øster Ulslev,800.000,17-06-2008,"
Alm. Salg",6.956,4,Villa,115,1965,-6 %,Aktuel værdi
Sløssevej 11,4894 Øster Ulslev,313.424,11-06-2008,"
Auktion",5.698,3,Villa,55,1940,,Aktuel værdi
Kølle Alle 4,4894 Øster Ulslev,825.000,03-05-2008,"
Alm. Salg",7.857,4,Villa,105,1777,0 %,Aktuel værdi
Karlebyvej 50,4894 Øster Ulslev,1.600.800,01-04-2008,"
Alm. Salg",6.428,7,Stuehus,249,1856,,
Dahlerupsvej 9,4894 Øster Ulslev,1.500.000,22-02-2008,"
Alm. Salg",19.480,3,Stuehus,77,1932,,
Dødmosevej 6,4894 Øster Ulslev,2.579.950,31-01-2008,"
Alm. Salg",13.298,7,Stuehus,194,1834,,
Dødmosevej 1,4894 Øster Ulslev,305.000,28-01-2008,"
Alm. Salg",1.918,4,Villa,159,1917,-21 %,Aktuel værdi
Tamrodsvej 65,4894 Øster Ulslev,730.000,25-01-2008,"
Alm. Salg",5.328,2,Villa,137,1934,1 %,Aktuel værdi
Humlehaven 5,4894 Øster Ulslev,515.000,20-12-2007,"
Alm. Salg",6.437,4,Villa,80,1951,-2 %,Aktuel værdi
Høvængevej 5,4894 Øster Ulslev,3.360.375,19-12-2007,"
Fam. Salg",14.238,6,Stuehus,236,1909,,
Korsvej 18,4894 Øster Ulslev,1.900.000,24-11-2007,"
Alm. Salg",12.418,5,Villa,153,1944,-3 %,Aktuel værdi
Karlebyvej 14,4894 Øster Ulslev,383.670,19-11-2007,"
Alm. Salg",2.800,3,Villa,137,1900,,Aktuel værdi
Svinget 6,4894 Øster Ulslev,725.000,31-10-2007,"
Alm. Salg",7.552,4,Villa,96,1840,-1 %,Aktuel værdi
Alleen 2,4894 Øster Ulslev,1.475.000,26-10-2007,"
Alm. Salg",9.833,4,Stuehus,150,1900,,
Dødmosevej 11,4894 Øster Ulslev,523.000,22-10-2007,"
Alm. Salg",4.184,5,Villa,125,1953,,Aktuel værdi
Møllevej 17,4894 Øster Ulslev,600.000,21-10-2007,"
Alm. Salg",5.042,2,Villa,119,1903,,Aktuel værdi
Birketoften 5,4894 Øster Ulslev,900.000,04-10-2007,"
Alm. Salg",7.964,4,Villa,113,1987,-10 %,Aktuel værdi
Korsvej 7,4894 Øster Ulslev,675.000,03-10-2007,"
Alm. Salg",4.720,5,Villa,143,1900,0 %,Aktuel værdi
Øllebøllevej 8,4894 Øster Ulslev,495.000,30-09-2007,"
Alm. Salg",6.187,3,Villa,80,1905,0 %,Aktuel værdi
Holebyvej 3,4894 Øster Ulslev,600.000,10-09-2007,"
Alm. Salg",6.593,3,Villa,91,1920,,Aktuel værdi
Skovgårdsvej 8,4894 Øster Ulslev,675.000,06-09-2007,"
Alm. Salg",5.869,6,Villa,115,1927,4 %,Aktuel værdi
Præstevænget 6,4894 Øster Ulslev,675.000,14-08-2007,"
Alm. Salg",4.623,4,Villa,146,1900,-3 %,Aktuel værdi
Sørupvej 5,4894 Øster Ulslev,1.500.000,01-08-2007,"
Alm. Salg",23.809,2,Villa,63,1760,-3 %,Aktuel værdi
Alleen 3,4894 Øster Ulslev,1.150.000,19-07-2007,"
Alm. Salg",8.214,4,Villa,140,1807,0 %,Aktuel værdi
Handermellevej 2,4894 Øster Ulslev,895.000,22-06-2007,"
Alm. Salg",5.457,6,Villa,164,1912,-3 %,Aktuel værdi
Øllebøllevej 28,4894 Øster Ulslev,370.000,29-05-2007,"
Alm. Salg",4.512,3,Villa,82,1912,-6 %,Aktuel værdi
Brydebjergvej 16,4894 Øster Ulslev,950.000,07-05-2007,"
Alm. Salg",7.661,3,Villa,124,1906,,Aktuel værdi
Øllebøllevej 29,4894 Øster Ulslev,200.000,04-05-2007,"
Alm. Salg",2.597,2,Villa,77,1928,,Aktuel værdi
Skovgårdsvej 10,4894 Øster Ulslev,750.000,03-04-2007,"
Alm. Salg",5.102,5,Villa,147,1926,,Aktuel værdi
Dalbakkevej 20,4894 Øster Ulslev,964.000,30-03-2007,"
Alm. Salg",6.342,7,Villa,152,1900,,Aktuel værdi
Johanneslundsvej 4,4894 Øster Ulslev,1.075.000,26-03-2007,"
Alm. Salg",9.772,4,Villa,110,1975,,Aktuel værdi
Karlebyvej 28,4894 Øster Ulslev,1.075.000,26-03-2007,"
Alm. Salg",5.070,7,Villa,212,1877,,Aktuel værdi
Karlebyvej 31,4894 Øster Ulslev,13.000.000,26-02-2007,"
Alm. Salg",50.781,8,Stuehus,256,1912,,
Humlehaven 1,4894 Øster Ulslev,540.000,16-02-2007,"
Alm. Salg",5.094,4,Villa,106,1958,,Aktuel værdi
Sløssevej 38,4894 Øster Ulslev,680.000,29-01-2007,"
Alm. Salg",7.083,3,Villa,96,1981,,Aktuel værdi
Johanneslundsvej 9,4894 Øster Ulslev,850.000,15-11-2006,"
Alm. Salg",7.589,4,Villa,112,1977,,Aktuel værdi
Præstevænget 3,4894 Øster Ulslev,600.000,08-11-2006,"
Alm. Salg",6.818,4,Villa,88,1940,,Aktuel værdi
Bregnebølvej 2,4894 Øster Ulslev,850.000,03-11-2006,"
Alm. Salg",3.497,6,Villa,243,1876,,Aktuel værdi
Sløssevej 1,4894 Øster Ulslev,800.000,17-10-2006,"
Alm. Salg",3.418,6,Villa,234,2011,,Aktuel værdi
Dalbakkevej 3,4894 Øster Ulslev,470.000,20-09-2006,"
Alm. Salg",6.911,2,Villa,68,1897,,Aktuel værdi
Godstedvej 28,4894 Øster Ulslev,525.000,02-09-2006,"
Alm. Salg",6.250,3,Villa,84,1917,,Aktuel værdi
Dalbakkevej 17,4894 Øster Ulslev,475.000,25-08-2006,"
Alm. Salg",2.878,4,Villa,165,1910,,Aktuel værdi
Johanneslundsvej 1,4894 Øster Ulslev,775.000,21-08-2006,"
Alm. Salg",4.234,6,Villa,183,1967,,Aktuel værdi
Karlebyvej 10,4894 Øster Ulslev,501.500,14-08-2006,"
Fam. Salg",4.731,4,Villa,106,1950,,Aktuel værdi
Skovfogedvej 7,4894 Øster Ulslev,826.195,10-08-2006,"
Alm. Salg",3.953,3,Villa,209,1777,,Aktuel værdi
Torresvej 8,4894 Øster Ulslev,450.000,01-08-2006,"
Alm. Salg",3.435,4,Villa,131,1877,,Aktuel værdi
Krumsøvej 6,4894 Øster Ulslev,695.000,17-07-2006,"
Alm. Salg",7.722,3,Villa,90,1959,,Aktuel værdi
Holebyvej 14,4894 Øster Ulslev,783.124,08-05-2006,"
Alm. Salg",4.717,9,Villa,166,1940,,Aktuel værdi
Godstedvej 11,4894 Øster Ulslev,330.000,22-04-2006,"
Andet",4.925,3,Villa,67,1953,,Aktuel værdi
Krumsøvej 9,4894 Øster Ulslev,1.175.000,03-04-2006,"
Alm. Salg",11.519,5,Villa,102,1873,,Aktuel værdi
Krumsøvej 7,4894 Øster Ulslev,1.400.000,18-03-2006,"
Alm. Salg",6.796,6,Villa,206,1911,,Aktuel værdi
Kølle Alle 1,4894 Øster Ulslev,1.000.000,16-03-2006,"
Fam. Salg",5.714,5,Villa,175,1888,,Aktuel værdi
Kårup Vænge 3,4894 Øster Ulslev,935.000,15-03-2006,"
Alm. Salg",6.875,7,Villa,136,1912,,Aktuel værdi
Holebyvej 18,4894 Øster Ulslev,510.000,13-03-2006,"
Alm. Salg",3.445,6,Villa,148,1955,,Aktuel værdi
Holebyvej 26,4894 Øster Ulslev,650.000,13-03-2006,"
Alm. Salg",4.248,6,Villa,153,1942,,Aktuel værdi
Gartnervænget 12,4894 Øster Ulslev,450.000,13-03-2006,"
Alm. Salg",2.812,7,Villa,160,1852,,Aktuel værdi
Karlebyvej 25,4894 Øster Ulslev,1.500.000,07-03-2006,"
Alm. Salg",5.859,6,Villa,256,1877,,Aktuel værdi
Møllevej 2B,4894 Øster Ulslev,825.000,13-02-2006,"
Alm. Salg",4.388,5,Villa,188,1900,,Aktuel værdi
Karlebyvej 23,4894 Øster Ulslev,950.000,23-01-2006,"
Alm. Salg",4.418,4,Villa,215,1880,,Aktuel værdi
Dalbakkevej 19,4894 Øster Ulslev,375.000,22-11-2005,"
Fam. Salg",4.076,6,Villa,92,1908,,Aktuel værdi
Sørupvej 4,4894 Øster Ulslev,435.000,27-10-2005,"
Alm. Salg",6.214,3,Villa,70,1934,,Aktuel værdi
Dødmosevej 7,4894 Øster Ulslev,376.047,25-10-2005,"
Alm. Salg",1.899,5,Villa,198,1903,,Aktuel værdi
Viadukten 3,4894 Øster Ulslev,580.000,23-10-2005,"
Alm. Salg",4.833,3,Villa,120,1952,,Aktuel værdi
Holebyvej 17,4894 Øster Ulslev,370.000,10-10-2005,"
Fam. Salg",3.700,4,Villa,100,1914,,Aktuel værdi
Gartnervænget 1,4894 Øster Ulslev,160.000,03-10-2005,"
Alm. Salg",1.975,2,Villa,81,1900,,Aktuel værdi
Korsvej 1B,4894 Øster Ulslev,1.275.000,16-09-2005,"
Fam. Salg",-,9,Villa,283,1906,,Aktuel værdi
Kølle Alle 11,4894 Øster Ulslev,785.000,03-08-2005,"
Alm. Salg",6.946,5,Villa,113,1927,,Aktuel værdi
Øllebøllevej 10,4894 Øster Ulslev,500.000,18-07-2005,"
Alm. Salg",2.439,5,Villa,205,1912,,Aktuel værdi
Holebyvej 38,4894 Øster Ulslev,740.000,23-06-2005,"
Alm. Salg",5.174,6,Villa,143,1918,,Aktuel værdi
Moltkesvej 3,4894 Øster Ulslev,230.000,13-06-2005,"
Alm. Salg",3.432,3,Villa,67,1777,,Aktuel værdi
Næsvej 3B,4894 Øster Ulslev,595.000,10-06-2005,"
Fam. Salg",2.741,6,Villa,217,1990,,Aktuel værdi
Øllebøllevej 21,4894 Øster Ulslev,575.000,28-05-2005,"
Alm. Salg",8.214,4,Villa,70,1928,,Aktuel værdi
Sløssevej 13,4894 Øster Ulslev,575.000,10-05-2005,"
Alm. Salg",2.712,3,Sommerhus,212,1777,,Aktuel værdi
Næsvej 3A,4894 Øster Ulslev,495.000,07-05-2005,"
Alm. Salg",4.194,3,Sommerhus,118,1877,,Aktuel værdi
Præstevænget 2,4894 Øster Ulslev,535.000,02-05-2005,"
Alm. Salg",2.876,6,Stuehus,186,1877,,
Nygårdsvej 3,4894 Øster Ulslev,1.229.904,20-04-2005,"
Alm. Salg",15.972,3,Villa,77,1907,,Aktuel værdi
Næsvej 11,4894 Øster Ulslev,715.000,30-03-2005,"
Alm. Salg",4.525,5,Villa,158,1923,,Aktuel værdi
Egehøjvej 6,4894 Øster Ulslev,680.000,29-03-2005,"
Alm. Salg",6.181,3,Villa,110,1967,,Aktuel værdi
Ryttervej 3,4894 Øster Ulslev,150.000,15-03-2005,"
Alm. Salg",847,5,Stuehus,177,1948,,
Hejredevej 40,4894 Øster Ulslev,1.000.000,09-03-2005,"
Alm. Salg",4.166,8,Villa,240,1926,,Aktuel værdi
Moltkesvej 1,4894 Øster Ulslev,485.000,03-03-2005,"
Alm. Salg",4.754,3,Villa,102,1933,,Aktuel værdi
Godstedvej 44,4894 Øster Ulslev,340.995,08-02-2005,"
Alm. Salg",1.542,7,Villa,221,1923,,Aktuel værdi
Bregnebølvej 4,4894 Øster Ulslev,312.510,11-12-2004,"
Alm. Salg",2.540,4,Villa,123,1917,,Aktuel værdi
Korsvej 22,4894 Øster Ulslev,755.000,19-11-2004,"
Alm. Salg",5.676,4,Villa,133,1906,,Aktuel værdi
Møllevej 9,4894 Øster Ulslev,470.000,08-11-2004,"
Alm. Salg",4.607,5,Villa,102,1927,,Aktuel værdi
Sløssevej 7A,4894 Øster Ulslev,575.000,27-10-2004,"
Alm. Salg",2.933,6,Villa,196,1827,,Aktuel værdi
Kirkevej 3,4894 Øster Ulslev,465.000,21-10-2004,"
Alm. Salg",6.369,3,Villa,73,1777,,Aktuel værdi
Sløssevej 10,4894 Øster Ulslev,345.000,12-10-2004,"
Alm. Salg",-,4,Villa,115,1877,,Aktuel værdi
Karlebyvej 26,4894 Øster Ulslev,155.000,12-10-2004,"
Alm. Salg",-,3,Villa,89,1827,,Aktuel værdi
Øllebøllevej 33,4894 Øster Ulslev,625.000,24-09-2004,"
Alm. Salg",2.604,4,Villa,240,1900,,Aktuel værdi
Kølle Alle 13,4894 Øster Ulslev,790.000,13-09-2004,"
Alm. Salg",5.939,3,Villa,133,1946,,Aktuel værdi
Handermellevej 3,4894 Øster Ulslev,750.000,05-07-2004,"
Alm. Salg",5.172,5,Villa,145,1900,,Aktuel værdi
Birketoften 10,4894 Øster Ulslev,925.000,14-06-2004,"
Alm. Salg",7.581,4,Villa,122,1985,,Aktuel værdi
Karlebyvej 32,4894 Øster Ulslev,1.185.000,11-06-2004,"
Alm. Salg",8.586,4,Villa,138,1906,,Aktuel værdi
Korsvej 4,4894 Øster Ulslev,309.000,28-05-2004,"
Fam. Salg",2.971,4,Villa,104,1900,,Aktuel værdi
Krumsøvej 8,4894 Øster Ulslev,469.453,26-04-2004,"
Alm. Salg",4.470,4,Villa,105,1959,,Aktuel værdi
Johanneslundsvej 5,4894 Øster Ulslev,895.000,15-04-2004,"
Alm. Salg",5.295,7,Villa,169,1974,,Aktuel værdi
Dalbakkevej 28,4894 Øster Ulslev,372.282,21-02-2004,"
Fam. Salg",1.297,6,Villa,287,1726,,Aktuel værdi
Karlebyvej 44,4894 Øster Ulslev,1.641.230,15-01-2004,"
Alm. Salg",7.135,6,Stuehus,230,1906,,
Dødmosevej 9,4894 Øster Ulslev,275.000,22-11-2003,"
Alm. Salg",1.676,6,Villa,164,1877,,Aktuel værdi
Øllebøllevej 39,4894 Øster Ulslev,920.000,14-11-2003,"
Alm. Salg",5.348,4,Villa,172,1966,,Aktuel værdi
Handermellevej 5,4894 Øster Ulslev,348.228,31-10-2003,"
Alm. Salg",3.194,3,Villa,109,1909,,Aktuel værdi
Kastanievej 1,4894 Øster Ulslev,238.000,24-09-2003,"
Fam. Salg",1.586,6,Villa,150,1888,,Aktuel værdi
Svinget 5,4894 Øster Ulslev,550.000,24-09-2003,"
Alm. Salg",1.681,9,Villa,327,1930,,Aktuel værdi
Brydebjergvej 10,4894 Øster Ulslev,740.000,24-09-2003,"
Fam. Salg",3.507,8,Villa,211,1900,,Aktuel værdi
Sløssevej 20,4894 Øster Ulslev,935.000,01-09-2003,"
Fam. Salg",10.625,2,Stuehus,88,1890,,
Strandbyvej 1,4894 Øster Ulslev,750.000,21-07-2003,"
Alm. Salg",6.147,4,Villa,122,1890,,Aktuel værdi
Sløssevej 19,4894 Øster Ulslev,525.000,07-07-2003,"
Alm. Salg",3.052,4,Villa,172,1777,,Aktuel værdi
Øllebøllevej 2,4894 Øster Ulslev,395.000,19-06-2003,"
Alm. Salg",-,10,Villa,216,1932,,Aktuel værdi
Næsvej 12,4894 Øster Ulslev,815.000,07-06-2003,"
Alm. Salg",-,7,Villa,184,1923,,Aktuel værdi
Holebyvej 20,4894 Øster Ulslev,804.922,31-05-2003,"
Alm. Salg",3.642,6,Villa,221,1952,,Aktuel værdi
Tunnelen 3,4894 Øster Ulslev,635.184,28-04-2003,"
Alm. Salg",4.886,3,Villa,130,1942,,Aktuel værdi
Godstedvej 34,4894 Øster Ulslev,365.000,04-04-2003,"
Alm. Salg",3.146,4,Villa,116,1800,,Aktuel værdi
Torresvej 14,4894 Øster Ulslev,1.164.000,02-04-2003,"
Alm. Salg",5.820,6,Villa,200,1900,,Aktuel værdi
Kirkevej 6,4894 Øster Ulslev,524.524,25-03-2003,"
Alm. Salg",4.034,4,Villa,130,1963,,Aktuel værdi
Sløssevej 17,4894 Øster Ulslev,185.000,24-02-2003,"
Alm. Salg",1.850,5,Villa,100,1877,,Aktuel værdi
Kastanievej 6,4894 Øster Ulslev,258.300,06-02-2003,"
Alm. Salg",3.354,3,Rækkehus,77,1815,,Aktuel værdi
Handermellevej 4,4894 Øster Ulslev,225.250,17-12-2002,"
Fam. Salg",2.011,4,Villa,112,1850,,Aktuel værdi
Næsvej 17,4894 Øster Ulslev,450.000,09-12-2002,"
Alm. Salg",5.000,2,Stuehus,90,1923,,
Korsvej 14,4894 Øster Ulslev,626.009,21-11-2002,"
Alm. Salg",4.890,6,Villa,128,1938,,Aktuel værdi
Karlebyvej 54,4894 Øster Ulslev,190.000,03-11-2002,"
Alm. Salg",2.235,3,Villa,85,1941,,Aktuel værdi
Sløssevej 8,4894 Øster Ulslev,865.000,03-11-2002,"
Alm. Salg",4.701,5,Villa,184,1929,,Aktuel værdi
Dødmosevej 2,4894 Øster Ulslev,241.000,01-10-2002,"
Alm. Salg",-,6,Fritid,182,1877,,Aktuel værdi
Dalbakkevej 11,4894 Øster Ulslev,677.000,22-09-2002,"
Fam. Salg",4.513,5,Villa,150,1877,,Aktuel værdi
Holebyvej 42,4894 Øster Ulslev,413.530,20-08-2002,"
Alm. Salg",4.982,3,Villa,83,1938,,Aktuel værdi
Svinget 7,4894 Øster Ulslev,750.000,14-08-2002,"
Alm. Salg",2.613,7,Villa,287,1887,,Aktuel værdi
Viadukten 1,4894 Øster Ulslev,606.000,17-07-2002,"
Alm. Salg",3.404,7,Villa,178,1950,,Aktuel værdi
Godstedvej 4,4894 Øster Ulslev,409.000,29-06-2002,"
Alm. Salg",5.453,2,Villa,75,1900,,Aktuel værdi
Svinget 10,4894 Øster Ulslev,330.000,27-05-2002,"
Alm. Salg",1.578,6,Villa,209,2012,,Aktuel værdi
Humlehaven 4,4894 Øster Ulslev,100.000,18-04-2002,"
Alm. Salg",-,7,Villa,138,1900,,Aktuel værdi
Øllebøllevej 27,4894 Øster Ulslev,540.000,26-03-2002,"
Alm. Salg",3.857,4,Villa,140,1928,,Aktuel værdi
Birketoften 2,4894 Øster Ulslev,459.000,25-01-2002,"
Fam. Salg",2.365,5,Villa,194,1991,,Aktuel værdi
Holebyvej 58,4894 Øster Ulslev,442.000,07-10-2001,"
Fam. Salg",2.363,6,Villa,187,1966,,Aktuel værdi
Tunnelen 7,4894 Øster Ulslev,300.000,01-10-2001,"
Andet",-,5,Villa,165,1917,,Aktuel værdi
Sløssevej 6,4894 Øster Ulslev,408.936,02-09-2001,"
Alm. Salg",-,7,Villa,141,1840,,Aktuel værdi
Brydebjergvej 18,4894 Øster Ulslev,202.000,07-08-2001,"
Andet",2.805,2,Villa,72,1932,,Aktuel værdi
Godstedvej 24,4894 Øster Ulslev,241.229,06-08-2001,"
Alm. Salg",1.786,6,Villa,135,1890,,Aktuel værdi
Tunnelen 2,4894 Øster Ulslev,688.500,06-07-2001,"
Alm. Salg",5.337,4,Villa,129,1976,,Aktuel værdi
Johanneslundsvej 3,4894 Øster Ulslev,350.000,05-07-2001,"
Alm. Salg",-,6,Villa,157,1974,,Aktuel værdi
Øllebøllevej 4,4894 Øster Ulslev,500.000,04-06-2001,"
Alm. Salg",-,9,Villa,223,1870,,Aktuel værdi
Nygårdsvej 2,4894 Øster Ulslev,255.597,15-05-2001,"
Alm. Salg",1.670,5,Villa,153,1880,,Aktuel værdi
St Kirkestræde 1,4894 Øster Ulslev,331.818,25-04-2001,"
Alm. Salg",2.592,4,Villa,128,1827,,Aktuel værdi
Humlehaven 6,4894 Øster Ulslev,372.000,16-04-2001,"
Alm. Salg",3.100,2,Villa,120,1900,,Aktuel værdi
Karlebyvej 4,4894 Øster Ulslev,593.801,21-03-2001,"
Alm. Salg",3.141,4,Villa,189,1933,,Aktuel værdi
Øllebøllevej 12,4894 Øster Ulslev,300.000,01-01-2001,"
Andet",1.595,6,Villa,188,1952,,Aktuel værdi
Kastanievej 8,4894 Øster Ulslev,188.000,04-12-2000,"
Alm. Salg",2.265,3,Villa,83,1815,,Aktuel værdi
Holebyvej 40,4894 Øster Ulslev,465.367,30-10-2000,"
Alm. Salg",2.964,7,Villa,157,1892,,Aktuel værdi
Karlebyvej 27,4894 Øster Ulslev,655.000,18-08-2000,"
Alm. Salg",3.133,4,Villa,209,1906,,Aktuel værdi
Præstevænget 12,4894 Øster Ulslev,865.000,31-07-2000,"
Alm. Salg",-,4,Villa,116,1776,,Aktuel værdi
Sløssevej 44,4894 Øster Ulslev,745.000,10-07-2000,"
Alm. Salg",4.598,5,Villa,162,1700,,Aktuel værdi
Torresvej 3,4894 Øster Ulslev,459.953,05-07-2000,"
Alm. Salg",4.339,3,Villa,106,1907,,Aktuel værdi
Hejredevej 46,4894 Øster Ulslev,765.000,20-06-2000,"
Alm. Salg",-,7,Villa,253,1912,,Aktuel værdi
Viadukten 7,4894 Øster Ulslev,3.200.000,31-05-2000,"
Alm. Salg",12.800,9,Stuehus,250,1892,,
Humlehaven 8,4894 Øster Ulslev,790.000,01-05-2000,"
Alm. Salg",5.266,4,Villa,150,1877,,Aktuel værdi
Torresvej 6,4894 Øster Ulslev,100.000,01-05-2000,"
Alm. Salg",1.250,3,Villa,80,1872,,Aktuel værdi
Godstedvej 6,4894 Øster Ulslev,197.000,28-04-2000,"
Alm. Salg",3.788,2,Villa,52,1912,,Aktuel værdi
Høvængevej 4,4894 Øster Ulslev,200.000,29-03-2000,"
Alm. Salg",1.428,4,Villa,140,1890,,Aktuel værdi
Dødmosevej 8,4894 Øster Ulslev,553.000,23-03-2000,"
Alm. Salg",3.124,5,Villa,177,1850,,Aktuel værdi
Hejredevej 41,4894 Øster Ulslev,435.000,03-03-2000,"
Alm. Salg",2.900,4,Villa,150,1907,,Aktuel værdi
Kølle Alle 6,4894 Øster Ulslev,150.000,29-02-2000,"
Alm. Salg",-,6,Villa,213,1948,,Aktuel værdi
Sløssevej 50,4894 Øster Ulslev,373.000,20-02-2000,"
Alm. Salg",3.108,2,Villa,120,1968,,Aktuel værdi
Dahlerupsvej 3,4894 Øster Ulslev,600.000,03-02-2000,"
Alm. Salg",3.614,5,Villa,166,1977,,Aktuel værdi
Godstedvej 7A,4894 Øster Ulslev,500.794,15-01-2000,"
Alm. Salg",2.044,5,Villa,245,1877,,Aktuel værdi
Dalbakkevej 2,4894 Øster Ulslev,2.400.000,09-01-2000,"
Fam. Salg",12.765,6,Stuehus,188,1974,,
Øllebøllevej 13,4894 Øster Ulslev,450.000,07-12-1999,"
Alm. Salg",3.040,5,Villa,148,1962,,Aktuel værdi
Tamrodsvej 62,4894 Øster Ulslev,485.000,02-12-1999,"
Alm. Salg",2.298,9,Villa,211,1887,,Aktuel værdi
Holebyvej 19,4894 Øster Ulslev,282.500,25-09-1999,"
Alm. Salg",3.284,4,Villa,86,1877,,Aktuel værdi
Karlebyvej 3,4894 Øster Ulslev,24.000,09-08-1999,"
Auktion",160,5,Villa,150,1900,,Aktuel værdi
Karlebyvej 22,4894 Øster Ulslev,351.842,21-07-1999,"
Alm. Salg",2.792,4,Villa,126,1913,,Aktuel værdi
Karlebyvej 20,4894 Øster Ulslev,400.000,05-07-1999,"
Alm. Salg",2.985,6,Villa,134,1877,,Aktuel værdi
Næsvej 15,4894 Øster Ulslev,293.650,15-06-1999,"
Alm. Salg",3.058,3,Villa,96,1923,,Aktuel værdi
Holebyvej 15,4894 Øster Ulslev,231.000,14-05-1999,"
Alm. Salg",2.783,3,Villa,83,1912,,Aktuel værdi
Karlebyvej 17,4894 Øster Ulslev,629.000,27-04-1999,"
Alm. Salg",3.594,6,Villa,175,1920,,Aktuel værdi
Holebyvej 54,4894 Øster Ulslev,4.920.000,22-04-1999,"
Alm. Salg",30.750,7,Stuehus,160,1906,,
Møllevej 11,4894 Øster Ulslev,929.500,21-04-1999,"
Alm. Salg",4.112,8,Villa,226,1977,,Aktuel værdi
Kølle Alle 3,4894 Øster Ulslev,255.000,16-04-1999,"
Alm. Salg",1.931,8,Villa,132,1777,,Aktuel værdi
Korsvej 20,4894 Øster Ulslev,220.000,16-03-1999,"
Alm. Salg",1.116,6,Villa,197,1940,,Aktuel værdi
Tamrodsvej 61,4894 Øster Ulslev,75.000,18-02-1999,"
Alm. Salg",477,6,Villa,157,1807,,Aktuel værdi
Svinget 8,4894 Øster Ulslev,675.000,07-12-1998,"
Alm. Salg",3.479,7,Villa,194,1968,,Aktuel værdi
Korsvej 3A,4894 Øster Ulslev,249.959,19-10-1998,"
Alm. Salg",2.380,3,Villa,105,1956,,Aktuel værdi
Torresvej 16,4894 Øster Ulslev,264.090,15-10-1998,"
Alm. Salg",1.535,7,Villa,172,1800,,Aktuel værdi
Holebyvej 24,4894 Øster Ulslev,348.445,01-10-1998,"
Alm. Salg",3.555,4,Villa,98,1943,,Aktuel værdi
Gartnervænget 10,4894 Øster Ulslev,133.000,31-08-1998,"
Alm. Salg",-,4,Villa,154,1900,,Aktuel værdi
Dødmosevej 5,4894 Øster Ulslev,245.000,20-07-1998,"
Alm. Salg",2.333,3,Sommerhus,105,1827,,Aktuel værdi
Svinget 12,4894 Øster Ulslev,287.000,06-07-1998,"
Alm. Salg",-,4,Villa,147,1887,,Aktuel værdi
Moltkesvej 9,4894 Øster Ulslev,155.000,06-07-1998,"
Alm. Salg",2.348,4,Villa,66,1827,,Aktuel værdi
Brydebjergvej 19,4894 Øster Ulslev,305.000,10-06-1998,"
Alm. Salg",-,3,Villa,131,1896,,Aktuel værdi
Møllevej 25,4894 Øster Ulslev,270.000,12-03-1998,"
Alm. Salg",-,4,Villa,155,1935,,Aktuel værdi
Kirkevej 8,4894 Øster Ulslev,210.000,09-03-1998,"
Fam. Salg",1.680,5,Villa,125,1962,,Aktuel værdi
Johanneslundsvej 12,4894 Øster Ulslev,683.000,07-02-1998,"
Alm. Salg",4.041,5,Villa,169,1977,,Aktuel værdi
Karlebyvej 29,4894 Øster Ulslev,401.480,20-01-1998,"
Alm. Salg",4.014,3,Villa,100,1910,,Aktuel værdi
Kårup Vænge 1,4894 Øster Ulslev,347.500,05-11-1997,"
Alm. Salg",1.728,4,Villa,201,1900,,Aktuel værdi
Ribergårdsvej 1,4894 Øster Ulslev,840.000,03-11-1997,"
Alm. Salg",4.827,5,Stuehus,174,1917,,
Dødmosevej 4,4894 Øster Ulslev,1.362.000,15-07-1997,"
Alm. Salg",4.934,8,Villa,276,1777,,Aktuel værdi
Kølle Alle 17,4894 Øster Ulslev,96.378,12-06-1997,"
Fam. Salg",752,6,Villa,128,1904,,Aktuel værdi
Birketoften 6,4894 Øster Ulslev,523.790,11-06-1997,"
Alm. Salg",-,5,Villa,139,1987,,Aktuel værdi
Alleen 5,4894 Øster Ulslev,2.400.000,26-05-1997,"
Auktion",12.060,6,Stuehus,199,1882,,
Skovgårdsvej 2,4894 Øster Ulslev,210.000,08-03-1997,"
Alm. Salg",2.142,5,Villa,98,1926,,Aktuel værdi
Humlehaven 7,4894 Øster Ulslev,200.000,10-02-1997,"
Alm. Salg",1.639,4,Villa,122,1940,,Aktuel værdi
Sørupvej 2,4894 Øster Ulslev,275.000,10-02-1997,"
Alm. Salg",2.546,4,Villa,108,1897,,Aktuel værdi
Præstevænget 10,4894 Øster Ulslev,935.000,12-11-1996,"
Alm. Salg",3.785,5,Stuehus,247,1974,,
Kirkevej 9,4894 Øster Ulslev,486.000,21-10-1996,"
Alm. Salg",4.189,3,Villa,116,1978,,Aktuel værdi
Øllebøllevej 25,4894 Øster Ulslev,253.000,21-10-1996,"
Alm. Salg",2.007,5,Villa,126,1928,,Aktuel værdi
Svinget 2A,4894 Øster Ulslev,215.000,10-10-1996,"
Alm. Salg",1.936,6,Villa,111,1929,,Aktuel værdi
Sløssevej 22,4894 Øster Ulslev,320.000,04-09-1996,"
Alm. Salg",-,6,Villa,179,1860,,Aktuel værdi
Strandbyvej 4,4894 Øster Ulslev,443.810,22-07-1996,"
Alm. Salg",2.133,6,Villa,208,1917,,Aktuel værdi
Kølle Alle 9,4894 Øster Ulslev,2.235.373,15-05-1996,"
Alm. Salg",10.644,7,Stuehus,210,1872,,
Sløssevej 40,4894 Øster Ulslev,425.000,19-03-1996,"
Alm. Salg",3.427,3,Villa,124,1800,,Aktuel værdi
Præsteparken 10,4894 Øster Ulslev,315.000,04-03-1996,"
Alm. Salg",3.423,5,Villa,92,1952,,Aktuel værdi
Kølle Alle 7,4894 Øster Ulslev,310.000,15-01-1996,"
Alm. Salg",1.987,4,Villa,156,1900,,Aktuel værdi
Kølle Alle 2,4894 Øster Ulslev,170.000,14-12-1995,"
Alm. Salg",2.000,6,Villa,85,1877,,Aktuel værdi
Korsvej 12,4894 Øster Ulslev,170.000,13-12-1995,"
Alm. Salg",1.440,4,Villa,118,1936,,Aktuel værdi
Kirkevej 10,4894 Øster Ulslev,75.044,21-11-1995,"
Alm. Salg",600,2,Villa,125,1890,,Aktuel værdi
Viadukten 9,4894 Øster Ulslev,994.500,17-10-1995,"
Fam. Salg",8.219,5,Stuehus,121,1700,,
Karlebyvej 9,4894 Øster Ulslev,150.000,23-08-1995,"
Alm. Salg",1.807,3,Rækkehus,83,1877,,Aktuel værdi
Kirkevej 1,4894 Øster Ulslev,139.845,10-07-1995,"
Alm. Salg",1.067,6,Villa,131,1960,,Aktuel værdi
Dalbakkevej 13,4894 Øster Ulslev,150.000,16-06-1995,"
Alm. Salg",-,4,Villa,190,1924,,Aktuel værdi
Karlebyvej 8,4894 Øster Ulslev,190.000,16-06-1995,"
Alm. Salg",-,9,Villa,213,1855,,Aktuel værdi
Næsvej 9,4894 Øster Ulslev,723.000,02-06-1995,"
Fam. Salg",6.820,3,Stuehus,106,1923,,
Johanneslundsvej 15,4894 Øster Ulslev,625.000,01-05-1995,"
Alm. Salg",4.340,5,Villa,144,1980,,Aktuel værdi
Holebyvej 8,4894 Øster Ulslev,335.000,21-04-1995,"
Alm. Salg",1.595,8,Villa,210,1903,,Aktuel værdi
Sløssevej 52,4894 Øster Ulslev,210.000,31-03-1995,"
Alm. Salg",2.000,4,Villa,105,1924,,Aktuel værdi
Korsvej 10,4894 Øster Ulslev,170.000,06-02-1995,"
Alm. Salg",2.500,3,Villa,68,1870,,Aktuel værdi
Karlebyvej 40,4894 Øster Ulslev,373.000,19-09-1994,"
Alm. Salg",2.049,6,Villa,182,1950,,Aktuel værdi
Dalbakkevej 6,4894 Øster Ulslev,125.000,29-07-1994,"
Alm. Salg",1.760,4,Villa,71,1910,,Aktuel værdi
Dalbakkevej 15,4894 Øster Ulslev,158.500,27-06-1994,"
Alm. Salg",1.585,3,Villa,100,1870,,Aktuel værdi
Holebyvej 34,4894 Øster Ulslev,501.500,23-06-1994,"
Fam. Salg",3.388,6,Villa,148,1930,,Aktuel værdi
"Karlebyvej 1, 1",4894 Øster Ulslev,325.000,25-04-1994,"
Alm. Salg",2.056,6,Anden beboelse,158,1894,,Aktuel værdi
Gartnervænget 6,4894 Øster Ulslev,100.000,28-02-1994,"
Alm. Salg",1.333,5,Rækkehus,75,1827,,Aktuel værdi
Svinget 3,4894 Øster Ulslev,350.000,05-01-1994,"
Alm. Salg",2.592,4,Villa,135,1965,,Aktuel værdi
Skovfogedvej 2,4894 Øster Ulslev,235.000,19-10-1993,"
Alm. Salg",2.350,3,Villa,100,1777,,Aktuel værdi
Øllebøllevej 9,4894 Øster Ulslev,130.000,04-10-1993,"
Alm. Salg",1.857,3,Sommerhus,70,1890,,Aktuel værdi
Dalbakkevej 1B,4894 Øster Ulslev,206.500,04-08-1993,"
Alm. Salg",1.306,6,Villa,158,1842,,Aktuel værdi
Næsvej 8,4894 Øster Ulslev,525.000,28-07-1993,"
Alm. Salg",1.988,7,Villa,264,1923,,Aktuel værdi
Gartnervænget 2,4894 Øster Ulslev,285.000,23-04-1993,"
Alm. Salg",3.562,3,Villa,80,1976,,Aktuel værdi
Holebyvej 10,4894 Øster Ulslev,295.000,31-03-1993,"
Alm. Salg",1.629,7,Villa,181,2013,,Aktuel værdi
Sløssevej 14,4894 Øster Ulslev,1.380.000,27-11-1992,"
Fam. Salg",6.448,7,Stuehus,214,1877,,
Øllebøllevej 5,4894 Øster Ulslev,220.000,02-09-1992,"
Alm. Salg",-,3,Villa,79,1777,,Aktuel værdi
