address,zip_code,price,sell_date,sell_type,price_per_sq_m,no_rooms,housing_type,size_in_sq_m,year_of_construction,price_change_in_pct
Saltougvej 5,4943 Torrig L,1.275.000,29-03-2017,"
Alm. Salg",10.119,4,Stuehus,126,1924,,
Bandholmvej 107,4943 Torrig L,672.848,08-03-2017,"
Alm. Salg",4.806,4,Villa,140,1922,,Aktuel værdi
Bøgeholtvej 5,4943 Torrig L,5.930.000,08-02-2017,"
Alm. Salg",61.770,3,Stuehus,96,1934,,
Kragenæsvej 34,4943 Torrig L,295.000,20-01-2017,"
Alm. Salg",2.478,4,Villa,119,1928,0 %,Aktuel værdi
Kragenæsvej 65,4943 Torrig L,175.000,16-01-2017,"
Alm. Salg",2.058,3,Villa,85,1884,,Aktuel værdi
Vedby Sidevej 5,4943 Torrig L,25.000,09-01-2017,"
Alm. Salg",308,3,Villa,81,1827,,Aktuel værdi
Ravnsborgvej 23,4943 Torrig L,4.000.000,02-01-2017,"
Alm. Salg",16.736,6,Stuehus,239,1840,,
Møllelungsvej 4,4943 Torrig L,95.000,01-01-2017,"
Alm. Salg",1.417,3,Sommerhus,67,1902,,Aktuel værdi
Vigvejen 7,4943 Torrig L,375.000,16-12-2016,"
Fam. Salg",1.875,6,Stuehus,200,1938,,
Bandholmvej 77,4943 Torrig L,60.000,12-12-2016,"
Alm. Salg",571,5,Villa,105,1908,,Aktuel værdi
Bandholmvej 84,4943 Torrig L,200.000,09-12-2016,"
Alm. Salg",1.785,5,Villa,112,1901,-11 %,Aktuel værdi
Signe Stubsvej 9,4943 Torrig L,100.000,04-11-2016,"
Alm. Salg",1.250,3,Sommerhus,80,1852,-33 %,Aktuel værdi
Lærkevej 10,4943 Torrig L,300.000,29-08-2016,"
Alm. Salg",2.325,5,Villa,129,1969,-8 %,Aktuel værdi
Vigvejen 2,4943 Torrig L,75.000,23-08-2016,"
Alm. Salg",742,3,Villa,101,1935,-32 %,Aktuel værdi
Ravnsborgvej 4,4943 Torrig L,100.000,11-07-2016,"
Alm. Salg",1.075,4,Villa,93,1936,-33 %,Aktuel værdi
Kragenæsvej 11,4943 Torrig L,115.000,20-06-2016,"
Alm. Salg",696,4,Villa,165,1910,0 %,Aktuel værdi
Kragenæsvej 53,4943 Torrig L,275.000,18-04-2016,"
Alm. Salg",2.500,3,Villa,110,1924,-8 %,Aktuel værdi
Kragenæsvej 57,4943 Torrig L,550.000,07-04-2016,"
Alm. Salg",4.074,4,Villa,135,1900,-4 %,Aktuel værdi
Rævegade 4,4943 Torrig L,325.000,04-04-2016,"
Alm. Salg",3.217,3,Villa,101,1921,-16 %,Aktuel værdi
Mageltving Møllevej 10,4943 Torrig L,310.640,04-02-2016,"
Alm. Salg",3.883,4,Villa,80,1882,,Aktuel værdi
Mageltving Møllevej 17,4943 Torrig L,155.000,27-12-2015,"
Alm. Salg",1.210,4,Villa,128,1906,,Aktuel værdi
Kapellanvej 35,4943 Torrig L,535.000,03-11-2015,"
Alm. Salg",2.772,5,Villa,193,1931,-11 %,Aktuel værdi
Kragenæsvej 5,4943 Torrig L,150.000,26-10-2015,"
Fam. Salg",1.415,4,Villa,106,1947,,Aktuel værdi
Kapellanvej 10,4943 Torrig L,385.000,24-09-2015,"
Fam. Salg",1.905,7,Villa,202,1900,,Aktuel værdi
Toldmestervej 8,4943 Torrig L,300.000,17-08-2015,"
Alm. Salg",4.285,3,Villa,70,1971,-24 %,Aktuel værdi
Torrig Kranger 7,4943 Torrig L,75.000,21-07-2015,"
Alm. Salg",559,3,Villa,134,1827,0 %,Aktuel værdi
Birket Mose 1,4943 Torrig L,478.000,04-06-2015,"
Fam. Salg",4.425,3,Villa,108,1850,,Aktuel værdi
Signe Stubsvej 20,4943 Torrig L,1.350.000,07-04-2015,"
Alm. Salg",6.923,5,Stuehus,195,1920,,
Pibedrejervej 14,4943 Torrig L,669.994,20-03-2015,"
Fam. Salg",4.718,4,Villa,142,1965,,Aktuel værdi
Bandholmvej 92,4943 Torrig L,100.000,12-03-2015,"
Alm. Salg",943,3,Villa,106,1961,-46 %,Aktuel værdi
Hydestræde 42,4943 Torrig L,295.000,19-01-2015,"
Alm. Salg",1.695,5,Villa,174,1930,,Aktuel værdi
Kragenæsvej 3,4943 Torrig L,250.000,14-01-2015,"
Auktion",3.571,2,Villa,70,1939,,Aktuel værdi
Poppel Allé 8,4943 Torrig L,55.000,19-11-2014,"
Auktion",392,4,Villa,140,1976,-84 %,Aktuel værdi
Bandholmvej 47,4943 Torrig L,300.000,08-09-2014,"
Alm. Salg",1.714,7,Villa,175,1877,,Aktuel værdi
Lærkevej 9,4943 Torrig L,190.000,20-08-2014,"
Auktion",1.461,4,Villa,130,1975,,Aktuel værdi
Krostræde 11,4943 Torrig L,590.000,10-07-2014,"
Alm. Salg",4.836,4,Villa,122,1973,-15 %,Aktuel værdi
Bandholmvej 85,4943 Torrig L,140.000,21-05-2014,"
Alm. Salg",1.272,5,Villa,110,1914,-28 %,Aktuel værdi
Kragenæsvej 67,4943 Torrig L,48.000,14-05-2014,"
Auktion",360,3,Villa,133,1939,,Aktuel værdi
Kragenæsvej 69,4943 Torrig L,50.000,14-05-2014,"
Auktion",833,2,Villa,60,1960,,Aktuel værdi
Kragenæsvej 82,4943 Torrig L,440.000,05-03-2014,"
Auktion",2.750,8,Engroshandel,160,1880,,Aktuel værdi
Bandholmvej 63,4943 Torrig L,75.001,05-03-2014,"
Auktion",568,7,Villa,132,1935,-66 %,Aktuel værdi
Rævegade 2,4943 Torrig L,300.000,30-01-2014,"
Alm. Salg",3.409,3,Villa,88,1920,-38 %,Aktuel værdi
Ravnsborgvej 14,4943 Torrig L,23.817.400,26-01-2014,"
Alm. Salg",69.641,9,Stuehus,342,1926,,
Krostræde 6,4943 Torrig L,196.000,16-01-2014,"
Fam. Salg",2.305,3,Villa,85,1921,,Aktuel værdi
Krostræde 10,4943 Torrig L,170.000,19-12-2013,"
Alm. Salg",1.428,4,Villa,119,1967,,Aktuel værdi
Vedby Sidevej 12,4943 Torrig L,130.000,24-10-2013,"
Alm. Salg",1.140,3,Sommerhus,114,1938,-53 %,Aktuel værdi
Rævegade 15,4943 Torrig L,182.000,02-10-2013,"
Alm. Salg",2.068,4,Villa,88,1909,-27 %,Aktuel værdi
Ravnsborgvej 31,4943 Torrig L,5.419.000,27-09-2013,"
Alm. Salg",24.409,7,Stuehus,222,1914,,
Bandholmvej 90,4943 Torrig L,245.000,29-08-2013,"
Alm. Salg",1.801,6,Villa,136,1870,,Aktuel værdi
Kragenæsvej 47,4943 Torrig L,200.000,28-08-2013,"
Auktion",1.047,7,Engroshandel,191,1900,,Aktuel værdi
Hydestræde 31,4943 Torrig L,225.000,16-08-2013,"
Alm. Salg",1.285,5,Villa,175,1979,,Aktuel værdi
Ravnsborgvej 35,4943 Torrig L,525.000,15-07-2013,"
Alm. Salg",7.000,4,Sommerhus,75,1902,-12 %,Aktuel værdi
Kragenæsvej 51,4943 Torrig L,115.000,04-06-2013,"
Alm. Salg",1.533,3,Villa,75,1944,-41 %,Aktuel værdi
Kragenæsvej 70,4943 Torrig L,550.000,22-05-2013,"
Alm. Salg",4.135,4,Villa,133,1926,,Aktuel værdi
Toldmestervej 4A,4943 Torrig L,330.000,30-04-2013,"
Alm. Salg",2.408,4,Villa,137,1988,,Aktuel værdi
Kragenæsvej 42,4943 Torrig L,225.000,05-02-2013,"
Alm. Salg",1.973,4,Villa,114,1918,-25 %,Aktuel værdi
Nakskovvej 8,4943 Torrig L,175.000,30-11-2012,"
Andet",795,7,Stuehus,220,1777,,
Nakskovvej 10,4943 Torrig L,175.000,30-11-2012,"
Andet",747,10,Stuehus,234,1863,,
Mageltving Holme 5,4943 Torrig L,2.807.168,14-11-2012,"
Alm. Salg",26.734,3,Stuehus,105,1920,,
Lyngmosevej 18,4943 Torrig L,200.000,25-09-2012,"
Alm. Salg",1.666,4,Villa,120,1948,-20 %,Aktuel værdi
Birket Mose 7,4943 Torrig L,300.000,18-09-2012,"
Alm. Salg",2.459,5,Villa,122,1877,-45 %,Aktuel værdi
Bandholmvej 91,4943 Torrig L,341.162,24-08-2012,"
Alm. Salg",1.586,8,Villa,215,1919,,Aktuel værdi
Spurvevej 21,4943 Torrig L,210.000,16-08-2012,"
Fam. Salg",2.000,6,Villa,105,1887,,Aktuel værdi
Lyngmosevej 26,4943 Torrig L,225.000,05-07-2012,"
Alm. Salg",1.308,3,Villa,172,1933,-62 %,Aktuel værdi
Ravnsborgvej 26,4943 Torrig L,595.000,18-05-2012,"
Alm. Salg",4.407,6,Stuehus,135,1815,,
Ludvigshavevej 2,4943 Torrig L,410.000,30-04-2012,"
Alm. Salg",6.307,3,Sommerhus,65,1880,-41 %,Aktuel værdi
Pibedrejervej 1,4943 Torrig L,50.000,12-04-2012,"
Auktion",403,4,Villa,124,1968,,Aktuel værdi
Bandholmvej 131,4943 Torrig L,565.000,02-03-2012,"
Alm. Salg",3.265,7,Villa,173,1924,-5 %,Aktuel værdi
Kapellanvej 2,4943 Torrig L,150.000,06-09-2011,"
Alm. Salg",1.119,4,Villa,134,1877,-49 %,Aktuel værdi
Kragenæsvej 30,4943 Torrig L,927.831,01-09-2011,"
Alm. Salg",7.082,4,Villa,131,1935,,Aktuel værdi
Rævegade 24,4943 Torrig L,1.150.000,14-06-2011,"
Alm. Salg",13.372,6,Villa,86,1842,,Aktuel værdi
Mageltving Møllevej 1,4943 Torrig L,200.000,08-06-2011,"
Alm. Salg",2.247,4,Villa,89,1908,,Aktuel værdi
Kragenæsvej 63,4943 Torrig L,500.000,26-05-2011,"
Alm. Salg",2.923,6,Villa,171,1890,-23 %,Aktuel værdi
Spurvevej 35,4943 Torrig L,250.000,14-04-2011,"
Alm. Salg",1.322,4,Stuehus,189,1860,,
Spurvevej 4,4943 Torrig L,9.095.000,16-03-2011,"
Fam. Salg",30.726,4,Stuehus,296,1895,,
Lærkevej 4,4943 Torrig L,400.000,02-02-2011,"
Alm. Salg",2.352,5,Villa,170,1965,-30 %,Aktuel værdi
Pibedrejervej 4,4943 Torrig L,789.324,15-01-2011,"
Alm. Salg",8.673,4,Villa,91,1969,-4 %,Aktuel værdi
Saltougvej 2,4943 Torrig L,2.324.732,08-01-2011,"
Alm. Salg",10.566,6,Stuehus,220,1940,,
Lærkevej 1,4943 Torrig L,550.000,22-12-2010,"
Alm. Salg",4.230,3,Villa,130,1966,-8 %,Aktuel værdi
Kragenæsvej 20,4943 Torrig L,650.000,10-12-2010,"
Alm. Salg",8.333,2,Villa,78,1877,-23 %,Aktuel værdi
Stålmosen 12,4943 Torrig L,550.000,02-11-2010,"
Alm. Salg",6.111,3,Villa,90,1870,0 %,Aktuel værdi
Saltougvej 7,4943 Torrig L,2.500.000,21-09-2010,"
Alm. Salg",37.313,3,Stuehus,67,1924,,
Toldmestervej 4,4943 Torrig L,350.000,15-09-2010,"
Alm. Salg",2.671,4,Villa,131,1900,,Aktuel værdi
Bandholmvej 35,4943 Torrig L,200.000,18-08-2010,"
Auktion",917,6,Villa,218,1916,,Aktuel værdi
Rævegade 9,4943 Torrig L,500.000,12-08-2010,"
Alm. Salg",3.448,3,Villa,145,1915,-9 %,Aktuel værdi
Poppel Allé 6,4943 Torrig L,205.000,09-06-2010,"
Auktion",1.464,5,Villa,140,1977,,Aktuel værdi
Stålmosen 8,4943 Torrig L,190.000,31-05-2010,"
Alm. Salg",3.800,2,Villa,50,1827,-16 %,Aktuel værdi
Signe Stubsvej 4,4943 Torrig L,190.000,05-05-2010,"
Auktion",1.958,3,Villa,97,1937,,Aktuel værdi
Bandholmvej 100,4943 Torrig L,2.888.975,11-01-2010,"
Fam. Salg",22.222,5,Villa,130,1934,,Aktuel værdi
Bandholmvej 98,4943 Torrig L,323.750,03-12-2009,"
Fam. Salg",1.360,7,Villa,238,2012,,Aktuel værdi
Smedevej 2,4943 Torrig L,255.000,11-11-2009,"
Auktion",2.833,4,Villa,90,1827,,Aktuel værdi
Ravnsborgvej 2,4943 Torrig L,350.000,09-10-2009,"
Alm. Salg",2.822,4,Villa,124,1922,-36 %,Aktuel værdi
Bønnedvej 1,4943 Torrig L,325.000,09-10-2009,"
Fam. Salg",2.018,7,Villa,161,1896,,Aktuel værdi
Pederstrupvej 121,4943 Torrig L,4.800.000,07-10-2009,"
Alm. Salg",28.571,7,Villa,168,1890,,Aktuel værdi
Rævegade 11,4943 Torrig L,495.001,15-09-2009,"
Alm. Salg",6.346,3,Villa,78,1914,-11 %,Aktuel værdi
Rævegade 7,4943 Torrig L,475.000,07-09-2009,"
Alm. Salg",5.523,3,Villa,86,1920,-26 %,Aktuel værdi
Mageltving Holmevej 6,4943 Torrig L,250.000,03-08-2009,"
Alm. Salg",5.000,3,Sommerhus,50,1872,,Aktuel værdi
Bandholmvej 53,4943 Torrig L,675.000,16-03-2009,"
Alm. Salg",6.250,3,Villa,108,1968,,Aktuel værdi
Mageltving Holme 3,4943 Torrig L,80.000,28-02-2009,"
Andet",1.111,4,Villa,72,1900,,Aktuel værdi
Bandholmvej 13,4943 Torrig L,300.000,05-02-2009,"
Alm. Salg",3.092,4,Villa,97,1930,0 %,Aktuel værdi
Mageltving Møllevej 21,4943 Torrig L,995.000,06-10-2008,"
Alm. Salg",8.155,4,Villa,122,1971,0 %,Aktuel værdi
Bandholmvej 58,4943 Torrig L,395.000,22-09-2008,"
Alm. Salg",3.434,4,Villa,115,1910,0 %,Aktuel værdi
Bandholmvej 45,4943 Torrig L,1.950.000,21-08-2008,"
Alm. Salg",12.580,4,Villa,155,2010,-2 %,Aktuel værdi
Spurvevej 16,4943 Torrig L,220.000,19-06-2008,"
Alm. Salg",2.244,3,Villa,98,1925,,Aktuel værdi
Krostræde 8,4943 Torrig L,480.000,15-06-2008,"
Alm. Salg",9.600,2,Villa,50,1938,-3 %,Aktuel værdi
Uglemosen 18,4943 Torrig L,34.000,26-05-2008,"
Alm. Salg",708,3,Sommerhus,48,1850,,Aktuel værdi
Toldmestervej 5,4943 Torrig L,400.000,07-04-2008,"
Alm. Salg",2.424,5,Villa,165,2010,,Aktuel værdi
Kapellanvej 1,4943 Torrig L,475.000,26-03-2008,"
Alm. Salg",4.523,4,Villa,105,1938,-23 %,Aktuel værdi
Hydestræde 44,4943 Torrig L,850.000,05-03-2008,"
Alm. Salg",5.214,4,Villa,163,1924,-5 %,Aktuel værdi
Spurvevej 22,4943 Torrig L,575.000,30-01-2008,"
Fam. Salg",3.833,5,Villa,150,1750,,Aktuel værdi
Bønnedvej 10,4943 Torrig L,1.350.000,16-01-2008,"
Alm. Salg",5.625,8,Villa,240,1777,-10 %,Aktuel værdi
Remisevej 4,4943 Torrig L,2.100.000,11-01-2008,"
Alm. Salg",10.000,7,Villa,210,1914,,Aktuel værdi
Lyngmosevej 40,4943 Torrig L,375.000,15-12-2007,"
Fam. Salg",3.472,4,Villa,108,1905,,Aktuel værdi
Pibedrejervej 2,4943 Torrig L,887.000,06-11-2007,"
Alm. Salg",8.063,4,Villa,110,1971,-4 %,Aktuel værdi
Uglemosen 19,4943 Torrig L,350.000,28-09-2007,"
Alm. Salg",5.384,3,Sommerhus,65,1927,,Aktuel værdi
Lyngmosevej 22,4943 Torrig L,625.000,04-09-2007,"
Alm. Salg",5.040,3,Villa,124,1964,,Aktuel værdi
Stålmosen 2,4943 Torrig L,715.000,30-07-2007,"
Alm. Salg",5.107,5,Villa,140,1880,-3 %,Aktuel værdi
Mageltving Møllevej 9,4943 Torrig L,695.000,18-07-2007,"
Alm. Salg",6.813,4,Villa,102,1899,-4 %,Aktuel værdi
Glentehøjvej 6,4943 Torrig L,4.781.400,17-07-2007,"
Alm. Salg",18.973,5,Stuehus,252,2011,,
Spurvevej 8,4943 Torrig L,170.000,27-06-2007,"
Alm. Salg",3.400,2,Villa,50,1827,,Aktuel værdi
Kragenæsvej 13,4943 Torrig L,815.000,25-06-2007,"
Alm. Salg",8.670,4,Villa,94,1817,,Aktuel værdi
Uglemosen 15,4943 Torrig L,535.000,22-06-2007,"
Alm. Salg",6.220,2,Sommerhus,86,1877,0 %,Aktuel værdi
Dalbyvej 8,4943 Torrig L,425.000,02-06-2007,"
Alm. Salg",4.207,4,Villa,101,1900,,Aktuel værdi
Lyngmosevej 12,4943 Torrig L,390.000,25-05-2007,"
Alm. Salg",3.145,3,Villa,124,1908,,Aktuel værdi
Glentehøjvej 7,4943 Torrig L,825.000,24-05-2007,"
Alm. Salg",-,4,Villa,185,1826,,Aktuel værdi
Mageltving Møllevej 18,4943 Torrig L,800.000,12-05-2007,"
Alm. Salg",3.478,7,Villa,230,1927,,Aktuel værdi
Kapellanvej 48,4943 Torrig L,375.000,06-01-2007,"
Alm. Salg",3.409,3,Villa,110,1918,,Aktuel værdi
Lyngmosevej 25,4943 Torrig L,895.000,01-01-2007,"
Alm. Salg",4.710,4,Villa,190,1911,,Aktuel værdi
Bandholmvej 23,4943 Torrig L,3.900.000,28-12-2006,"
Fam. Salg",19.500,6,Stuehus,200,1934,,
Bandholmvej 15,4943 Torrig L,675.000,14-11-2006,"
Alm. Salg",4.530,5,Villa,149,1974,,Aktuel værdi
Bandholmvej 49,4943 Torrig L,400.000,18-08-2006,"
Fam. Salg",3.703,2,Villa,108,1964,,Aktuel værdi
Bøgeholtvej 7,4943 Torrig L,700.000,18-08-2006,"
Alm. Salg",4.861,4,Villa,144,1924,,Aktuel værdi
Mageltving Møllevej 3,4943 Torrig L,280.195,17-08-2006,"
Alm. Salg",3.735,2,Villa,75,1908,,Aktuel værdi
Bandholmvej 50,4943 Torrig L,200.000,20-07-2006,"
Alm. Salg",2.020,4,Villa,99,1888,,Aktuel værdi
Bandholmvej 145,4943 Torrig L,900.000,06-07-2006,"
Alm. Salg",6.338,3,Villa,142,1850,,Aktuel værdi
Strandvænget 9,4943 Torrig L,895.000,04-07-2006,"
Alm. Salg",4.124,7,Villa,217,2013,,Aktuel værdi
Bandholmvej 54,4943 Torrig L,685.000,29-06-2006,"
Alm. Salg",7.445,3,Villa,92,1945,,Aktuel værdi
Lyngmosevej 23,4943 Torrig L,625.000,23-06-2006,"
Alm. Salg",4.340,5,Villa,144,1974,,Aktuel værdi
Bandholmvej 108,4943 Torrig L,197.507,31-05-2006,"
Andet",1.763,5,Villa,112,1927,,Aktuel værdi
"Bandholmvej 83, ST. 1",4943 Torrig L,525.000,23-05-2006,"
Alm. Salg",4.772,2,Villa,110,1916,,Aktuel værdi
Smedevej 4,4943 Torrig L,1.195.000,17-05-2006,"
Alm. Salg",7.468,5,Villa,160,1887,,Aktuel værdi
Smedevej 6,4943 Torrig L,130.000,06-05-2006,"
Fam. Salg",1.805,3,Sommerhus,72,1800,,Aktuel værdi
Bandholmvej 27,4943 Torrig L,130.000,30-01-2006,"
Alm. Salg",1.031,3,Villa,126,1917,,Aktuel værdi
Bandholmvej 33,4943 Torrig L,700.000,17-11-2005,"
Alm. Salg",5.555,4,Villa,126,1974,,Aktuel værdi
Bandholmvej 120,4943 Torrig L,550.000,11-11-2005,"
Fam. Salg",1.909,9,Villa,288,1905,,Aktuel værdi
Mageltving Møllevej 13,4943 Torrig L,666.246,27-10-2005,"
Alm. Salg",5.329,4,Villa,125,1924,,Aktuel værdi
Poppel Allé 14,4943 Torrig L,500.000,25-10-2005,"
Alm. Salg",4.310,3,Villa,116,1977,,Aktuel værdi
Bøgeholtvej 2,4943 Torrig L,390.000,29-09-2005,"
Alm. Salg",2.549,4,Villa,153,1777,,Aktuel værdi
Kragenæsvej 73,4943 Torrig L,900.000,28-09-2005,"
Alm. Salg",4.455,6,Villa,202,1907,,Aktuel værdi
Bandholmvej 12,4943 Torrig L,365.000,26-09-2005,"
Alm. Salg",3.762,5,Villa,97,1900,,Aktuel værdi
Kragenæsvej 84,4943 Torrig L,4.385.000,13-09-2005,"
Alm. Salg",29.429,3,Villa,149,1993,,Aktuel værdi
Vedby Sidevej 9,4943 Torrig L,5.050.000,04-07-2005,"
Alm. Salg",28.055,5,Stuehus,180,1957,,
Hydestræde 38,4943 Torrig L,745.000,30-06-2005,"
Alm. Salg",5.912,6,Villa,126,1924,,Aktuel værdi
Mageltving Møllevej 5,4943 Torrig L,350.000,25-05-2005,"
Alm. Salg",4.375,3,Villa,80,1937,,Aktuel værdi
Mageltving Møllevej 19,4943 Torrig L,375.000,14-04-2005,"
Alm. Salg",3.205,4,Villa,117,1957,,Aktuel værdi
Pibedrejervej 10,4943 Torrig L,807.000,14-04-2005,"
Alm. Salg",4.981,5,Villa,162,1971,,Aktuel værdi
Smedevej 1,4943 Torrig L,440.000,22-02-2005,"
Alm. Salg",2.037,5,Villa,216,1920,,Aktuel værdi
Spurvevej 17,4943 Torrig L,420.000,02-02-2005,"
Alm. Salg",2.675,3,Villa,157,1895,,Aktuel værdi
Lærkevej 3,4943 Torrig L,300.000,01-12-2004,"
Alm. Salg",3.750,3,Villa,80,1967,,Aktuel værdi
Kapellanvej 5,4943 Torrig L,545.000,11-10-2004,"
Alm. Salg",3.892,6,Villa,140,1918,,Aktuel værdi
Bøgeholtvej 1,4943 Torrig L,640.000,20-09-2004,"
Alm. Salg",3.575,6,Villa,179,1777,,Aktuel værdi
Dalbyvej 10,4943 Torrig L,370.000,20-07-2004,"
Fam. Salg",1.850,6,Villa,200,1890,,Aktuel værdi
Bandholmvej 59,4943 Torrig L,440.124,29-04-2004,"
Alm. Salg",3.637,3,Villa,121,1940,,Aktuel værdi
Bandholmvej 44,4943 Torrig L,347.000,16-04-2004,"
Alm. Salg",3.731,4,Villa,93,1877,,Aktuel værdi
Bøgeholt 1,4943 Torrig L,357.500,26-01-2004,"
Andet",2.837,5,Villa,126,1926,,Aktuel værdi
Uglemosen 11,4943 Torrig L,150.000,09-12-2003,"
Alm. Salg",2.500,3,Sommerhus,60,1877,,Aktuel værdi
Signe Stubsvej 1,4943 Torrig L,175.000,07-11-2003,"
Alm. Salg",1.861,4,Villa,94,1893,,Aktuel værdi
Nakskovvej 2,4943 Torrig L,300.000,18-08-2003,"
Alm. Salg",2.272,6,Villa,132,1827,,Aktuel værdi
Bandholmvej 93,4943 Torrig L,325.000,25-06-2003,"
Alm. Salg",3.385,4,Villa,96,1921,,Aktuel værdi
Signe Stubsvej 2,4943 Torrig L,173.651,23-06-2003,"
Fam. Salg",1.286,5,Villa,135,1960,,Aktuel værdi
Nakskovvej 22,4943 Torrig L,95.000,03-02-2003,"
Fam. Salg",1.067,3,Villa,89,1899,,Aktuel værdi
Mageltving Møllevej 14,4943 Torrig L,200.000,15-12-2002,"
Alm. Salg",526,9,Stuehus,380,1880,,
Rævegade 20,4943 Torrig L,425.000,11-11-2002,"
Andet",2.428,3,Villa,175,1925,,Aktuel værdi
Poppel Allé 15,4943 Torrig L,318.342,02-10-2002,"
Alm. Salg",3.090,3,Villa,103,1920,,Aktuel værdi
Bandholmvej 96,4943 Torrig L,192.045,26-09-2002,"
Alm. Salg",1.561,4,Villa,123,1936,,Aktuel værdi
Stålmosen 4,4943 Torrig L,325.000,14-09-2002,"
Alm. Salg",-,4,Villa,56,1850,,Aktuel værdi
Kapellanvej 34,4943 Torrig L,75.250,25-08-2002,"
Alm. Salg",684,3,Sommerhus,110,1880,,Aktuel værdi
Bandholmvej 72,4943 Torrig L,693.000,08-08-2002,"
Alm. Salg",7.294,4,Villa,95,1924,,Aktuel værdi
Lyngmosevej 34,4943 Torrig L,699.663,28-06-2002,"
Auktion",3.887,5,Villa,180,1980,,Aktuel værdi
Kragenæsvej 61,4943 Torrig L,550.000,20-06-2002,"
Alm. Salg",5.000,5,Villa,110,1901,,Aktuel værdi
Hydestræde 30,4943 Torrig L,904.487,17-06-2002,"
Alm. Salg",5.583,4,Villa,162,1827,,Aktuel værdi
Ludvigshavevej 4,4943 Torrig L,250.000,01-04-2002,"
Alm. Salg",2.192,4,Villa,114,1827,,Aktuel værdi
Lyngmosevej 16,4943 Torrig L,266.000,11-03-2002,"
Alm. Salg",3.022,4,Villa,88,1935,,Aktuel værdi
Egholmvej 1,4943 Torrig L,150.000,04-02-2002,"
Alm. Salg",1.648,3,Villa,91,1900,,Aktuel værdi
Hydestræde 40,4943 Torrig L,550.000,11-12-2001,"
Alm. Salg",2.972,4,Villa,185,1926,,Aktuel værdi
Poppel Allé 17,4943 Torrig L,305.000,13-09-2001,"
Alm. Salg",1.572,7,Villa,194,1900,,Aktuel værdi
Mageltving Møllevej 11,4943 Torrig L,70.000,23-07-2001,"
Alm. Salg",630,2,Villa,111,1800,,Aktuel værdi
Lyngmosevej 14,4943 Torrig L,330.000,13-06-2001,"
Alm. Salg",-,5,Villa,232,1936,,Aktuel værdi
Bandholmvej 89,4943 Torrig L,100.000,17-05-2001,"
Alm. Salg",-,8,Villa,299,1907,,Aktuel værdi
Lærkevej 7,4943 Torrig L,561.000,15-01-2001,"
Alm. Salg",4.921,4,Villa,114,1981,,Aktuel værdi
Bandholmvej 140,4943 Torrig L,850.000,02-01-2001,"
Alm. Salg",5.279,4,Stuehus,161,1912,,
Torrig Kranger 14,4943 Torrig L,239.605,14-12-2000,"
Alm. Salg",2.120,4,Villa,113,1917,,Aktuel værdi
Torrig Kranger 11,4943 Torrig L,244.958,16-10-2000,"
Andet",1.801,4,Villa,136,1900,,Aktuel værdi
Kragenæsvej 25B,4943 Torrig L,820.370,26-06-2000,"
Alm. Salg",5.192,5,Villa,158,1820,,Aktuel værdi
Bandholmvej 51,4943 Torrig L,292.800,15-06-2000,"
Alm. Salg",2.815,4,Villa,104,1885,,Aktuel værdi
Bandholmvej 65,4943 Torrig L,360.000,09-05-2000,"
Alm. Salg",2.666,4,Villa,135,1934,,Aktuel værdi
Bregneholtvej 5,4943 Torrig L,50.000,08-05-2000,"
Alm. Salg",362,4,Villa,138,1884,,Aktuel værdi
Mageltving Møllevej 2B,4943 Torrig L,860.000,24-03-2000,"
Alm. Salg",3.138,12,Villa,274,1890,,Aktuel værdi
Ludvigshavevej 10,4943 Torrig L,475.000,26-11-1999,"
Alm. Salg",-,6,Villa,160,1875,,Aktuel værdi
Vigvejen 3,4943 Torrig L,595.000,10-11-1999,"
Alm. Salg",3.269,7,Villa,182,1947,,Aktuel værdi
Kapellanvej 38,4943 Torrig L,389.084,08-10-1999,"
Alm. Salg",2.779,5,Villa,140,1850,,Aktuel værdi
Pibedrejervej 12,4943 Torrig L,890.000,15-09-1999,"
Alm. Salg",8.090,3,Villa,110,1979,,Aktuel værdi
Bønnedvej 4,4943 Torrig L,280.000,02-09-1999,"
Alm. Salg",2.500,5,Villa,112,1850,,Aktuel værdi
Torrig Kranger 5,4943 Torrig L,303.000,05-08-1999,"
Alm. Salg",2.546,4,Villa,119,1850,,Aktuel værdi
Bandholmvej 66,4943 Torrig L,468.186,09-06-1999,"
Alm. Salg",2.340,6,Stuehus,200,1893,,
Poppel Allé 16,4943 Torrig L,465.000,03-06-1999,"
Alm. Salg",2.852,4,Villa,163,1970,,Aktuel værdi
Mageltving Holme 2,4943 Torrig L,110.000,25-05-1999,"
Alm. Salg",-,2,Villa,96,1848,,Aktuel værdi
Dalbyvej 2,4943 Torrig L,354.000,15-05-1999,"
Alm. Salg",2.641,4,Villa,134,1911,,Aktuel værdi
Spurvevej 1,4943 Torrig L,263.000,08-05-1999,"
Alm. Salg",2.247,4,Villa,117,1924,,Aktuel værdi
Poppel Allé 10,4943 Torrig L,185.000,29-04-1999,"
Alm. Salg",2.500,3,Villa,74,1976,,Aktuel værdi
Pibedrejervej 3,4943 Torrig L,600.000,26-02-1999,"
Alm. Salg",4.285,4,Villa,140,1966,,Aktuel værdi
Signe Stubsvej 23,4943 Torrig L,60.000,13-01-1999,"
Auktion",309,8,Villa,194,1922,,Aktuel værdi
Uglemosen 9,4943 Torrig L,308.000,07-12-1998,"
Alm. Salg",3.850,2,Sommerhus,80,1823,,Aktuel værdi
Kragenæsvej 72,4943 Torrig L,250.000,06-10-1998,"
Alm. Salg",2.941,3,Villa,85,1926,,Aktuel værdi
Torrig Kranger 8,4943 Torrig L,335.800,30-09-1998,"
Alm. Salg",3.358,3,Sommerhus,100,1877,,Aktuel værdi
Mageltving Møllevej 22,4943 Torrig L,296.000,07-09-1998,"
Alm. Salg",2.740,5,Villa,108,1870,,Aktuel værdi
Poppel Allé 2,4943 Torrig L,205.739,22-08-1998,"
Alm. Salg",3.956,2,Villa,52,1972,,Aktuel værdi
Dalbyvej 7,4943 Torrig L,1.856.989,24-07-1998,"
Alm. Salg",-,10,Stuehus,371,1900,,
Bandholmvej 1,4943 Torrig L,510.000,29-06-1998,"
Alm. Salg",2.217,7,Villa,230,1935,,Aktuel værdi
Ravnsby Mose 6,4943 Torrig L,502.000,04-05-1998,"
Alm. Salg",4.218,4,Villa,119,1962,,Aktuel værdi
Bandholmvej 75,4943 Torrig L,325.000,31-03-1998,"
Alm. Salg",2.044,5,Villa,159,1952,,Aktuel værdi
Vedby Sidevej 14,4943 Torrig L,459.825,06-02-1998,"
Alm. Salg",2.770,5,Villa,166,1913,,Aktuel værdi
Mageltving Møllevej 50,4943 Torrig L,9.436.329,29-12-1997,"
Fam. Salg",20.969,6,Stuehus,450,1869,,
Bandholmvej 88,4943 Torrig L,170.361,24-11-1997,"
Alm. Salg",2.620,4,Villa,65,1898,,Aktuel værdi
Kapellanvej 6,4943 Torrig L,145.000,24-11-1997,"
Alm. Salg",1.318,3,Villa,110,1946,,Aktuel værdi
Lyngmosevej 36,4943 Torrig L,42.500,16-10-1997,"
Alm. Salg",582,4,Villa,73,1926,,Aktuel værdi
Bønnedvej 2,4943 Torrig L,99.174,30-05-1997,"
Alm. Salg",688,5,Stuehus,144,1979,,
Rævegade 23,4943 Torrig L,161.500,05-05-1997,"
Alm. Salg",1.794,3,Villa,90,1917,,Aktuel værdi
Lyngmosevej 20,4943 Torrig L,140.000,05-05-1997,"
Alm. Salg",1.186,4,Villa,118,1938,,Aktuel værdi
Bandholmvej 11,4943 Torrig L,210.000,29-10-1996,"
Fam. Salg",1.381,5,Villa,152,1900,,Aktuel værdi
Rævegade 13,4943 Torrig L,220.000,14-10-1996,"
Fam. Salg",2.156,2,Villa,102,1914,,Aktuel værdi
Nakskovvej 12,4943 Torrig L,204.000,25-09-1996,"
Alm. Salg",2.147,2,Villa,95,1827,,Aktuel værdi
Kapellanvej 20,4943 Torrig L,2.677.500,13-09-1996,"
Alm. Salg",10.710,10,Stuehus,250,1881,,
Poppel Allé 23,4943 Torrig L,342.085,06-09-1996,"
Fam. Salg",3.054,4,Villa,112,1979,,Aktuel værdi
Lærkevej 6,4943 Torrig L,400.000,10-04-1996,"
Alm. Salg",4.040,3,Villa,99,1977,,Aktuel værdi
Hydestræde 36,4943 Torrig L,210.073,23-03-1996,"
Alm. Salg",2.917,3,Villa,72,1924,,Aktuel værdi
Bandholmvej 55,4943 Torrig L,1.760.000,27-02-1996,"
Fam. Salg",8.800,7,Stuehus,200,1850,,
Kragenæsvej 45,4943 Torrig L,693.000,11-08-1995,"
Alm. Salg",3.430,7,Villa,202,1914,,Aktuel værdi
Bandholmvej 43,4943 Torrig L,95.000,14-07-1995,"
Alm. Salg",637,5,Villa,149,1917,,Aktuel værdi
Rævegade 19,4943 Torrig L,110.000,22-02-1995,"
Alm. Salg",909,4,Villa,121,1911,,Aktuel værdi
Vigvejen 11,4943 Torrig L,130.000,30-01-1995,"
Alm. Salg",2.096,2,Villa,62,1902,,Aktuel værdi
Bandholmvej 52,4943 Torrig L,150.000,22-11-1994,"
Alm. Salg",1.442,3,Villa,104,1935,,Aktuel værdi
Mageltving Møllevej 23,4943 Torrig L,255.000,13-11-1994,"
Alm. Salg",3.642,4,Sommerhus,70,1777,,Aktuel værdi
Lærkevej 8,4943 Torrig L,350.000,15-07-1994,"
Alm. Salg",2.777,3,Villa,126,1967,,Aktuel værdi
Bandholmvej 86,4943 Torrig L,25.000,18-05-1993,"
Alm. Salg",320,3,Villa,78,1907,,Aktuel værdi
Lyngmosevej 21,4943 Torrig L,37.972,31-03-1993,"
Alm. Salg",632,3,Villa,60,1880,,Aktuel værdi
Bandholmvej 71,4943 Torrig L,155.000,19-03-1993,"
Fam. Salg",1.462,6,Villa,106,1969,,Aktuel værdi
Bandholmvej 40,4943 Torrig L,150.000,07-01-1993,"
Fam. Salg",882,4,Villa,170,1920,,Aktuel værdi
Bøgeholtvej 8,4943 Torrig L,125.000,26-06-1992,"
Alm. Salg",1.106,5,Villa,113,1924,,Aktuel værdi
Rævegade 22,4943 Torrig L,71.000,15-06-1992,"
Auktion",876,2,Villa,81,1931,,Aktuel værdi
Mageltving Møllevej 34,4943 Torrig L,325.000,21-05-1992,"
Alm. Salg",1.406,4,Villa,231,1924,,Aktuel værdi
Bøgeholt 3,4943 Torrig L,250.000,21-05-1992,"
Alm. Salg",3.205,3,Villa,78,1924,,Aktuel værdi
Ludvigshavevej 8,4943 Torrig L,165.000,21-05-1992,"
Alm. Salg",1.460,4,Villa,113,1777,,Aktuel værdi
Bøgeholtvej 3,4943 Torrig L,382.096,01-05-1992,"
Alm. Salg",5.306,4,Villa,72,1933,,Aktuel værdi
Stålmosen 6,4943 Torrig L,40.000,23-03-1992,"
Fam. Salg",606,3,Villa,66,1950,,Aktuel værdi
Rævegade 21,4943 Torrig L,230.000,12-03-1992,"
Alm. Salg",1.949,6,Villa,118,1901,,Aktuel værdi
Birket Mose 11,4943 Torrig L,190.000,28-01-1992,"
Alm. Salg",2.209,3,Villa,86,1870,,Aktuel værdi
