address,zip_code,price,sell_date,sell_type,price_per_sq_m,no_rooms,housing_type,size_in_sq_m,year_of_construction,price_change_in_pct
Pårup Møllevej 222,4951 Nørreballe,25.500.000,03-04-2017,"
Fam. Salg",79.687,12,Stuehus,320,1885,,
Skovengen 1,4951 Nørreballe,200.000,26-01-2017,"
Alm. Salg",3.333,3,Villa,60,1938,,Aktuel værdi
Birkevej 1,4951 Nørreballe,350.000,11-11-2016,"
Alm. Salg",2.430,5,Villa,144,1965,-11 %,Aktuel værdi
Birkevej 10,4951 Nørreballe,400.000,24-09-2016,"
Alm. Salg",3.278,5,Villa,122,1965,,Aktuel værdi
Skovengen 13,4951 Nørreballe,295.000,02-09-2016,"
Alm. Salg",2.169,4,Villa,136,1960,,Aktuel værdi
Præstevænget 4,4951 Nørreballe,240.000,17-08-2016,"
Alm. Salg",2.285,4,Villa,105,1969,-26 %,Aktuel værdi
Birkevej 2,4951 Nørreballe,250.000,03-08-2016,"
Alm. Salg",2.083,4,Villa,120,1964,-16 %,Aktuel værdi
Reersnæs Kirkevej 350,4951 Nørreballe,195.000,28-07-2016,"
Alm. Salg",1.950,5,Villa,100,1850,0 %,Aktuel værdi
Præstevænget 5,4951 Nørreballe,487.807,18-07-2016,"
Andet",3.841,4,Villa,127,1974,,Aktuel værdi
Østofte Gade 12,4951 Nørreballe,220.000,11-07-2016,"
Alm. Salg",2.268,3,Villa,97,1827,-10 %,Aktuel værdi
Sørup Hovvej 45,4951 Nørreballe,825.000,06-04-2016,"
Alm. Salg",3.451,11,Villa,239,1912,-17 %,Aktuel værdi
Møllevænget 7,4951 Nørreballe,425.000,15-03-2016,"
Alm. Salg",3.863,4,Villa,110,1979,-14 %,Aktuel værdi
Birkevej 11,4951 Nørreballe,250.000,28-02-2016,"
Alm. Salg",1.923,4,Villa,130,1966,-37 %,Aktuel værdi
Stationsvænget 1,4951 Nørreballe,480.000,19-02-2016,"
Alm. Salg",3.966,4,Villa,121,1939,-3 %,Aktuel værdi
Havløkkevej 65,4951 Nørreballe,2.700.000,22-01-2016,"
Alm. Salg",22.689,3,Stuehus,119,1770,,
Koholtvej 45,4951 Nørreballe,75.000,26-12-2015,"
Alm. Salg",721,4,Villa,104,1890,,Aktuel værdi
Vestre Landevej 121,4951 Nørreballe,298.000,28-10-2015,"
Auktion",3.820,3,Villa,78,1895,50 %,Aktuel værdi
Havløkkevej 60,4951 Nørreballe,125.000,22-10-2015,"
Alm. Salg",1.488,3,Villa,84,1960,-36 %,Aktuel værdi
Koholtvej 54,4951 Nørreballe,275.000,23-03-2015,"
Alm. Salg",2.131,5,Villa,129,1872,-7 %,Aktuel værdi
Vestre Landevej 29,4951 Nørreballe,315.000,28-01-2015,"
Alm. Salg",2.100,5,Villa,150,1926,-6 %,Aktuel værdi
Vestre Landevej 33,4951 Nørreballe,430.000,28-08-2014,"
Alm. Salg",3.675,3,Villa,117,1927,-14 %,Aktuel værdi
Koholtvej 27,4951 Nørreballe,800.000,16-06-2014,"
Alm. Salg",3.053,7,Villa,262,1780,-7 %,Aktuel værdi
Havløkke Gade 7,4951 Nørreballe,489.000,04-06-2014,"
Fam. Salg",3.943,4,Villa,124,1875,,Aktuel værdi
Vestre Landevej 69,4951 Nørreballe,50.001,23-04-2014,"
Auktion",526,5,Villa,95,1900,,Aktuel værdi
Havløkke Gade 20,4951 Nørreballe,35.000,12-03-2014,"
Alm. Salg",514,5,Sommerhus,68,1850,,Aktuel værdi
Præstevænget 25,4951 Nørreballe,400.000,15-11-2013,"
Alm. Salg",2.500,4,Villa,160,1971,-19 %,Aktuel værdi
Vestre Landevej 66,4951 Nørreballe,75.000,17-09-2013,"
Alm. Salg",842,3,Villa,89,1827,,Aktuel værdi
Vestre Landevej 76,4951 Nørreballe,250.000,12-09-2013,"
Alm. Salg",2.000,4,Villa,125,1959,-9 %,Aktuel værdi
Østofte Gade 15,4951 Nørreballe,519.055,01-08-2013,"
Alm. Salg",3.707,6,Villa,140,1890,,Aktuel værdi
Koholtvej 40,4951 Nørreballe,1.000.000,15-06-2013,"
Alm. Salg",4.405,9,Villa,227,1913,,Aktuel værdi
Pårup Møllevej 213,4951 Nørreballe,200.000,12-06-2013,"
Alm. Salg",1.923,4,Villa,104,1924,-33 %,Aktuel værdi
Møllevænget 3,4951 Nørreballe,525.000,22-05-2013,"
Alm. Salg",3.947,6,Villa,133,1985,-12 %,Aktuel værdi
Pårup Møllevej 233,4951 Nørreballe,265.000,25-04-2013,"
Alm. Salg",2.944,3,Villa,90,1962,-24 %,Aktuel værdi
Præstevænget 6,4951 Nørreballe,400.000,21-03-2013,"
Alm. Salg",1.731,7,Villa,231,1971,-33 %,Aktuel værdi
Møllevænget 17,4951 Nørreballe,475.000,11-02-2013,"
Alm. Salg",3.625,5,Villa,131,1980,-17 %,Aktuel værdi
Kirkevejen 270,4951 Nørreballe,150.000,05-12-2012,"
Auktion",1.456,4,Villa,103,1926,,Aktuel værdi
Koholtvej 23,4951 Nørreballe,280.000,24-07-2012,"
Fam. Salg",1.866,4,Villa,150,1911,,Aktuel værdi
Østofte Gade 36,4951 Nørreballe,78.804,14-06-2012,"
Alm. Salg",199,12,Stuehus,396,1797,,
Præstevænget 24,4951 Nørreballe,875.000,13-06-2012,"
Alm. Salg",6.076,4,Villa,144,1977,-12 %,Aktuel værdi
Østofte Gade 54,4951 Nørreballe,165.000,15-05-2012,"
Alm. Salg",2.115,2,Villa,78,1850,-17 %,Aktuel værdi
Sørup Mosevej 30,4951 Nørreballe,150.000,07-03-2012,"
Auktion",700,5,Villa,214,1870,,Aktuel værdi
Østofte Gade 74,4951 Nørreballe,500.000,07-12-2011,"
Auktion",5.617,4,Villa,89,1827,-16 %,Aktuel værdi
Præstevænget 13,4951 Nørreballe,497.143,24-11-2011,"
Andet",3.682,5,Villa,135,1969,,Aktuel værdi
Koholtvej 50,4951 Nørreballe,200.000,16-11-2011,"
Auktion",2.380,4,Villa,84,1900,-20 %,Aktuel værdi
Skovengen 4,4951 Nørreballe,400.000,31-08-2011,"
Alm. Salg",4.395,3,Villa,91,1941,-19 %,Aktuel værdi
Præstevænget 18,4951 Nørreballe,500.000,17-05-2011,"
Alm. Salg",4.807,3,Villa,104,1987,-9 %,Aktuel værdi
Vestre Landevej 116,4951 Nørreballe,100.000,11-05-2011,"
Auktion",657,5,Villa,152,1939,-83 %,Aktuel værdi
Stationsvænget 17,4951 Nørreballe,825.000,15-04-2011,"
Alm. Salg",6.156,4,Villa,134,1970,-2 %,Aktuel værdi
Østofte Møllevej 259,4951 Nørreballe,1.375.000,25-02-2011,"
Alm. Salg",8.040,6,Villa,171,1926,-13 %,Aktuel værdi
Østofte Gade 11,4951 Nørreballe,975.000,05-01-2011,"
Alm. Salg",10.833,4,Villa,90,1937,,Aktuel værdi
Præstevænget 22,4951 Nørreballe,597.500,15-11-2010,"
Alm. Salg",3.734,5,Villa,160,1974,,Aktuel værdi
Østofte Gade 23,4951 Nørreballe,453.812,08-11-2010,"
Fam. Salg",3.490,4,Villa,130,1925,,Aktuel værdi
Reersnæs Kirkevej 329,4951 Nørreballe,1.935.000,29-10-2010,"
Alm. Salg",9.258,3,Villa,209,1926,-3 %,Aktuel værdi
Østofte Gade 18,4951 Nørreballe,475.000,14-10-2010,"
Alm. Salg",4.947,3,Villa,96,1959,-4 %,Aktuel værdi
Sørup Hovvej 49,4951 Nørreballe,805.591,13-10-2010,"
Alm. Salg",3.028,9,Villa,266,1800,,Aktuel værdi
Vestre Landevej 81,4951 Nørreballe,130.000,03-08-2010,"
Alm. Salg",1.733,3,Villa,75,1905,-13 %,Aktuel værdi
Vestre Landevej 56,4951 Nørreballe,210.000,19-06-2010,"
Alm. Salg",2.164,3,Villa,97,1927,-24 %,Aktuel værdi
Østofte Gade 34,4951 Nørreballe,400.000,22-04-2010,"
Alm. Salg",2.127,4,Villa,188,1958,,Aktuel værdi
Præstevænget 7,4951 Nørreballe,725.000,11-03-2010,"
Alm. Salg",5.105,4,Villa,142,1969,-10 %,Aktuel værdi
Østofte Gade 41,4951 Nørreballe,600.000,16-12-2009,"
Alm. Salg",6.896,4,Villa,87,1963,,Aktuel værdi
Østofte Møllevej 253,4951 Nørreballe,975.000,04-11-2009,"
Alm. Salg",5.539,5,Villa,176,1920,-2 %,Aktuel værdi
Præstevænget 9,4951 Nørreballe,850.000,10-09-2009,"
Alm. Salg",8.252,4,Villa,103,1969,-3 %,Aktuel værdi
Østofte Gade 30,4951 Nørreballe,130.000,30-07-2009,"
Alm. Salg",2.166,4,Rækkehus,60,1887,,Aktuel værdi
Vestre Landevej 83,4951 Nørreballe,915.987,23-07-2009,"
Auktion",5.145,4,Villa,178,1917,-27 %,Aktuel værdi
Birkevej 19,4951 Nørreballe,750.000,20-07-2009,"
Alm. Salg",6.302,3,Villa,119,1967,-10 %,Aktuel værdi
Koholtvej 41,4951 Nørreballe,1.300.000,22-05-2009,"
Alm. Salg",4.676,5,Villa,278,1830,-15 %,Aktuel værdi
Birkevej 14,4951 Nørreballe,680.000,15-05-2009,"
Alm. Salg",5.862,4,Villa,116,1967,-2 %,Aktuel værdi
Vestre Landevej 61,4951 Nørreballe,150.000,01-04-2009,"
Auktion",1.666,4,Villa,90,1910,,Aktuel værdi
Pårup Møllevej 205,4951 Nørreballe,300.000,20-02-2009,"
Alm. Salg",2.419,2,Villa,124,1930,-24 %,Aktuel værdi
Vestre Landevej 53,4951 Nørreballe,330.000,19-02-2009,"
Alm. Salg",2.558,5,Villa,129,1904,,Aktuel værdi
Vestre Landevej 55,4951 Nørreballe,360.000,19-02-2009,"
Alm. Salg",2.790,5,Villa,129,1917,,Aktuel værdi
Vestre Landevej 89,4951 Nørreballe,400.000,08-12-2008,"
Alm. Salg",3.921,3,Villa,102,1946,-18 %,Aktuel værdi
Pårup Møllevej 229,4951 Nørreballe,540.000,01-12-2008,"
Alm. Salg",5.625,2,Villa,96,1954,-7 %,Aktuel værdi
Vestre Landevej 134,4951 Nørreballe,1.500.000,24-11-2008,"
Alm. Salg",9.740,4,Villa,154,1912,-6 %,Aktuel værdi
Østofte Møllevej 277,4951 Nørreballe,570.000,10-10-2008,"
Alm. Salg",6.627,3,Villa,86,1900,-4 %,Aktuel værdi
Vestre Landevej 142,4951 Nørreballe,825.000,07-08-2008,"
Alm. Salg",5.254,5,Villa,157,1932,0 %,Aktuel værdi
Kristianssædevej 70,4951 Nørreballe,575.000,25-07-2008,"
Alm. Salg",4.356,5,Villa,132,1942,0 %,Aktuel værdi
Vestre Landevej 72,4951 Nørreballe,1.500.000,07-07-2008,"
Alm. Salg",11.111,4,Villa,135,1886,,Aktuel værdi
Koholtvej 32,4951 Nørreballe,100.000,20-06-2008,"
Alm. Salg",961,3,Villa,104,1820,,Aktuel værdi
Skolestræde 28,4951 Nørreballe,313.514,17-06-2008,"
Alm. Salg",2.985,4,Villa,105,1965,,Aktuel værdi
Vestre Landevej 85,4951 Nørreballe,450.000,15-06-2008,"
Alm. Salg",4.090,5,Villa,110,1937,,Aktuel værdi
Sørup Mosevej 27,4951 Nørreballe,4.800.000,10-06-2008,"
Alm. Salg",24.000,6,Stuehus,200,1888,4 %,
Vestre Landevej 154,4951 Nørreballe,735.000,10-06-2008,"
Alm. Salg",7.000,4,Villa,105,1943,-1 %,Aktuel værdi
Ådalen 4,4951 Nørreballe,855.000,03-03-2008,"
Alm. Salg",6.286,4,Villa,136,1987,,Aktuel værdi
Havløkke Gade 3,4951 Nørreballe,860.000,26-02-2008,"
Auktion",4.777,7,Villa,180,1720,-42 %,Aktuel værdi
"Vestre Landevej 110, 1",4951 Nørreballe,1.280.000,07-02-2008,"
Alm. Salg",23.272,2,Lejlighed,55,1943,,Aktuel værdi
Sørup Hovvej 24,4951 Nørreballe,16.291.850,24-01-2008,"
Alm. Salg",90.010,5,Stuehus,181,1948,,
Koholtvej 15,4951 Nørreballe,13.700.000,15-01-2008,"
Fam. Salg",85.625,6,Stuehus,160,1880,,
Østofte Gade 68,4951 Nørreballe,569.000,11-12-2007,"
Alm. Salg",7.294,3,Villa,78,1887,0 %,Aktuel værdi
Skovengen 11,4951 Nørreballe,825.000,15-10-2007,"
Alm. Salg",6.496,5,Villa,127,1959,0 %,Aktuel værdi
Østofte Gade 17,4951 Nørreballe,487.800,07-10-2007,"
Andet",2.608,5,Villa,187,1898,,Aktuel værdi
Præstevænget 14,4951 Nørreballe,435.000,14-08-2007,"
Fam. Salg",3.295,4,Villa,132,1970,,Aktuel værdi
Vestre Landevej 78,4951 Nørreballe,645.000,25-06-2007,"
Alm. Salg",5.119,5,Villa,126,1957,0 %,Aktuel værdi
Vestre Landevej 122,4951 Nørreballe,525.000,19-03-2007,"
Alm. Salg",3.947,4,Villa,133,1870,,Aktuel værdi
Østofte Gade 58,4951 Nørreballe,425.000,10-03-2007,"
Alm. Salg",5.059,3,Villa,84,1873,,Aktuel værdi
Koholtvej 19,4951 Nørreballe,495.000,07-03-2007,"
Alm. Salg",4.950,3,Villa,100,1956,,Aktuel værdi
Havløkke Gade 12,4951 Nørreballe,815.000,22-02-2007,"
Alm. Salg",8.232,4,Sommerhus,99,1880,-8 %,Aktuel værdi
Vestre Landevej 52,4951 Nørreballe,1.950.000,26-01-2007,"
Alm. Salg",8.863,8,Stuehus,220,1955,,
Sørup Hovvej 29,4951 Nørreballe,459.000,19-01-2007,"
Fam. Salg",3.400,4,Stuehus,135,1960,,
Sørup Hovvej 31,4951 Nørreballe,11.050.000,19-01-2007,"
Fam. Salg",47.629,6,Stuehus,232,1980,,
Østofte Gade 20,4951 Nørreballe,656.000,01-01-2007,"
Alm. Salg",4.100,5,Villa,160,1928,,Aktuel værdi
Vestre Landevej 106,4951 Nørreballe,500.000,19-12-2006,"
Alm. Salg",4.310,4,Villa,116,1935,,Aktuel værdi
Havløkkevej 59,4951 Nørreballe,645.000,18-12-2006,"
Alm. Salg",7.010,3,Villa,92,1896,,Aktuel værdi
Pårup Møllevej 241,4951 Nørreballe,700.000,23-10-2006,"
Alm. Salg",4.964,5,Villa,141,1920,,Aktuel værdi
Sørup Hovvej 11,4951 Nørreballe,705.000,13-09-2006,"
Alm. Salg",7.833,3,Villa,90,1878,,Aktuel værdi
Koholtvej 11,4951 Nørreballe,860.000,07-09-2006,"
Alm. Salg",7.288,4,Villa,118,1905,,Aktuel værdi
Østofte Gade 6,4951 Nørreballe,156.554,31-08-2006,"
Fam. Salg",1.283,5,Villa,122,1900,,Aktuel værdi
Vestre Landevej 102,4951 Nørreballe,600.000,17-08-2006,"
Alm. Salg",5.309,3,Villa,113,1927,,Aktuel værdi
Vestre Landevej 97,4951 Nørreballe,515.000,31-05-2006,"
Fam. Salg",6.358,3,Villa,81,1929,,Aktuel værdi
Østofte Gade 49,4951 Nørreballe,800.000,31-05-2006,"
Fam. Salg",5.405,5,Villa,148,1827,,Aktuel værdi
Vestre Landevej 87,4951 Nørreballe,825.000,15-04-2006,"
Alm. Salg",5.769,4,Villa,143,1943,,Aktuel værdi
Sørup Hovvej 30,4951 Nørreballe,390.000,16-03-2006,"
Alm. Salg",3.979,3,Villa,98,1892,,Aktuel værdi
Stationsvænget 13,4951 Nørreballe,1.150.000,01-03-2006,"
Alm. Salg",9.745,4,Villa,118,1977,,Aktuel værdi
Møllevænget 1,4951 Nørreballe,845.000,28-10-2005,"
Alm. Salg",7.222,4,Villa,117,1979,,Aktuel værdi
Møllevænget 29,4951 Nørreballe,915.000,29-08-2005,"
Alm. Salg",8.243,4,Villa,111,1980,,Aktuel værdi
Havløkke Gade 23,4951 Nørreballe,1.150.000,01-07-2005,"
Alm. Salg",8.333,5,Villa,138,1800,,Aktuel værdi
Vestre Landevej 98,4951 Nørreballe,845.000,10-06-2005,"
Alm. Salg",6.706,3,Villa,126,1934,,Aktuel værdi
Havløkke Gade 27,4951 Nørreballe,400.000,16-05-2005,"
Alm. Salg",4.040,3,Villa,99,1900,,Aktuel værdi
Reersnæs Kirkevej 355,4951 Nørreballe,1.249.000,04-05-2005,"
Alm. Salg",8.006,5,Villa,156,1850,,Aktuel værdi
Østofte Gade 28,4951 Nørreballe,435.000,30-04-2005,"
Alm. Salg",5.506,3,Rækkehus,79,1877,,Aktuel værdi
Havløkke Gade 8,4951 Nørreballe,865.000,23-04-2005,"
Alm. Salg",6.920,5,Villa,125,1900,,Aktuel værdi
Vestre Landevej 63,4951 Nørreballe,475.000,18-04-2005,"
Alm. Salg",5.277,3,Villa,90,1920,,Aktuel værdi
Sørup Hovvej 25,4951 Nørreballe,280.000,01-03-2005,"
Alm. Salg",3.373,5,Stuehus,83,1965,,
Østofte Gade 8,4951 Nørreballe,575.000,28-02-2005,"
Alm. Salg",6.460,4,Villa,89,1932,,Aktuel værdi
Koholtvej 5,4951 Nørreballe,1.100.000,14-02-2005,"
Alm. Salg",6.547,4,Villa,168,1964,,Aktuel værdi
Havløkke Gade 11,4951 Nørreballe,265.000,03-01-2005,"
Alm. Salg",3.154,4,Villa,84,1900,,Aktuel værdi
Vestre Landevej 162,4951 Nørreballe,360.000,16-12-2004,"
Alm. Salg",2.769,5,Villa,130,1910,,Aktuel værdi
Vestre Landevej 60,4951 Nørreballe,275.000,18-11-2004,"
Alm. Salg",2.894,5,Villa,95,1930,,Aktuel værdi
Sørup Hovvej 7,4951 Nørreballe,510.000,07-09-2004,"
Alm. Salg",3.541,5,Villa,144,1890,,Aktuel værdi
Birkevej 7,4951 Nørreballe,795.000,19-08-2004,"
Alm. Salg",6.737,3,Villa,118,1966,,Aktuel værdi
Præstevænget 15,4951 Nørreballe,1.145.000,12-07-2004,"
Alm. Salg",8.178,4,Villa,140,1970,,Aktuel værdi
Vestre Landevej 84,4951 Nørreballe,640.000,07-07-2004,"
Alm. Salg",4.740,5,Villa,135,1947,,Aktuel værdi
Præstevænget 3,4951 Nørreballe,685.000,01-06-2004,"
Alm. Salg",5.805,4,Villa,118,1969,,Aktuel værdi
Ådalen 1,4951 Nørreballe,450.000,28-05-2004,"
Alm. Salg",5.232,2,Villa,86,1987,,Aktuel værdi
Ådalen 8,4951 Nørreballe,450.000,28-05-2004,"
Alm. Salg",3.308,4,Villa,136,1987,,Aktuel værdi
Ådalen 3,4951 Nørreballe,450.000,28-05-2004,"
Alm. Salg",3.308,4,Villa,136,1987,,Aktuel værdi
"Østofte Gade 4, 1",4951 Nørreballe,234.261,15-04-2004,"
Alm. Salg",2.274,3,Lejlighed,103,1940,,Aktuel værdi
Pårup Møllevej 209,4951 Nørreballe,700.000,02-04-2004,"
Alm. Salg",6.930,3,Villa,101,1954,,Aktuel værdi
Vestre Landevej 100,4951 Nørreballe,400.000,27-03-2004,"
Alm. Salg",4.444,3,Villa,90,1932,,Aktuel værdi
Havløkkevej 57,4951 Nørreballe,525.000,22-03-2004,"
Alm. Salg",1.875,12,Villa,280,1896,,Aktuel værdi
Birkevej 17,4951 Nørreballe,650.000,12-03-2004,"
Alm. Salg",5.000,4,Villa,130,1969,,Aktuel værdi
Vestre Landevej 96,4951 Nørreballe,375.000,29-02-2004,"
Alm. Salg",4.411,3,Villa,85,1934,,Aktuel værdi
Østofte Gade 31,4951 Nørreballe,219.119,03-02-2004,"
Alm. Salg",1.685,5,Villa,130,1920,,Aktuel værdi
Koholtvej 6,4951 Nørreballe,657.500,23-12-2003,"
Alm. Salg",5.057,8,Villa,130,1947,,Aktuel værdi
Ådalen 9,4951 Nørreballe,535.247,08-12-2003,"
Alm. Salg",4.695,3,Villa,114,1987,,Aktuel værdi
Præstevænget 23,4951 Nørreballe,1.135.000,03-12-2003,"
Alm. Salg",5.880,5,Villa,193,1973,,Aktuel værdi
Østofte Gade 72,4951 Nørreballe,200.000,02-11-2003,"
Alm. Salg",-,5,Villa,133,1908,,Aktuel værdi
Østofte Gade 21,4951 Nørreballe,720.000,25-08-2003,"
Alm. Salg",5.538,3,Villa,130,1777,,Aktuel værdi
Præstevænget 16,4951 Nørreballe,630.000,01-07-2003,"
Alm. Salg",6.116,3,Villa,103,1986,,Aktuel værdi
Skovengen 5,4951 Nørreballe,465.000,16-06-2003,"
Alm. Salg",6.549,3,Villa,71,1958,,Aktuel værdi
Vestre Landevej 160,4951 Nørreballe,392.000,02-06-2003,"
Auktion",1.561,4,Villa,251,1887,,Aktuel værdi
Vestre Landevej 90,4951 Nørreballe,521.000,28-04-2003,"
Alm. Salg",4.341,3,Villa,120,1938,,Aktuel værdi
Sørup Hovvej 19,4951 Nørreballe,370.000,11-04-2003,"
Alm. Salg",3.700,3,Villa,100,1870,,Aktuel værdi
Præstevænget 8,4951 Nørreballe,900.000,12-03-2003,"
Alm. Salg",5.769,5,Villa,156,1977,,Aktuel værdi
Præstevænget 27,4951 Nørreballe,1.075.000,09-12-2002,"
Fam. Salg",5.842,4,Villa,184,1973,,Aktuel værdi
Havløkke Gade 16,4951 Nørreballe,775.000,02-12-2002,"
Alm. Salg",4.905,7,Villa,158,1900,,Aktuel værdi
Havløkkevej 75,4951 Nørreballe,1.196.000,09-10-2002,"
Alm. Salg",5.722,5,Villa,209,1921,,Aktuel værdi
Vestre Landevej 111,4951 Nørreballe,364.243,30-09-2002,"
Alm. Salg",3.086,4,Villa,118,1953,,Aktuel værdi
Havløkkevej 58,4951 Nørreballe,440.000,02-09-2002,"
Alm. Salg",3.283,5,Villa,134,1926,,Aktuel værdi
Kristianssædevej 59,4951 Nørreballe,123.250,31-07-2002,"
Fam. Salg",1.232,3,Villa,100,1900,,Aktuel værdi
Koholtvej 33,4951 Nørreballe,645.000,18-04-2002,"
Alm. Salg",5.201,4,Villa,124,1880,,Aktuel værdi
Vestre Landevej 64,4951 Nørreballe,280.000,11-04-2002,"
Alm. Salg",2.692,3,Villa,104,1950,,Aktuel værdi
Vestre Landevej 115,4951 Nørreballe,500.000,08-04-2002,"
Alm. Salg",3.333,4,Villa,150,1905,,Aktuel værdi
Møllevænget 23,4951 Nørreballe,820.000,02-11-2001,"
Alm. Salg",5.694,5,Villa,144,1981,,Aktuel værdi
Vestre Landevej 80,4951 Nørreballe,423.000,26-05-2001,"
Alm. Salg",2.838,5,Villa,149,1959,,Aktuel værdi
Havløkkevej 69,4951 Nørreballe,2.900.000,28-01-2001,"
Fam. Salg",13.242,5,Stuehus,219,1998,,
Pårup Møllevej 221,4951 Nørreballe,215.000,26-12-2000,"
Alm. Salg",2.621,3,Villa,82,1870,,Aktuel værdi
Møllevænget 13,4951 Nørreballe,897.000,12-12-2000,"
Alm. Salg",5.276,5,Villa,170,1981,,Aktuel værdi
Vestre Landevej 104,4951 Nørreballe,202.487,23-10-2000,"
Fam. Salg",2.531,3,Villa,80,1960,,Aktuel værdi
Birkevej 12,4951 Nørreballe,642.500,29-09-2000,"
Alm. Salg",5.444,3,Villa,118,1965,,Aktuel værdi
Skolestræde 23,4951 Nørreballe,400.000,18-09-2000,"
Alm. Salg",3.809,5,Villa,105,1967,,Aktuel værdi
Stationsvænget 21,4951 Nørreballe,350.000,14-08-2000,"
Alm. Salg",2.317,4,Villa,151,1958,,Aktuel værdi
Sørup Gade 5,4951 Nørreballe,140.000,01-05-2000,"
Alm. Salg",1.794,3,Villa,78,1870,,Aktuel værdi
Østofte Møllevej 271,4951 Nørreballe,225.000,10-04-2000,"
Alm. Salg",2.122,4,Villa,106,1900,,Aktuel værdi
Koholtvej 8,4951 Nørreballe,430.000,03-04-2000,"
Alm. Salg",4.479,5,Villa,96,1952,,Aktuel værdi
Ådalen 2,4951 Nørreballe,479.907,28-02-2000,"
Alm. Salg",3.528,4,Villa,136,1987,,Aktuel værdi
Koholtvej 26,4951 Nørreballe,410.000,28-02-2000,"
Alm. Salg",3.106,5,Villa,132,1910,,Aktuel værdi
Koholtvej 10,4951 Nørreballe,300.000,14-02-2000,"
Alm. Salg",2.970,5,Villa,101,1954,,Aktuel værdi
Østofte Møllevej 260,4951 Nørreballe,650.000,13-12-1999,"
Alm. Salg",3.457,6,Villa,188,1860,,Aktuel værdi
Koholtvej 14,4951 Nørreballe,643.000,13-12-1999,"
Alm. Salg",3.331,6,Villa,193,1974,,Aktuel værdi
Vestre Landevej 99,4951 Nørreballe,350.000,03-12-1999,"
Alm. Salg",1.741,6,Villa,201,1860,,Aktuel værdi
Havløkkevej 56,4951 Nørreballe,635.000,20-11-1999,"
Alm. Salg",3.052,4,Villa,208,1860,,Aktuel værdi
Stationsvænget 15,4951 Nørreballe,570.000,06-08-1999,"
Alm. Salg",4.913,5,Villa,116,1977,,Aktuel værdi
Sørup Hovvej 16,4951 Nørreballe,114.369,28-01-1999,"
Alm. Salg",757,3,Villa,151,1870,,Aktuel værdi
Vestre Landevej 95,4951 Nørreballe,715.000,21-01-1999,"
Alm. Salg",4.205,5,Villa,170,1870,,Aktuel værdi
Vestre Landevej 71,4951 Nørreballe,200.460,14-12-1998,"
Alm. Salg",1.200,7,Villa,167,1929,,Aktuel værdi
Koholtvej 20,4951 Nørreballe,200.000,29-11-1998,"
Fam. Salg",809,9,Villa,247,1892,,Aktuel værdi
Østofte Gade 16,4951 Nørreballe,516.840,02-09-1998,"
Alm. Salg",-,4,Villa,125,1910,,Aktuel værdi
Vestre Landevej 103,4951 Nørreballe,476.698,15-06-1998,"
Alm. Salg",1.594,9,Villa,299,1827,,Aktuel værdi
Birkevej 4,4951 Nørreballe,629.000,29-05-1998,"
Alm. Salg",4.838,5,Villa,130,1964,,Aktuel værdi
Østofte Gade 2,4951 Nørreballe,293.200,20-04-1998,"
Alm. Salg",2.326,5,Villa,126,1850,,Aktuel værdi
Vestre Landevej 158,4951 Nørreballe,228.000,08-02-1998,"
Alm. Salg",2.590,4,Villa,88,1943,,Aktuel værdi
Skovengen 6,4951 Nørreballe,600.000,02-02-1998,"
Alm. Salg",5.882,4,Villa,102,1954,,Aktuel værdi
Vestre Landevej 126,4951 Nørreballe,530.000,26-01-1998,"
Alm. Salg",2.944,3,Villa,180,1921,,Aktuel værdi
Koholtvej 46,4951 Nørreballe,1.850.000,17-12-1997,"
Fam. Salg",12.333,7,Stuehus,150,1950,,
Sørup Hovvej 41,4951 Nørreballe,130.000,11-12-1997,"
Alm. Salg",1.494,5,Villa,87,1870,,Aktuel værdi
Birkevej 20,4951 Nørreballe,500.000,15-09-1997,"
Alm. Salg",3.333,5,Villa,150,1968,,Aktuel værdi
Vestre Landevej 79,4951 Nørreballe,305.000,11-08-1997,"
Alm. Salg",1.993,7,Villa,153,1911,,Aktuel værdi
Havløkkevej 87,4951 Nørreballe,132.000,07-07-1997,"
Alm. Salg",1.650,3,Villa,80,1700,,Aktuel værdi
Vestre Landevej 140,4951 Nørreballe,345.958,23-06-1997,"
Alm. Salg",3.391,3,Villa,102,1900,,Aktuel værdi
Koholtvej 1B,4951 Nørreballe,524.000,18-06-1997,"
Alm. Salg",8.733,2,Villa,60,1972,,Aktuel værdi
Havløkke Gade 17,4951 Nørreballe,125.000,07-04-1997,"
Alm. Salg",1.893,3,Villa,66,1830,,Aktuel værdi
Pårup Møllevej 201,4951 Nørreballe,220.000,17-02-1997,"
Alm. Salg",2.391,3,Villa,92,1830,,Aktuel værdi
Vestre Landevej 59,4951 Nørreballe,268.000,14-02-1997,"
Alm. Salg",3.308,3,Villa,81,1911,,Aktuel værdi
Sørup Hovvej 14,4951 Nørreballe,200.000,20-12-1996,"
Alm. Salg",1.470,4,Villa,136,1870,,Aktuel værdi
Præstevænget 1,4951 Nørreballe,540.000,11-12-1996,"
Alm. Salg",4.285,4,Villa,126,1971,,Aktuel værdi
Birkevej 16,4951 Nørreballe,485.000,31-10-1996,"
Alm. Salg",3.233,4,Villa,150,1968,,Aktuel værdi
Vestre Landevej 136,4951 Nørreballe,325.000,09-10-1996,"
Alm. Salg",1.923,8,Villa,169,1900,,Aktuel værdi
Vestre Landevej 74,4951 Nørreballe,640.000,29-09-1996,"
Alm. Salg",3.636,4,Villa,176,1974,,Aktuel værdi
Østofte Gade 24,4951 Nørreballe,232.000,20-05-1996,"
Alm. Salg",2.320,4,Villa,100,1934,,Aktuel værdi
Koholtvej 9,4951 Nørreballe,560.000,10-04-1996,"
Alm. Salg",3.971,5,Villa,141,1966,,Aktuel værdi
Vestre Landevej 91,4951 Nørreballe,246.000,12-02-1996,"
Alm. Salg",3.369,2,Villa,73,1952,,Aktuel værdi
Østofte Gade 43,4951 Nørreballe,275.000,12-02-1996,"
Alm. Salg",3.395,5,Villa,81,1936,,Aktuel værdi
Reersnæs Kirkevej 325,4951 Nørreballe,280.000,14-01-1996,"
Alm. Salg",2.121,3,Villa,132,1926,,Aktuel værdi
Vestre Landevej 92,4951 Nørreballe,523.500,24-11-1995,"
Alm. Salg",8.053,3,Villa,65,1936,,Aktuel værdi
Reersnæs Kirkevej 356,4951 Nørreballe,365.000,10-11-1995,"
Alm. Salg",2.625,2,Villa,139,1893,,Aktuel værdi
Havløkkevej 68,4951 Nørreballe,407.000,08-08-1995,"
Alm. Salg",2.035,6,Villa,200,1920,,Aktuel værdi
Vestre Landevej 113,4951 Nørreballe,195.000,10-04-1995,"
Alm. Salg",1.477,5,Villa,132,1912,,Aktuel værdi
Pårup Møllevej 218,4951 Nørreballe,328.000,28-02-1995,"
Alm. Salg",2.277,6,Villa,144,1893,,Aktuel værdi
Præstevænget 11,4951 Nørreballe,500.000,25-02-1995,"
Alm. Salg",3.333,3,Villa,150,1968,,Aktuel værdi
Vestre Landevej 130,4951 Nørreballe,205.588,06-02-1995,"
Alm. Salg",1.644,4,Villa,125,1930,,Aktuel værdi
Kirkevejen 284,4951 Nørreballe,500.000,19-01-1995,"
Alm. Salg",5.263,4,Stuehus,95,1926,,
Stationsvænget 19,4951 Nørreballe,410.000,02-01-1995,"
Alm. Salg",3.660,4,Villa,112,1970,,Aktuel værdi
Sørup Hovvej 5,4951 Nørreballe,398.706,14-12-1994,"
Alm. Salg",2.252,4,Villa,177,1827,,Aktuel værdi
Kirkevejen 280,4951 Nørreballe,245.000,21-11-1994,"
Alm. Salg",2.692,4,Villa,91,1920,,Aktuel værdi
Sørup Hovvej 8,4951 Nørreballe,134.000,25-03-1994,"
Alm. Salg",985,5,Villa,136,1935,,Aktuel værdi
Vestre Landevej 124,4951 Nørreballe,165.000,21-03-1994,"
Alm. Salg",1.666,4,Villa,99,1924,,Aktuel værdi
Møllevænget 11,4951 Nørreballe,635.000,18-03-1994,"
Alm. Salg",5.247,4,Villa,121,1979,,Aktuel værdi
Vestre Landevej 114,4951 Nørreballe,365.000,08-11-1993,"
Alm. Salg",1.871,8,Villa,195,1939,,Aktuel værdi
Østofte Møllevej 265,4951 Nørreballe,345.000,04-08-1993,"
Alm. Salg",1.742,6,Villa,198,1880,,Aktuel værdi
Pårup Møllevej 230,4951 Nørreballe,276.898,30-06-1993,"
Alm. Salg",1.168,10,Villa,237,1922,,Aktuel værdi
Havløkkevej 70,4951 Nørreballe,292.800,02-04-1993,"
Alm. Salg",-,9,Villa,346,1900,,Aktuel værdi
Pårup Møllevej 243,4951 Nørreballe,580.000,08-02-1993,"
Fam. Salg",5.178,4,Stuehus,112,1860,,
Pårup Møllevej 212,4951 Nørreballe,4.234.300,03-08-1992,"
Fam. Salg",22.285,7,Stuehus,190,1935,,
Østofte Gade 5,4951 Nørreballe,180.000,14-05-1992,"
Alm. Salg",983,6,Villa,183,1919,,Aktuel værdi
Vestre Landevej 164,4951 Nørreballe,235.000,01-05-1992,"
Alm. Salg",-,4,Villa,106,1887,,Aktuel værdi
